annotation_id,corresponding_annotator_id,annotation_order,task_id,task_slot_order,method_step_order,output_id,output_quality_level,output_quality_level_order,rubric_total_points,rubric_max_points
autograder_annotation_000004,annotator_001,4,task_025,2,1,output_001850,good,2,2.5,6
autograder_annotation_000005,annotator_001,5,task_025,2,2,output_001874,excellent,3,3,6
autograder_annotation_000006,annotator_001,6,task_025,2,3,output_001835,intermediate,1,3.5,6
autograder_annotation_000010,annotator_001,10,task_019,4,1,output_001431,excellent,3,3,7
autograder_annotation_000011,annotator_001,11,task_019,4,2,output_001411,good,2,4,7
autograder_annotation_000012,annotator_001,12,task_019,4,3,output_001396,intermediate,1,3,7
autograder_annotation_000016,annotator_001,16,task_010,6,1,output_000721,intermediate,1,6,15
autograder_annotation_000017,annotator_001,17,task_010,6,2,output_000768,excellent,3,7,15
autograder_annotation_000018,annotator_001,18,task_010,6,3,output_000743,good,2,8.5,15
autograder_annotation_000019,annotator_002,1,task_011,1,1,output_000849,excellent,3,14,22
autograder_annotation_000020,annotator_002,2,task_011,1,2,output_000788,intermediate,1,13,22
autograder_annotation_000021,annotator_002,3,task_011,1,3,output_000807,good,2,15.5,22
autograder_annotation_000025,annotator_002,7,task_020,3,1,output_001460,intermediate,1,5,6
autograder_annotation_000026,annotator_002,8,task_020,3,2,output_001479,good,2,4.5,6
autograder_annotation_000027,annotator_002,9,task_020,3,3,output_001499,excellent,3,4.5,6
autograder_annotation_000031,annotator_002,13,task_030,5,1,output_002233,good,2,15,17
autograder_annotation_000032,annotator_002,14,task_030,5,2,output_002273,excellent,3,13.5,17
autograder_annotation_000033,annotator_002,15,task_030,5,3,output_002195,intermediate,1,13.5,17
autograder_annotation_000037,annotator_002,19,task_019,7,1,output_001428,excellent,3,3,7
autograder_annotation_000038,annotator_002,20,task_019,7,2,output_001387,intermediate,1,-1.5,7
autograder_annotation_000039,annotator_002,21,task_019,7,3,output_001402,good,2,3,7
autograder_annotation_000043,annotator_002,25,task_003,9,1,output_000161,intermediate,1,3.5,14
autograder_annotation_000044,annotator_002,26,task_003,9,2,output_000181,good,2,4,14
autograder_annotation_000045,annotator_002,27,task_003,9,3,output_000199,excellent,3,8,14
autograder_annotation_000049,annotator_002,31,task_002,11,1,output_000090,intermediate,1,16.5,27
autograder_annotation_000050,annotator_002,32,task_002,11,2,output_000097,good,2,13,27
autograder_annotation_000051,annotator_002,33,task_002,11,3,output_000136,excellent,3,13,27
autograder_annotation_000055,annotator_002,37,task_008,13,1,output_000544,intermediate,1,4.5,9
autograder_annotation_000056,annotator_002,38,task_008,13,2,output_000592,excellent,3,5.5,9
autograder_annotation_000057,annotator_002,39,task_008,13,3,output_000571,good,2,5.5,9
autograder_annotation_000061,annotator_002,43,task_010,15,1,output_000751,excellent,3,9,15
autograder_annotation_000062,annotator_002,44,task_010,15,2,output_000712,intermediate,1,8,15
autograder_annotation_000063,annotator_002,45,task_010,15,3,output_000740,good,2,7.5,15
autograder_annotation_000067,annotator_002,49,task_024,17,1,output_001812,excellent,3,-5,3
autograder_annotation_000068,annotator_002,50,task_024,17,2,output_001758,intermediate,1,0,3
autograder_annotation_000069,annotator_002,51,task_024,17,3,output_001775,good,2,-1,3
autograder_annotation_000073,annotator_002,55,task_023,19,1,output_001718,good,2,5.5,9
autograder_annotation_000074,annotator_002,56,task_023,19,2,output_001741,excellent,3,4,9
autograder_annotation_000075,annotator_002,57,task_023,19,3,output_001675,intermediate,1,4.5,9
autograder_annotation_000079,annotator_002,61,task_012,21,1,output_000852,intermediate,1,7.5,12
autograder_annotation_000080,annotator_002,62,task_012,21,2,output_000908,excellent,3,6,12
autograder_annotation_000081,annotator_002,63,task_012,21,3,output_000902,good,2,8.5,12
autograder_annotation_000085,annotator_002,67,task_016,23,1,output_001169,intermediate,1,9,11
autograder_annotation_000086,annotator_002,68,task_016,23,2,output_001200,excellent,3,9.5,11
autograder_annotation_000087,annotator_002,69,task_016,23,3,output_001187,good,2,10.5,11
autograder_annotation_000091,annotator_002,73,task_009,25,1,output_000641,intermediate,1,15,15
autograder_annotation_000092,annotator_002,74,task_009,25,2,output_000674,excellent,3,13,15
autograder_annotation_000093,annotator_002,75,task_009,25,3,output_000664,good,2,13,15
autograder_annotation_000097,annotator_002,79,task_005,27,1,output_000346,good,2,22,26
autograder_annotation_000098,annotator_002,80,task_005,27,2,output_000309,intermediate,1,16,26
autograder_annotation_000099,annotator_002,81,task_005,27,3,output_000371,excellent,3,21.5,26
autograder_annotation_000103,annotator_002,85,task_018,29,1,output_001339,good,2,4.5,13
autograder_annotation_000104,annotator_002,86,task_018,29,2,output_001365,excellent,3,3,13
autograder_annotation_000105,annotator_002,87,task_018,29,3,output_001321,intermediate,1,1,13
autograder_annotation_000112,annotator_004,1,task_006,1,1,output_000420,good,2,11.5,12
autograder_annotation_000113,annotator_004,2,task_006,1,2,output_000394,intermediate,1,11,12
autograder_annotation_000114,annotator_004,3,task_006,1,3,output_000448,excellent,3,11,12
autograder_annotation_000118,annotator_004,7,task_008,3,1,output_000545,intermediate,1,6,9
autograder_annotation_000119,annotator_004,8,task_008,3,2,output_000601,excellent,3,4,9
autograder_annotation_000120,annotator_004,9,task_008,3,3,output_000563,good,2,5.5,9
autograder_annotation_000124,annotator_004,13,task_002,5,1,output_000128,excellent,3,14,27
autograder_annotation_000125,annotator_004,14,task_002,5,2,output_000101,good,2,13.5,27
autograder_annotation_000126,annotator_004,15,task_002,5,3,output_000087,intermediate,1,13.5,27
autograder_annotation_000130,annotator_004,19,task_016,7,1,output_001201,excellent,3,9,11
autograder_annotation_000131,annotator_004,20,task_016,7,2,output_001162,intermediate,1,10,11
autograder_annotation_000132,annotator_004,21,task_016,7,3,output_001180,good,2,11,11
autograder_annotation_000136,annotator_004,25,task_017,9,1,output_001261,good,2,7,15
autograder_annotation_000137,annotator_004,26,task_017,9,2,output_001224,intermediate,1,7,15
autograder_annotation_000138,annotator_004,27,task_017,9,3,output_001277,excellent,3,8,15
autograder_annotation_000142,annotator_004,31,task_018,11,1,output_001334,good,2,0,13
autograder_annotation_000143,annotator_004,32,task_018,11,2,output_001365,excellent,3,3,13
autograder_annotation_000144,annotator_004,33,task_018,11,3,output_001307,intermediate,1,-1,13
autograder_annotation_000148,annotator_004,37,task_022,13,1,output_001636,good,2,16,24
autograder_annotation_000149,annotator_004,38,task_022,13,2,output_001668,excellent,3,13,24
autograder_annotation_000150,annotator_004,39,task_022,13,3,output_001620,intermediate,1,16,24
autograder_annotation_000154,annotator_004,43,task_029,15,1,output_002142,good,2,7,12
autograder_annotation_000155,annotator_004,44,task_029,15,2,output_002122,intermediate,1,8,12
autograder_annotation_000156,annotator_004,45,task_029,15,3,output_002169,excellent,3,9,12
autograder_annotation_000160,annotator_004,49,task_019,17,1,output_001405,good,2,3,7
autograder_annotation_000161,annotator_004,50,task_019,17,2,output_001380,intermediate,1,4,7
autograder_annotation_000162,annotator_004,51,task_019,17,3,output_001438,excellent,3,3,7
autograder_annotation_000166,annotator_004,55,task_028,20,1,output_002097,excellent,3,2,18
autograder_annotation_000167,annotator_004,56,task_028,20,2,output_002082,good,2,1.5,18
autograder_annotation_000168,annotator_004,57,task_028,20,3,output_002050,intermediate,1,4.5,18
autograder_annotation_000172,annotator_004,61,task_030,22,1,output_002259,excellent,3,15,17
autograder_annotation_000173,annotator_004,62,task_030,22,2,output_002220,intermediate,1,14.5,17
autograder_annotation_000174,annotator_004,63,task_030,22,3,output_002223,good,2,14.5,17
autograder_annotation_000178,annotator_004,67,task_009,24,1,output_000653,good,2,14.5,15
autograder_annotation_000179,annotator_004,68,task_009,24,2,output_000683,excellent,3,14.5,15
autograder_annotation_000180,annotator_004,69,task_009,24,3,output_000617,intermediate,1,13.5,15
autograder_annotation_000184,annotator_004,73,task_023,26,1,output_001692,intermediate,1,3,9
autograder_annotation_000185,annotator_004,74,task_023,26,2,output_001744,excellent,3,3.5,9
autograder_annotation_000186,annotator_004,75,task_023,26,3,output_001724,good,2,6,9
autograder_annotation_000190,annotator_004,79,task_015,28,1,output_001132,excellent,3,18.5,21
autograder_annotation_000191,annotator_004,80,task_015,28,2,output_001101,good,2,14,21
autograder_annotation_000192,annotator_004,81,task_015,28,3,output_001080,intermediate,1,12,21
autograder_annotation_000196,annotator_004,85,task_021,30,1,output_001587,excellent,3,-0.5,2
autograder_annotation_000197,annotator_004,86,task_021,30,2,output_001538,intermediate,1,0.5,2
autograder_annotation_000198,annotator_004,87,task_021,30,3,output_001572,good,2,-2.5,2
autograder_annotation_000199,annotator_005,1,task_004,1,1,output_000238,intermediate,1,4,13
autograder_annotation_000200,annotator_005,2,task_004,1,2,output_000270,good,2,7,13
autograder_annotation_000201,annotator_005,3,task_004,1,3,output_000294,excellent,3,7,13
autograder_annotation_000205,annotator_005,7,task_023,3,1,output_001696,intermediate,1,2.5,9
autograder_annotation_000206,annotator_005,8,task_023,3,2,output_001744,excellent,3,4,9
autograder_annotation_000207,annotator_005,9,task_023,3,3,output_001705,good,2,5,9
autograder_annotation_000211,annotator_005,13,task_001,7,1,output_000029,good,2,7.5,8
autograder_annotation_000212,annotator_005,14,task_001,7,2,output_000052,excellent,3,7.5,8
autograder_annotation_000213,annotator_005,15,task_001,7,3,output_000010,intermediate,1,7.5,8
autograder_annotation_000217,annotator_005,19,task_017,10,1,output_001244,intermediate,1,7.5,15
autograder_annotation_000218,annotator_005,20,task_017,10,2,output_001248,good,2,9,15
autograder_annotation_000219,annotator_005,21,task_017,10,3,output_001285,excellent,3,8.5,15
autograder_annotation_000223,annotator_006,1,task_004,1,1,output_000255,good,2,6,13
autograder_annotation_000224,annotator_006,2,task_004,1,2,output_000282,excellent,3,6,13
autograder_annotation_000225,annotator_006,3,task_004,1,3,output_000236,intermediate,1,5,13
autograder_annotation_000230,annotator_006,8,task_014,4,1,output_001013,intermediate,1,3.5,4
autograder_annotation_000231,annotator_006,9,task_014,4,2,output_001045,good,2,2.5,4
autograder_annotation_000232,annotator_006,10,task_014,4,3,output_001061,excellent,3,0.5,4
autograder_annotation_000236,annotator_006,14,task_030,6,1,output_002199,intermediate,1,15,17
autograder_annotation_000237,annotator_006,15,task_030,6,2,output_002251,excellent,3,14,17
autograder_annotation_000238,annotator_006,16,task_030,6,3,output_002235,good,2,14.5,17
autograder_annotation_000242,annotator_006,20,task_011,8,1,output_000847,excellent,3,16,22
autograder_annotation_000243,annotator_006,21,task_011,8,2,output_000810,good,2,11.5,22
autograder_annotation_000244,annotator_006,22,task_011,8,3,output_000801,intermediate,1,14.5,22
autograder_annotation_000248,annotator_006,26,task_013,10,1,output_000975,good,2,1.5,4
autograder_annotation_000249,annotator_006,27,task_013,10,2,output_000979,excellent,3,-1.5,4
autograder_annotation_000250,annotator_006,28,task_013,10,3,output_000951,intermediate,1,0.5,4
autograder_annotation_000254,annotator_006,32,task_005,12,1,output_000366,excellent,3,21.5,26
autograder_annotation_000255,annotator_006,33,task_005,12,2,output_000321,intermediate,1,18.5,26
autograder_annotation_000256,annotator_006,34,task_005,12,3,output_000344,good,2,23,26
autograder_annotation_000260,annotator_006,38,task_021,14,1,output_001599,excellent,3,-1.5,2
autograder_annotation_000261,annotator_006,39,task_021,14,2,output_001573,good,2,-1,2
autograder_annotation_000262,annotator_006,40,task_021,14,3,output_001529,intermediate,1,0.5,2
autograder_annotation_000266,annotator_006,44,task_022,16,1,output_001606,intermediate,1,12.5,24
autograder_annotation_000267,annotator_006,45,task_022,16,2,output_001630,good,2,16.5,24
autograder_annotation_000268,annotator_006,46,task_022,16,3,output_001669,excellent,3,14,24
autograder_annotation_000272,annotator_006,50,task_024,19,1,output_001807,excellent,3,-3,3
autograder_annotation_000273,annotator_006,51,task_024,19,2,output_001752,intermediate,1,-0.5,3
autograder_annotation_000274,annotator_006,52,task_024,19,3,output_001781,good,2,0,3
autograder_annotation_000278,annotator_006,56,task_006,21,1,output_000426,good,2,11,12
autograder_annotation_000279,annotator_006,57,task_006,21,2,output_000390,intermediate,1,10,12
autograder_annotation_000280,annotator_006,58,task_006,21,3,output_000443,excellent,3,10,12
autograder_annotation_000284,annotator_006,62,task_025,23,1,output_001884,excellent,3,1.5,6
autograder_annotation_000285,annotator_006,63,task_025,23,2,output_001845,intermediate,1,3,6
autograder_annotation_000286,annotator_006,64,task_025,23,3,output_001859,good,2,3.5,6
autograder_annotation_000290,annotator_006,68,task_023,26,1,output_001699,good,2,5,9
autograder_annotation_000291,annotator_006,69,task_023,26,2,output_001735,excellent,3,2,9
autograder_annotation_000292,annotator_006,70,task_023,26,3,output_001691,intermediate,1,2.5,9
autograder_annotation_000296,annotator_006,74,task_027,28,1,output_002010,good,2,0,22
autograder_annotation_000297,annotator_006,75,task_027,28,2,output_002020,excellent,3,2.5,22
autograder_annotation_000298,annotator_006,76,task_027,28,3,output_001980,intermediate,1,-6,22
autograder_annotation_000302,annotator_007,1,task_011,1,1,output_000798,intermediate,1,16,22
autograder_annotation_000303,annotator_007,2,task_011,1,2,output_000822,good,2,13,22
autograder_annotation_000304,annotator_007,3,task_011,1,3,output_000842,excellent,3,17.5,22
autograder_annotation_000308,annotator_007,7,task_027,3,1,output_002018,excellent,3,7.5,22
autograder_annotation_000309,annotator_007,8,task_027,3,2,output_002000,good,2,0.5,22
autograder_annotation_000310,annotator_007,9,task_027,3,3,output_001973,intermediate,1,6.5,22
autograder_annotation_000314,annotator_007,13,task_023,5,1,output_001727,excellent,3,2.5,9
autograder_annotation_000315,annotator_007,14,task_023,5,2,output_001711,good,2,1.5,9
autograder_annotation_000316,annotator_007,15,task_023,5,3,output_001679,intermediate,1,4,9
autograder_annotation_000320,annotator_007,19,task_002,7,1,output_000098,good,2,13,27
autograder_annotation_000321,annotator_007,20,task_002,7,2,output_000122,excellent,3,10,27
autograder_annotation_000322,annotator_007,21,task_002,7,3,output_000093,intermediate,1,16,27
autograder_annotation_000326,annotator_007,25,task_026,9,1,output_001963,excellent,3,10,13
autograder_annotation_000327,annotator_007,26,task_026,9,2,output_001931,good,2,10.5,13
autograder_annotation_000328,annotator_007,27,task_026,9,3,output_001903,intermediate,1,10.5,13
autograder_annotation_000332,annotator_007,31,task_010,11,1,output_000724,good,2,9,15
autograder_annotation_000333,annotator_007,32,task_010,11,2,output_000718,intermediate,1,7,15
autograder_annotation_000334,annotator_007,33,task_010,11,3,output_000753,excellent,3,7,15
autograder_annotation_000338,annotator_007,37,task_007,13,1,output_000518,excellent,3,9,24
autograder_annotation_000339,annotator_007,38,task_007,13,2,output_000478,intermediate,1,8,24
autograder_annotation_000340,annotator_007,39,task_007,13,3,output_000487,good,2,9.5,24
autograder_annotation_000344,annotator_007,43,task_019,15,1,output_001403,good,2,3.5,7
autograder_annotation_000345,annotator_007,44,task_019,15,2,output_001439,excellent,3,3,7
autograder_annotation_000346,annotator_007,45,task_019,15,3,output_001377,intermediate,1,1,7
autograder_annotation_000350,annotator_007,49,task_029,17,1,output_002139,good,2,8,12
autograder_annotation_000351,annotator_007,50,task_029,17,2,output_002128,intermediate,1,8,12
autograder_annotation_000352,annotator_007,51,task_029,17,3,output_002190,excellent,3,8,12
autograder_annotation_000356,annotator_007,55,task_018,19,1,output_001311,intermediate,1,1,13
autograder_annotation_000357,annotator_007,56,task_018,19,2,output_001362,excellent,3,3,13
autograder_annotation_000358,annotator_007,57,task_018,19,3,output_001327,good,2,3.5,13
autograder_annotation_000362,annotator_007,61,task_030,21,1,output_002239,good,2,13.5,17
autograder_annotation_000363,annotator_007,62,task_030,21,2,output_002272,excellent,3,14.5,17
autograder_annotation_000364,annotator_007,63,task_030,21,3,output_002212,intermediate,1,14,17
autograder_annotation_000368,annotator_007,67,task_008,23,1,output_000548,intermediate,1,6.5,9
autograder_annotation_000369,annotator_007,68,task_008,23,2,output_000567,good,2,5.5,9
autograder_annotation_000370,annotator_007,69,task_008,23,3,output_000587,excellent,3,6,9
autograder_annotation_000374,annotator_007,73,task_014,25,1,output_001049,good,2,2,4
autograder_annotation_000375,annotator_007,74,task_014,25,2,output_001029,intermediate,1,2.5,4
autograder_annotation_000376,annotator_007,75,task_014,25,3,output_001058,excellent,3,0.5,4
autograder_annotation_000380,annotator_007,79,task_025,27,1,output_001828,intermediate,1,3.5,6
autograder_annotation_000381,annotator_007,80,task_025,27,2,output_001848,good,2,3,6
autograder_annotation_000382,annotator_007,81,task_025,27,3,output_001896,excellent,3,2,6
autograder_annotation_000386,annotator_007,85,task_006,29,1,output_000402,intermediate,1,11,12
autograder_annotation_000387,annotator_007,86,task_006,29,2,output_000433,excellent,3,10.5,12
autograder_annotation_000388,annotator_007,87,task_006,29,3,output_000418,good,2,11,12
autograder_annotation_000392,annotator_008,1,task_009,1,1,output_000628,intermediate,1,13.5,15
autograder_annotation_000393,annotator_008,2,task_009,1,2,output_000698,excellent,3,14.5,15
autograder_annotation_000394,annotator_008,3,task_009,1,3,output_000665,good,2,13.5,15
autograder_annotation_000398,annotator_008,7,task_024,3,1,output_001762,intermediate,1,-0.5,3
autograder_annotation_000399,annotator_008,8,task_024,3,2,output_001787,good,2,-1,3
autograder_annotation_000400,annotator_008,9,task_024,3,3,output_001821,excellent,3,-3,3
autograder_annotation_000404,annotator_008,13,task_001,5,1,output_000051,excellent,3,7,8
autograder_annotation_000405,annotator_008,14,task_001,5,2,output_000024,intermediate,1,7.5,8
autograder_annotation_000406,annotator_008,15,task_001,5,3,output_000027,good,2,7.5,8
autograder_annotation_000410,annotator_008,19,task_022,7,1,output_001644,good,2,13,24
autograder_annotation_000411,annotator_008,20,task_022,7,2,output_001617,intermediate,1,14,24
autograder_annotation_000412,annotator_008,21,task_022,7,3,output_001652,excellent,3,13,24
autograder_annotation_000416,annotator_008,25,task_021,9,1,output_001594,excellent,3,-2,2
autograder_annotation_000417,annotator_008,26,task_021,9,2,output_001552,good,2,0,2
autograder_annotation_000418,annotator_008,27,task_021,9,3,output_001541,intermediate,1,0.5,2
autograder_annotation_000423,annotator_009,1,task_009,1,1,output_000627,intermediate,1,14.5,15
autograder_annotation_000424,annotator_009,2,task_009,1,2,output_000663,good,2,15,15
autograder_annotation_000425,annotator_009,3,task_009,1,3,output_000686,excellent,3,14.5,15
autograder_annotation_000429,annotator_009,7,task_008,4,1,output_000557,good,2,5.5,9
autograder_annotation_000430,annotator_009,8,task_008,4,2,output_000593,excellent,3,4,9
autograder_annotation_000431,annotator_009,9,task_008,4,3,output_000546,intermediate,1,4.5,9
autograder_annotation_000435,annotator_010,4,task_011,2,1,output_000778,intermediate,1,14,22
autograder_annotation_000436,annotator_010,5,task_011,2,2,output_000820,good,2,15.5,22
autograder_annotation_000437,annotator_010,6,task_011,2,3,output_000848,excellent,3,12.5,22
autograder_annotation_000441,annotator_011,4,task_029,2,1,output_002171,excellent,3,9,12
autograder_annotation_000442,annotator_011,5,task_029,2,2,output_002143,good,2,6.5,12
autograder_annotation_000443,annotator_011,6,task_029,2,3,output_002130,intermediate,1,3.5,12
autograder_annotation_000447,annotator_011,10,task_025,4,1,output_001874,excellent,3,3,6
autograder_annotation_000448,annotator_011,11,task_025,4,2,output_001864,good,2,2,6
autograder_annotation_000449,annotator_011,12,task_025,4,3,output_001826,intermediate,1,2.5,6
autograder_annotation_000453,annotator_011,16,task_024,6,1,output_001799,excellent,3,-1,3
autograder_annotation_000454,annotator_011,17,task_024,6,2,output_001754,intermediate,1,-1,3
autograder_annotation_000455,annotator_011,18,task_024,6,3,output_001794,good,2,-1,3
autograder_annotation_000459,annotator_011,22,task_005,8,1,output_000319,intermediate,1,23,26
autograder_annotation_000460,annotator_011,23,task_005,8,2,output_000352,excellent,3,17,26
autograder_annotation_000461,annotator_011,24,task_005,8,3,output_000342,good,2,23.5,26
autograder_annotation_000465,annotator_011,28,task_017,10,1,output_001288,excellent,3,4.5,15
autograder_annotation_000466,annotator_011,29,task_017,10,2,output_001260,good,2,6.5,15
autograder_annotation_000467,annotator_011,30,task_017,10,3,output_001241,intermediate,1,8,15
autograder_annotation_000471,annotator_011,34,task_008,12,1,output_000584,excellent,3,5.5,9
autograder_annotation_000472,annotator_011,35,task_008,12,2,output_000570,good,2,5.5,9
autograder_annotation_000473,annotator_011,36,task_008,12,3,output_000547,intermediate,1,6,9
autograder_annotation_000477,annotator_011,40,task_002,14,1,output_000074,intermediate,1,13,27
autograder_annotation_000478,annotator_011,41,task_002,14,2,output_000104,good,2,11.5,27
autograder_annotation_000479,annotator_011,42,task_002,14,3,output_000132,excellent,3,11.5,27
autograder_annotation_000483,annotator_011,46,task_013,16,1,output_000968,good,2,-0.5,4
autograder_annotation_000484,annotator_011,47,task_013,16,2,output_000988,excellent,3,-3,4
autograder_annotation_000485,annotator_011,48,task_013,16,3,output_000938,intermediate,1,0.5,4
autograder_annotation_000489,annotator_011,52,task_021,18,1,output_001568,good,2,-0.5,2
autograder_annotation_000490,annotator_011,53,task_021,18,2,output_001597,excellent,3,-4,2
autograder_annotation_000491,annotator_011,54,task_021,18,3,output_001533,intermediate,1,-1,2
autograder_annotation_000495,annotator_011,58,task_006,20,1,output_000439,excellent,3,10.5,12
autograder_annotation_000496,annotator_011,59,task_006,20,2,output_000403,intermediate,1,10,12
autograder_annotation_000497,annotator_011,60,task_006,20,3,output_000423,good,2,11.5,12
autograder_annotation_000501,annotator_011,64,task_027,22,1,output_001991,intermediate,1,0,22
autograder_annotation_000502,annotator_011,65,task_027,22,2,output_001994,good,2,-2.5,22
autograder_annotation_000503,annotator_011,66,task_027,22,3,output_002034,excellent,3,2.5,22
autograder_annotation_000507,annotator_011,70,task_014,24,1,output_001067,excellent,3,1.5,4
autograder_annotation_000508,annotator_011,71,task_014,24,2,output_001019,intermediate,1,3.5,4
autograder_annotation_000509,annotator_011,72,task_014,24,3,output_001050,good,2,3,4
autograder_annotation_000513,annotator_011,76,task_010,26,1,output_000739,good,2,7,15
autograder_annotation_000514,annotator_011,77,task_010,26,2,output_000713,intermediate,1,6,15
autograder_annotation_000515,annotator_011,78,task_010,26,3,output_000761,excellent,3,8,15
autograder_annotation_000519,annotator_011,82,task_026,28,1,output_001942,good,2,11.5,13
autograder_annotation_000520,annotator_011,83,task_026,28,2,output_001903,intermediate,1,10.5,13
autograder_annotation_000521,annotator_011,84,task_026,28,3,output_001955,excellent,3,10.5,13
autograder_annotation_000525,annotator_011,88,task_011,30,1,output_000812,good,2,14.5,22
autograder_annotation_000526,annotator_011,89,task_011,30,2,output_000834,excellent,3,13.5,22
autograder_annotation_000527,annotator_011,90,task_011,30,3,output_000783,intermediate,1,16,22
autograder_annotation_000532,annotator_012,5,task_016,3,1,output_001216,excellent,3,8,11
autograder_annotation_000533,annotator_012,6,task_016,3,2,output_001168,intermediate,1,11,11
autograder_annotation_000534,annotator_012,7,task_016,3,3,output_001187,good,2,10,11
autograder_annotation_000538,annotator_012,11,task_001,5,1,output_000020,intermediate,1,6,8
autograder_annotation_000539,annotator_012,12,task_001,5,2,output_000070,excellent,3,7,8
autograder_annotation_000540,annotator_012,13,task_001,5,3,output_000037,good,2,7.5,8
autograder_annotation_000544,annotator_012,17,task_021,7,1,output_001558,good,2,0.5,2
autograder_annotation_000545,annotator_012,18,task_021,7,2,output_001536,intermediate,1,0,2
autograder_annotation_000546,annotator_012,19,task_021,7,3,output_001577,excellent,3,-1.5,2
autograder_annotation_000550,annotator_012,23,task_008,9,1,output_000525,intermediate,1,6,9
autograder_annotation_000551,annotator_012,24,task_008,9,2,output_000576,good,2,6,9
autograder_annotation_000552,annotator_012,25,task_008,9,3,output_000606,excellent,3,4,9
autograder_annotation_000556,annotator_012,29,task_015,11,1,output_001133,excellent,3,17.5,21
autograder_annotation_000557,annotator_012,30,task_015,11,2,output_001098,intermediate,1,19,21
autograder_annotation_000558,annotator_012,31,task_015,11,3,output_001108,good,2,19,21
autograder_annotation_000570,annotator_013,7,task_022,3,1,output_001651,excellent,3,14,24
autograder_annotation_000571,annotator_013,8,task_022,3,2,output_001612,intermediate,1,15,24
autograder_annotation_000572,annotator_013,9,task_022,3,3,output_001624,good,2,13,24
autograder_annotation_000573,annotator_013,10,task_021,4,1,output_001528,intermediate,1,0.5,2
autograder_annotation_000574,annotator_013,11,task_021,4,2,output_001578,excellent,3,-3,2
autograder_annotation_000575,annotator_013,12,task_021,4,3,output_001552,good,2,-1,2
autograder_annotation_000579,annotator_013,16,task_014,6,1,output_001014,intermediate,1,3,4
autograder_annotation_000580,annotator_013,17,task_014,6,2,output_001032,good,2,1.5,4
autograder_annotation_000581,annotator_013,18,task_014,6,3,output_001064,excellent,3,1,4
autograder_annotation_000585,annotator_013,22,task_010,8,1,output_000730,good,2,6.5,15
autograder_annotation_000586,annotator_013,23,task_010,8,2,output_000716,intermediate,1,6,15
autograder_annotation_000587,annotator_013,24,task_010,8,3,output_000750,excellent,3,10,15
autograder_annotation_000591,annotator_013,28,task_018,10,1,output_001351,excellent,3,5,13
autograder_annotation_000592,annotator_013,29,task_018,10,2,output_001317,intermediate,1,0,13
autograder_annotation_000593,annotator_013,30,task_018,10,3,output_001327,good,2,2,13
autograder_annotation_000597,annotator_013,34,task_012,12,1,output_000878,good,2,8,12
autograder_annotation_000598,annotator_013,35,task_012,12,2,output_000907,excellent,3,9.5,12
autograder_annotation_000599,annotator_013,36,task_012,12,3,output_000858,intermediate,1,9.5,12
autograder_annotation_000603,annotator_013,40,task_013,14,1,output_000947,intermediate,1,0.5,4
autograder_annotation_000604,annotator_013,41,task_013,14,2,output_000959,good,2,0.5,4
autograder_annotation_000605,annotator_013,42,task_013,14,3,output_000981,excellent,3,-1,4
autograder_annotation_000609,annotator_013,46,task_023,16,1,output_001710,good,2,2.5,9
autograder_annotation_000610,annotator_013,47,task_023,16,2,output_001694,intermediate,1,4.5,9
autograder_annotation_000611,annotator_013,48,task_023,16,3,output_001746,excellent,3,5.5,9
autograder_annotation_000615,annotator_013,52,task_027,18,1,output_001976,intermediate,1,1,22
autograder_annotation_000616,annotator_013,53,task_027,18,2,output_002001,good,2,8.5,22
autograder_annotation_000617,annotator_013,54,task_027,18,3,output_002028,excellent,3,2.5,22
autograder_annotation_000621,annotator_013,58,task_003,20,1,output_000193,good,2,7.5,14
autograder_annotation_000622,annotator_013,59,task_003,20,2,output_000221,excellent,3,7.5,14
autograder_annotation_000623,annotator_013,60,task_003,20,3,output_000166,intermediate,1,5,14
autograder_annotation_000627,annotator_013,64,task_005,22,1,output_000354,excellent,3,20.5,26
autograder_annotation_000628,annotator_013,65,task_005,22,2,output_000305,intermediate,1,18,26
autograder_annotation_000629,annotator_013,66,task_005,22,3,output_000348,good,2,22.5,26
autograder_annotation_000633,annotator_013,70,task_030,24,1,output_002248,excellent,3,12.5,17
autograder_annotation_000634,annotator_013,71,task_030,24,2,output_002206,intermediate,1,13.5,17
autograder_annotation_000635,annotator_013,72,task_030,24,3,output_002223,good,2,14.5,17
autograder_annotation_000639,annotator_013,76,task_024,26,1,output_001789,good,2,-1,3
autograder_annotation_000640,annotator_013,77,task_024,26,2,output_001802,excellent,3,-3,3
autograder_annotation_000641,annotator_013,78,task_024,26,3,output_001752,intermediate,1,0,3
autograder_annotation_000645,annotator_013,82,task_008,28,1,output_000594,excellent,3,4,9
autograder_annotation_000646,annotator_013,83,task_008,28,2,output_000559,good,2,4.5,9
autograder_annotation_000647,annotator_013,84,task_008,28,3,output_000551,intermediate,1,6,9
autograder_annotation_000651,annotator_013,88,task_025,30,1,output_001883,excellent,3,3.5,6
autograder_annotation_000652,annotator_013,89,task_025,30,2,output_001865,good,2,3,6
autograder_annotation_000653,annotator_013,90,task_025,30,3,output_001835,intermediate,1,3.5,6
autograder_annotation_000657,annotator_014,4,task_018,2,1,output_001360,excellent,3,2,13
autograder_annotation_000658,annotator_014,5,task_018,2,2,output_001316,intermediate,1,1,13
autograder_annotation_000659,annotator_014,6,task_018,2,3,output_001347,good,2,1,13
autograder_annotation_000663,annotator_014,10,task_015,4,1,output_001083,intermediate,1,18.5,21
autograder_annotation_000664,annotator_014,11,task_015,4,2,output_001108,good,2,19,21
autograder_annotation_000665,annotator_014,12,task_015,4,3,output_001129,excellent,3,17.5,21
autograder_annotation_000669,annotator_014,16,task_028,6,1,output_002069,good,2,5,18
autograder_annotation_000670,annotator_014,17,task_028,6,2,output_002087,excellent,3,3,18
autograder_annotation_000671,annotator_014,18,task_028,6,3,output_002059,intermediate,1,4,18
autograder_annotation_000675,annotator_014,22,task_010,8,1,output_000723,good,2,9,15
autograder_annotation_000676,annotator_014,23,task_010,8,2,output_000754,excellent,3,9,15
autograder_annotation_000677,annotator_014,24,task_010,8,3,output_000715,intermediate,1,9,15
autograder_annotation_000681,annotator_014,28,task_002,10,1,output_000083,intermediate,1,12.5,27
autograder_annotation_000682,annotator_014,29,task_002,10,2,output_000112,good,2,13.5,27
autograder_annotation_000683,annotator_014,30,task_002,10,3,output_000135,excellent,3,13,27
autograder_annotation_000687,annotator_014,34,task_004,12,1,output_000238,intermediate,1,4,13
autograder_annotation_000688,annotator_014,35,task_004,12,2,output_000252,good,2,6,13
autograder_annotation_000689,annotator_014,36,task_004,12,3,output_000290,excellent,3,7.5,13
autograder_annotation_000693,annotator_014,40,task_030,14,1,output_002204,intermediate,1,12.5,17
autograder_annotation_000694,annotator_014,41,task_030,14,2,output_002237,good,2,14,17
autograder_annotation_000695,annotator_014,42,task_030,14,3,output_002247,excellent,3,15,17
autograder_annotation_000699,annotator_014,46,task_009,16,1,output_000688,excellent,3,15,15
autograder_annotation_000700,annotator_014,47,task_009,16,2,output_000639,intermediate,1,12.5,15
autograder_annotation_000701,annotator_014,48,task_009,16,3,output_000663,good,2,14.5,15
autograder_annotation_000705,annotator_014,52,task_022,18,1,output_001610,intermediate,1,15,24
autograder_annotation_000706,annotator_014,53,task_022,18,2,output_001659,excellent,3,15,24
autograder_annotation_000707,annotator_014,54,task_022,18,3,output_001632,good,2,13.5,24
autograder_annotation_000711,annotator_014,58,task_001,20,1,output_000066,excellent,3,7.5,8
autograder_annotation_000712,annotator_014,59,task_001,20,2,output_000035,good,2,7,8
autograder_annotation_000713,annotator_014,60,task_001,20,3,output_000015,intermediate,1,6.5,8
autograder_annotation_000717,annotator_014,64,task_025,22,1,output_001855,good,2,3,6
autograder_annotation_000718,annotator_014,65,task_025,22,2,output_001878,excellent,3,2,6
autograder_annotation_000719,annotator_014,66,task_025,22,3,output_001825,intermediate,1,3.5,6
autograder_annotation_000723,annotator_014,70,task_024,24,1,output_001800,excellent,3,-4,3
autograder_annotation_000724,annotator_014,71,task_024,24,2,output_001776,good,2,0.5,3
autograder_annotation_000725,annotator_014,72,task_024,24,3,output_001772,intermediate,1,-0.5,3
autograder_annotation_000729,annotator_014,76,task_016,26,1,output_001194,excellent,3,8,11
autograder_annotation_000730,annotator_014,77,task_016,26,2,output_001191,good,2,11,11
autograder_annotation_000731,annotator_014,78,task_016,26,3,output_001170,intermediate,1,10.5,11
autograder_annotation_000735,annotator_014,82,task_008,28,1,output_000533,intermediate,1,6,9
autograder_annotation_000736,annotator_014,83,task_008,28,2,output_000564,good,2,5.5,9
autograder_annotation_000737,annotator_014,84,task_008,28,3,output_000610,excellent,3,5,9
autograder_annotation_000743,annotator_015,1,task_004,1,1,output_000280,excellent,3,7,13
autograder_annotation_000744,annotator_015,2,task_004,1,2,output_000261,good,2,5,13
autograder_annotation_000745,annotator_015,3,task_004,1,3,output_000228,intermediate,1,6,13
autograder_annotation_000749,annotator_015,7,task_014,3,1,output_001053,excellent,3,1.5,4
autograder_annotation_000750,annotator_015,8,task_014,3,2,output_001010,intermediate,1,3,4
autograder_annotation_000751,annotator_015,9,task_014,3,3,output_001052,good,2,2.5,4
autograder_annotation_000755,annotator_015,13,task_028,5,1,output_002056,intermediate,1,6,18
autograder_annotation_000756,annotator_015,14,task_028,5,2,output_002077,good,2,3,18
autograder_annotation_000757,annotator_015,15,task_028,5,3,output_002102,excellent,3,4,18
autograder_annotation_000761,annotator_015,19,task_017,8,1,output_001227,intermediate,1,5.5,15
autograder_annotation_000762,annotator_015,20,task_017,8,2,output_001287,excellent,3,7.5,15
autograder_annotation_000763,annotator_015,21,task_017,8,3,output_001269,good,2,7,15
autograder_annotation_000767,annotator_015,25,task_003,10,1,output_000194,good,2,6.5,14
autograder_annotation_000768,annotator_015,26,task_003,10,2,output_000158,intermediate,1,5,14
autograder_annotation_000769,annotator_015,27,task_003,10,3,output_000216,excellent,3,7.5,14
autograder_annotation_000773,annotator_015,31,task_030,13,1,output_002247,excellent,3,14.5,17
autograder_annotation_000774,annotator_015,32,task_030,13,2,output_002244,good,2,13,17
autograder_annotation_000775,annotator_015,33,task_030,13,3,output_002218,intermediate,1,14,17
autograder_annotation_000779,annotator_015,37,task_029,15,1,output_002110,intermediate,1,7,12
autograder_annotation_000780,annotator_015,38,task_029,15,2,output_002181,excellent,3,6.5,12
autograder_annotation_000781,annotator_015,39,task_029,15,3,output_002136,good,2,8.5,12
autograder_annotation_000787,annotator_017,4,task_004,2,1,output_000250,good,2,7,13
autograder_annotation_000788,annotator_017,5,task_004,2,2,output_000242,intermediate,1,5,13
autograder_annotation_000789,annotator_017,6,task_004,2,3,output_000286,excellent,3,7,13
autograder_annotation_000793,annotator_017,10,task_005,4,1,output_000335,good,2,18,26
autograder_annotation_000794,annotator_017,11,task_005,4,2,output_000313,intermediate,1,22,26
autograder_annotation_000795,annotator_017,12,task_005,4,3,output_000374,excellent,3,17.5,26
autograder_annotation_000799,annotator_017,16,task_002,6,1,output_000081,intermediate,1,14.5,27
autograder_annotation_000800,annotator_017,17,task_002,6,2,output_000142,excellent,3,13,27
autograder_annotation_000801,annotator_017,18,task_002,6,3,output_000104,good,2,13,27
autograder_annotation_000805,annotator_017,22,task_018,8,1,output_001331,good,2,1.5,13
autograder_annotation_000806,annotator_017,23,task_018,8,2,output_001302,intermediate,1,1.5,13
autograder_annotation_000807,annotator_017,24,task_018,8,3,output_001363,excellent,3,0.5,13
autograder_annotation_000812,annotator_018,1,task_008,1,1,output_000599,excellent,3,5,9
autograder_annotation_000813,annotator_018,2,task_008,1,2,output_000582,good,2,5,9
autograder_annotation_000814,annotator_018,3,task_008,1,3,output_000538,intermediate,1,6.5,9
autograder_annotation_000818,annotator_018,7,task_010,3,1,output_000773,excellent,3,10,15
autograder_annotation_000819,annotator_018,8,task_010,3,2,output_000726,good,2,4,15
autograder_annotation_000820,annotator_018,9,task_010,3,3,output_000708,intermediate,1,8,15
autograder_annotation_000824,annotator_018,13,task_030,5,1,output_002245,good,2,16,17
autograder_annotation_000825,annotator_018,14,task_030,5,2,output_002197,intermediate,1,14,17
autograder_annotation_000826,annotator_018,15,task_030,5,3,output_002259,excellent,3,14,17
autograder_annotation_000830,annotator_018,19,task_003,7,1,output_000215,excellent,3,8,14
autograder_annotation_000831,annotator_018,20,task_003,7,2,output_000191,good,2,7,14
autograder_annotation_000832,annotator_018,21,task_003,7,3,output_000157,intermediate,1,2.5,14
autograder_annotation_000836,annotator_018,25,task_020,9,1,output_001480,good,2,4,6
autograder_annotation_000837,annotator_018,26,task_020,9,2,output_001503,excellent,3,4,6
autograder_annotation_000838,annotator_018,27,task_020,9,3,output_001457,intermediate,1,5,6
autograder_annotation_000842,annotator_018,31,task_011,11,1,output_000795,intermediate,1,10,22
autograder_annotation_000843,annotator_018,32,task_011,11,2,output_000841,excellent,3,14,22
autograder_annotation_000844,annotator_018,33,task_011,11,3,output_000810,good,2,13,22
autograder_annotation_000848,annotator_018,37,task_018,13,1,output_001326,good,2,3,13
autograder_annotation_000849,annotator_018,38,task_018,13,2,output_001354,excellent,3,-1,13
autograder_annotation_000850,annotator_018,39,task_018,13,3,output_001315,intermediate,1,1.5,13
autograder_annotation_000854,annotator_018,43,task_007,15,1,output_000522,excellent,3,10,24
autograder_annotation_000855,annotator_018,44,task_007,15,2,output_000484,good,2,8.5,24
autograder_annotation_000856,annotator_018,45,task_007,15,3,output_000462,intermediate,1,9,24
autograder_annotation_000860,annotator_018,49,task_027,17,1,output_002006,good,2,2,22
autograder_annotation_000861,annotator_018,50,task_027,17,2,output_002027,excellent,3,1,22
autograder_annotation_000862,annotator_018,51,task_027,17,3,output_001974,intermediate,1,1,22
autograder_annotation_000866,annotator_018,55,task_013,19,1,output_000972,good,2,1.5,4
autograder_annotation_000867,annotator_018,56,task_013,19,2,output_000938,intermediate,1,1,4
autograder_annotation_000868,annotator_018,57,task_013,19,3,output_000995,excellent,3,-1,4
autograder_annotation_000872,annotator_018,61,task_019,21,1,output_001387,intermediate,1,-2,7
autograder_annotation_000873,annotator_018,62,task_019,21,2,output_001425,good,2,1.5,7
autograder_annotation_000874,annotator_018,63,task_019,21,3,output_001427,excellent,3,3,7
autograder_annotation_000878,annotator_018,67,task_022,23,1,output_001600,intermediate,1,15.5,24
autograder_annotation_000879,annotator_018,68,task_022,23,2,output_001643,good,2,15,24
autograder_annotation_000880,annotator_018,69,task_022,23,3,output_001652,excellent,3,13.5,24
autograder_annotation_000884,annotator_018,73,task_015,25,1,output_001124,excellent,3,18.5,21
autograder_annotation_000885,annotator_018,74,task_015,25,2,output_001081,intermediate,1,17,21
autograder_annotation_000886,annotator_018,75,task_015,25,3,output_001113,good,2,16,21
autograder_annotation_000890,annotator_018,79,task_028,27,1,output_002073,good,2,5.5,18
autograder_annotation_000891,annotator_018,80,task_028,27,2,output_002095,excellent,3,5.5,18
autograder_annotation_000892,annotator_018,81,task_028,27,3,output_002060,intermediate,1,5,18
autograder_annotation_000896,annotator_018,85,task_029,29,1,output_002180,excellent,3,8,12
autograder_annotation_000897,annotator_018,86,task_029,29,2,output_002146,good,2,9,12
autograder_annotation_000898,annotator_018,87,task_029,29,3,output_002109,intermediate,1,6.5,12
autograder_annotation_000905,annotator_019,4,task_013,2,1,output_000971,good,2,0,4
autograder_annotation_000906,annotator_019,5,task_013,2,2,output_000938,intermediate,1,1,4
autograder_annotation_000907,annotator_019,6,task_013,2,3,output_000984,excellent,3,-2.5,4
autograder_annotation_000911,annotator_019,10,task_026,4,1,output_001931,good,2,10.5,13
autograder_annotation_000912,annotator_019,11,task_026,4,2,output_001961,excellent,3,10.5,13
autograder_annotation_000913,annotator_019,12,task_026,4,3,output_001900,intermediate,1,10.5,13
autograder_annotation_000917,annotator_019,16,task_005,6,1,output_000356,excellent,3,22.5,26
autograder_annotation_000918,annotator_019,17,task_005,6,2,output_000346,good,2,22,26
autograder_annotation_000919,annotator_019,18,task_005,6,3,output_000308,intermediate,1,18,26
autograder_annotation_000923,annotator_019,22,task_022,8,1,output_001604,intermediate,1,14,24
autograder_annotation_000924,annotator_019,23,task_022,8,2,output_001661,excellent,3,13.5,24
autograder_annotation_000925,annotator_019,24,task_022,8,3,output_001645,good,2,14.5,24
autograder_annotation_000929,annotator_019,28,task_028,10,1,output_002097,excellent,3,3,18
autograder_annotation_000930,annotator_019,29,task_028,10,2,output_002076,good,2,4.5,18
autograder_annotation_000931,annotator_019,30,task_028,10,3,output_002054,intermediate,1,4.5,18
autograder_annotation_000935,annotator_019,34,task_008,12,1,output_000536,intermediate,1,6,9
autograder_annotation_000936,annotator_019,35,task_008,12,2,output_000584,excellent,3,5,9
autograder_annotation_000937,annotator_019,36,task_008,12,3,output_000568,good,2,5.5,9
autograder_annotation_000941,annotator_019,40,task_002,14,1,output_000096,good,2,13,27
autograder_annotation_000942,annotator_019,41,task_002,14,2,output_000079,intermediate,1,13,27
autograder_annotation_000943,annotator_019,42,task_002,14,3,output_000139,excellent,3,13,27
autograder_annotation_000950,annotator_020,4,task_027,2,1,output_001981,intermediate,1,0,22
autograder_annotation_000951,annotator_020,5,task_027,2,2,output_002017,excellent,3,1.5,22
autograder_annotation_000952,annotator_020,6,task_027,2,3,output_002012,good,2,7,22
autograder_annotation_000956,annotator_020,10,task_015,4,1,output_001139,excellent,3,17,21
autograder_annotation_000957,annotator_020,11,task_015,4,2,output_001111,good,2,17,21
autograder_annotation_000958,annotator_020,12,task_015,4,3,output_001096,intermediate,1,18,21
autograder_annotation_000962,annotator_020,16,task_013,6,1,output_000964,good,2,0.5,4
autograder_annotation_000963,annotator_020,17,task_013,6,2,output_000948,intermediate,1,1,4
autograder_annotation_000964,annotator_020,18,task_013,6,3,output_000983,excellent,3,-3,4
autograder_annotation_000968,annotator_020,22,task_024,8,1,output_001807,excellent,3,-2,3
autograder_annotation_000969,annotator_020,23,task_024,8,2,output_001779,good,2,-1.5,3
autograder_annotation_000970,annotator_020,24,task_024,8,3,output_001759,intermediate,1,1,3
autograder_annotation_000974,annotator_020,28,task_030,10,1,output_002207,intermediate,1,15,17
autograder_annotation_000975,annotator_020,29,task_030,10,2,output_002226,good,2,15,17
autograder_annotation_000976,annotator_020,30,task_030,10,3,output_002262,excellent,3,16,17
autograder_annotation_000980,annotator_020,34,task_004,12,1,output_000267,good,2,6,13
autograder_annotation_000981,annotator_020,35,task_004,12,2,output_000245,intermediate,1,5.5,13
autograder_annotation_000982,annotator_020,36,task_004,12,3,output_000288,excellent,3,7,13
autograder_annotation_000986,annotator_020,40,task_028,14,1,output_002086,excellent,3,6,18
autograder_annotation_000987,annotator_020,41,task_028,14,2,output_002043,intermediate,1,2,18
autograder_annotation_000988,annotator_020,42,task_028,14,3,output_002066,good,2,5.5,18
autograder_annotation_000992,annotator_020,46,task_012,16,1,output_000892,good,2,8.5,12
autograder_annotation_000993,annotator_020,47,task_012,16,2,output_000876,intermediate,1,6.5,12
autograder_annotation_000994,annotator_020,48,task_012,16,3,output_000926,excellent,3,7.5,12
autograder_annotation_000998,annotator_020,52,task_020,18,1,output_001509,excellent,3,2.5,6
autograder_annotation_000999,annotator_020,53,task_020,18,2,output_001458,intermediate,1,5.5,6
autograder_annotation_001000,annotator_020,54,task_020,18,3,output_001497,good,2,4,6
autograder_annotation_001004,annotator_020,58,task_006,20,1,output_000393,intermediate,1,11,12
autograder_annotation_001005,annotator_020,59,task_006,20,2,output_000407,good,2,11,12
autograder_annotation_001006,annotator_020,60,task_006,20,3,output_000434,excellent,3,11,12
autograder_annotation_001010,annotator_020,64,task_021,22,1,output_001525,intermediate,1,0,2
autograder_annotation_001011,annotator_020,65,task_021,22,2,output_001569,good,2,0,2
autograder_annotation_001012,annotator_020,66,task_021,22,3,output_001598,excellent,3,-2,2
autograder_annotation_001016,annotator_020,70,task_026,24,1,output_001962,excellent,3,9,13
autograder_annotation_001017,annotator_020,71,task_026,24,2,output_001907,intermediate,1,9,13
autograder_annotation_001018,annotator_020,72,task_026,24,3,output_001932,good,2,10.5,13
autograder_annotation_001022,annotator_020,76,task_011,26,1,output_000806,good,2,16.5,22
autograder_annotation_001023,annotator_020,77,task_011,26,2,output_000845,excellent,3,13,22
autograder_annotation_001024,annotator_020,78,task_011,26,3,output_000779,intermediate,1,15.5,22
autograder_annotation_001028,annotator_020,82,task_010,28,1,output_000731,good,2,7,15
autograder_annotation_001029,annotator_020,83,task_010,28,2,output_000767,excellent,3,7.5,15
autograder_annotation_001030,annotator_020,84,task_010,28,3,output_000702,intermediate,1,10.5,15
autograder_annotation_001034,annotator_020,88,task_005,30,1,output_000369,excellent,3,22,26
autograder_annotation_001035,annotator_020,89,task_005,30,2,output_000347,good,2,22,26
autograder_annotation_001036,annotator_020,90,task_005,30,3,output_000323,intermediate,1,19.5,26
autograder_annotation_001040,annotator_021,4,task_012,2,1,output_000882,good,2,8.5,12
autograder_annotation_001041,annotator_021,5,task_012,2,2,output_000875,intermediate,1,8.5,12
autograder_annotation_001042,annotator_021,6,task_012,2,3,output_000919,excellent,3,9.5,12
autograder_annotation_001046,annotator_021,10,task_022,4,1,output_001622,intermediate,1,12.5,24
autograder_annotation_001047,annotator_021,11,task_022,4,2,output_001646,good,2,15.5,24
autograder_annotation_001048,annotator_021,12,task_022,4,3,output_001667,excellent,3,10.5,24
autograder_annotation_001052,annotator_021,16,task_006,6,1,output_000420,good,2,11.5,12
autograder_annotation_001053,annotator_021,17,task_006,6,2,output_000437,excellent,3,10.5,12
autograder_annotation_001054,annotator_021,18,task_006,6,3,output_000387,intermediate,1,11.5,12
autograder_annotation_001058,annotator_021,22,task_005,8,1,output_000329,good,2,21.5,26
autograder_annotation_001059,annotator_021,23,task_005,8,2,output_000362,excellent,3,17.5,26
autograder_annotation_001060,annotator_021,24,task_005,8,3,output_000323,intermediate,1,21,26
autograder_annotation_001064,annotator_021,28,task_003,10,1,output_000189,good,2,3,14
autograder_annotation_001065,annotator_021,29,task_003,10,2,output_000207,excellent,3,9,14
autograder_annotation_001066,annotator_021,30,task_003,10,3,output_000151,intermediate,1,9.5,14
autograder_annotation_001070,annotator_021,34,task_010,12,1,output_000702,intermediate,1,10,15
autograder_annotation_001071,annotator_021,35,task_010,12,2,output_000742,good,2,8.5,15
autograder_annotation_001072,annotator_021,36,task_010,12,3,output_000772,excellent,3,6.5,15
autograder_annotation_001076,annotator_021,40,task_007,14,1,output_000515,excellent,3,9.5,24
autograder_annotation_001077,annotator_021,41,task_007,14,2,output_000494,good,2,9.5,24
autograder_annotation_001078,annotator_021,42,task_007,14,3,output_000477,intermediate,1,8.5,24
autograder_annotation_001082,annotator_021,46,task_028,16,1,output_002044,intermediate,1,4.5,18
autograder_annotation_001083,annotator_021,47,task_028,16,2,output_002079,good,2,0.5,18
autograder_annotation_001084,annotator_021,48,task_028,16,3,output_002108,excellent,3,7.5,18
autograder_annotation_001088,annotator_021,52,task_011,18,1,output_000787,intermediate,1,15.5,22
autograder_annotation_001089,annotator_021,53,task_011,18,2,output_000826,good,2,14,22
autograder_annotation_001090,annotator_021,54,task_011,18,3,output_000842,excellent,3,16,22
autograder_annotation_001094,annotator_021,58,task_016,20,1,output_001164,intermediate,1,11,11
autograder_annotation_001095,annotator_021,59,task_016,20,2,output_001174,good,2,10,11
autograder_annotation_001096,annotator_021,60,task_016,20,3,output_001214,excellent,3,11,11
autograder_annotation_001100,annotator_021,64,task_015,22,1,output_001123,excellent,3,19.5,21
autograder_annotation_001101,annotator_021,65,task_015,22,2,output_001100,good,2,17,21
autograder_annotation_001102,annotator_021,66,task_015,22,3,output_001097,intermediate,1,15.5,21
autograder_annotation_001106,annotator_021,70,task_008,24,1,output_000582,good,2,6,9
autograder_annotation_001107,annotator_021,71,task_008,24,2,output_000589,excellent,3,4,9
autograder_annotation_001108,annotator_021,72,task_008,24,3,output_000541,intermediate,1,6,9
autograder_annotation_001112,annotator_021,76,task_017,26,1,output_001262,good,2,8,15
autograder_annotation_001113,annotator_021,77,task_017,26,2,output_001284,excellent,3,6.5,15
autograder_annotation_001114,annotator_021,78,task_017,26,3,output_001219,intermediate,1,7.5,15
autograder_annotation_001118,annotator_021,82,task_001,28,1,output_000003,intermediate,1,7.5,8
autograder_annotation_001119,annotator_021,83,task_001,28,2,output_000058,excellent,3,7,8
autograder_annotation_001120,annotator_021,84,task_001,28,3,output_000029,good,2,7.5,8
autograder_annotation_001124,annotator_021,88,task_021,30,1,output_001582,excellent,3,-2,2
autograder_annotation_001125,annotator_021,89,task_021,30,2,output_001522,intermediate,1,-1.5,2
autograder_annotation_001126,annotator_021,90,task_021,30,3,output_001550,good,2,-0.5,2
autograder_annotation_001130,annotator_022,4,task_010,3,1,output_000773,excellent,3,10.5,15
autograder_annotation_001131,annotator_022,5,task_010,3,2,output_000732,good,2,5,15
autograder_annotation_001132,annotator_022,6,task_010,3,3,output_000722,intermediate,1,7,15
autograder_annotation_001136,annotator_022,10,task_006,9,1,output_000416,good,2,11,12
autograder_annotation_001137,annotator_022,11,task_006,9,2,output_000384,intermediate,1,11.5,12
autograder_annotation_001138,annotator_022,12,task_006,9,3,output_000447,excellent,3,11,12
autograder_annotation_001142,annotator_022,16,task_009,11,1,output_000658,good,2,12.5,15
autograder_annotation_001143,annotator_022,17,task_009,11,2,output_000685,excellent,3,14.5,15
autograder_annotation_001144,annotator_022,18,task_009,11,3,output_000635,intermediate,1,11.5,15
autograder_annotation_001148,annotator_022,22,task_012,16,1,output_000885,good,2,8.5,12
autograder_annotation_001149,annotator_022,23,task_012,16,2,output_000862,intermediate,1,9.5,12
autograder_annotation_001150,annotator_022,24,task_012,16,3,output_000919,excellent,3,10,12
autograder_annotation_001157,annotator_022,31,task_011,29,1,output_000804,good,2,12,22
autograder_annotation_001158,annotator_022,32,task_011,29,2,output_000844,excellent,3,13,22
autograder_annotation_001159,annotator_022,33,task_011,29,3,output_000794,intermediate,1,15,22
autograder_annotation_001163,annotator_023,1,task_007,1,1,output_000488,good,2,10,24
autograder_annotation_001164,annotator_023,2,task_007,1,2,output_000511,excellent,3,10,24
autograder_annotation_001165,annotator_023,3,task_007,1,3,output_000467,intermediate,1,8,24
autograder_annotation_001169,annotator_023,7,task_009,3,1,output_000668,good,2,15,15
autograder_annotation_001170,annotator_023,8,task_009,3,2,output_000631,intermediate,1,12.5,15
autograder_annotation_001171,annotator_023,9,task_009,3,3,output_000697,excellent,3,12,15
autograder_annotation_001175,annotator_023,13,task_003,5,1,output_000164,intermediate,1,5,14
autograder_annotation_001176,annotator_023,14,task_003,5,2,output_000209,excellent,3,9.5,14
autograder_annotation_001177,annotator_023,15,task_003,5,3,output_000180,good,2,6.5,14
autograder_annotation_001181,annotator_023,19,task_021,7,1,output_001576,excellent,3,-2,2
autograder_annotation_001182,annotator_023,20,task_021,7,2,output_001523,intermediate,1,-1.5,2
autograder_annotation_001183,annotator_023,21,task_021,7,3,output_001553,good,2,0,2
autograder_annotation_001187,annotator_023,25,task_001,9,1,output_000045,good,2,6.5,8
autograder_annotation_001188,annotator_023,26,task_001,9,2,output_000024,intermediate,1,7.5,8
autograder_annotation_001189,annotator_023,27,task_001,9,3,output_000050,excellent,3,7,8
autograder_annotation_001193,annotator_023,31,task_015,11,1,output_001104,good,2,18.5,21
autograder_annotation_001194,annotator_023,32,task_015,11,2,output_001126,excellent,3,16,21
autograder_annotation_001195,annotator_023,33,task_015,11,3,output_001094,intermediate,1,18.5,21
autograder_annotation_001199,annotator_023,37,task_013,13,1,output_000953,intermediate,1,-1.5,4
autograder_annotation_001200,annotator_023,38,task_013,13,2,output_000957,good,2,1,4
autograder_annotation_001201,annotator_023,39,task_013,13,3,output_001003,excellent,3,0,4
autograder_annotation_001205,annotator_023,43,task_030,15,1,output_002228,good,2,14,17
autograder_annotation_001206,annotator_023,44,task_030,15,2,output_002213,intermediate,1,14,17
autograder_annotation_001207,annotator_023,45,task_030,15,3,output_002255,excellent,3,14,17
autograder_annotation_001211,annotator_023,49,task_019,17,1,output_001441,excellent,3,3,7
autograder_annotation_001212,annotator_023,50,task_019,17,2,output_001382,intermediate,1,3,7
autograder_annotation_001213,annotator_023,51,task_019,17,3,output_001408,good,2,3,7
autograder_annotation_001217,annotator_023,55,task_017,19,1,output_001285,excellent,3,8,15
autograder_annotation_001218,annotator_023,56,task_017,19,2,output_001230,intermediate,1,6.5,15
autograder_annotation_001219,annotator_023,57,task_017,19,3,output_001260,good,2,8,15
autograder_annotation_001223,annotator_023,61,task_022,21,1,output_001653,excellent,3,16.5,24
autograder_annotation_001224,annotator_023,62,task_022,21,2,output_001605,intermediate,1,17,24
autograder_annotation_001225,annotator_023,63,task_022,21,3,output_001639,good,2,13.5,24
autograder_annotation_001229,annotator_023,67,task_006,23,1,output_000409,good,2,11,12
autograder_annotation_001230,annotator_023,68,task_006,23,2,output_000449,excellent,3,10.5,12
autograder_annotation_001231,annotator_023,69,task_006,23,3,output_000391,intermediate,1,9.5,12
autograder_annotation_001235,annotator_023,73,task_012,25,1,output_000889,good,2,8.5,12
autograder_annotation_001236,annotator_023,74,task_012,25,2,output_000933,excellent,3,9,12
autograder_annotation_001237,annotator_023,75,task_012,25,3,output_000863,intermediate,1,8.5,12
autograder_annotation_001241,annotator_023,79,task_008,27,1,output_000555,intermediate,1,5,9
autograder_annotation_001242,annotator_023,80,task_008,27,2,output_000581,good,2,5,9
autograder_annotation_001243,annotator_023,81,task_008,27,3,output_000609,excellent,3,4,9
autograder_annotation_001247,annotator_023,85,task_020,29,1,output_001500,excellent,3,5,6
autograder_annotation_001248,annotator_023,86,task_020,29,2,output_001494,good,2,5,6
autograder_annotation_001249,annotator_023,87,task_020,29,3,output_001472,intermediate,1,5,6
autograder_annotation_001256,annotator_024,4,task_007,2,1,output_000515,excellent,3,9.5,24
autograder_annotation_001257,annotator_024,5,task_007,2,2,output_000492,good,2,11.5,24
autograder_annotation_001258,annotator_024,6,task_007,2,3,output_000466,intermediate,1,7.5,24
autograder_annotation_001262,annotator_024,10,task_012,4,1,output_000923,excellent,3,8,12
autograder_annotation_001263,annotator_024,11,task_012,4,2,output_000895,good,2,9.5,12
autograder_annotation_001264,annotator_024,12,task_012,4,3,output_000863,intermediate,1,8.5,12
autograder_annotation_001268,annotator_024,16,task_003,6,1,output_000224,excellent,3,8,14
autograder_annotation_001269,annotator_024,17,task_003,6,2,output_000183,good,2,9,14
autograder_annotation_001270,annotator_024,18,task_003,6,3,output_000158,intermediate,1,5.5,14
autograder_annotation_001274,annotator_024,22,task_004,8,1,output_000276,excellent,3,7,13
autograder_annotation_001275,annotator_024,23,task_004,8,2,output_000273,good,2,8,13
autograder_annotation_001276,annotator_024,24,task_004,8,3,output_000241,intermediate,1,6.5,13
autograder_annotation_001280,annotator_024,28,task_024,10,1,output_001797,good,2,-1,3
autograder_annotation_001281,annotator_024,29,task_024,10,2,output_001811,excellent,3,-2,3
autograder_annotation_001282,annotator_024,30,task_024,10,3,output_001757,intermediate,1,0,3
autograder_annotation_001286,annotator_024,34,task_027,12,1,output_002007,good,2,7,22
autograder_annotation_001287,annotator_024,35,task_027,12,2,output_002019,excellent,3,1,22
autograder_annotation_001288,annotator_024,36,task_027,12,3,output_001975,intermediate,1,5.5,22
autograder_annotation_001292,annotator_024,40,task_019,14,1,output_001406,good,2,3,7
autograder_annotation_001293,annotator_024,41,task_019,14,2,output_001397,intermediate,1,4,7
autograder_annotation_001294,annotator_024,42,task_019,14,3,output_001444,excellent,3,-2.5,7
autograder_annotation_001298,annotator_024,46,task_021,16,1,output_001565,good,2,-1,2
autograder_annotation_001299,annotator_024,47,task_021,16,2,output_001540,intermediate,1,1,2
autograder_annotation_001300,annotator_024,48,task_021,16,3,output_001579,excellent,3,-1,2
autograder_annotation_001304,annotator_024,52,task_011,18,1,output_000784,intermediate,1,15.5,22
autograder_annotation_001305,annotator_024,53,task_011,18,2,output_000833,excellent,3,15,22
autograder_annotation_001306,annotator_024,54,task_011,18,3,output_000816,good,2,14.5,22
autograder_annotation_001310,annotator_024,58,task_010,20,1,output_000703,intermediate,1,6,15
autograder_annotation_001311,annotator_024,59,task_010,20,2,output_000763,excellent,3,10,15
autograder_annotation_001312,annotator_024,60,task_010,20,3,output_000732,good,2,6,15
autograder_annotation_001316,annotator_024,64,task_006,22,1,output_000421,good,2,11,12
autograder_annotation_001317,annotator_024,65,task_006,22,2,output_000405,intermediate,1,11,12
autograder_annotation_001318,annotator_024,66,task_006,22,3,output_000440,excellent,3,11.5,12
autograder_annotation_001322,annotator_024,70,task_018,24,1,output_001322,intermediate,1,3,13
autograder_annotation_001323,annotator_024,71,task_018,24,2,output_001343,good,2,0.5,13
autograder_annotation_001324,annotator_024,72,task_018,24,3,output_001355,excellent,3,1,13
autograder_annotation_001328,annotator_024,76,task_001,26,1,output_000022,intermediate,1,6.5,8
autograder_annotation_001329,annotator_024,77,task_001,26,2,output_000046,good,2,7.5,8
autograder_annotation_001330,annotator_024,78,task_001,26,3,output_000050,excellent,3,7,8
autograder_annotation_001334,annotator_024,82,task_016,28,1,output_001177,good,2,10,11
autograder_annotation_001335,annotator_024,83,task_016,28,2,output_001218,excellent,3,11,11
autograder_annotation_001336,annotator_024,84,task_016,28,3,output_001148,intermediate,1,10.5,11
autograder_annotation_001340,annotator_024,88,task_025,30,1,output_001838,intermediate,1,3,6
autograder_annotation_001341,annotator_024,89,task_025,30,2,output_001885,excellent,3,1.5,6
autograder_annotation_001342,annotator_024,90,task_025,30,3,output_001866,good,2,0.5,6
autograder_annotation_001343,annotator_025,1,task_027,1,1,output_001993,good,2,-1,22
autograder_annotation_001344,annotator_025,2,task_027,1,2,output_001978,intermediate,1,0,22
autograder_annotation_001345,annotator_025,3,task_027,1,3,output_002031,excellent,3,7,22
autograder_annotation_001349,annotator_025,7,task_030,3,1,output_002209,intermediate,1,15,17
autograder_annotation_001350,annotator_025,8,task_030,3,2,output_002263,excellent,3,16,17
autograder_annotation_001351,annotator_025,9,task_030,3,3,output_002231,good,2,13.5,17
autograder_annotation_001355,annotator_025,13,task_025,5,1,output_001889,excellent,3,3.5,6
autograder_annotation_001356,annotator_025,14,task_025,5,2,output_001824,intermediate,1,2,6
autograder_annotation_001357,annotator_025,15,task_025,5,3,output_001857,good,2,2,6
autograder_annotation_001361,annotator_025,19,task_024,7,1,output_001813,excellent,3,-2.5,3
autograder_annotation_001362,annotator_025,20,task_024,7,2,output_001798,good,2,-1,3
autograder_annotation_001363,annotator_025,21,task_024,7,3,output_001751,intermediate,1,0,3
autograder_annotation_001367,annotator_025,25,task_018,9,1,output_001359,excellent,3,-1.5,13
autograder_annotation_001368,annotator_025,26,task_018,9,2,output_001334,good,2,2.5,13
autograder_annotation_001369,annotator_025,27,task_018,9,3,output_001302,intermediate,1,5,13
autograder_annotation_001373,annotator_025,31,task_015,11,1,output_001127,excellent,3,19.5,21
autograder_annotation_001374,annotator_025,32,task_015,11,2,output_001122,good,2,17.5,21
autograder_annotation_001375,annotator_025,33,task_015,11,3,output_001082,intermediate,1,20,21
autograder_annotation_001379,annotator_026,1,task_002,1,1,output_000120,good,2,13,27
autograder_annotation_001380,annotator_026,2,task_002,1,2,output_000083,intermediate,1,14,27
autograder_annotation_001381,annotator_026,3,task_002,1,3,output_000130,excellent,3,13,27
autograder_annotation_001385,annotator_026,7,task_022,3,1,output_001611,intermediate,1,14,24
autograder_annotation_001386,annotator_026,8,task_022,3,2,output_001648,excellent,3,16,24
autograder_annotation_001387,annotator_026,9,task_022,3,3,output_001634,good,2,13.5,24
autograder_annotation_001391,annotator_026,13,task_007,5,1,output_000460,intermediate,1,7.5,24
autograder_annotation_001392,annotator_026,14,task_007,5,2,output_000499,good,2,9.5,24
autograder_annotation_001393,annotator_026,15,task_007,5,3,output_000507,excellent,3,8.5,24
autograder_annotation_001397,annotator_026,19,task_017,7,1,output_001228,intermediate,1,8,15
autograder_annotation_001398,annotator_026,20,task_017,7,2,output_001270,good,2,7,15
autograder_annotation_001399,annotator_026,21,task_017,7,3,output_001277,excellent,3,4.5,15
autograder_annotation_001403,annotator_026,25,task_018,9,1,output_001338,good,2,2,13
autograder_annotation_001404,annotator_026,26,task_018,9,2,output_001356,excellent,3,4,13
autograder_annotation_001405,annotator_026,27,task_018,9,3,output_001301,intermediate,1,0,13
autograder_annotation_001409,annotator_026,31,task_016,11,1,output_001186,good,2,10.5,11
autograder_annotation_001410,annotator_026,32,task_016,11,2,output_001161,intermediate,1,11,11
autograder_annotation_001411,annotator_026,33,task_016,11,3,output_001198,excellent,3,10,11
autograder_annotation_001415,annotator_026,37,task_021,13,1,output_001541,intermediate,1,0.5,2
autograder_annotation_001416,annotator_026,38,task_021,13,2,output_001557,good,2,-0.5,2
autograder_annotation_001417,annotator_026,39,task_021,13,3,output_001581,excellent,3,-2.5,2
autograder_annotation_001421,annotator_026,43,task_011,15,1,output_000776,intermediate,1,14,22
autograder_annotation_001422,annotator_026,44,task_011,15,2,output_000830,excellent,3,17.5,22
autograder_annotation_001423,annotator_026,45,task_011,15,3,output_000828,good,2,14.5,22
autograder_annotation_001427,annotator_026,49,task_014,17,1,output_001075,excellent,3,2.5,4
autograder_annotation_001428,annotator_026,50,task_014,17,2,output_001032,good,2,3,4
autograder_annotation_001429,annotator_026,51,task_014,17,3,output_001026,intermediate,1,3,4
autograder_annotation_001433,annotator_026,55,task_019,19,1,output_001434,excellent,3,2.5,7
autograder_annotation_001434,annotator_026,56,task_019,19,2,output_001400,intermediate,1,3,7
autograder_annotation_001435,annotator_026,57,task_019,19,3,output_001416,good,2,4,7
autograder_annotation_001439,annotator_026,61,task_013,21,1,output_000959,good,2,1,4
autograder_annotation_001440,annotator_026,62,task_013,21,2,output_000996,excellent,3,-4,4
autograder_annotation_001441,annotator_026,63,task_013,21,3,output_000944,intermediate,1,-0.5,4
autograder_annotation_001445,annotator_026,67,task_027,23,1,output_001975,intermediate,1,1,22
autograder_annotation_001446,annotator_026,68,task_027,23,2,output_002026,excellent,3,8,22
autograder_annotation_001447,annotator_026,69,task_027,23,3,output_002015,good,2,-2.5,22
autograder_annotation_001451,annotator_026,73,task_030,25,1,output_002246,good,2,14.5,17
autograder_annotation_001452,annotator_026,74,task_030,25,2,output_002264,excellent,3,16,17
autograder_annotation_001453,annotator_026,75,task_030,25,3,output_002198,intermediate,1,14,17
autograder_annotation_001457,annotator_026,79,task_023,27,1,output_001682,intermediate,1,6,9
autograder_annotation_001458,annotator_026,80,task_023,27,2,output_001726,excellent,3,2,9
autograder_annotation_001459,annotator_026,81,task_023,27,3,output_001712,good,2,4.5,9
autograder_annotation_001463,annotator_026,85,task_005,29,1,output_000335,good,2,22,26
autograder_annotation_001464,annotator_026,86,task_005,29,2,output_000363,excellent,3,23.5,26
autograder_annotation_001465,annotator_026,87,task_005,29,3,output_000324,intermediate,1,21.5,26
autograder_annotation_001469,annotator_027,1,task_007,2,1,output_000514,excellent,3,11,24
autograder_annotation_001470,annotator_027,2,task_007,2,2,output_000501,good,2,10,24
autograder_annotation_001471,annotator_027,3,task_007,2,3,output_000465,intermediate,1,10.5,24
autograder_annotation_001475,annotator_027,7,task_011,4,1,output_000846,excellent,3,13,22
autograder_annotation_001476,annotator_027,8,task_011,4,2,output_000782,intermediate,1,15,22
autograder_annotation_001477,annotator_027,9,task_011,4,3,output_000824,good,2,13,22
autograder_annotation_001481,annotator_027,13,task_003,6,1,output_000211,excellent,3,9,14
autograder_annotation_001482,annotator_027,14,task_003,6,2,output_000179,good,2,6.5,14
autograder_annotation_001483,annotator_027,15,task_003,6,3,output_000156,intermediate,1,3.5,14
autograder_annotation_001487,annotator_027,19,task_004,8,1,output_000260,good,2,7,13
autograder_annotation_001488,annotator_027,20,task_004,8,2,output_000283,excellent,3,5.5,13
autograder_annotation_001489,annotator_027,21,task_004,8,3,output_000243,intermediate,1,4,13
autograder_annotation_001493,annotator_027,25,task_024,10,1,output_001756,intermediate,1,-2.5,3
autograder_annotation_001494,annotator_027,26,task_024,10,2,output_001806,excellent,3,-6,3
autograder_annotation_001495,annotator_027,27,task_024,10,3,output_001787,good,2,-1,3
autograder_annotation_001499,annotator_027,31,task_002,13,1,output_000075,intermediate,1,13.5,27
autograder_annotation_001500,annotator_027,32,task_002,13,2,output_000111,good,2,13,27
autograder_annotation_001501,annotator_027,33,task_002,13,3,output_000126,excellent,3,14,27
autograder_annotation_001505,annotator_027,37,task_014,15,1,output_001068,excellent,3,1.5,4
autograder_annotation_001506,annotator_027,38,task_014,15,2,output_001028,intermediate,1,3,4
autograder_annotation_001507,annotator_027,39,task_014,15,3,output_001033,good,2,2,4
autograder_annotation_001511,annotator_027,43,task_030,17,1,output_002270,excellent,3,16,17
autograder_annotation_001512,annotator_027,44,task_030,17,2,output_002233,good,2,14.5,17
autograder_annotation_001513,annotator_027,45,task_030,17,3,output_002214,intermediate,1,15,17
autograder_annotation_001517,annotator_027,49,task_021,19,1,output_001556,good,2,0,2
autograder_annotation_001518,annotator_027,50,task_021,19,2,output_001531,intermediate,1,0,2
autograder_annotation_001519,annotator_027,51,task_021,19,3,output_001592,excellent,3,-0.5,2
autograder_annotation_001523,annotator_027,55,task_029,21,1,output_002135,intermediate,1,8,12
autograder_annotation_001524,annotator_027,56,task_029,21,2,output_002153,good,2,7.5,12
autograder_annotation_001525,annotator_027,57,task_029,21,3,output_002176,excellent,3,8,12
autograder_annotation_001529,annotator_027,61,task_008,23,1,output_000548,intermediate,1,6,9
autograder_annotation_001530,annotator_027,62,task_008,23,2,output_000557,good,2,5.5,9
autograder_annotation_001531,annotator_027,63,task_008,23,3,output_000600,excellent,3,3.5,9
autograder_annotation_001535,annotator_027,67,task_005,25,1,output_000360,excellent,3,22.5,26
autograder_annotation_001536,annotator_027,68,task_005,25,2,output_000314,intermediate,1,20.5,26
autograder_annotation_001537,annotator_027,69,task_005,25,3,output_000341,good,2,20,26
autograder_annotation_001541,annotator_027,73,task_026,27,1,output_001912,intermediate,1,10.5,13
autograder_annotation_001542,annotator_027,74,task_026,27,2,output_001969,excellent,3,10,13
autograder_annotation_001543,annotator_027,75,task_026,27,3,output_001942,good,2,11,13
autograder_annotation_001547,annotator_027,79,task_012,29,1,output_000853,intermediate,1,10,12
autograder_annotation_001548,annotator_027,80,task_012,29,2,output_000910,excellent,3,7.5,12
autograder_annotation_001549,annotator_027,81,task_012,29,3,output_000899,good,2,9,12
autograder_annotation_001553,annotator_028,1,task_008,1,1,output_000553,intermediate,1,6,9
autograder_annotation_001554,annotator_028,2,task_008,1,2,output_000576,good,2,6,9
autograder_annotation_001555,annotator_028,3,task_008,1,3,output_000602,excellent,3,3,9
autograder_annotation_001559,annotator_028,7,task_009,3,1,output_000678,excellent,3,14.5,15
autograder_annotation_001560,annotator_028,8,task_009,3,2,output_000654,good,2,14.5,15
autograder_annotation_001561,annotator_028,9,task_009,3,3,output_000614,intermediate,1,13.5,15
autograder_annotation_001568,annotator_029,4,task_001,2,1,output_000004,intermediate,1,7.5,8
autograder_annotation_001569,annotator_029,5,task_001,2,2,output_000034,good,2,7.5,8
autograder_annotation_001570,annotator_029,6,task_001,2,3,output_000063,excellent,3,7,8
autograder_annotation_001574,annotator_029,10,task_007,4,1,output_000460,intermediate,1,7.5,24
autograder_annotation_001575,annotator_029,11,task_007,4,2,output_000483,good,2,9,24
autograder_annotation_001576,annotator_029,12,task_007,4,3,output_000516,excellent,3,9,24
autograder_annotation_001580,annotator_029,16,task_011,6,1,output_000827,good,2,14.5,22
autograder_annotation_001581,annotator_029,17,task_011,6,2,output_000848,excellent,3,11.5,22
autograder_annotation_001582,annotator_029,18,task_011,6,3,output_000796,intermediate,1,14,22
autograder_annotation_001586,annotator_029,22,task_014,8,1,output_001022,intermediate,1,4,4
autograder_annotation_001587,annotator_029,23,task_014,8,2,output_001063,excellent,3,-0.5,4
autograder_annotation_001588,annotator_029,24,task_014,8,3,output_001047,good,2,2.5,4
autograder_annotation_001592,annotator_029,28,task_028,10,1,output_002083,good,2,5.5,18
autograder_annotation_001593,annotator_029,29,task_028,10,2,output_002092,excellent,3,4,18
autograder_annotation_001594,annotator_029,30,task_028,10,3,output_002041,intermediate,1,6,18
autograder_annotation_001598,annotator_029,34,task_023,12,1,output_001689,intermediate,1,4,9
autograder_annotation_001599,annotator_029,35,task_023,12,2,output_001738,excellent,3,1.5,9
autograder_annotation_001600,annotator_029,36,task_023,12,3,output_001699,good,2,5,9
autograder_annotation_001604,annotator_029,40,task_027,14,1,output_001996,good,2,0,22
autograder_annotation_001605,annotator_029,41,task_027,14,2,output_002025,excellent,3,3.5,22
autograder_annotation_001606,annotator_029,42,task_027,14,3,output_001984,intermediate,1,3,22
autograder_annotation_001610,annotator_029,46,task_017,16,1,output_001253,good,2,7.5,15
autograder_annotation_001611,annotator_029,47,task_017,16,2,output_001244,intermediate,1,8,15
autograder_annotation_001612,annotator_029,48,task_017,16,3,output_001295,excellent,3,8,15
autograder_annotation_001616,annotator_029,52,task_025,18,1,output_001866,good,2,3,6
autograder_annotation_001617,annotator_029,53,task_025,18,2,output_001891,excellent,3,1.5,6
autograder_annotation_001618,annotator_029,54,task_025,18,3,output_001826,intermediate,1,2.5,6
autograder_annotation_001622,annotator_029,58,task_021,20,1,output_001598,excellent,3,-3.5,2
autograder_annotation_001623,annotator_029,59,task_021,20,2,output_001569,good,2,-0.5,2
autograder_annotation_001624,annotator_029,60,task_021,20,3,output_001526,intermediate,1,0,2
autograder_annotation_001628,annotator_029,64,task_018,22,1,output_001330,good,2,0.5,13
autograder_annotation_001629,annotator_029,65,task_018,22,2,output_001311,intermediate,1,0.5,13
autograder_annotation_001630,annotator_029,66,task_018,22,3,output_001368,excellent,3,3,13
autograder_annotation_001634,annotator_029,70,task_010,24,1,output_000735,good,2,7.5,15
autograder_annotation_001635,annotator_029,71,task_010,24,2,output_000719,intermediate,1,6,15
autograder_annotation_001636,annotator_029,72,task_010,24,3,output_000752,excellent,3,7.5,15
autograder_annotation_001640,annotator_029,76,task_026,26,1,output_001967,excellent,3,11,13
autograder_annotation_001641,annotator_029,77,task_026,26,2,output_001924,good,2,10,13
autograder_annotation_001642,annotator_029,78,task_026,26,3,output_001901,intermediate,1,11.5,13
autograder_annotation_001646,annotator_029,82,task_004,28,1,output_000232,intermediate,1,5.5,13
autograder_annotation_001647,annotator_029,83,task_004,28,2,output_000284,excellent,3,6,13
autograder_annotation_001648,annotator_029,84,task_004,28,3,output_000255,good,2,6,13
autograder_annotation_001652,annotator_029,88,task_030,30,1,output_002230,good,2,14,17
autograder_annotation_001653,annotator_029,89,task_030,30,2,output_002215,intermediate,1,14,17
autograder_annotation_001654,annotator_029,90,task_030,30,3,output_002268,excellent,3,14.5,17
autograder_annotation_001655,annotator_030,1,task_029,1,1,output_002179,excellent,3,9,12
autograder_annotation_001656,annotator_030,2,task_029,1,2,output_002140,good,2,6.5,12
autograder_annotation_001657,annotator_030,3,task_029,1,3,output_002134,intermediate,1,8,12
autograder_annotation_001661,annotator_030,7,task_005,3,1,output_000369,excellent,3,22,26
autograder_annotation_001662,annotator_030,8,task_005,3,2,output_000301,intermediate,1,19,26
autograder_annotation_001663,annotator_030,9,task_005,3,3,output_000331,good,2,18.5,26
autograder_annotation_001667,annotator_030,13,task_025,5,1,output_001861,good,2,2,6
autograder_annotation_001668,annotator_030,14,task_025,5,2,output_001827,intermediate,1,3.5,6
autograder_annotation_001669,annotator_030,15,task_025,5,3,output_001888,excellent,3,2,6
autograder_annotation_001673,annotator_030,19,task_024,7,1,output_001761,intermediate,1,-0.5,3
autograder_annotation_001674,annotator_030,20,task_024,7,2,output_001804,excellent,3,-4,3
autograder_annotation_001675,annotator_030,21,task_024,7,3,output_001781,good,2,-4.5,3
autograder_annotation_001679,annotator_030,25,task_016,9,1,output_001154,intermediate,1,10.5,11
autograder_annotation_001680,annotator_030,26,task_016,9,2,output_001197,excellent,3,10,11
autograder_annotation_001681,annotator_030,27,task_016,9,3,output_001175,good,2,11,11
autograder_annotation_001685,annotator_030,31,task_004,11,1,output_000256,good,2,8,13
autograder_annotation_001686,annotator_030,32,task_004,11,2,output_000235,intermediate,1,6,13
autograder_annotation_001687,annotator_030,33,task_004,11,3,output_000277,excellent,3,6,13
autograder_annotation_001691,annotator_030,37,task_026,13,1,output_001924,good,2,10.5,13
autograder_annotation_001692,annotator_030,38,task_026,13,2,output_001953,excellent,3,10,13
autograder_annotation_001693,annotator_030,39,task_026,13,3,output_001904,intermediate,1,11,13
autograder_annotation_001697,annotator_030,43,task_023,15,1,output_001687,intermediate,1,4,9
autograder_annotation_001698,annotator_030,44,task_023,15,2,output_001721,good,2,6,9
autograder_annotation_001699,annotator_030,45,task_023,15,3,output_001728,excellent,3,2,9
autograder_annotation_001703,annotator_030,49,task_018,17,1,output_001314,intermediate,1,3,13
autograder_annotation_001704,annotator_030,50,task_018,17,2,output_001329,good,2,3,13
autograder_annotation_001705,annotator_030,51,task_018,17,3,output_001361,excellent,3,1,13
autograder_annotation_001709,annotator_030,55,task_014,19,1,output_001021,intermediate,1,2,4
autograder_annotation_001710,annotator_030,56,task_014,19,2,output_001071,excellent,3,-0.5,4
autograder_annotation_001711,annotator_030,57,task_014,19,3,output_001043,good,2,2,4
autograder_annotation_001715,annotator_030,61,task_027,21,1,output_002005,good,2,-3,22
autograder_annotation_001716,annotator_030,62,task_027,21,2,output_001983,intermediate,1,0,22
autograder_annotation_001717,annotator_030,63,task_027,21,3,output_002021,excellent,3,-5.5,22
autograder_annotation_001721,annotator_030,67,task_002,23,1,output_000131,excellent,3,10,27
autograder_annotation_001722,annotator_030,68,task_002,23,2,output_000077,intermediate,1,14,27
autograder_annotation_001723,annotator_030,69,task_002,23,3,output_000117,good,2,15,27
autograder_annotation_001727,annotator_031,4,task_011,2,1,output_000801,intermediate,1,15,22
autograder_annotation_001728,annotator_031,5,task_011,2,2,output_000829,excellent,3,14.5,22
autograder_annotation_001729,annotator_031,6,task_011,2,3,output_000802,good,2,13,22
autograder_annotation_001733,annotator_031,10,task_010,4,1,output_000757,excellent,3,8,15
autograder_annotation_001734,annotator_031,11,task_010,4,2,output_000705,intermediate,1,8,15
autograder_annotation_001735,annotator_031,12,task_010,4,3,output_000739,good,2,6,15
autograder_annotation_001739,annotator_031,16,task_023,6,1,output_001712,good,2,6,9
autograder_annotation_001740,annotator_031,17,task_023,6,2,output_001725,excellent,3,5.5,9
autograder_annotation_001741,annotator_031,18,task_023,6,3,output_001688,intermediate,1,3,9
autograder_annotation_001745,annotator_031,22,task_012,8,1,output_000909,excellent,3,9,12
autograder_annotation_001746,annotator_031,23,task_012,8,2,output_000899,good,2,9,12
autograder_annotation_001747,annotator_031,24,task_012,8,3,output_000856,intermediate,1,7.5,12
autograder_annotation_001751,annotator_031,28,task_009,10,1,output_000679,excellent,3,15,15
autograder_annotation_001752,annotator_031,29,task_009,10,2,output_000669,good,2,13.5,15
autograder_annotation_001753,annotator_031,30,task_009,10,3,output_000626,intermediate,1,13.5,15
autograder_annotation_001757,annotator_031,34,task_007,12,1,output_000490,good,2,9,24
autograder_annotation_001758,annotator_031,35,task_007,12,2,output_000479,intermediate,1,9.5,24
autograder_annotation_001759,annotator_031,36,task_007,12,3,output_000509,excellent,3,8,24
autograder_annotation_001763,annotator_031,40,task_020,14,1,output_001515,excellent,3,3,6
autograder_annotation_001764,annotator_031,41,task_020,14,2,output_001493,good,2,3.5,6
autograder_annotation_001765,annotator_031,42,task_020,14,3,output_001460,intermediate,1,5.5,6
autograder_annotation_001769,annotator_031,46,task_024,16,1,output_001763,intermediate,1,-1.5,3
autograder_annotation_001770,annotator_031,47,task_024,16,2,output_001783,good,2,-3.5,3
autograder_annotation_001771,annotator_031,48,task_024,16,3,output_001822,excellent,3,-2,3
autograder_annotation_001775,annotator_031,52,task_003,18,1,output_000176,good,2,8,14
autograder_annotation_001776,annotator_031,53,task_003,18,2,output_000153,intermediate,1,8.5,14
autograder_annotation_001777,annotator_031,54,task_003,18,3,output_000200,excellent,3,8,14
autograder_annotation_001781,annotator_031,58,task_021,20,1,output_001551,good,2,-0.5,2
autograder_annotation_001782,annotator_031,59,task_021,20,2,output_001596,excellent,3,-2,2
autograder_annotation_001783,annotator_031,60,task_021,20,3,output_001537,intermediate,1,0.5,2
autograder_annotation_001787,annotator_031,64,task_018,22,1,output_001318,intermediate,1,2,13
autograder_annotation_001788,annotator_031,65,task_018,22,2,output_001351,excellent,3,4.5,13
autograder_annotation_001789,annotator_031,66,task_018,22,3,output_001340,good,2,1.5,13
autograder_annotation_001793,annotator_031,70,task_017,24,1,output_001295,excellent,3,8.5,15
autograder_annotation_001794,annotator_031,71,task_017,24,2,output_001273,good,2,7,15
autograder_annotation_001795,annotator_031,72,task_017,24,3,output_001233,intermediate,1,6.5,15
autograder_annotation_001799,annotator_031,76,task_013,26,1,output_000951,intermediate,1,-0.5,4
autograder_annotation_001800,annotator_031,77,task_013,26,2,output_000992,excellent,3,-2,4
autograder_annotation_001801,annotator_031,78,task_013,26,3,output_000956,good,2,1.5,4
autograder_annotation_001805,annotator_031,82,task_008,28,1,output_000529,intermediate,1,6,9
autograder_annotation_001806,annotator_031,83,task_008,28,2,output_000589,excellent,3,4.5,9
autograder_annotation_001807,annotator_031,84,task_008,28,3,output_000580,good,2,6,9
autograder_annotation_001811,annotator_031,88,task_027,30,1,output_002024,excellent,3,1,22
autograder_annotation_001812,annotator_031,89,task_027,30,2,output_001989,intermediate,1,3,22
autograder_annotation_001813,annotator_031,90,task_027,30,3,output_002002,good,2,-0.5,22
autograder_annotation_001818,annotator_032,5,task_017,3,1,output_001299,excellent,3,6.5,15
autograder_annotation_001819,annotator_032,6,task_017,3,2,output_001250,good,2,7,15
autograder_annotation_001820,annotator_032,7,task_017,3,3,output_001245,intermediate,1,7,15
autograder_annotation_001824,annotator_032,11,task_001,5,1,output_000032,good,2,7.5,8
autograder_annotation_001825,annotator_032,12,task_001,5,2,output_000026,intermediate,1,7.5,8
autograder_annotation_001826,annotator_032,13,task_001,5,3,output_000049,excellent,3,7,8
autograder_annotation_001827,annotator_032,14,task_002,6,1,output_000088,intermediate,1,13,27
autograder_annotation_001828,annotator_032,15,task_002,6,2,output_000134,excellent,3,12.5,27
autograder_annotation_001829,annotator_032,16,task_002,6,3,output_000109,good,2,13,27
autograder_annotation_001833,annotator_032,20,task_006,8,1,output_000430,good,2,11.5,12
autograder_annotation_001834,annotator_032,21,task_006,8,2,output_000454,excellent,3,11.5,12
autograder_annotation_001835,annotator_032,22,task_006,8,3,output_000404,intermediate,1,11,12
autograder_annotation_001839,annotator_032,26,task_020,10,1,output_001480,good,2,5,6
autograder_annotation_001840,annotator_032,27,task_020,10,2,output_001498,excellent,3,3,6
autograder_annotation_001841,annotator_032,28,task_020,10,3,output_001462,intermediate,1,5.5,6
autograder_annotation_001845,annotator_032,32,task_012,12,1,output_000873,intermediate,1,8.5,12
autograder_annotation_001846,annotator_032,33,task_012,12,2,output_000884,good,2,10.5,12
autograder_annotation_001847,annotator_032,34,task_012,12,3,output_000932,excellent,3,8,12
autograder_annotation_001851,annotator_032,38,task_009,14,1,output_000657,good,2,14.5,15
autograder_annotation_001852,annotator_032,39,task_009,14,2,output_000692,excellent,3,13,15
autograder_annotation_001853,annotator_032,40,task_009,14,3,output_000639,intermediate,1,13.5,15
autograder_annotation_001857,annotator_032,44,task_023,16,1,output_001706,good,2,2.5,9
autograder_annotation_001858,annotator_032,45,task_023,16,2,output_001679,intermediate,1,5,9
autograder_annotation_001859,annotator_032,46,task_023,16,3,output_001736,excellent,3,2.5,9
autograder_annotation_001863,annotator_032,50,task_010,18,1,output_000764,excellent,3,7,15
autograder_annotation_001864,annotator_032,51,task_010,18,2,output_000711,intermediate,1,10.5,15
autograder_annotation_001865,annotator_032,52,task_010,18,3,output_000733,good,2,5.5,15
autograder_annotation_001869,annotator_032,56,task_003,20,1,output_000198,excellent,3,9.5,14
autograder_annotation_001870,annotator_032,57,task_003,20,2,output_000149,intermediate,1,7.5,14
autograder_annotation_001871,annotator_032,58,task_003,20,3,output_000188,good,2,6.5,14
autograder_annotation_001875,annotator_032,62,task_024,22,1,output_001777,good,2,-2,3
autograder_annotation_001876,annotator_032,63,task_024,22,2,output_001807,excellent,3,-4,3
autograder_annotation_001877,annotator_032,64,task_024,22,3,output_001751,intermediate,1,-0.5,3
autograder_annotation_001881,annotator_032,68,task_014,24,1,output_001078,excellent,3,1,4
autograder_annotation_001882,annotator_032,69,task_014,24,2,output_001030,intermediate,1,3,4
autograder_annotation_001883,annotator_032,70,task_014,24,3,output_001051,good,2,2.5,4
autograder_annotation_001887,annotator_032,74,task_019,26,1,output_001409,good,2,3,7
autograder_annotation_001888,annotator_032,75,task_019,26,2,output_001380,intermediate,1,4,7
autograder_annotation_001889,annotator_032,76,task_019,26,3,output_001433,excellent,3,3,7
autograder_annotation_001893,annotator_032,80,task_013,28,1,output_000976,good,2,1,4
autograder_annotation_001894,annotator_032,81,task_013,28,2,output_000999,excellent,3,-2,4
autograder_annotation_001895,annotator_032,82,task_013,28,3,output_000950,intermediate,1,-1,4
autograder_annotation_001899,annotator_032,86,task_015,30,1,output_001107,good,2,15.5,21
autograder_annotation_001900,annotator_032,87,task_015,30,2,output_001092,intermediate,1,13.5,21
autograder_annotation_001901,annotator_032,88,task_015,30,3,output_001140,excellent,3,19,21
autograder_annotation_001902,annotator_033,1,task_028,1,1,output_002095,excellent,3,5,18
autograder_annotation_001903,annotator_033,2,task_028,1,2,output_002065,good,2,5.5,18
autograder_annotation_001904,annotator_033,3,task_028,1,3,output_002045,intermediate,1,4,18
autograder_annotation_001908,annotator_033,7,task_009,3,1,output_000620,intermediate,1,13.5,15
autograder_annotation_001909,annotator_033,8,task_009,3,2,output_000693,excellent,3,14,15
autograder_annotation_001910,annotator_033,9,task_009,3,3,output_000645,good,2,15,15
autograder_annotation_001914,annotator_033,13,task_008,5,1,output_000554,intermediate,1,4.5,9
autograder_annotation_001915,annotator_033,14,task_008,5,2,output_000572,good,2,5.5,9
autograder_annotation_001916,annotator_033,15,task_008,5,3,output_000587,excellent,3,5,9
autograder_annotation_001920,annotator_033,19,task_007,7,1,output_000502,excellent,3,7,24
autograder_annotation_001921,annotator_033,20,task_007,7,2,output_000468,intermediate,1,10,24
autograder_annotation_001922,annotator_033,21,task_007,7,3,output_000487,good,2,10.5,24
autograder_annotation_001923,annotator_034,1,task_010,1,1,output_000729,good,2,7,15
autograder_annotation_001924,annotator_034,2,task_010,1,2,output_000753,excellent,3,7.5,15
autograder_annotation_001925,annotator_034,3,task_010,1,3,output_000717,intermediate,1,8,15
autograder_annotation_001929,annotator_034,7,task_019,3,1,output_001379,intermediate,1,4,7
autograder_annotation_001930,annotator_034,8,task_019,3,2,output_001431,excellent,3,3,7
autograder_annotation_001931,annotator_034,9,task_019,3,3,output_001401,good,2,3,7
autograder_annotation_001935,annotator_034,13,task_026,6,1,output_001947,excellent,3,10,13
autograder_annotation_001936,annotator_034,14,task_026,6,2,output_001899,intermediate,1,10.5,13
autograder_annotation_001937,annotator_034,15,task_026,6,3,output_001941,good,2,10.5,13
autograder_annotation_001941,annotator_034,19,task_003,9,1,output_000184,good,2,4,14
autograder_annotation_001942,annotator_034,20,task_003,9,2,output_000214,excellent,3,7.5,14
autograder_annotation_001943,annotator_034,21,task_003,9,3,output_000159,intermediate,1,4.5,14
autograder_annotation_001947,annotator_034,25,task_002,11,1,output_000130,excellent,3,13.5,27
autograder_annotation_001948,annotator_034,26,task_002,11,2,output_000088,intermediate,1,14,27
autograder_annotation_001949,annotator_034,27,task_002,11,3,output_000101,good,2,13.5,27
autograder_annotation_001953,annotator_034,31,task_006,14,1,output_000381,intermediate,1,10,12
autograder_annotation_001954,annotator_034,32,task_006,14,2,output_000415,good,2,9,12
autograder_annotation_001955,annotator_034,33,task_006,14,3,output_000441,excellent,3,8.5,12
autograder_annotation_001959,annotator_034,37,task_024,17,1,output_001791,good,2,-4,3
autograder_annotation_001960,annotator_034,38,task_024,17,2,output_001819,excellent,3,-2,3
autograder_annotation_001961,annotator_034,39,task_024,17,3,output_001767,intermediate,1,0.5,3
autograder_annotation_001965,annotator_034,43,task_023,19,1,output_001674,intermediate,1,2,9
autograder_annotation_001966,annotator_034,44,task_023,19,2,output_001744,excellent,3,2,9
autograder_annotation_001967,annotator_034,45,task_023,19,3,output_001716,good,2,3,9
autograder_annotation_001971,annotator_034,49,task_004,22,1,output_000245,intermediate,1,5,13
autograder_annotation_001972,annotator_034,50,task_004,22,2,output_000254,good,2,7,13
autograder_annotation_001973,annotator_034,51,task_004,22,3,output_000298,excellent,3,7,13
autograder_annotation_001977,annotator_034,55,task_013,26,1,output_000967,good,2,-1,4
autograder_annotation_001978,annotator_034,56,task_013,26,2,output_000945,intermediate,1,1.5,4
autograder_annotation_001979,annotator_034,57,task_013,26,3,output_000991,excellent,3,-4,4
autograder_annotation_001983,annotator_034,61,task_012,28,1,output_000898,good,2,7,12
autograder_annotation_001984,annotator_034,62,task_012,28,2,output_000860,intermediate,1,8.5,12
autograder_annotation_001985,annotator_034,63,task_012,28,3,output_000916,excellent,3,9,12
autograder_annotation_001989,annotator_034,67,task_025,30,1,output_001858,good,2,2.5,6
autograder_annotation_001990,annotator_034,68,task_025,30,2,output_001879,excellent,3,2,6
autograder_annotation_001991,annotator_034,69,task_025,30,3,output_001827,intermediate,1,3,6
autograder_annotation_001995,annotator_035,4,task_005,4,1,output_000318,intermediate,1,22.5,26
autograder_annotation_001996,annotator_035,5,task_005,4,2,output_000347,good,2,24,26
autograder_annotation_001997,annotator_035,6,task_005,4,3,output_000358,excellent,3,22.5,26
autograder_annotation_002001,annotator_035,10,task_004,6,1,output_000253,good,2,7.5,13
autograder_annotation_002002,annotator_035,11,task_004,6,2,output_000246,intermediate,1,6,13
autograder_annotation_002003,annotator_035,12,task_004,6,3,output_000282,excellent,3,6,13
autograder_annotation_002007,annotator_035,16,task_012,13,1,output_000877,good,2,7.5,12
autograder_annotation_002008,annotator_035,17,task_012,13,2,output_000910,excellent,3,7.5,12
autograder_annotation_002009,annotator_035,18,task_012,13,3,output_000868,intermediate,1,8.5,12
autograder_annotation_002013,annotator_035,22,task_025,26,1,output_001884,excellent,3,1.5,6
autograder_annotation_002014,annotator_035,23,task_025,26,2,output_001856,good,2,1,6
autograder_annotation_002015,annotator_035,24,task_025,26,3,output_001830,intermediate,1,2,6
autograder_annotation_002019,annotator_035,28,task_029,30,1,output_002167,excellent,3,8.5,12
autograder_annotation_002020,annotator_035,29,task_029,30,2,output_002138,good,2,9,12
autograder_annotation_002021,annotator_035,30,task_029,30,3,output_002109,intermediate,1,7,12
autograder_annotation_002025,annotator_036,4,task_013,2,1,output_000969,good,2,-0.5,4
autograder_annotation_002026,annotator_036,5,task_013,2,2,output_000949,intermediate,1,1,4
autograder_annotation_002027,annotator_036,6,task_013,2,3,output_001002,excellent,3,-1,4
autograder_annotation_002031,annotator_036,10,task_016,4,1,output_001156,intermediate,1,11,11
autograder_annotation_002032,annotator_036,11,task_016,4,2,output_001202,excellent,3,11,11
autograder_annotation_002033,annotator_036,12,task_016,4,3,output_001179,good,2,9,11
autograder_annotation_002037,annotator_036,16,task_003,6,1,output_000186,good,2,7,14
autograder_annotation_002038,annotator_036,17,task_003,6,2,output_000172,intermediate,1,3,14
autograder_annotation_002039,annotator_036,18,task_003,6,3,output_000201,excellent,3,6.5,14
autograder_annotation_002043,annotator_036,22,task_009,8,1,output_000657,good,2,14,15
autograder_annotation_002044,annotator_036,23,task_009,8,2,output_000634,intermediate,1,12.5,15
autograder_annotation_002045,annotator_036,24,task_009,8,3,output_000692,excellent,3,14.5,15
autograder_annotation_002049,annotator_036,28,task_029,10,1,output_002145,good,2,8,12
autograder_annotation_002050,annotator_036,29,task_029,10,2,output_002116,intermediate,1,9,12
autograder_annotation_002051,annotator_036,30,task_029,10,3,output_002168,excellent,3,8,12
autograder_annotation_002055,annotator_036,34,task_001,12,1,output_000046,good,2,7,8
autograder_annotation_002056,annotator_036,35,task_001,12,2,output_000014,intermediate,1,8,8
autograder_annotation_002057,annotator_036,36,task_001,12,3,output_000061,excellent,3,7.5,8
autograder_annotation_002061,annotator_036,40,task_014,14,1,output_001062,excellent,3,1.5,4
autograder_annotation_002062,annotator_036,41,task_014,14,2,output_001019,intermediate,1,3.5,4
autograder_annotation_002063,annotator_036,42,task_014,14,3,output_001031,good,2,2.5,4
autograder_annotation_002067,annotator_036,46,task_005,16,1,output_000372,excellent,3,21,26
autograder_annotation_002068,annotator_036,47,task_005,16,2,output_000331,good,2,16,26
autograder_annotation_002069,annotator_036,48,task_005,16,3,output_000316,intermediate,1,22.5,26
autograder_annotation_002073,annotator_036,52,task_015,18,1,output_001089,intermediate,1,18,21
autograder_annotation_002074,annotator_036,53,task_015,18,2,output_001106,good,2,19.5,21
autograder_annotation_002075,annotator_036,54,task_015,18,3,output_001135,excellent,3,19,21
autograder_annotation_002079,annotator_036,58,task_024,20,1,output_001763,intermediate,1,-1.5,3
autograder_annotation_002080,annotator_036,59,task_024,20,2,output_001814,excellent,3,-2,3
autograder_annotation_002081,annotator_036,60,task_024,20,3,output_001782,good,2,-0.5,3
autograder_annotation_002085,annotator_036,64,task_007,22,1,output_000503,excellent,3,9.5,24
autograder_annotation_002086,annotator_036,65,task_007,22,2,output_000499,good,2,10.5,24
autograder_annotation_002087,annotator_036,66,task_007,22,3,output_000464,intermediate,1,8.5,24
autograder_annotation_002091,annotator_036,70,task_021,24,1,output_001599,excellent,3,-2,2
autograder_annotation_002092,annotator_036,71,task_021,24,2,output_001548,intermediate,1,0,2
autograder_annotation_002093,annotator_036,72,task_021,24,3,output_001567,good,2,0,2
autograder_annotation_002097,annotator_036,76,task_002,26,1,output_000138,excellent,3,13,27
autograder_annotation_002098,annotator_036,77,task_002,26,2,output_000083,intermediate,1,13,27
autograder_annotation_002099,annotator_036,78,task_002,26,3,output_000099,good,2,17,27
autograder_annotation_002103,annotator_036,82,task_004,28,1,output_000249,intermediate,1,6,13
autograder_annotation_002104,annotator_036,83,task_004,28,2,output_000297,excellent,3,7,13
autograder_annotation_002105,annotator_036,84,task_004,28,3,output_000274,good,2,7,13
autograder_annotation_002109,annotator_036,88,task_025,30,1,output_001863,good,2,2,6
autograder_annotation_002110,annotator_036,89,task_025,30,2,output_001834,intermediate,1,3,6
autograder_annotation_002111,annotator_036,90,task_025,30,3,output_001891,excellent,3,0,6
autograder_annotation_002115,annotator_037,4,task_029,2,1,output_002149,good,2,7,12
autograder_annotation_002116,annotator_037,5,task_029,2,2,output_002130,intermediate,1,4.5,12
autograder_annotation_002117,annotator_037,6,task_029,2,3,output_002187,excellent,3,8,12
autograder_annotation_002121,annotator_037,10,task_030,4,1,output_002229,good,2,13.5,17
autograder_annotation_002122,annotator_037,11,task_030,4,2,output_002265,excellent,3,16,17
autograder_annotation_002123,annotator_037,12,task_030,4,3,output_002216,intermediate,1,14,17
autograder_annotation_002127,annotator_037,16,task_028,6,1,output_002056,intermediate,1,5.5,18
autograder_annotation_002128,annotator_037,17,task_028,6,2,output_002086,excellent,3,4.5,18
autograder_annotation_002129,annotator_037,18,task_028,6,3,output_002076,good,2,5.5,18
autograder_annotation_002133,annotator_037,22,task_001,8,1,output_000036,good,2,7.5,8
autograder_annotation_002134,annotator_037,23,task_001,8,2,output_000016,intermediate,1,7.5,8
autograder_annotation_002135,annotator_037,24,task_001,8,3,output_000056,excellent,3,7,8
autograder_annotation_002139,annotator_038,1,task_001,1,1,output_000073,excellent,3,7,8
autograder_annotation_002140,annotator_038,2,task_001,1,2,output_000043,good,2,7.5,8
autograder_annotation_002141,annotator_038,3,task_001,1,3,output_000005,intermediate,1,7.5,8
autograder_annotation_002145,annotator_038,7,task_011,3,1,output_000805,good,2,14,22
autograder_annotation_002146,annotator_038,8,task_011,3,2,output_000836,excellent,3,13.5,22
autograder_annotation_002147,annotator_038,9,task_011,3,3,output_000795,intermediate,1,10.5,22
autograder_annotation_002151,annotator_038,13,task_009,5,1,output_000637,intermediate,1,12.5,15
autograder_annotation_002152,annotator_038,14,task_009,5,2,output_000698,excellent,3,15,15
autograder_annotation_002153,annotator_038,15,task_009,5,3,output_000652,good,2,15,15
autograder_annotation_002157,annotator_038,19,task_016,7,1,output_001210,excellent,3,6,11
autograder_annotation_002158,annotator_038,20,task_016,7,2,output_001183,good,2,10.5,11
autograder_annotation_002159,annotator_038,21,task_016,7,3,output_001160,intermediate,1,11,11
autograder_annotation_002163,annotator_038,25,task_014,9,1,output_001077,excellent,3,0,4
autograder_annotation_002164,annotator_038,26,task_014,9,2,output_001044,good,2,2,4
autograder_annotation_002165,annotator_038,27,task_014,9,3,output_001016,intermediate,1,1.5,4
autograder_annotation_002169,annotator_038,31,task_007,11,1,output_000486,good,2,10.5,24
autograder_annotation_002170,annotator_038,32,task_007,11,2,output_000469,intermediate,1,9.5,24
autograder_annotation_002171,annotator_038,33,task_007,11,3,output_000520,excellent,3,8.5,24
autograder_annotation_002175,annotator_038,37,task_019,13,1,output_001375,intermediate,1,4,7
autograder_annotation_002176,annotator_038,38,task_019,13,2,output_001419,good,2,2.5,7
autograder_annotation_002177,annotator_038,39,task_019,13,3,output_001440,excellent,3,2.5,7
autograder_annotation_002181,annotator_038,43,task_010,15,1,output_000774,excellent,3,8.5,15
autograder_annotation_002182,annotator_038,44,task_010,15,2,output_000699,intermediate,1,7,15
autograder_annotation_002183,annotator_038,45,task_010,15,3,output_000745,good,2,7.5,15
autograder_annotation_002187,annotator_038,49,task_021,17,1,output_001579,excellent,3,-1.5,2
autograder_annotation_002188,annotator_038,50,task_021,17,2,output_001563,good,2,-1.5,2
autograder_annotation_002189,annotator_038,51,task_021,17,3,output_001539,intermediate,1,0.5,2
autograder_annotation_002193,annotator_038,55,task_005,19,1,output_000379,excellent,3,21,26
autograder_annotation_002194,annotator_038,56,task_005,19,2,output_000327,good,2,18,26
autograder_annotation_002195,annotator_038,57,task_005,19,3,output_000306,intermediate,1,19,26
autograder_annotation_002199,annotator_038,61,task_026,21,1,output_001906,intermediate,1,10.5,13
autograder_annotation_002200,annotator_038,62,task_026,21,2,output_001949,excellent,3,12.5,13
autograder_annotation_002201,annotator_038,63,task_026,21,3,output_001924,good,2,10.5,13
autograder_annotation_002205,annotator_038,67,task_024,23,1,output_001752,intermediate,1,0,3
autograder_annotation_002206,annotator_038,68,task_024,23,2,output_001780,good,2,-1,3
autograder_annotation_002207,annotator_038,69,task_024,23,3,output_001816,excellent,3,-3,3
autograder_annotation_002211,annotator_039,1,task_024,1,1,output_001786,good,2,-1.5,3
autograder_annotation_002212,annotator_039,2,task_024,1,2,output_001759,intermediate,1,1,3
autograder_annotation_002213,annotator_039,3,task_024,1,3,output_001822,excellent,3,-3,3
autograder_annotation_002217,annotator_039,7,task_022,3,1,output_001632,good,2,13.5,24
autograder_annotation_002218,annotator_039,8,task_022,3,2,output_001650,excellent,3,14.5,24
autograder_annotation_002219,annotator_039,9,task_022,3,3,output_001615,intermediate,1,13.5,24
autograder_annotation_002220,annotator_039,10,task_020,4,1,output_001467,intermediate,1,5,6
autograder_annotation_002221,annotator_039,11,task_020,4,2,output_001509,excellent,3,3,6
autograder_annotation_002222,annotator_039,12,task_020,4,3,output_001479,good,2,4.5,6
autograder_annotation_002223,annotator_039,13,task_010,5,1,output_000758,excellent,3,8,15
autograder_annotation_002224,annotator_039,14,task_010,5,2,output_000726,good,2,7,15
autograder_annotation_002225,annotator_039,15,task_010,5,3,output_000710,intermediate,1,9,15
autograder_annotation_002229,annotator_039,19,task_005,7,1,output_000338,good,2,20.5,26
autograder_annotation_002230,annotator_039,20,task_005,7,2,output_000317,intermediate,1,16.5,26
autograder_annotation_002231,annotator_039,21,task_005,7,3,output_000376,excellent,3,21,26
autograder_annotation_002235,annotator_039,25,task_026,9,1,output_001908,intermediate,1,10.5,13
autograder_annotation_002236,annotator_039,26,task_026,9,2,output_001958,excellent,3,10,13
autograder_annotation_002237,annotator_039,27,task_026,9,3,output_001942,good,2,11.5,13
autograder_annotation_002241,annotator_039,31,task_009,11,1,output_000622,intermediate,1,15,15
autograder_annotation_002242,annotator_039,32,task_009,11,2,output_000690,excellent,3,12,15
autograder_annotation_002243,annotator_039,33,task_009,11,3,output_000645,good,2,15,15
autograder_annotation_002247,annotator_039,37,task_021,13,1,output_001574,excellent,3,-1.5,2
autograder_annotation_002248,annotator_039,38,task_021,13,2,output_001555,good,2,-2,2
autograder_annotation_002249,annotator_039,39,task_021,13,3,output_001547,intermediate,1,0.5,2
autograder_annotation_002253,annotator_039,43,task_014,15,1,output_001068,excellent,3,0,4
autograder_annotation_002254,annotator_039,44,task_014,15,2,output_001026,intermediate,1,3,4
autograder_annotation_002255,annotator_039,45,task_014,15,3,output_001041,good,2,2.5,4
autograder_annotation_002259,annotator_039,49,task_011,17,1,output_000797,intermediate,1,12.5,22
autograder_annotation_002260,annotator_039,50,task_011,17,2,output_000831,excellent,3,14,22
autograder_annotation_002261,annotator_039,51,task_011,17,3,output_000815,good,2,14.5,22
autograder_annotation_002265,annotator_039,55,task_018,19,1,output_001310,intermediate,1,0,13
autograder_annotation_002266,annotator_039,56,task_018,19,2,output_001352,excellent,3,3,13
autograder_annotation_002267,annotator_039,57,task_018,19,3,output_001332,good,2,3.5,13
autograder_annotation_002271,annotator_039,61,task_028,21,1,output_002074,good,2,4,18
autograder_annotation_002272,annotator_039,62,task_028,21,2,output_002045,intermediate,1,3.5,18
autograder_annotation_002273,annotator_039,63,task_028,21,3,output_002099,excellent,3,2,18
autograder_annotation_002277,annotator_039,67,task_025,23,1,output_001827,intermediate,1,3.5,6
autograder_annotation_002278,annotator_039,68,task_025,23,2,output_001857,good,2,2.5,6
autograder_annotation_002279,annotator_039,69,task_025,23,3,output_001892,excellent,3,1,6
autograder_annotation_002283,annotator_039,73,task_017,25,1,output_001279,excellent,3,6,15
autograder_annotation_002284,annotator_039,74,task_017,25,2,output_001243,intermediate,1,8,15
autograder_annotation_002285,annotator_039,75,task_017,25,3,output_001273,good,2,5.5,15
autograder_annotation_002289,annotator_039,79,task_015,27,1,output_001130,excellent,3,14.5,21
autograder_annotation_002290,annotator_039,80,task_015,27,2,output_001084,intermediate,1,13.5,21
autograder_annotation_002291,annotator_039,81,task_015,27,3,output_001115,good,2,17.5,21
autograder_annotation_002295,annotator_039,85,task_008,29,1,output_000603,excellent,3,5,9
autograder_annotation_002296,annotator_039,86,task_008,29,2,output_000569,good,2,5,9
autograder_annotation_002297,annotator_039,87,task_008,29,3,output_000531,intermediate,1,5,9
autograder_annotation_002304,annotator_040,4,task_029,2,1,output_002109,intermediate,1,7,12
autograder_annotation_002305,annotator_040,5,task_029,2,2,output_002157,good,2,6,12
autograder_annotation_002306,annotator_040,6,task_029,2,3,output_002181,excellent,3,7,12
autograder_annotation_002310,annotator_040,10,task_030,4,1,output_002241,good,2,15,17
autograder_annotation_002311,annotator_040,11,task_030,4,2,output_002207,intermediate,1,15,17
autograder_annotation_002312,annotator_040,12,task_030,4,3,output_002271,excellent,3,14.5,17
autograder_annotation_002316,annotator_040,16,task_028,6,1,output_002055,intermediate,1,6,18
autograder_annotation_002317,annotator_040,17,task_028,6,2,output_002098,excellent,3,3,18
autograder_annotation_002318,annotator_040,18,task_028,6,3,output_002078,good,2,2.5,18
autograder_annotation_002322,annotator_040,22,task_001,8,1,output_000031,good,2,6.5,8
autograder_annotation_002323,annotator_040,23,task_001,8,2,output_000065,excellent,3,7,8
autograder_annotation_002324,annotator_040,24,task_001,8,3,output_000006,intermediate,1,7,8
autograder_annotation_002328,annotator_040,28,task_026,10,1,output_001948,excellent,3,10.5,13
autograder_annotation_002329,annotator_040,29,task_026,10,2,output_001937,good,2,9,13
autograder_annotation_002330,annotator_040,30,task_026,10,3,output_001906,intermediate,1,10.5,13
autograder_annotation_002334,annotator_040,34,task_027,12,1,output_002036,excellent,3,3.5,22
autograder_annotation_002335,annotator_040,35,task_027,12,2,output_001992,intermediate,1,3.5,22
autograder_annotation_002336,annotator_040,36,task_027,12,3,output_002013,good,2,2.5,22
autograder_annotation_002340,annotator_040,40,task_008,14,1,output_000574,good,2,6,9
autograder_annotation_002341,annotator_040,41,task_008,14,2,output_000586,excellent,3,4.5,9
autograder_annotation_002342,annotator_040,42,task_008,14,3,output_000527,intermediate,1,5,9
autograder_annotation_002346,annotator_040,46,task_016,16,1,output_001217,excellent,3,9.5,11
autograder_annotation_002347,annotator_040,47,task_016,16,2,output_001147,intermediate,1,11,11
autograder_annotation_002348,annotator_040,48,task_016,16,3,output_001185,good,2,10.5,11
autograder_annotation_002352,annotator_040,52,task_021,18,1,output_001543,intermediate,1,0.5,2
autograder_annotation_002353,annotator_040,53,task_021,18,2,output_001571,good,2,-1,2
autograder_annotation_002354,annotator_040,54,task_021,18,3,output_001593,excellent,3,-3.5,2
autograder_annotation_002358,annotator_040,58,task_018,20,1,output_001349,good,2,4,13
autograder_annotation_002359,annotator_040,59,task_018,20,2,output_001309,intermediate,1,2.5,13
autograder_annotation_002360,annotator_040,60,task_018,20,3,output_001371,excellent,3,1,13
autograder_annotation_002364,annotator_040,64,task_022,22,1,output_001604,intermediate,1,14,24
autograder_annotation_002365,annotator_040,65,task_022,22,2,output_001644,good,2,13,24
autograder_annotation_002366,annotator_040,66,task_022,22,3,output_001649,excellent,3,16,24
autograder_annotation_002370,annotator_040,70,task_017,24,1,output_001286,excellent,3,6,15
autograder_annotation_002371,annotator_040,71,task_017,24,2,output_001271,good,2,7.5,15
autograder_annotation_002372,annotator_040,72,task_017,24,3,output_001221,intermediate,1,8,15
autograder_annotation_002376,annotator_040,76,task_025,26,1,output_001866,good,2,2,6
autograder_annotation_002377,annotator_040,77,task_025,26,2,output_001828,intermediate,1,3,6
autograder_annotation_002378,annotator_040,78,task_025,26,3,output_001896,excellent,3,1,6
autograder_annotation_002382,annotator_040,82,task_007,28,1,output_000507,excellent,3,8,24
autograder_annotation_002383,annotator_040,83,task_007,28,2,output_000458,intermediate,1,9.5,24
autograder_annotation_002384,annotator_040,84,task_007,28,3,output_000494,good,2,9.5,24
autograder_annotation_002388,annotator_040,88,task_011,30,1,output_000843,excellent,3,8,22
autograder_annotation_002389,annotator_040,89,task_011,30,2,output_000807,good,2,16.5,22
autograder_annotation_002390,annotator_040,90,task_011,30,3,output_000789,intermediate,1,14.5,22
autograder_annotation_002391,annotator_041,1,task_021,1,1,output_001584,excellent,3,-1,2
autograder_annotation_002392,annotator_041,2,task_021,1,2,output_001546,intermediate,1,0.5,2
autograder_annotation_002393,annotator_041,3,task_021,1,3,output_001558,good,2,0,2
autograder_annotation_002397,annotator_041,7,task_026,3,1,output_001917,intermediate,1,10.5,13
autograder_annotation_002398,annotator_041,8,task_026,3,2,output_001953,excellent,3,10,13
autograder_annotation_002399,annotator_041,9,task_026,3,3,output_001946,good,2,10.5,13
autograder_annotation_002403,annotator_041,13,task_024,5,1,output_001766,intermediate,1,0,3
autograder_annotation_002404,annotator_041,14,task_024,5,2,output_001820,excellent,3,-1,3
autograder_annotation_002405,annotator_041,15,task_024,5,3,output_001792,good,2,-0.5,3
autograder_annotation_002409,annotator_041,19,task_029,7,1,output_002169,excellent,3,9,12
autograder_annotation_002410,annotator_041,20,task_029,7,2,output_002120,intermediate,1,9,12
autograder_annotation_002411,annotator_041,21,task_029,7,3,output_002141,good,2,6.5,12
autograder_annotation_002415,annotator_041,25,task_005,9,1,output_000349,good,2,21,26
autograder_annotation_002416,annotator_041,26,task_005,9,2,output_000311,intermediate,1,19,26
autograder_annotation_002417,annotator_041,27,task_005,9,3,output_000375,excellent,3,19.5,26
autograder_annotation_002421,annotator_041,31,task_003,11,1,output_000166,intermediate,1,9,14
autograder_annotation_002422,annotator_041,32,task_003,11,2,output_000217,excellent,3,8.5,14
autograder_annotation_002423,annotator_041,33,task_003,11,3,output_000188,good,2,3,14
autograder_annotation_002427,annotator_041,37,task_019,13,1,output_001406,good,2,3,7
autograder_annotation_002428,annotator_041,38,task_019,13,2,output_001391,intermediate,1,3.5,7
autograder_annotation_002429,annotator_041,39,task_019,13,3,output_001436,excellent,3,2,7
autograder_annotation_002433,annotator_041,43,task_012,15,1,output_000870,intermediate,1,8.5,12
autograder_annotation_002434,annotator_041,44,task_012,15,2,output_000917,excellent,3,8,12
autograder_annotation_002435,annotator_041,45,task_012,15,3,output_000906,good,2,8,12
autograder_annotation_002439,annotator_041,49,task_011,17,1,output_000791,intermediate,1,14,22
autograder_annotation_002440,annotator_041,50,task_011,17,2,output_000851,excellent,3,14,22
autograder_annotation_002441,annotator_041,51,task_011,17,3,output_000803,good,2,12,22
autograder_annotation_002445,annotator_041,55,task_022,20,1,output_001672,excellent,3,12,24
autograder_annotation_002446,annotator_041,56,task_022,20,2,output_001628,good,2,15,24
autograder_annotation_002447,annotator_041,57,task_022,20,3,output_001603,intermediate,1,15,24
autograder_annotation_002451,annotator_041,61,task_018,22,1,output_001345,good,2,3,13
autograder_annotation_002452,annotator_041,62,task_018,22,2,output_001364,excellent,3,-1,13
autograder_annotation_002453,annotator_041,63,task_018,22,3,output_001320,intermediate,1,2,13
autograder_annotation_002457,annotator_041,67,task_008,24,1,output_000580,good,2,4.5,9
autograder_annotation_002458,annotator_041,68,task_008,24,2,output_000591,excellent,3,5,9
autograder_annotation_002459,annotator_041,69,task_008,24,3,output_000539,intermediate,1,6,9
autograder_annotation_002463,annotator_041,73,task_020,27,1,output_001468,intermediate,1,5,6
autograder_annotation_002464,annotator_041,74,task_020,27,2,output_001502,excellent,3,3,6
autograder_annotation_002465,annotator_041,75,task_020,27,3,output_001476,good,2,3.5,6
autograder_annotation_002469,annotator_041,79,task_002,29,1,output_000103,good,2,13.5,27
autograder_annotation_002470,annotator_041,80,task_002,29,2,output_000094,intermediate,1,13,27
autograder_annotation_002471,annotator_041,81,task_002,29,3,output_000129,excellent,3,12.5,27
autograder_annotation_002475,annotator_042,1,task_029,2,1,output_002177,excellent,3,8,12
autograder_annotation_002476,annotator_042,2,task_029,2,2,output_002137,good,2,9.5,12
autograder_annotation_002477,annotator_042,3,task_029,2,3,output_002126,intermediate,1,7,12
autograder_annotation_002481,annotator_042,7,task_014,4,1,output_001075,excellent,3,1.5,4
autograder_annotation_002482,annotator_042,8,task_014,4,2,output_001012,intermediate,1,3.5,4
autograder_annotation_002483,annotator_042,9,task_014,4,3,output_001038,good,2,2.5,4
autograder_annotation_002487,annotator_042,13,task_021,6,1,output_001566,good,2,-0.5,2
autograder_annotation_002488,annotator_042,14,task_021,6,2,output_001575,excellent,3,-1.5,2
autograder_annotation_002489,annotator_042,15,task_021,6,3,output_001538,intermediate,1,-0.5,2
autograder_annotation_002493,annotator_042,19,task_027,8,1,output_002029,excellent,3,3,22
autograder_annotation_002494,annotator_042,20,task_027,8,2,output_001979,intermediate,1,2,22
autograder_annotation_002495,annotator_042,21,task_027,8,3,output_002002,good,2,-1,22
autograder_annotation_002499,annotator_042,25,task_026,10,1,output_001906,intermediate,1,10.5,13
autograder_annotation_002500,annotator_042,26,task_026,10,2,output_001939,good,2,10.5,13
autograder_annotation_002501,annotator_042,27,task_026,10,3,output_001959,excellent,3,12,13
autograder_annotation_002505,annotator_042,31,task_011,12,1,output_000817,good,2,13,22
autograder_annotation_002506,annotator_042,32,task_011,12,2,output_000839,excellent,3,11.5,22
autograder_annotation_002507,annotator_042,33,task_011,12,3,output_000781,intermediate,1,15,22
autograder_annotation_002508,annotator_043,1,task_029,1,1,output_002161,good,2,6.5,12
autograder_annotation_002509,annotator_043,2,task_029,1,2,output_002189,excellent,3,6.5,12
autograder_annotation_002510,annotator_043,3,task_029,1,3,output_002118,intermediate,1,8,12
autograder_annotation_002514,annotator_043,7,task_001,3,1,output_000059,excellent,3,7,8
autograder_annotation_002515,annotator_043,8,task_001,3,2,output_000008,intermediate,1,7,8
autograder_annotation_002516,annotator_043,9,task_001,3,3,output_000028,good,2,7.5,8
autograder_annotation_002520,annotator_043,13,task_017,5,1,output_001251,good,2,6.5,15
autograder_annotation_002521,annotator_043,14,task_017,5,2,output_001297,excellent,3,8,15
autograder_annotation_002522,annotator_043,15,task_017,5,3,output_001225,intermediate,1,7,15
autograder_annotation_002526,annotator_043,19,task_014,7,1,output_001013,intermediate,1,3.5,4
autograder_annotation_002527,annotator_043,20,task_014,7,2,output_001046,good,2,3,4
autograder_annotation_002528,annotator_043,21,task_014,7,3,output_001070,excellent,3,0,4
autograder_annotation_002532,annotator_043,25,task_013,9,1,output_000978,good,2,1,4
autograder_annotation_002533,annotator_043,26,task_013,9,2,output_000940,intermediate,1,1,4
autograder_annotation_002534,annotator_043,27,task_013,9,3,output_000982,excellent,3,-1,4
autograder_annotation_002538,annotator_043,31,task_027,11,1,output_002032,excellent,3,-4,22
autograder_annotation_002539,annotator_043,32,task_027,11,2,output_001985,intermediate,1,-2.5,22
autograder_annotation_002540,annotator_043,33,task_027,11,3,output_002013,good,2,-2.5,22
autograder_annotation_002544,annotator_043,37,task_028,13,1,output_002093,excellent,3,4,18
autograder_annotation_002545,annotator_043,38,task_028,13,2,output_002063,good,2,1,18
autograder_annotation_002546,annotator_043,39,task_028,13,3,output_002048,intermediate,1,2.5,18
autograder_annotation_002550,annotator_043,43,task_015,15,1,output_001120,good,2,16.5,21
autograder_annotation_002551,annotator_043,44,task_015,15,2,output_001145,excellent,3,17,21
autograder_annotation_002552,annotator_043,45,task_015,15,3,output_001084,intermediate,1,13.5,21
autograder_annotation_002556,annotator_043,49,task_004,17,1,output_000245,intermediate,1,5,13
autograder_annotation_002557,annotator_043,50,task_004,17,2,output_000291,excellent,3,7.5,13
autograder_annotation_002558,annotator_043,51,task_004,17,3,output_000262,good,2,8,13
autograder_annotation_002562,annotator_043,55,task_025,19,1,output_001893,excellent,3,3,6
autograder_annotation_002563,annotator_043,56,task_025,19,2,output_001834,intermediate,1,1,6
autograder_annotation_002564,annotator_043,57,task_025,19,3,output_001847,good,2,3.5,6
autograder_annotation_002568,annotator_043,61,task_021,21,1,output_001590,excellent,3,-3.5,2
autograder_annotation_002569,annotator_043,62,task_021,21,2,output_001544,intermediate,1,-1.5,2
autograder_annotation_002570,annotator_043,63,task_021,21,3,output_001568,good,2,0,2
autograder_annotation_002574,annotator_043,67,task_022,23,1,output_001625,good,2,11,24
autograder_annotation_002575,annotator_043,68,task_022,23,2,output_001654,excellent,3,13,24
autograder_annotation_002576,annotator_043,69,task_022,23,3,output_001622,intermediate,1,12.5,24
autograder_annotation_002580,annotator_043,73,task_026,25,1,output_001971,excellent,3,10,13
autograder_annotation_002581,annotator_043,74,task_026,25,2,output_001898,intermediate,1,10.5,13
autograder_annotation_002582,annotator_043,75,task_026,25,3,output_001943,good,2,11.5,13
autograder_annotation_002586,annotator_043,79,task_007,27,1,output_000470,intermediate,1,11,24
autograder_annotation_002587,annotator_043,80,task_007,27,2,output_000495,good,2,8,24
autograder_annotation_002588,annotator_043,81,task_007,27,3,output_000524,excellent,3,9.5,24
autograder_annotation_002592,annotator_043,85,task_006,29,1,output_000410,good,2,9.5,12
autograder_annotation_002593,annotator_043,86,task_006,29,2,output_000382,intermediate,1,11,12
autograder_annotation_002594,annotator_043,87,task_006,29,3,output_000444,excellent,3,10.5,12
autograder_annotation_002601,annotator_044,4,task_008,2,1,output_000603,excellent,3,5.5,9
autograder_annotation_002602,annotator_044,5,task_008,2,2,output_000561,good,2,6,9
autograder_annotation_002603,annotator_044,6,task_008,2,3,output_000552,intermediate,1,5,9
autograder_annotation_002607,annotator_045,4,task_003,2,1,output_000165,intermediate,1,4.5,14
autograder_annotation_002608,annotator_045,5,task_003,2,2,output_000178,good,2,8.5,14
autograder_annotation_002609,annotator_045,6,task_003,2,3,output_000220,excellent,3,9.5,14
autograder_annotation_002613,annotator_045,10,task_016,4,1,output_001152,intermediate,1,11,11
autograder_annotation_002614,annotator_045,11,task_016,4,2,output_001177,good,2,11,11
autograder_annotation_002615,annotator_045,12,task_016,4,3,output_001213,excellent,3,10,11
autograder_annotation_002619,annotator_045,16,task_023,6,1,output_001677,intermediate,1,4,9
autograder_annotation_002620,annotator_045,17,task_023,6,2,output_001708,good,2,3.5,9
autograder_annotation_002621,annotator_045,18,task_023,6,3,output_001738,excellent,3,1,9
autograder_annotation_002625,annotator_045,22,task_004,8,1,output_000229,intermediate,1,7,13
autograder_annotation_002626,annotator_045,23,task_004,8,2,output_000288,excellent,3,6,13
autograder_annotation_002627,annotator_045,24,task_004,8,3,output_000255,good,2,5,13
autograder_annotation_002628,annotator_045,25,task_021,9,1,output_001589,excellent,3,-2.5,2
autograder_annotation_002629,annotator_045,26,task_021,9,2,output_001553,good,2,-1.5,2
autograder_annotation_002630,annotator_045,27,task_021,9,3,output_001524,intermediate,1,0,2
autograder_annotation_002637,annotator_045,34,task_020,12,1,output_001495,good,2,5,6
autograder_annotation_002638,annotator_045,35,task_020,12,2,output_001507,excellent,3,4,6
autograder_annotation_002639,annotator_045,36,task_020,12,3,output_001464,intermediate,1,5.5,6
autograder_annotation_002643,annotator_045,40,task_022,14,1,output_001621,intermediate,1,14.5,24
autograder_annotation_002644,annotator_045,41,task_022,14,2,output_001640,good,2,15,24
autograder_annotation_002645,annotator_045,42,task_022,14,3,output_001666,excellent,3,12,24
autograder_annotation_002646,annotator_045,43,task_011,15,1,output_000832,excellent,3,14,22
autograder_annotation_002647,annotator_045,44,task_011,15,2,output_000789,intermediate,1,15.5,22
autograder_annotation_002648,annotator_045,45,task_011,15,3,output_000827,good,2,13,22
autograder_annotation_002649,annotator_045,46,task_012,16,1,output_000881,good,2,7.5,12
autograder_annotation_002650,annotator_045,47,task_012,16,2,output_000915,excellent,3,9,12
autograder_annotation_002651,annotator_045,48,task_012,16,3,output_000859,intermediate,1,8.5,12
autograder_annotation_002655,annotator_045,52,task_019,18,1,output_001415,good,2,3,7
autograder_annotation_002656,annotator_045,53,task_019,18,2,output_001429,excellent,3,3.5,7
autograder_annotation_002657,annotator_045,54,task_019,18,3,output_001376,intermediate,1,3,7
autograder_annotation_002661,annotator_045,58,task_028,20,1,output_002066,good,2,7,18
autograder_annotation_002662,annotator_045,59,task_028,20,2,output_002101,excellent,3,4,18
autograder_annotation_002663,annotator_045,60,task_028,20,3,output_002056,intermediate,1,7,18
autograder_annotation_002664,annotator_045,61,task_010,21,1,output_000766,excellent,3,7.5,15
autograder_annotation_002665,annotator_045,62,task_010,21,2,output_000738,good,2,9,15
autograder_annotation_002666,annotator_045,63,task_010,21,3,output_000707,intermediate,1,9.5,15
autograder_annotation_002667,annotator_045,64,task_009,22,1,output_000687,excellent,3,14.5,15
autograder_annotation_002668,annotator_045,65,task_009,22,2,output_000661,good,2,14.5,15
autograder_annotation_002669,annotator_045,66,task_009,22,3,output_000634,intermediate,1,13.5,15
autograder_annotation_002673,annotator_045,70,task_018,24,1,output_001372,excellent,3,4,13
autograder_annotation_002674,annotator_045,71,task_018,24,2,output_001333,good,2,3.5,13
autograder_annotation_002675,annotator_045,72,task_018,24,3,output_001312,intermediate,1,-1,13
autograder_annotation_002679,annotator_045,76,task_015,26,1,output_001082,intermediate,1,20,21
autograder_annotation_002680,annotator_045,77,task_015,26,2,output_001100,good,2,17,21
autograder_annotation_002681,annotator_045,78,task_015,26,3,output_001134,excellent,3,14,21
autograder_annotation_002682,annotator_045,79,task_017,27,1,output_001232,intermediate,1,9,15
autograder_annotation_002683,annotator_045,80,task_017,27,2,output_001274,good,2,8,15
autograder_annotation_002684,annotator_045,81,task_017,27,3,output_001298,excellent,3,7,15
autograder_annotation_002688,annotator_045,85,task_025,29,1,output_001870,good,2,3.5,6
autograder_annotation_002689,annotator_045,86,task_025,29,2,output_001829,intermediate,1,2,6
autograder_annotation_002690,annotator_045,87,task_025,29,3,output_001882,excellent,3,1,6
autograder_annotation_002694,annotator_046,1,task_022,1,1,output_001645,good,2,15,24
autograder_annotation_002695,annotator_046,2,task_022,1,2,output_001650,excellent,3,14,24
autograder_annotation_002696,annotator_046,3,task_022,1,3,output_001614,intermediate,1,14,24
autograder_annotation_002700,annotator_046,7,task_007,4,1,output_000461,intermediate,1,9,24
autograder_annotation_002701,annotator_046,8,task_007,4,2,output_000493,good,2,10.5,24
autograder_annotation_002702,annotator_046,9,task_007,4,3,output_000502,excellent,3,9.5,24
autograder_annotation_002706,annotator_046,13,task_029,6,1,output_002190,excellent,3,8,12
autograder_annotation_002707,annotator_046,14,task_029,6,2,output_002123,intermediate,1,9,12
autograder_annotation_002708,annotator_046,15,task_029,6,3,output_002159,good,2,8,12
autograder_annotation_002712,annotator_046,19,task_016,8,1,output_001206,excellent,3,11,11
autograder_annotation_002713,annotator_046,20,task_016,8,2,output_001177,good,2,10,11
autograder_annotation_002714,annotator_046,21,task_016,8,3,output_001155,intermediate,1,10,11
autograder_annotation_002718,annotator_046,25,task_014,10,1,output_001047,good,2,2.5,4
autograder_annotation_002719,annotator_046,26,task_014,10,2,output_001018,intermediate,1,3,4
autograder_annotation_002720,annotator_046,27,task_014,10,3,output_001057,excellent,3,0,4
autograder_annotation_002724,annotator_046,31,task_005,12,1,output_000345,good,2,23,26
autograder_annotation_002725,annotator_046,32,task_005,12,2,output_000307,intermediate,1,21,26
autograder_annotation_002726,annotator_046,33,task_005,12,3,output_000361,excellent,3,23.5,26
autograder_annotation_002730,annotator_046,37,task_017,14,1,output_001297,excellent,3,8,15
autograder_annotation_002731,annotator_046,38,task_017,14,2,output_001258,good,2,6.5,15
autograder_annotation_002732,annotator_046,39,task_017,14,3,output_001231,intermediate,1,7,15
autograder_annotation_002736,annotator_046,43,task_012,16,1,output_000891,good,2,8.5,12
autograder_annotation_002737,annotator_046,44,task_012,16,2,output_000922,excellent,3,7.5,12
autograder_annotation_002738,annotator_046,45,task_012,16,3,output_000872,intermediate,1,8.5,12
autograder_annotation_002742,annotator_046,49,task_010,18,1,output_000762,excellent,3,9,15
autograder_annotation_002743,annotator_046,50,task_010,18,2,output_000720,intermediate,1,7,15
autograder_annotation_002744,annotator_046,51,task_010,18,3,output_000727,good,2,7,15
autograder_annotation_002748,annotator_046,55,task_009,20,1,output_000644,good,2,14.5,15
autograder_annotation_002749,annotator_046,56,task_009,20,2,output_000617,intermediate,1,13.5,15
autograder_annotation_002750,annotator_046,57,task_009,20,3,output_000694,excellent,3,14.5,15
autograder_annotation_002754,annotator_046,61,task_002,22,1,output_000082,intermediate,1,14,27
autograder_annotation_002755,annotator_046,62,task_002,22,2,output_000141,excellent,3,12,27
autograder_annotation_002756,annotator_046,63,task_002,22,3,output_000115,good,2,14.5,27
autograder_annotation_002764,annotator_048,4,task_022,2,1,output_001657,excellent,3,11.5,24
autograder_annotation_002765,annotator_048,5,task_022,2,2,output_001641,good,2,15.5,24
autograder_annotation_002766,annotator_048,6,task_022,2,3,output_001602,intermediate,1,12.5,24
autograder_annotation_002770,annotator_048,10,task_002,4,1,output_000116,good,2,13,27
autograder_annotation_002771,annotator_048,11,task_002,4,2,output_000133,excellent,3,13,27
autograder_annotation_002772,annotator_048,12,task_002,4,3,output_000083,intermediate,1,12.5,27
autograder_annotation_002776,annotator_048,16,task_006,9,1,output_000426,good,2,10.5,12
autograder_annotation_002777,annotator_048,17,task_006,9,2,output_000456,excellent,3,11,12
autograder_annotation_002778,annotator_048,18,task_006,9,3,output_000401,intermediate,1,11,12
autograder_annotation_002782,annotator_048,22,task_010,11,1,output_000716,intermediate,1,6,15
autograder_annotation_002783,annotator_048,23,task_010,11,2,output_000738,good,2,8,15
autograder_annotation_002784,annotator_048,24,task_010,11,3,output_000755,excellent,3,6,15
autograder_annotation_002788,annotator_048,28,task_003,17,1,output_000148,intermediate,1,9,14
autograder_annotation_002789,annotator_048,29,task_003,17,2,output_000219,excellent,3,9,14
autograder_annotation_002790,annotator_048,30,task_003,17,3,output_000197,good,2,6.5,14
autograder_annotation_002794,annotator_048,34,task_023,22,1,output_001724,good,2,3.5,9
autograder_annotation_002795,annotator_048,35,task_023,22,2,output_001741,excellent,3,3.5,9
autograder_annotation_002796,annotator_048,36,task_023,22,3,output_001684,intermediate,1,4,9
autograder_annotation_002800,annotator_048,40,task_029,30,1,output_002124,intermediate,1,6,12
autograder_annotation_002801,annotator_048,41,task_029,30,2,output_002138,good,2,7,12
autograder_annotation_002802,annotator_048,42,task_029,30,3,output_002171,excellent,3,8.5,12
autograder_annotation_002803,annotator_049,1,task_010,1,1,output_000749,excellent,3,7,15
autograder_annotation_002804,annotator_049,2,task_010,1,2,output_000723,good,2,10,15
autograder_annotation_002805,annotator_049,3,task_010,1,3,output_000718,intermediate,1,7,15
autograder_annotation_002809,annotator_049,7,task_007,3,1,output_000504,excellent,3,9.5,24
autograder_annotation_002810,annotator_049,8,task_007,3,2,output_000491,good,2,8.5,24
autograder_annotation_002811,annotator_049,9,task_007,3,3,output_000458,intermediate,1,8,24
autograder_annotation_002815,annotator_049,13,task_025,5,1,output_001872,excellent,3,1,6
autograder_annotation_002816,annotator_049,14,task_025,5,2,output_001843,intermediate,1,3,6
autograder_annotation_002817,annotator_049,15,task_025,5,3,output_001853,good,2,3,6
autograder_annotation_002821,annotator_049,19,task_005,7,1,output_000365,excellent,3,15.5,26
autograder_annotation_002822,annotator_049,20,task_005,7,2,output_000332,good,2,22.5,26
autograder_annotation_002823,annotator_049,21,task_005,7,3,output_000325,intermediate,1,19,26
autograder_annotation_002827,annotator_049,25,task_017,9,1,output_001238,intermediate,1,9,15
autograder_annotation_002828,annotator_049,26,task_017,9,2,output_001265,good,2,7,15
autograder_annotation_002829,annotator_049,27,task_017,9,3,output_001281,excellent,3,5.5,15
autograder_annotation_002833,annotator_049,31,task_029,11,1,output_002133,intermediate,1,8,12
autograder_annotation_002834,annotator_049,32,task_029,11,2,output_002162,good,2,6.5,12
autograder_annotation_002835,annotator_049,33,task_029,11,3,output_002165,excellent,3,8.5,12
autograder_annotation_002839,annotator_049,37,task_016,13,1,output_001167,intermediate,1,11,11
autograder_annotation_002840,annotator_049,38,task_016,13,2,output_001200,excellent,3,11,11
autograder_annotation_002841,annotator_049,39,task_016,13,3,output_001180,good,2,11,11
autograder_annotation_002845,annotator_049,43,task_028,15,1,output_002090,excellent,3,4.5,18
autograder_annotation_002846,annotator_049,44,task_028,15,2,output_002046,intermediate,1,5.5,18
autograder_annotation_002847,annotator_049,45,task_028,15,3,output_002083,good,2,5,18
autograder_annotation_002851,annotator_049,49,task_014,17,1,output_001031,good,2,1.5,4
autograder_annotation_002852,annotator_049,50,task_014,17,2,output_001015,intermediate,1,4,4
autograder_annotation_002853,annotator_049,51,task_014,17,3,output_001064,excellent,3,1,4
autograder_annotation_002857,annotator_049,55,task_002,19,1,output_000107,good,2,14,27
autograder_annotation_002858,annotator_049,56,task_002,19,2,output_000075,intermediate,1,13,27
autograder_annotation_002859,annotator_049,57,task_002,19,3,output_000143,excellent,3,13,27
autograder_annotation_002863,annotator_049,61,task_012,21,1,output_000877,good,2,7.5,12
autograder_annotation_002864,annotator_049,62,task_012,21,2,output_000908,excellent,3,5.5,12
autograder_annotation_002865,annotator_049,63,task_012,21,3,output_000875,intermediate,1,8,12
autograder_annotation_002869,annotator_049,67,task_013,23,1,output_000939,intermediate,1,1,4
autograder_annotation_002870,annotator_049,68,task_013,23,2,output_000974,good,2,0,4
autograder_annotation_002871,annotator_049,69,task_013,23,3,output_000990,excellent,3,-0.5,4
autograder_annotation_002875,annotator_049,73,task_024,25,1,output_001796,good,2,0.5,3
autograder_annotation_002876,annotator_049,74,task_024,25,2,output_001770,intermediate,1,-0.5,3
autograder_annotation_002877,annotator_049,75,task_024,25,3,output_001814,excellent,3,-2,3
autograder_annotation_002881,annotator_049,79,task_023,27,1,output_001704,good,2,5.5,9
autograder_annotation_002882,annotator_049,80,task_023,27,2,output_001693,intermediate,1,4,9
autograder_annotation_002883,annotator_049,81,task_023,27,3,output_001742,excellent,3,4,9
autograder_annotation_002887,annotator_049,85,task_009,29,1,output_000691,excellent,3,13,15
autograder_annotation_002888,annotator_049,86,task_009,29,2,output_000625,intermediate,1,12.5,15
autograder_annotation_002889,annotator_049,87,task_009,29,3,output_000654,good,2,14.5,15
autograder_annotation_002896,annotator_050,4,task_022,2,1,output_001623,good,2,16.5,24
autograder_annotation_002897,annotator_050,5,task_022,2,2,output_001615,intermediate,1,14,24
autograder_annotation_002898,annotator_050,6,task_022,2,3,output_001656,excellent,3,16,24
autograder_annotation_002902,annotator_050,10,task_001,4,1,output_000019,intermediate,1,7.5,8
autograder_annotation_002903,annotator_050,11,task_001,4,2,output_000057,excellent,3,7,8
autograder_annotation_002904,annotator_050,12,task_001,4,3,output_000034,good,2,7.5,8
autograder_annotation_002908,annotator_050,16,task_008,6,1,output_000585,excellent,3,4,9
autograder_annotation_002909,annotator_050,17,task_008,6,2,output_000580,good,2,5,9
autograder_annotation_002910,annotator_050,18,task_008,6,3,output_000535,intermediate,1,6.5,9
autograder_annotation_002917,annotator_050,25,task_006,9,1,output_000403,intermediate,1,9,12
autograder_annotation_002918,annotator_050,26,task_006,9,2,output_000446,excellent,3,10.5,12
autograder_annotation_002919,annotator_050,27,task_006,9,3,output_000412,good,2,11,12
autograder_annotation_002923,annotator_050,31,task_028,11,1,output_002085,excellent,3,4.5,18
autograder_annotation_002924,annotator_050,32,task_028,11,2,output_002068,good,2,4.5,18
autograder_annotation_002925,annotator_050,33,task_028,11,3,output_002052,intermediate,1,4.5,18
autograder_annotation_002929,annotator_050,37,task_010,13,1,output_000734,good,2,9,15
autograder_annotation_002930,annotator_050,38,task_010,13,2,output_000748,excellent,3,7.5,15
autograder_annotation_002931,annotator_050,39,task_010,13,3,output_000700,intermediate,1,7,15
autograder_annotation_002935,annotator_050,43,task_030,15,1,output_002262,excellent,3,14,17
autograder_annotation_002936,annotator_050,44,task_030,15,2,output_002209,intermediate,1,15,17
autograder_annotation_002937,annotator_050,45,task_030,15,3,output_002242,good,2,11.5,17
autograder_annotation_002941,annotator_050,49,task_021,17,1,output_001527,intermediate,1,0,2
autograder_annotation_002942,annotator_050,50,task_021,17,2,output_001562,good,2,0,2
autograder_annotation_002943,annotator_050,51,task_021,17,3,output_001580,excellent,3,-1.5,2
autograder_annotation_002947,annotator_050,55,task_011,19,1,output_000780,intermediate,1,14,22
autograder_annotation_002948,annotator_050,56,task_011,19,2,output_000836,excellent,3,12,22
autograder_annotation_002949,annotator_050,57,task_011,19,3,output_000814,good,2,16.5,22
autograder_annotation_002953,annotator_050,61,task_005,21,1,output_000352,excellent,3,21.5,26
autograder_annotation_002954,annotator_050,62,task_005,21,2,output_000322,intermediate,1,22,26
autograder_annotation_002955,annotator_050,63,task_005,21,3,output_000330,good,2,17.5,26
autograder_annotation_002959,annotator_050,67,task_015,23,1,output_001125,excellent,3,16.5,21
autograder_annotation_002960,annotator_050,68,task_015,23,2,output_001117,good,2,15,21
autograder_annotation_002961,annotator_050,69,task_015,23,3,output_001093,intermediate,1,17,21
autograder_annotation_002965,annotator_050,73,task_013,25,1,output_000940,intermediate,1,-0.5,4
autograder_annotation_002966,annotator_050,74,task_013,25,2,output_000996,excellent,3,-4,4
autograder_annotation_002967,annotator_050,75,task_013,25,3,output_000973,good,2,1,4
autograder_annotation_002971,annotator_050,79,task_024,27,1,output_001778,good,2,-3,3
autograder_annotation_002972,annotator_050,80,task_024,27,2,output_001811,excellent,3,-2,3
autograder_annotation_002973,annotator_050,81,task_024,27,3,output_001764,intermediate,1,0,3
autograder_annotation_002977,annotator_050,85,task_020,29,1,output_001481,good,2,5,6
autograder_annotation_002978,annotator_050,86,task_020,29,2,output_001456,intermediate,1,5.5,6
autograder_annotation_002979,annotator_050,87,task_020,29,3,output_001514,excellent,3,4,6
autograder_annotation_002983,annotator_051,1,task_008,1,1,output_000604,excellent,3,5,9
autograder_annotation_002984,annotator_051,2,task_008,1,2,output_000565,good,2,6,9
autograder_annotation_002985,annotator_051,3,task_008,1,3,output_000537,intermediate,1,5.5,9
autograder_annotation_002989,annotator_051,7,task_021,3,1,output_001552,good,2,-0.5,2
autograder_annotation_002990,annotator_051,8,task_021,3,2,output_001595,excellent,3,-3.5,2
autograder_annotation_002991,annotator_051,9,task_021,3,3,output_001532,intermediate,1,-1.5,2
autograder_annotation_002995,annotator_051,13,task_030,5,1,output_002225,good,2,14.5,17
autograder_annotation_002996,annotator_051,14,task_030,5,2,output_002271,excellent,3,16,17
autograder_annotation_002997,annotator_051,15,task_030,5,3,output_002194,intermediate,1,13.5,17
autograder_annotation_003001,annotator_051,19,task_014,7,1,output_001037,good,2,3,4
autograder_annotation_003002,annotator_051,20,task_014,7,2,output_001004,intermediate,1,2,4
autograder_annotation_003003,annotator_051,21,task_014,7,3,output_001064,excellent,3,1,4
autograder_annotation_003007,annotator_051,25,task_010,9,1,output_000759,excellent,3,8.5,15
autograder_annotation_003008,annotator_051,26,task_010,9,2,output_000704,intermediate,1,9.5,15
autograder_annotation_003009,annotator_051,27,task_010,9,3,output_000725,good,2,7,15
autograder_annotation_003013,annotator_051,31,task_001,11,1,output_000069,excellent,3,7,8
autograder_annotation_003014,annotator_051,32,task_001,11,2,output_000041,good,2,7.5,8
autograder_annotation_003015,annotator_051,33,task_001,11,3,output_000023,intermediate,1,7.5,8
autograder_annotation_003019,annotator_051,37,task_012,13,1,output_000924,excellent,3,10,12
autograder_annotation_003020,annotator_051,38,task_012,13,2,output_000871,intermediate,1,7.5,12
autograder_annotation_003021,annotator_051,39,task_012,13,3,output_000904,good,2,7,12
autograder_annotation_003025,annotator_051,43,task_002,15,1,output_000123,excellent,3,12,27
autograder_annotation_003026,annotator_051,44,task_002,15,2,output_000076,intermediate,1,14,27
autograder_annotation_003027,annotator_051,45,task_002,15,3,output_000119,good,2,13,27
autograder_annotation_003031,annotator_051,49,task_024,17,1,output_001764,intermediate,1,0,3
autograder_annotation_003032,annotator_051,50,task_024,17,2,output_001790,good,2,-1.5,3
autograder_annotation_003033,annotator_051,51,task_024,17,3,output_001801,excellent,3,-1,3
autograder_annotation_003037,annotator_051,55,task_011,19,1,output_000819,good,2,13,22
autograder_annotation_003038,annotator_051,56,task_011,19,2,output_000792,intermediate,1,15,22
autograder_annotation_003039,annotator_051,57,task_011,19,3,output_000830,excellent,3,14,22
autograder_annotation_003043,annotator_051,61,task_006,21,1,output_000454,excellent,3,11,12
autograder_annotation_003044,annotator_051,62,task_006,21,2,output_000398,intermediate,1,11,12
autograder_annotation_003045,annotator_051,63,task_006,21,3,output_000408,good,2,11.5,12
autograder_annotation_003049,annotator_051,67,task_018,23,1,output_001350,excellent,3,3.5,13
autograder_annotation_003050,annotator_051,68,task_018,23,2,output_001346,good,2,4,13
autograder_annotation_003051,annotator_051,69,task_018,23,3,output_001306,intermediate,1,2.5,13
autograder_annotation_003055,annotator_051,73,task_029,25,1,output_002111,intermediate,1,8,12
autograder_annotation_003056,annotator_051,74,task_029,25,2,output_002148,good,2,9,12
autograder_annotation_003057,annotator_051,75,task_029,25,3,output_002192,excellent,3,8,12
autograder_annotation_003061,annotator_051,79,task_017,27,1,output_001256,good,2,7,15
autograder_annotation_003062,annotator_051,80,task_017,27,2,output_001300,excellent,3,7,15
autograder_annotation_003063,annotator_051,81,task_017,27,3,output_001235,intermediate,1,8.5,15
autograder_annotation_003067,annotator_051,85,task_027,29,1,output_002039,excellent,3,-6.5,22
autograder_annotation_003068,annotator_051,86,task_027,29,2,output_002009,good,2,-2,22
autograder_annotation_003069,annotator_051,87,task_027,29,3,output_001973,intermediate,1,5,22
autograder_annotation_003076,annotator_052,4,task_012,3,1,output_000865,intermediate,1,7.5,12
autograder_annotation_003077,annotator_052,5,task_012,3,2,output_000883,good,2,7.5,12
autograder_annotation_003078,annotator_052,6,task_012,3,3,output_000911,excellent,3,7,12
