dataset,task_order,budget_share,seeds,actual_queries,n_tasks,certified_tasks_delta_mean,certified_tasks_delta_paired_median,certified_pass_delta_mean,certified_pass_delta_paired_median,certified_fail_delta_mean,certified_fail_delta_paired_median,certified_initial_correct_delta_mean,certified_initial_correct_delta_paired_median,certified_initial_wrong_delta_mean,certified_initial_wrong_delta_paired_median,residual_errors_delta_mean,residual_errors_delta_paired_median,residual_fp_delta_mean,residual_fp_delta_paired_median,residual_ff_delta_mean,residual_ff_delta_paired_median,gated_residual_errors_delta_mean,gated_residual_errors_delta_paired_median,fixed_initial_fp_delta_mean,fixed_initial_fp_delta_paired_median,fixed_initial_ff_delta_mean,fixed_initial_ff_delta_paired_median,introduced_fp_delta_mean,introduced_fp_delta_paired_median,introduced_ff_delta_mean,introduced_ff_delta_paired_median,noncertified_ff_repair_delta_mean,noncertified_ff_repair_delta_paired_median,noncertified_introduced_fp_delta_mean,noncertified_introduced_fp_delta_paired_median,queried_false_fail_bits_delta_mean,queried_false_fail_bits_delta_paired_median,unobserved_false_pass_bits_delta_mean,unobserved_false_pass_bits_delta_paired_median,mix_only_cert_mean,mix_only_cert_paired_median,srs_only_cert_mean,srs_only_cert_paired_median,both_cert_mean,both_cert_paired_median,mix_only_cert_initial_correct_mean,mix_only_cert_initial_correct_paired_median,srs_only_cert_initial_correct_mean,srs_only_cert_initial_correct_paired_median,mix_only_cert_initial_wrong_mean,mix_only_cert_initial_wrong_paired_median,srs_only_cert_initial_wrong_mean,srs_only_cert_initial_wrong_paired_median,mix_only_cert_TP_mean,mix_only_cert_TP_paired_median,srs_only_cert_TP_mean,srs_only_cert_TP_paired_median,certified_TP_delta_mean,certified_TP_delta_paired_median,mix_only_cert_TN_mean,mix_only_cert_TN_paired_median,srs_only_cert_TN_mean,srs_only_cert_TN_paired_median,certified_TN_delta_mean,certified_TN_delta_paired_median,mix_only_cert_FP_mean,mix_only_cert_FP_paired_median,srs_only_cert_FP_mean,srs_only_cert_FP_paired_median,certified_FP_delta_mean,certified_FP_delta_paired_median,mix_only_cert_FF_mean,mix_only_cert_FF_paired_median,srs_only_cert_FF_mean,srs_only_cert_FF_paired_median,certified_FF_delta_mean,certified_FF_delta_paired_median,srs_certified_tasks_mean,mix_certified_tasks_mean,certified_tasks_difference_of_marginal_medians,srs_residual_errors_mean,mix_residual_errors_mean,residual_errors_difference_of_marginal_medians,srs_gated_residual_errors_mean,mix_gated_residual_errors_mean,gated_residual_errors_difference_of_marginal_medians,gross_mix_only_initial_correct_fraction,net_positive_gain_initial_correct_share,gross_majority_initial_correct,net_majority_initial_correct,cert_gain_seeds,cert_gain_without_error_decrease_seeds,cert_gain_with_error_increase_seeds,residual_error_improve_seeds,residual_error_tie_seeds,residual_error_worsen_seeds
DR Gemini 3.1 Pro,release,0.006,31,10,284,1.4838709677419355,2.0,0.0,0.0,1.4838709677419355,2.0,1.4516129032258065,2.0,0.03225806451612903,0.0,-0.03225806451612903,0.0,-0.03225806451612903,0.0,0.0,0.0,-0.03225806451612903,0.0,0.03225806451612903,0.0,0.0,0.0,0.0,0.0,0.0,0.0,0.0,0.0,0.0,0.0,0.16129032258064516,0.0,0.0967741935483871,0.0,7.129032258064516,7.0,5.645161290322581,6.0,0.2903225806451613,0.0,7.064516129032258,7.0,5.612903225806452,6.0,0.06451612903225806,0.0,0.03225806451612903,0.0,0.03225806451612903,0.0,0.03225806451612903,0.0,0.0,0.0,7.032258064516129,7.0,5.580645161290323,6.0,1.4516129032258065,2.0,0.06451612903225806,0.0,0.03225806451612903,0.0,0.03225806451612903,0.0,0.0,0.0,0.0,0.0,0.0,0.0,5.935483870967742,7.419354838709677,2.0,9.96774193548387,9.935483870967742,0.0,9.96774193548387,9.935483870967742,0.0,0.9909502262443439,0.9782608695652174,True,True,23,21,1,2,28,1
DR Gemini 3.1 Pro,release,0.05,31,81,284,11.161290322580646,12.0,1.935483870967742,2.0,9.225806451612904,10.0,11.612903225806452,12.0,-0.45161290322580644,0.0,0.41935483870967744,0.0,0.45161290322580644,0.0,-0.03225806451612903,0.0,0.45161290322580644,0.0,-0.45161290322580644,0.0,0.03225806451612903,0.0,0.0,0.0,0.0,0.0,0.03225806451612903,0.0,0.0,0.0,0.12903225806451613,0.0,2.3225806451612905,3.0,41.645161290322584,42.0,30.483870967741936,31.0,13.03225806451613,13.0,41.516129032258064,42.0,29.903225806451612,30.0,0.12903225806451613,0.0,0.5806451612903226,0.0,2.225806451612903,2.0,0.2903225806451613,0.0,1.935483870967742,2.0,39.29032258064516,40.0,29.612903225806452,29.0,9.67741935483871,10.0,0.12903225806451613,0.0,0.5806451612903226,0.0,-0.45161290322580644,0.0,0.0,0.0,0.0,0.0,0.0,0.0,43.516129032258064,54.67741935483871,11.0,9.419354838709678,9.838709677419354,0.0,9.419354838709678,9.870967741935484,0.0,0.9969016266460109,1.0404624277456647,True,True,31,29,13,2,16,13
DR Gemini 3.1 Pro,release,0.2,31,323,284,40.03225806451613,38.0,6.838709677419355,7.0,33.193548387096776,31.0,40.61290322580645,39.0,-0.5806451612903226,0.0,0.8064516129032258,1.0,0.4838709677419355,0.0,0.3225806451612903,0.0,0.5806451612903226,0.0,-0.4838709677419355,0.0,-0.3225806451612903,0.0,0.0,0.0,0.0,0.0,-0.22580645161290322,0.0,0.0,0.0,-1.032258064516129,-1.0,8.483870967741936,9.0,72.93548387096774,72.0,32.903225806451616,32.0,97.0,97.0,71.70967741935483,72.0,31.096774193548388,31.0,1.2258064516129032,1.0,1.8064516129032258,2.0,8.35483870967742,9.0,1.4193548387096775,1.0,6.935483870967742,7.0,63.354838709677416,63.0,29.677419354838708,30.0,33.67741935483871,33.0,1.2258064516129032,1.0,1.7096774193548387,2.0,-0.4838709677419355,0.0,0.0,0.0,0.0967741935483871,0.0,-0.0967741935483871,0.0,129.90322580645162,169.93548387096774,38.0,7.419354838709677,8.225806451612904,1.0,7.741935483870968,8.32258064516129,1.0,0.9831932773109243,1.0145044319097503,True,True,31,24,18,7,6,18
DR Gemini 3.1 Pro,release,0.5,31,808,284,69.90322580645162,69.0,20.870967741935484,20.0,49.03225806451613,48.0,64.48387096774194,64.0,5.419354838709677,5.0,-4.67741935483871,-5.0,-3.6451612903225805,-4.0,-1.032258064516129,-1.0,-5.419354838709677,-5.0,3.6451612903225805,4.0,1.032258064516129,1.0,0.0,0.0,0.0,0.0,-0.7419354838709677,-1.0,0.0,0.0,2.774193548387097,2.0,9.612903225806452,11.0,69.90322580645162,69.0,0.0,0.0,214.09677419354838,215.0,64.48387096774194,64.0,0.0,0.0,5.419354838709677,5.0,0.0,0.0,19.096774193548388,19.0,0.0,0.0,19.096774193548388,19.0,45.38709677419355,45.0,0.0,0.0,45.38709677419355,45.0,3.6451612903225805,4.0,0.0,0.0,3.6451612903225805,4.0,1.7741935483870968,2.0,0.0,0.0,1.7741935483870968,2.0,214.09677419354838,284.0,69.0,4.67741935483871,0.0,-5.0,5.419354838709677,0.0,-5.0,0.9224734656206738,0.9224734656206738,True,True,31,0,0,31,0,0
DR Gemini 3.1 Pro,release,0.6,31,969,284,52.806451612903224,52.0,18.258064516129032,18.0,34.54838709677419,34.0,48.064516129032256,48.0,4.741935483870968,5.0,-4.0,-4.0,-3.161290322580645,-3.0,-0.8387096774193549,-1.0,-4.741935483870968,-5.0,3.161290322580645,3.0,0.8387096774193549,1.0,0.0,0.0,0.0,0.0,-0.7419354838709677,-1.0,0.0,0.0,2.4838709677419355,2.0,7.451612903225806,8.0,52.806451612903224,52.0,0.0,0.0,231.19354838709677,232.0,48.064516129032256,48.0,0.0,0.0,4.741935483870968,5.0,0.0,0.0,16.677419354838708,17.0,0.0,0.0,16.677419354838708,17.0,31.387096774193548,31.0,0.0,0.0,31.387096774193548,31.0,3.161290322580645,3.0,0.0,0.0,3.161290322580645,3.0,1.5806451612903225,2.0,0.0,0.0,1.5806451612903225,2.0,231.19354838709677,284.0,52.0,4.0,0.0,-4.0,4.741935483870968,0.0,-5.0,0.9102015882712279,0.9102015882712279,True,True,31,0,0,31,0,0
DR Gemini 3.1 Pro,release,1.0,31,1615,284,0.0,0.0,0.0,0.0,0.0,0.0,0.0,0.0,0.0,0.0,0.0,0.0,0.0,0.0,0.0,0.0,0.0,0.0,0.0,0.0,0.0,0.0,0.0,0.0,0.0,0.0,0.0,0.0,0.0,0.0,0.0,0.0,0.0,0.0,0.0,0.0,0.0,0.0,284.0,284.0,0.0,0.0,0.0,0.0,0.0,0.0,0.0,0.0,0.0,0.0,0.0,0.0,0.0,0.0,0.0,0.0,0.0,0.0,0.0,0.0,0.0,0.0,0.0,0.0,0.0,0.0,0.0,0.0,0.0,0.0,0.0,0.0,284.0,284.0,0.0,0.0,0.0,0.0,0.0,0.0,0.0,,,,,0,0,0,0,31,0
DR Gemini 3.1 Pro,predicted_fail_count,0.006,31,10,284,-1.0,-1.0,1.6774193548387097,2.0,-2.6774193548387095,-3.0,-1.6129032258064515,-2.0,0.6129032258064516,0.0,-0.6129032258064516,0.0,-0.6129032258064516,0.0,0.0,0.0,-0.6129032258064516,0.0,0.6129032258064516,0.0,0.0,0.0,0.0,0.0,0.0,0.0,0.0,0.0,0.0,0.0,-0.03225806451612903,0.0,-0.4838709677419355,0.0,4.774193548387097,5.0,5.774193548387097,6.0,0.16129032258064516,0.0,4.129032258064516,4.0,5.741935483870968,6.0,0.6451612903225806,0.0,0.03225806451612903,0.0,1.7096774193548387,2.0,0.03225806451612903,0.0,1.6774193548387097,2.0,2.4193548387096775,2.0,5.709677419354839,6.0,-3.2903225806451615,-3.0,0.6451612903225806,0.0,0.03225806451612903,0.0,0.6129032258064516,0.0,0.0,0.0,0.0,0.0,0.0,0.0,5.935483870967742,4.935483870967742,-1.0,9.96774193548387,9.35483870967742,0.0,9.96774193548387,9.35483870967742,0.0,0.8648648648648649,,True,,8,3,0,14,16,1
DR Gemini 3.1 Pro,predicted_fail_count,0.05,31,81,284,-2.4193548387096775,-2.0,13.0,13.0,-15.419354838709678,-15.0,-6.0,-7.0,3.5806451612903225,4.0,-3.6129032258064515,-4.0,-3.5806451612903225,-4.0,-0.03225806451612903,0.0,-3.5806451612903225,-4.0,3.5806451612903225,4.0,0.03225806451612903,0.0,0.0,0.0,0.0,0.0,0.03225806451612903,0.0,0.0,0.0,-0.6129032258064516,-1.0,-1.7419354838709677,-2.0,35.064516129032256,36.0,37.483870967741936,38.0,6.032258064516129,6.0,31.225806451612904,31.0,37.225806451612904,38.0,3.838709677419355,4.0,0.25806451612903225,0.0,13.258064516129032,14.0,0.25806451612903225,0.0,13.0,13.0,17.967741935483872,18.0,36.96774193548387,37.0,-19.0,-19.0,3.838709677419355,4.0,0.25806451612903225,0.0,3.5806451612903225,4.0,0.0,0.0,0.0,0.0,0.0,0.0,43.516129032258064,41.096774193548384,-3.0,9.419354838709678,5.806451612903226,-4.0,9.419354838709678,5.838709677419355,-4.0,0.890524379024839,,True,,10,1,0,30,1,0
DR Gemini 3.1 Pro,predicted_fail_count,0.2,31,323,284,52.74193548387097,52.0,25.612903225806452,26.0,27.129032258064516,25.0,45.0,44.0,7.741935483870968,8.0,-7.419354838709677,-8.0,-5.838709677419355,-6.0,-1.5806451612903225,-2.0,-7.741935483870968,-8.0,5.838709677419355,6.0,1.5806451612903225,2.0,0.0,0.0,0.0,0.0,-0.3225806451612903,0.0,0.0,0.0,-0.03225806451612903,0.0,1.967741935483871,2.0,109.48387096774194,109.0,56.74193548387097,57.0,73.16129032258064,73.0,101.74193548387096,101.0,56.74193548387097,57.0,7.741935483870968,8.0,0.0,0.0,23.70967741935484,24.0,0.0,0.0,23.70967741935484,24.0,78.03225806451613,78.0,56.74193548387097,57.0,21.29032258064516,19.0,5.838709677419355,6.0,0.0,0.0,5.838709677419355,6.0,1.903225806451613,2.0,0.0,0.0,1.903225806451613,2.0,129.90322580645162,182.6451612903226,52.0,7.419354838709677,0.0,-8.0,7.741935483870968,0.0,-8.0,0.9292869770182676,0.8532110091743119,True,True,31,0,0,31,0,0
DR Gemini 3.1 Pro,predicted_fail_count,0.5,31,808,284,69.90322580645162,69.0,20.870967741935484,20.0,49.03225806451613,48.0,64.48387096774194,64.0,5.419354838709677,5.0,-4.67741935483871,-5.0,-3.6451612903225805,-4.0,-1.032258064516129,-1.0,-5.419354838709677,-5.0,3.6451612903225805,4.0,1.032258064516129,1.0,0.0,0.0,0.0,0.0,-0.7419354838709677,-1.0,0.0,0.0,2.774193548387097,2.0,9.612903225806452,11.0,69.90322580645162,69.0,0.0,0.0,214.09677419354838,215.0,64.48387096774194,64.0,0.0,0.0,5.419354838709677,5.0,0.0,0.0,19.096774193548388,19.0,0.0,0.0,19.096774193548388,19.0,45.38709677419355,45.0,0.0,0.0,45.38709677419355,45.0,3.6451612903225805,4.0,0.0,0.0,3.6451612903225805,4.0,1.7741935483870968,2.0,0.0,0.0,1.7741935483870968,2.0,214.09677419354838,284.0,69.0,4.67741935483871,0.0,-5.0,5.419354838709677,0.0,-5.0,0.9224734656206738,0.9224734656206738,True,True,31,0,0,31,0,0
DR Gemini 3.1 Pro,predicted_fail_count,0.6,31,969,284,52.806451612903224,52.0,18.258064516129032,18.0,34.54838709677419,34.0,48.064516129032256,48.0,4.741935483870968,5.0,-4.0,-4.0,-3.161290322580645,-3.0,-0.8387096774193549,-1.0,-4.741935483870968,-5.0,3.161290322580645,3.0,0.8387096774193549,1.0,0.0,0.0,0.0,0.0,-0.7419354838709677,-1.0,0.0,0.0,2.4838709677419355,2.0,7.451612903225806,8.0,52.806451612903224,52.0,0.0,0.0,231.19354838709677,232.0,48.064516129032256,48.0,0.0,0.0,4.741935483870968,5.0,0.0,0.0,16.677419354838708,17.0,0.0,0.0,16.677419354838708,17.0,31.387096774193548,31.0,0.0,0.0,31.387096774193548,31.0,3.161290322580645,3.0,0.0,0.0,3.161290322580645,3.0,1.5806451612903225,2.0,0.0,0.0,1.5806451612903225,2.0,231.19354838709677,284.0,52.0,4.0,0.0,-4.0,4.741935483870968,0.0,-5.0,0.9102015882712279,0.9102015882712279,True,True,31,0,0,31,0,0
DR Gemini 3.1 Pro,predicted_fail_count,1.0,31,1615,284,0.0,0.0,0.0,0.0,0.0,0.0,0.0,0.0,0.0,0.0,0.0,0.0,0.0,0.0,0.0,0.0,0.0,0.0,0.0,0.0,0.0,0.0,0.0,0.0,0.0,0.0,0.0,0.0,0.0,0.0,0.0,0.0,0.0,0.0,0.0,0.0,0.0,0.0,284.0,284.0,0.0,0.0,0.0,0.0,0.0,0.0,0.0,0.0,0.0,0.0,0.0,0.0,0.0,0.0,0.0,0.0,0.0,0.0,0.0,0.0,0.0,0.0,0.0,0.0,0.0,0.0,0.0,0.0,0.0,0.0,0.0,0.0,284.0,284.0,0.0,0.0,0.0,0.0,0.0,0.0,0.0,,,,,0,0,0,0,31,0
DR Gemini 3.1 Pro,random,0.006,31,10,284,0.967741935483871,1.0,0.41935483870967744,0.0,0.5483870967741935,1.0,0.7741935483870968,1.0,0.1935483870967742,0.0,-0.1935483870967742,0.0,-0.16129032258064516,0.0,-0.03225806451612903,0.0,-0.1935483870967742,0.0,0.16129032258064516,0.0,0.03225806451612903,0.0,0.0,0.0,0.0,0.0,0.0,0.0,0.0,0.0,0.12903225806451613,0.0,-0.03225806451612903,0.0,6.67741935483871,7.0,5.709677419354839,6.0,0.22580645161290322,0.0,6.451612903225806,7.0,5.67741935483871,6.0,0.22580645161290322,0.0,0.03225806451612903,0.0,0.41935483870967744,0.0,0.03225806451612903,0.0,0.3870967741935484,0.0,6.032258064516129,6.0,5.645161290322581,6.0,0.3870967741935484,1.0,0.1935483870967742,0.0,0.03225806451612903,0.0,0.16129032258064516,0.0,0.03225806451612903,0.0,0.0,0.0,0.03225806451612903,0.0,5.935483870967742,6.903225806451613,1.0,9.96774193548387,9.774193548387096,0.0,9.96774193548387,9.774193548387096,0.0,0.966183574879227,0.8,True,True,18,14,1,7,23,1
DR Gemini 3.1 Pro,random,0.05,31,81,284,12.03225806451613,12.0,3.064516129032258,3.0,8.96774193548387,9.0,11.32258064516129,11.0,0.7096774193548387,1.0,-0.7741935483870968,-1.0,-0.4838709677419355,0.0,-0.2903225806451613,0.0,-0.7096774193548387,-1.0,0.4838709677419355,0.0,0.2903225806451613,0.0,0.0,0.0,0.0,0.0,0.06451612903225806,0.0,0.0,0.0,0.5806451612903226,1.0,1.3870967741935485,2.0,45.12903225806452,45.0,33.096774193548384,34.0,10.419354838709678,11.0,43.903225806451616,44.0,32.58064516129032,33.0,1.2258064516129032,1.0,0.5161290322580645,0.0,3.161290322580645,3.0,0.3225806451612903,0.0,2.838709677419355,3.0,40.74193548387097,40.0,32.25806451612903,32.0,8.483870967741936,9.0,1.0,1.0,0.5161290322580645,0.0,0.4838709677419355,0.0,0.22580645161290322,0.0,0.0,0.0,0.22580645161290322,0.0,43.516129032258064,55.54838709677419,13.0,9.419354838709678,8.64516129032258,-1.0,9.419354838709678,8.709677419354838,-1.0,0.9728377412437456,0.9410187667560321,True,True,31,13,6,18,7,6
DR Gemini 3.1 Pro,random,0.2,31,323,284,49.096774193548384,49.0,11.612903225806452,12.0,37.483870967741936,38.0,46.064516129032256,45.0,3.032258064516129,4.0,-2.774193548387097,-3.0,-2.129032258064516,-2.0,-0.6451612903225806,-1.0,-3.032258064516129,-4.0,2.129032258064516,2.0,0.6451612903225806,1.0,0.0,0.0,0.0,0.0,-0.25806451612903225,0.0,0.0,0.0,1.032258064516129,1.0,5.806451612903226,5.0,90.35483870967742,91.0,41.25806451612903,41.0,88.64516129032258,89.0,86.29032258064517,87.0,40.225806451612904,41.0,4.064516129032258,4.0,1.032258064516129,1.0,11.96774193548387,12.0,1.2580645161290323,1.0,10.709677419354838,11.0,74.3225806451613,75.0,38.96774193548387,39.0,35.354838709677416,37.0,3.161290322580645,3.0,1.032258064516129,1.0,2.129032258064516,2.0,0.9032258064516129,1.0,0.0,0.0,0.9032258064516129,1.0,129.90322580645162,179.0,48.0,7.419354838709677,4.645161290322581,-4.0,7.741935483870968,4.709677419354839,-4.0,0.9550160656908248,0.938239159001314,True,True,31,4,3,27,1,3
DR Gemini 3.1 Pro,random,0.5,31,808,284,69.90322580645162,69.0,20.870967741935484,20.0,49.03225806451613,48.0,64.48387096774194,64.0,5.419354838709677,5.0,-4.67741935483871,-5.0,-3.6451612903225805,-4.0,-1.032258064516129,-1.0,-5.419354838709677,-5.0,3.6451612903225805,4.0,1.032258064516129,1.0,0.0,0.0,0.0,0.0,-0.7419354838709677,-1.0,0.0,0.0,2.774193548387097,2.0,9.612903225806452,11.0,69.90322580645162,69.0,0.0,0.0,214.09677419354838,215.0,64.48387096774194,64.0,0.0,0.0,5.419354838709677,5.0,0.0,0.0,19.096774193548388,19.0,0.0,0.0,19.096774193548388,19.0,45.38709677419355,45.0,0.0,0.0,45.38709677419355,45.0,3.6451612903225805,4.0,0.0,0.0,3.6451612903225805,4.0,1.7741935483870968,2.0,0.0,0.0,1.7741935483870968,2.0,214.09677419354838,284.0,69.0,4.67741935483871,0.0,-5.0,5.419354838709677,0.0,-5.0,0.9224734656206738,0.9224734656206738,True,True,31,0,0,31,0,0
DR Gemini 3.1 Pro,random,0.6,31,969,284,52.806451612903224,52.0,18.258064516129032,18.0,34.54838709677419,34.0,48.064516129032256,48.0,4.741935483870968,5.0,-4.0,-4.0,-3.161290322580645,-3.0,-0.8387096774193549,-1.0,-4.741935483870968,-5.0,3.161290322580645,3.0,0.8387096774193549,1.0,0.0,0.0,0.0,0.0,-0.7419354838709677,-1.0,0.0,0.0,2.4838709677419355,2.0,7.451612903225806,8.0,52.806451612903224,52.0,0.0,0.0,231.19354838709677,232.0,48.064516129032256,48.0,0.0,0.0,4.741935483870968,5.0,0.0,0.0,16.677419354838708,17.0,0.0,0.0,16.677419354838708,17.0,31.387096774193548,31.0,0.0,0.0,31.387096774193548,31.0,3.161290322580645,3.0,0.0,0.0,3.161290322580645,3.0,1.5806451612903225,2.0,0.0,0.0,1.5806451612903225,2.0,231.19354838709677,284.0,52.0,4.0,0.0,-4.0,4.741935483870968,0.0,-5.0,0.9102015882712279,0.9102015882712279,True,True,31,0,0,31,0,0
DR Gemini 3.1 Pro,random,1.0,31,1615,284,0.0,0.0,0.0,0.0,0.0,0.0,0.0,0.0,0.0,0.0,0.0,0.0,0.0,0.0,0.0,0.0,0.0,0.0,0.0,0.0,0.0,0.0,0.0,0.0,0.0,0.0,0.0,0.0,0.0,0.0,0.0,0.0,0.0,0.0,0.0,0.0,0.0,0.0,284.0,284.0,0.0,0.0,0.0,0.0,0.0,0.0,0.0,0.0,0.0,0.0,0.0,0.0,0.0,0.0,0.0,0.0,0.0,0.0,0.0,0.0,0.0,0.0,0.0,0.0,0.0,0.0,0.0,0.0,0.0,0.0,0.0,0.0,284.0,284.0,0.0,0.0,0.0,0.0,0.0,0.0,0.0,,,,,0,0,0,0,31,0
DR Qwen-plus,release,0.006,31,10,284,1.4838709677419355,2.0,0.0,0.0,1.4838709677419355,2.0,1.6129032258064515,2.0,-0.12903225806451613,0.0,0.12903225806451613,0.0,0.16129032258064516,0.0,-0.03225806451612903,0.0,0.12903225806451613,0.0,-0.12903225806451613,0.0,0.03225806451612903,0.0,0.03225806451612903,0.0,0.0,0.0,0.03225806451612903,0.0,0.03225806451612903,0.0,0.0967741935483871,0.0,0.7741935483870968,1.0,7.129032258064516,7.0,5.645161290322581,6.0,0.2903225806451613,0.0,7.032258064516129,7.0,5.419354838709677,6.0,0.0967741935483871,0.0,0.22580645161290322,0.0,0.03225806451612903,0.0,0.03225806451612903,0.0,0.0,0.0,7.0,7.0,5.387096774193548,6.0,1.6129032258064515,2.0,0.0967741935483871,0.0,0.22580645161290322,0.0,-0.12903225806451613,0.0,0.0,0.0,0.0,0.0,0.0,0.0,5.935483870967742,7.419354838709677,2.0,30.774193548387096,30.903225806451612,0.0,30.774193548387096,30.903225806451612,0.0,0.9864253393665159,1.0869565217391304,True,True,23,21,1,2,25,4
DR Qwen-plus,release,0.05,31,81,284,10.67741935483871,11.0,1.935483870967742,2.0,8.741935483870968,9.0,10.709677419354838,12.0,-0.03225806451612903,0.0,-0.03225806451612903,0.0,0.0,0.0,-0.03225806451612903,0.0,0.03225806451612903,0.0,-0.03225806451612903,0.0,0.03225806451612903,0.0,-0.03225806451612903,0.0,0.0,0.0,0.03225806451612903,0.0,-0.03225806451612903,0.0,0.0,0.0,4.741935483870968,5.0,41.29032258064516,41.0,30.612903225806452,31.0,12.903225806451612,13.0,39.354838709677416,40.0,28.64516129032258,28.0,1.935483870967742,2.0,1.967741935483871,2.0,2.225806451612903,2.0,0.2903225806451613,0.0,1.935483870967742,2.0,37.12903225806452,37.0,28.35483870967742,28.0,8.774193548387096,10.0,1.935483870967742,2.0,1.967741935483871,2.0,-0.03225806451612903,0.0,0.0,0.0,0.0,0.0,0.0,0.0,43.516129032258064,54.193548387096776,10.0,29.0,28.967741935483872,0.0,28.93548387096774,28.967741935483872,0.0,0.953125,1.0030211480362539,True,True,30,18,11,12,8,11
DR Qwen-plus,release,0.2,31,323,284,36.61290322580645,37.0,5.129032258064516,5.0,31.483870967741936,31.0,35.87096774193548,36.0,0.7419354838709677,1.0,-0.5483870967741935,-1.0,0.0,0.0,-0.5483870967741935,-1.0,-0.7419354838709677,-1.0,-0.0967741935483871,0.0,0.5483870967741935,1.0,-0.0967741935483871,0.0,0.0,0.0,-0.2903225806451613,0.0,-0.0967741935483871,0.0,0.6774193548387096,2.0,16.677419354838708,16.0,70.06451612903226,69.0,33.45161290322581,32.0,96.45161290322581,96.0,63.774193548387096,62.0,27.903225806451612,28.0,6.290322580645161,6.0,5.548387096774194,6.0,5.838709677419355,6.0,1.5483870967741935,2.0,4.290322580645161,4.0,57.935483870967744,57.0,26.35483870967742,26.0,31.580645161290324,32.0,5.290322580645161,5.0,5.387096774193548,5.0,-0.0967741935483871,0.0,1.0,1.0,0.16129032258064516,0.0,0.8387096774193549,1.0,129.90322580645162,166.51612903225808,36.0,22.903225806451612,22.35483870967742,-1.0,22.838709677419356,22.096774193548388,-1.0,0.9102209944751382,0.9797356828193833,True,True,31,13,9,18,4,9
DR Qwen-plus,release,0.5,31,808,284,69.90322580645162,69.0,20.870967741935484,20.0,49.03225806451613,48.0,57.03225806451613,58.0,12.870967741935484,13.0,-12.806451612903226,-12.0,-11.451612903225806,-11.0,-1.3548387096774193,-1.0,-12.870967741935484,-13.0,10.548387096774194,11.0,1.3548387096774193,1.0,-0.9032258064516129,-1.0,0.0,0.0,-0.967741935483871,-1.0,-0.9032258064516129,-1.0,5.838709677419355,5.0,13.870967741935484,13.0,69.90322580645162,69.0,0.0,0.0,214.09677419354838,215.0,57.03225806451613,58.0,0.0,0.0,12.870967741935484,13.0,0.0,0.0,18.548387096774192,19.0,0.0,0.0,18.548387096774192,19.0,38.483870967741936,39.0,0.0,0.0,38.483870967741936,39.0,10.548387096774194,11.0,0.0,0.0,10.548387096774194,11.0,2.3225806451612905,2.0,0.0,0.0,2.3225806451612905,2.0,214.09677419354838,284.0,69.0,12.806451612903226,0.0,-12.0,12.870967741935484,0.0,-13.0,0.8158744808491002,0.8158744808491002,True,True,31,0,0,31,0,0
DR Qwen-plus,release,0.6,31,969,284,52.806451612903224,52.0,18.258064516129032,18.0,34.54838709677419,34.0,42.41935483870968,42.0,10.387096774193548,10.0,-10.548387096774194,-11.0,-9.451612903225806,-10.0,-1.096774193548387,-1.0,-10.387096774193548,-10.0,8.419354838709678,8.0,1.096774193548387,1.0,-1.032258064516129,-1.0,0.0,0.0,-0.8709677419354839,-1.0,-1.032258064516129,-1.0,4.129032258064516,5.0,11.741935483870968,10.0,52.806451612903224,52.0,0.0,0.0,231.19354838709677,232.0,42.41935483870968,42.0,0.0,0.0,10.387096774193548,10.0,0.0,0.0,16.29032258064516,16.0,0.0,0.0,16.29032258064516,16.0,26.129032258064516,25.0,0.0,0.0,26.129032258064516,25.0,8.419354838709678,8.0,0.0,0.0,8.419354838709678,8.0,1.967741935483871,2.0,0.0,0.0,1.967741935483871,2.0,231.19354838709677,284.0,52.0,10.548387096774194,0.0,-11.0,10.387096774193548,0.0,-10.0,0.8032987171655467,0.8032987171655467,True,True,31,0,0,31,0,0
DR Qwen-plus,release,1.0,31,1615,284,0.0,0.0,0.0,0.0,0.0,0.0,0.0,0.0,0.0,0.0,0.0,0.0,0.0,0.0,0.0,0.0,0.0,0.0,0.0,0.0,0.0,0.0,0.0,0.0,0.0,0.0,0.0,0.0,0.0,0.0,0.0,0.0,0.0,0.0,0.0,0.0,0.0,0.0,284.0,284.0,0.0,0.0,0.0,0.0,0.0,0.0,0.0,0.0,0.0,0.0,0.0,0.0,0.0,0.0,0.0,0.0,0.0,0.0,0.0,0.0,0.0,0.0,0.0,0.0,0.0,0.0,0.0,0.0,0.0,0.0,0.0,0.0,284.0,284.0,0.0,0.0,0.0,0.0,0.0,0.0,0.0,,,,,0,0,0,0,31,0
DR Qwen-plus,predicted_fail_count,0.006,31,10,284,-0.3548387096774194,0.0,1.1290322580645162,1.0,-1.4838709677419355,-1.0,-2.0,-2.0,1.6451612903225807,2.0,-1.6451612903225807,-2.0,-1.6129032258064515,-2.0,-0.03225806451612903,0.0,-1.6451612903225807,-2.0,1.6451612903225807,2.0,0.03225806451612903,0.0,0.03225806451612903,0.0,0.0,0.0,0.03225806451612903,0.0,0.03225806451612903,0.0,-0.0967741935483871,0.0,-1.0,-1.0,5.419354838709677,6.0,5.774193548387097,6.0,0.16129032258064516,0.0,3.5483870967741935,3.0,5.548387096774194,6.0,1.8709677419354838,2.0,0.22580645161290322,0.0,1.1612903225806452,1.0,0.03225806451612903,0.0,1.1290322580645162,1.0,2.3870967741935485,2.0,5.516129032258065,6.0,-3.129032258064516,-3.0,1.8709677419354838,2.0,0.22580645161290322,0.0,1.6451612903225807,2.0,0.0,0.0,0.0,0.0,0.0,0.0,5.935483870967742,5.580645161290323,0.0,30.774193548387096,29.129032258064516,-2.0,30.774193548387096,29.129032258064516,-2.0,0.6547619047619048,,True,,12,1,0,26,4,1
DR Qwen-plus,predicted_fail_count,0.05,31,81,284,0.22580645161290322,1.0,8.935483870967742,9.0,-8.709677419354838,-8.0,-9.580645161290322,-9.0,9.806451612903226,11.0,-9.870967741935484,-11.0,-9.838709677419354,-11.0,-0.03225806451612903,0.0,-9.806451612903226,-11.0,9.806451612903226,11.0,0.03225806451612903,0.0,-0.03225806451612903,0.0,0.0,0.0,0.03225806451612903,0.0,-0.03225806451612903,0.0,-0.8387096774193549,-1.0,-5.225806451612903,-6.0,37.225806451612904,37.0,37.0,37.0,6.516129032258065,7.0,26.129032258064516,26.0,35.70967741935484,36.0,11.096774193548388,12.0,1.2903225806451613,1.0,9.225806451612904,9.0,0.2903225806451613,0.0,8.935483870967742,9.0,16.903225806451612,16.0,35.41935483870968,35.0,-18.516129032258064,-18.0,11.096774193548388,12.0,1.2903225806451613,1.0,9.806451612903226,11.0,0.0,0.0,0.0,0.0,0.0,0.0,43.516129032258064,43.74193548387097,0.0,29.0,19.129032258064516,-10.0,28.93548387096774,19.129032258064516,-10.0,0.7019064124783362,-42.42857142857143,True,False,17,0,0,31,0,0
DR Qwen-plus,predicted_fail_count,0.2,31,323,284,42.29032258064516,42.0,24.774193548387096,25.0,17.516129032258064,17.0,20.29032258064516,20.0,22.0,22.0,-22.0,-22.0,-20.29032258064516,-20.0,-1.7096774193548387,-2.0,-22.0,-22.0,20.0,20.0,1.7096774193548387,2.0,-0.2903225806451613,0.0,0.0,0.0,-0.2903225806451613,0.0,-0.2903225806451613,0.0,1.1612903225806452,1.0,-6.709677419354839,-9.0,99.41935483870968,100.0,57.12903225806452,57.0,72.7741935483871,73.0,77.41935483870968,76.0,57.12903225806452,57.0,22.0,22.0,0.0,0.0,22.774193548387096,23.0,0.0,0.0,22.774193548387096,23.0,54.645161290322584,55.0,57.12903225806452,57.0,-2.4838709677419355,-3.0,20.0,20.0,0.0,0.0,20.0,20.0,2.0,2.0,0.0,0.0,2.0,2.0,129.90322580645162,172.19354838709677,42.0,22.903225806451612,0.9032258064516129,-22.0,22.838709677419356,0.8387096774193549,-22.0,0.7787151200519143,0.4797864225781846,True,False,31,0,0,31,0,0
DR Qwen-plus,predicted_fail_count,0.5,31,808,284,69.90322580645162,69.0,20.870967741935484,20.0,49.03225806451613,48.0,57.03225806451613,58.0,12.870967741935484,13.0,-12.806451612903226,-12.0,-11.451612903225806,-11.0,-1.3548387096774193,-1.0,-12.870967741935484,-13.0,10.548387096774194,11.0,1.3548387096774193,1.0,-0.9032258064516129,-1.0,0.0,0.0,-0.967741935483871,-1.0,-0.9032258064516129,-1.0,5.838709677419355,5.0,13.870967741935484,13.0,69.90322580645162,69.0,0.0,0.0,214.09677419354838,215.0,57.03225806451613,58.0,0.0,0.0,12.870967741935484,13.0,0.0,0.0,18.548387096774192,19.0,0.0,0.0,18.548387096774192,19.0,38.483870967741936,39.0,0.0,0.0,38.483870967741936,39.0,10.548387096774194,11.0,0.0,0.0,10.548387096774194,11.0,2.3225806451612905,2.0,0.0,0.0,2.3225806451612905,2.0,214.09677419354838,284.0,69.0,12.806451612903226,0.0,-12.0,12.870967741935484,0.0,-13.0,0.8158744808491002,0.8158744808491002,True,True,31,0,0,31,0,0
DR Qwen-plus,predicted_fail_count,0.6,31,969,284,52.806451612903224,52.0,18.258064516129032,18.0,34.54838709677419,34.0,42.41935483870968,42.0,10.387096774193548,10.0,-10.548387096774194,-11.0,-9.451612903225806,-10.0,-1.096774193548387,-1.0,-10.387096774193548,-10.0,8.419354838709678,8.0,1.096774193548387,1.0,-1.032258064516129,-1.0,0.0,0.0,-0.8709677419354839,-1.0,-1.032258064516129,-1.0,4.129032258064516,5.0,11.741935483870968,10.0,52.806451612903224,52.0,0.0,0.0,231.19354838709677,232.0,42.41935483870968,42.0,0.0,0.0,10.387096774193548,10.0,0.0,0.0,16.29032258064516,16.0,0.0,0.0,16.29032258064516,16.0,26.129032258064516,25.0,0.0,0.0,26.129032258064516,25.0,8.419354838709678,8.0,0.0,0.0,8.419354838709678,8.0,1.967741935483871,2.0,0.0,0.0,1.967741935483871,2.0,231.19354838709677,284.0,52.0,10.548387096774194,0.0,-11.0,10.387096774193548,0.0,-10.0,0.8032987171655467,0.8032987171655467,True,True,31,0,0,31,0,0
DR Qwen-plus,predicted_fail_count,1.0,31,1615,284,0.0,0.0,0.0,0.0,0.0,0.0,0.0,0.0,0.0,0.0,0.0,0.0,0.0,0.0,0.0,0.0,0.0,0.0,0.0,0.0,0.0,0.0,0.0,0.0,0.0,0.0,0.0,0.0,0.0,0.0,0.0,0.0,0.0,0.0,0.0,0.0,0.0,0.0,284.0,284.0,0.0,0.0,0.0,0.0,0.0,0.0,0.0,0.0,0.0,0.0,0.0,0.0,0.0,0.0,0.0,0.0,0.0,0.0,0.0,0.0,0.0,0.0,0.0,0.0,0.0,0.0,0.0,0.0,0.0,0.0,0.0,0.0,284.0,284.0,0.0,0.0,0.0,0.0,0.0,0.0,0.0,,,,,0,0,0,0,31,0
DR Qwen-plus,random,0.006,31,10,284,0.8709677419354839,1.0,0.41935483870967744,0.0,0.45161290322580644,1.0,0.5483870967741935,1.0,0.3225806451612903,0.0,-0.3225806451612903,0.0,-0.22580645161290322,0.0,-0.0967741935483871,0.0,-0.3225806451612903,0.0,0.2903225806451613,0.0,0.0967741935483871,0.0,0.06451612903225806,0.0,0.0,0.0,0.06451612903225806,0.0,0.06451612903225806,0.0,0.22580645161290322,0.0,0.2903225806451613,0.0,6.580645161290323,7.0,5.709677419354839,6.0,0.22580645161290322,0.0,6.032258064516129,6.0,5.483870967741935,6.0,0.5483870967741935,0.0,0.22580645161290322,0.0,0.41935483870967744,0.0,0.03225806451612903,0.0,0.3870967741935484,0.0,5.612903225806452,6.0,5.451612903225806,6.0,0.16129032258064516,1.0,0.5161290322580645,0.0,0.22580645161290322,0.0,0.2903225806451613,0.0,0.03225806451612903,0.0,0.0,0.0,0.03225806451612903,0.0,5.935483870967742,6.806451612903226,1.0,30.774193548387096,30.451612903225808,-1.0,30.774193548387096,30.451612903225808,0.0,0.9166666666666666,0.6296296296296297,True,True,19,13,1,12,17,2
DR Qwen-plus,random,0.05,31,81,284,10.483870967741936,11.0,2.838709677419355,3.0,7.645161290322581,7.0,8.064516129032258,7.0,2.4193548387096775,2.0,-2.4193548387096775,-2.0,-2.064516129032258,-2.0,-0.3548387096774194,0.0,-2.4193548387096775,-2.0,2.096774193548387,2.0,0.3548387096774194,0.0,0.03225806451612903,0.0,0.0,0.0,0.03225806451612903,0.0,0.03225806451612903,0.0,1.4838709677419355,2.0,2.193548387096774,2.0,43.70967741935484,44.0,33.225806451612904,34.0,10.290322580645162,10.0,39.54838709677419,39.0,31.483870967741936,32.0,4.161290322580645,4.0,1.7419354838709677,1.0,2.838709677419355,3.0,0.3225806451612903,0.0,2.5161290322580645,2.0,36.70967741935484,37.0,31.161290322580644,32.0,5.548387096774194,5.0,3.838709677419355,4.0,1.7419354838709677,1.0,2.096774193548387,2.0,0.3225806451612903,0.0,0.0,0.0,0.3225806451612903,0.0,43.516129032258064,54.0,11.0,29.0,26.580645161290324,-2.0,28.93548387096774,26.516129032258064,-2.0,0.9047970479704797,0.7692307692307693,True,True,30,5,2,26,3,2
DR Qwen-plus,random,0.2,31,323,284,43.70967741935484,43.0,10.774193548387096,11.0,32.935483870967744,32.0,35.03225806451613,34.0,8.67741935483871,10.0,-8.612903225806452,-10.0,-7.741935483870968,-9.0,-0.8709677419354839,-1.0,-8.67741935483871,-10.0,7.483870967741935,9.0,0.8709677419354839,1.0,-0.25806451612903225,0.0,0.0,0.0,-0.3225806451612903,0.0,-0.25806451612903225,0.0,4.064516129032258,5.0,7.064516129032258,7.0,87.2258064516129,87.0,43.516129032258064,44.0,86.38709677419355,86.0,74.6774193548387,75.0,39.645161290322584,40.0,12.548387096774194,13.0,3.870967741935484,4.0,10.903225806451612,11.0,1.3225806451612903,1.0,9.580645161290322,10.0,63.774193548387096,64.0,38.32258064516129,39.0,25.451612903225808,25.0,11.290322580645162,12.0,3.806451612903226,4.0,7.483870967741935,9.0,1.2580645161290323,1.0,0.06451612903225806,0.0,1.1935483870967742,1.0,129.90322580645162,173.61290322580646,43.0,22.903225806451612,14.290322580645162,-9.0,22.838709677419356,14.161290322580646,-9.0,0.8561390532544378,0.8014760147601476,True,True,31,1,0,30,1,0
DR Qwen-plus,random,0.5,31,808,284,69.90322580645162,69.0,20.870967741935484,20.0,49.03225806451613,48.0,57.03225806451613,58.0,12.870967741935484,13.0,-12.806451612903226,-12.0,-11.451612903225806,-11.0,-1.3548387096774193,-1.0,-12.870967741935484,-13.0,10.548387096774194,11.0,1.3548387096774193,1.0,-0.9032258064516129,-1.0,0.0,0.0,-0.967741935483871,-1.0,-0.9032258064516129,-1.0,5.838709677419355,5.0,13.870967741935484,13.0,69.90322580645162,69.0,0.0,0.0,214.09677419354838,215.0,57.03225806451613,58.0,0.0,0.0,12.870967741935484,13.0,0.0,0.0,18.548387096774192,19.0,0.0,0.0,18.548387096774192,19.0,38.483870967741936,39.0,0.0,0.0,38.483870967741936,39.0,10.548387096774194,11.0,0.0,0.0,10.548387096774194,11.0,2.3225806451612905,2.0,0.0,0.0,2.3225806451612905,2.0,214.09677419354838,284.0,69.0,12.806451612903226,0.0,-12.0,12.870967741935484,0.0,-13.0,0.8158744808491002,0.8158744808491002,True,True,31,0,0,31,0,0
DR Qwen-plus,random,0.6,31,969,284,52.806451612903224,52.0,18.258064516129032,18.0,34.54838709677419,34.0,42.41935483870968,42.0,10.387096774193548,10.0,-10.548387096774194,-11.0,-9.451612903225806,-10.0,-1.096774193548387,-1.0,-10.387096774193548,-10.0,8.419354838709678,8.0,1.096774193548387,1.0,-1.032258064516129,-1.0,0.0,0.0,-0.8709677419354839,-1.0,-1.032258064516129,-1.0,4.129032258064516,5.0,11.741935483870968,10.0,52.806451612903224,52.0,0.0,0.0,231.19354838709677,232.0,42.41935483870968,42.0,0.0,0.0,10.387096774193548,10.0,0.0,0.0,16.29032258064516,16.0,0.0,0.0,16.29032258064516,16.0,26.129032258064516,25.0,0.0,0.0,26.129032258064516,25.0,8.419354838709678,8.0,0.0,0.0,8.419354838709678,8.0,1.967741935483871,2.0,0.0,0.0,1.967741935483871,2.0,231.19354838709677,284.0,52.0,10.548387096774194,0.0,-11.0,10.387096774193548,0.0,-10.0,0.8032987171655467,0.8032987171655467,True,True,31,0,0,31,0,0
DR Qwen-plus,random,1.0,31,1615,284,0.0,0.0,0.0,0.0,0.0,0.0,0.0,0.0,0.0,0.0,0.0,0.0,0.0,0.0,0.0,0.0,0.0,0.0,0.0,0.0,0.0,0.0,0.0,0.0,0.0,0.0,0.0,0.0,0.0,0.0,0.0,0.0,0.0,0.0,0.0,0.0,0.0,0.0,284.0,284.0,0.0,0.0,0.0,0.0,0.0,0.0,0.0,0.0,0.0,0.0,0.0,0.0,0.0,0.0,0.0,0.0,0.0,0.0,0.0,0.0,0.0,0.0,0.0,0.0,0.0,0.0,0.0,0.0,0.0,0.0,0.0,0.0,284.0,284.0,0.0,0.0,0.0,0.0,0.0,0.0,0.0,,,,,0,0,0,0,31,0
AC Qwen-plus,release,0.006,31,5,210,0.06451612903225806,0.0,-0.03225806451612903,0.0,0.0967741935483871,0.0,0.0967741935483871,0.0,-0.03225806451612903,0.0,0.0,0.0,0.03225806451612903,0.0,-0.03225806451612903,0.0,0.03225806451612903,0.0,-0.03225806451612903,0.0,0.03225806451612903,0.0,0.0,0.0,0.0,0.0,0.03225806451612903,0.0,0.0,0.0,0.06451612903225806,0.0,-0.06451612903225806,0.0,0.8387096774193549,1.0,0.7741935483870968,1.0,0.0,0.0,0.6774193548387096,1.0,0.5806451612903226,0.0,0.16129032258064516,0.0,0.1935483870967742,0.0,0.03225806451612903,0.0,0.06451612903225806,0.0,-0.03225806451612903,0.0,0.6451612903225806,0.0,0.5161290322580645,0.0,0.12903225806451613,0.0,0.16129032258064516,0.0,0.1935483870967742,0.0,-0.03225806451612903,0.0,0.0,0.0,0.0,0.0,0.0,0.0,0.7741935483870968,0.8387096774193549,0.0,40.774193548387096,40.774193548387096,0.0,40.806451612903224,40.83870967741935,0.0,0.8076923076923077,1.5,True,True,10,7,0,5,20,6
AC Qwen-plus,release,0.05,31,42,210,5.129032258064516,5.0,3.2580645161290325,3.0,1.8709677419354838,2.0,4.741935483870968,5.0,0.3870967741935484,0.0,-0.0967741935483871,0.0,-0.3870967741935484,0.0,0.2903225806451613,0.0,-0.3870967741935484,0.0,0.3870967741935484,0.0,-0.2903225806451613,0.0,0.0,0.0,0.0,0.0,-0.2903225806451613,0.0,0.0,0.0,0.3870967741935484,0.0,0.5161290322580645,0.0,12.483870967741936,13.0,7.354838709677419,7.0,0.7096774193548387,0.0,10.516129032258064,11.0,5.774193548387097,6.0,1.967741935483871,2.0,1.5806451612903225,1.0,4.387096774193548,4.0,1.1290322580645162,1.0,3.2580645161290325,3.0,6.129032258064516,6.0,4.645161290322581,5.0,1.4838709677419355,2.0,1.967741935483871,2.0,1.5806451612903225,1.0,0.3870967741935484,0.0,0.0,0.0,0.0,0.0,0.0,0.0,8.064516129032258,13.193548387096774,5.0,38.87096774193548,38.774193548387096,0.0,39.29032258064516,38.903225806451616,0.0,0.8423772609819121,0.9245283018867925,True,True,28,15,8,13,7,11
AC Qwen-plus,release,0.2,31,169,210,16.64516129032258,17.0,13.903225806451612,14.0,2.7419354838709675,3.0,13.838709677419354,14.0,2.806451612903226,3.0,-2.2580645161290325,-3.0,-2.032258064516129,-3.0,-0.22580645161290322,0.0,-2.806451612903226,-3.0,1.8709677419354838,2.0,0.22580645161290322,0.0,-0.16129032258064516,0.0,0.0,0.0,-0.7096774193548387,-1.0,-0.16129032258064516,0.0,2.096774193548387,2.0,-0.9354838709677419,-1.0,36.903225806451616,36.0,20.258064516129032,20.0,10.387096774193548,11.0,29.451612903225808,29.0,15.612903225806452,15.0,7.451612903225806,8.0,4.645161290322581,4.0,16.193548387096776,16.0,3.225806451612903,3.0,12.96774193548387,13.0,13.258064516129032,13.0,12.387096774193548,13.0,0.8709677419354839,1.0,6.451612903225806,7.0,4.580645161290323,4.0,1.8709677419354838,2.0,1.0,1.0,0.06451612903225806,0.0,0.9354838709677419,1.0,30.64516129032258,47.29032258064516,16.0,32.25806451612903,30.0,-2.0,33.87096774193548,31.06451612903226,-3.0,0.7980769230769231,0.8313953488372093,True,True,31,8,3,23,5,3
AC Qwen-plus,release,0.5,31,422,210,41.516129032258064,42.0,36.096774193548384,36.0,5.419354838709677,5.0,40.29032258064516,41.0,1.2258064516129032,2.0,-0.06451612903225806,0.0,0.0,0.0,-0.06451612903225806,0.0,-1.2258064516129032,-2.0,-0.1935483870967742,0.0,0.06451612903225806,0.0,-0.1935483870967742,0.0,0.0,0.0,-1.3548387096774193,-1.0,-0.1935483870967742,0.0,1.2258064516129032,1.0,4.290322580645161,3.0,65.41935483870968,66.0,23.903225806451612,24.0,53.96774193548387,54.0,56.67741935483871,57.0,16.387096774193548,16.0,8.741935483870968,9.0,7.516129032258065,8.0,41.903225806451616,42.0,7.225806451612903,7.0,34.67741935483871,34.0,14.774193548387096,15.0,9.161290322580646,9.0,5.612903225806452,5.0,6.645161290322581,6.0,6.838709677419355,7.0,-0.1935483870967742,0.0,2.096774193548387,2.0,0.6774193548387096,1.0,1.4193548387096775,1.0,77.87096774193549,119.38709677419355,43.0,19.225806451612904,19.161290322580644,-1.0,22.161290322580644,20.93548387096774,-2.0,0.866370808678501,0.9704739704739704,True,True,31,18,13,13,5,13
AC Qwen-plus,release,0.6,31,506,210,43.12903225806452,44.0,38.87096774193548,39.0,4.258064516129032,4.0,41.774193548387096,43.0,1.3548387096774193,2.0,-0.0967741935483871,-1.0,0.22580645161290322,0.0,-0.3225806451612903,0.0,-1.3548387096774193,-2.0,-0.5161290322580645,-1.0,0.3225806451612903,0.0,-0.2903225806451613,0.0,0.0,0.0,-1.5483870967741935,-2.0,-0.2903225806451613,0.0,0.6774193548387096,1.0,5.064516129032258,5.0,66.09677419354838,67.0,22.967741935483872,22.0,72.16129032258064,72.0,57.12903225806452,57.0,15.35483870967742,15.0,8.96774193548387,9.0,7.612903225806452,8.0,45.03225806451613,45.0,8.03225806451613,8.0,37.0,37.0,12.096774193548388,11.0,7.32258064516129,7.0,4.774193548387097,4.0,6.0,6.0,6.516129032258065,7.0,-0.5161290322580645,-1.0,2.967741935483871,3.0,1.096774193548387,1.0,1.8709677419354838,2.0,95.12903225806451,138.25806451612902,43.0,15.193548387096774,15.096774193548388,-1.0,18.64516129032258,17.29032258064516,-1.0,0.8643240605173256,0.9685863874345549,True,True,31,15,13,16,2,13
AC Qwen-plus,release,1.0,31,843,210,0.0,0.0,0.0,0.0,0.0,0.0,0.0,0.0,0.0,0.0,0.0,0.0,0.0,0.0,0.0,0.0,0.0,0.0,0.0,0.0,0.0,0.0,0.0,0.0,0.0,0.0,0.0,0.0,0.0,0.0,0.0,0.0,0.0,0.0,0.0,0.0,0.0,0.0,210.0,210.0,0.0,0.0,0.0,0.0,0.0,0.0,0.0,0.0,0.0,0.0,0.0,0.0,0.0,0.0,0.0,0.0,0.0,0.0,0.0,0.0,0.0,0.0,0.0,0.0,0.0,0.0,0.0,0.0,0.0,0.0,0.0,0.0,210.0,210.0,0.0,0.0,0.0,0.0,0.0,0.0,0.0,,,,,0,0,0,0,31,0
AC Qwen-plus,predicted_fail_count,0.006,31,5,210,0.5161290322580645,1.0,0.2903225806451613,0.0,0.22580645161290322,0.0,0.41935483870967744,0.0,0.0967741935483871,0.0,-0.12903225806451613,0.0,-0.0967741935483871,0.0,-0.03225806451612903,0.0,-0.0967741935483871,0.0,0.0967741935483871,0.0,0.03225806451612903,0.0,0.0,0.0,0.0,0.0,0.03225806451612903,0.0,0.0,0.0,0.06451612903225806,0.0,-0.1935483870967742,0.0,1.2903225806451613,1.0,0.7741935483870968,1.0,0.0,0.0,1.0,1.0,0.5806451612903226,0.0,0.2903225806451613,0.0,0.1935483870967742,0.0,0.3548387096774194,0.0,0.06451612903225806,0.0,0.2903225806451613,0.0,0.6451612903225806,0.0,0.5161290322580645,0.0,0.12903225806451613,0.0,0.2903225806451613,0.0,0.1935483870967742,0.0,0.0967741935483871,0.0,0.0,0.0,0.0,0.0,0.0,0.0,0.7741935483870968,1.2903225806451613,0.0,40.774193548387096,40.645161290322584,0.0,40.806451612903224,40.70967741935484,0.0,0.775,0.8125,True,True,17,11,0,8,18,5
AC Qwen-plus,predicted_fail_count,0.05,31,42,210,2.870967741935484,3.0,4.580645161290323,5.0,-1.7096774193548387,-1.0,2.129032258064516,2.0,0.7419354838709677,1.0,-0.4838709677419355,0.0,-0.7419354838709677,-1.0,0.25806451612903225,0.0,-0.7419354838709677,-1.0,0.7419354838709677,1.0,-0.25806451612903225,0.0,0.0,0.0,0.0,0.0,-0.25806451612903225,0.0,0.0,0.0,-0.2903225806451613,0.0,0.16129032258064516,0.0,10.193548387096774,11.0,7.32258064516129,7.0,0.7419354838709677,0.0,8.064516129032258,8.0,5.935483870967742,6.0,2.129032258064516,2.0,1.3870967741935485,1.0,5.612903225806452,6.0,1.032258064516129,1.0,4.580645161290323,5.0,2.4516129032258065,3.0,4.903225806451613,5.0,-2.4516129032258065,-2.0,2.129032258064516,2.0,1.3870967741935485,1.0,0.7419354838709677,1.0,0.0,0.0,0.0,0.0,0.0,0.0,8.064516129032258,10.935483870967742,3.0,38.87096774193548,38.38709677419355,0.0,39.29032258064516,38.54838709677419,0.0,0.7911392405063291,0.7415730337078652,True,True,23,10,5,15,8,8
AC Qwen-plus,predicted_fail_count,0.2,31,169,210,13.935483870967742,13.0,18.64516129032258,19.0,-4.709677419354839,-6.0,11.32258064516129,11.0,2.6129032258064515,3.0,-2.193548387096774,-2.0,-2.838709677419355,-3.0,0.6451612903225806,1.0,-2.6129032258064515,-3.0,2.6774193548387095,3.0,-0.6451612903225806,-1.0,-0.16129032258064516,0.0,0.0,0.0,-0.5806451612903226,-1.0,-0.16129032258064516,0.0,-1.935483870967742,-2.0,-0.5806451612903226,-1.0,35.903225806451616,37.0,21.967741935483872,23.0,8.67741935483871,9.0,28.677419354838708,29.0,17.35483870967742,18.0,7.225806451612903,8.0,4.612903225806452,4.0,21.29032258064516,20.0,2.5806451612903225,2.0,18.70967741935484,19.0,7.387096774193548,7.0,14.774193548387096,15.0,-7.387096774193548,-7.0,7.225806451612903,8.0,4.548387096774194,4.0,2.6774193548387095,3.0,0.0,0.0,0.06451612903225806,0.0,-0.06451612903225806,0.0,30.64516129032258,44.58064516129032,14.0,32.25806451612903,30.06451612903226,-2.0,33.87096774193548,31.258064516129032,-3.0,0.7987421383647799,0.8125,True,True,31,9,7,22,2,7
AC Qwen-plus,predicted_fail_count,0.5,31,422,210,29.06451612903226,28.0,37.70967741935484,37.0,-8.64516129032258,-10.0,26.225806451612904,25.0,2.838709677419355,2.0,-2.129032258064516,-3.0,-3.225806451612903,-3.0,1.096774193548387,1.0,-2.838709677419355,-2.0,3.2580645161290325,3.0,-1.096774193548387,-1.0,0.03225806451612903,0.0,0.0,0.0,-0.6774193548387096,-1.0,0.03225806451612903,0.0,-3.6774193548387095,-4.0,2.5161290322580645,3.0,63.41935483870968,63.0,34.354838709677416,36.0,43.516129032258064,43.0,54.25806451612903,55.0,28.032258064516128,28.0,9.161290322580646,9.0,6.32258064516129,6.0,46.064516129032256,46.0,7.935483870967742,8.0,38.12903225806452,38.0,8.193548387096774,8.0,20.096774193548388,21.0,-11.903225806451612,-13.0,8.67741935483871,9.0,5.419354838709677,5.0,3.2580645161290325,3.0,0.4838709677419355,0.0,0.9032258064516129,1.0,-0.41935483870967744,-1.0,77.87096774193549,106.93548387096774,31.0,19.225806451612904,17.096774193548388,-3.0,22.161290322580644,19.322580645161292,-4.0,0.8555442522889115,0.902330743618202,True,True,31,8,6,23,2,6
AC Qwen-plus,predicted_fail_count,0.6,31,506,210,33.225806451612904,34.0,41.12903225806452,41.0,-7.903225806451613,-8.0,31.032258064516128,30.0,2.193548387096774,2.0,-1.8064516129032258,-2.0,-3.129032258064516,-3.0,1.3225806451612903,1.0,-2.193548387096774,-2.0,3.064516129032258,3.0,-1.3225806451612903,-1.0,-0.06451612903225806,0.0,0.0,0.0,-0.45161290322580644,0.0,-0.06451612903225806,0.0,-4.258064516129032,-5.0,3.0,2.0,66.16129032258064,65.0,32.935483870967744,32.0,62.193548387096776,62.0,58.193548387096776,58.0,27.161290322580644,27.0,7.967741935483871,8.0,5.774193548387097,6.0,50.774193548387096,51.0,8.774193548387096,9.0,42.0,41.0,7.419354838709677,7.0,18.387096774193548,18.0,-10.96774193548387,-12.0,7.483870967741935,8.0,4.419354838709677,4.0,3.064516129032258,3.0,0.4838709677419355,0.0,1.3548387096774193,1.0,-0.8709677419354839,-1.0,95.12903225806451,128.3548387096774,34.0,15.193548387096774,13.387096774193548,-2.0,18.64516129032258,16.451612903225808,-3.0,0.8795709410043882,0.9339805825242719,True,True,31,10,6,21,4,6
AC Qwen-plus,predicted_fail_count,1.0,31,843,210,0.0,0.0,0.0,0.0,0.0,0.0,0.0,0.0,0.0,0.0,0.0,0.0,0.0,0.0,0.0,0.0,0.0,0.0,0.0,0.0,0.0,0.0,0.0,0.0,0.0,0.0,0.0,0.0,0.0,0.0,0.0,0.0,0.0,0.0,0.0,0.0,0.0,0.0,210.0,210.0,0.0,0.0,0.0,0.0,0.0,0.0,0.0,0.0,0.0,0.0,0.0,0.0,0.0,0.0,0.0,0.0,0.0,0.0,0.0,0.0,0.0,0.0,0.0,0.0,0.0,0.0,0.0,0.0,0.0,0.0,0.0,0.0,210.0,210.0,0.0,0.0,0.0,0.0,0.0,0.0,0.0,,,,,0,0,0,0,31,0
AC Qwen-plus,random,0.006,31,5,210,0.7741935483870968,1.0,0.22580645161290322,0.0,0.5483870967741935,0.0,0.6774193548387096,0.0,0.0967741935483871,0.0,-0.12903225806451613,0.0,-0.0967741935483871,0.0,-0.03225806451612903,0.0,-0.0967741935483871,0.0,0.0967741935483871,0.0,0.03225806451612903,0.0,0.0,0.0,0.0,0.0,0.03225806451612903,0.0,0.0,0.0,0.06451612903225806,0.0,-0.1935483870967742,0.0,1.5483870967741935,1.0,0.7741935483870968,1.0,0.0,0.0,1.2580645161290323,1.0,0.5806451612903226,0.0,0.2903225806451613,0.0,0.1935483870967742,0.0,0.2903225806451613,0.0,0.06451612903225806,0.0,0.22580645161290322,0.0,0.967741935483871,1.0,0.5161290322580645,0.0,0.45161290322580644,0.0,0.2903225806451613,0.0,0.1935483870967742,0.0,0.0967741935483871,0.0,0.0,0.0,0.0,0.0,0.0,0.0,0.7741935483870968,1.5483870967741935,0.0,40.774193548387096,40.645161290322584,0.0,40.806451612903224,40.70967741935484,0.0,0.8125,0.875,True,True,19,12,1,8,18,5
AC Qwen-plus,random,0.05,31,42,210,4.354838709677419,4.0,3.6451612903225805,4.0,0.7096774193548387,0.0,3.4516129032258065,3.0,0.9032258064516129,1.0,-0.7096774193548387,-1.0,-0.5161290322580645,0.0,-0.1935483870967742,0.0,-0.9032258064516129,-1.0,0.5161290322580645,0.0,0.1935483870967742,0.0,0.0,0.0,0.0,0.0,-0.1935483870967742,0.0,0.0,0.0,0.4838709677419355,0.0,0.3548387096774194,0.0,11.612903225806452,11.0,7.258064516129032,7.0,0.8064516129032258,0.0,9.290322580645162,9.0,5.838709677419355,6.0,2.3225806451612905,2.0,1.4193548387096775,1.0,4.290322580645161,5.0,1.032258064516129,1.0,3.2580645161290325,3.0,5.0,5.0,4.806451612903226,5.0,0.1935483870967742,0.0,1.935483870967742,2.0,1.4193548387096775,1.0,0.5161290322580645,0.0,0.3870967741935484,0.0,0.0,0.0,0.3870967741935484,0.0,8.064516129032258,12.419354838709678,4.0,38.87096774193548,38.16129032258065,-1.0,39.29032258064516,38.38709677419355,-1.0,0.8,0.7925925925925926,True,True,27,12,6,17,6,8
AC Qwen-plus,random,0.2,31,169,210,17.06451612903226,16.0,15.96774193548387,16.0,1.096774193548387,1.0,13.96774193548387,13.0,3.096774193548387,4.0,-2.4193548387096775,-2.0,-1.3870967741935485,-2.0,-1.032258064516129,-1.0,-3.096774193548387,-4.0,1.2258064516129032,1.0,1.032258064516129,1.0,-0.16129032258064516,0.0,0.0,0.0,-0.8387096774193549,-1.0,-0.16129032258064516,0.0,1.1935483870967742,1.0,0.6774193548387096,0.0,37.87096774193548,38.0,20.806451612903224,22.0,9.838709677419354,10.0,29.806451612903224,30.0,15.838709677419354,16.0,8.064516129032258,8.0,4.967741935483871,5.0,17.032258064516128,17.0,2.935483870967742,3.0,14.096774193548388,14.0,12.774193548387096,13.0,12.903225806451612,14.0,-0.12903225806451613,0.0,6.129032258064516,6.0,4.903225806451613,5.0,1.2258064516129032,1.0,1.935483870967742,2.0,0.06451612903225806,0.0,1.8709677419354838,2.0,30.64516129032258,47.70967741935484,16.0,32.25806451612903,29.838709677419356,-2.0,33.87096774193548,30.774193548387096,-3.0,0.787052810902896,0.8185255198487713,True,True,31,6,6,25,0,6
AC Qwen-plus,random,0.5,31,422,210,34.16129032258065,33.0,31.612903225806452,32.0,2.5483870967741935,1.0,29.451612903225808,30.0,4.709677419354839,4.0,-2.806451612903226,-3.0,-1.4193548387096775,-1.0,-1.3870967741935485,-1.0,-4.709677419354839,-4.0,1.3548387096774193,1.0,1.3870967741935485,1.0,-0.06451612903225806,0.0,0.0,0.0,-1.967741935483871,-1.0,-0.06451612903225806,0.0,1.3225806451612903,1.0,4.290322580645161,3.0,62.774193548387096,63.0,28.612903225806452,28.0,49.25806451612903,49.0,51.03225806451613,51.0,21.580645161290324,21.0,11.741935483870968,12.0,7.032258064516129,7.0,37.45161290322581,37.0,9.193548387096774,9.0,28.258064516129032,29.0,13.580645161290322,13.0,12.387096774193548,14.0,1.1935483870967742,-1.0,7.806451612903226,8.0,6.451612903225806,6.0,1.3548387096774193,1.0,3.935483870967742,4.0,0.5806451612903226,0.0,3.3548387096774195,3.0,77.87096774193549,112.03225806451613,36.0,19.225806451612904,16.419354838709676,-4.0,22.161290322580644,17.451612903225808,-6.0,0.8129496402877698,0.8621340887629839,True,True,31,7,5,24,2,5
AC Qwen-plus,random,0.6,31,506,210,36.935483870967744,36.0,33.516129032258064,33.0,3.4193548387096775,3.0,32.45161290322581,33.0,4.483870967741935,5.0,-2.4838709677419355,-2.0,-1.1935483870967742,-2.0,-1.2903225806451613,-1.0,-4.483870967741935,-5.0,1.0,1.0,1.2903225806451613,1.0,-0.1935483870967742,0.0,0.0,0.0,-2.193548387096774,-2.0,-0.1935483870967742,0.0,1.032258064516129,2.0,4.516129032258065,3.0,64.12903225806451,65.0,27.193548387096776,26.0,67.93548387096774,69.0,53.29032258064516,53.0,20.838709677419356,20.0,10.838709677419354,12.0,6.354838709677419,6.0,41.483870967741936,42.0,11.451612903225806,11.0,30.032258064516128,30.0,11.806451612903226,12.0,9.387096774193548,9.0,2.4193548387096775,2.0,6.612903225806452,6.0,5.612903225806452,5.0,1.0,1.0,4.225806451612903,4.0,0.7419354838709677,1.0,3.4838709677419355,3.0,95.12903225806451,132.06451612903226,38.0,15.193548387096774,12.709677419354838,-3.0,18.64516129032258,14.161290322580646,-5.0,0.8309859154929577,0.8786026200873363,True,True,31,6,5,25,1,5
AC Qwen-plus,random,1.0,31,843,210,0.0,0.0,0.0,0.0,0.0,0.0,0.0,0.0,0.0,0.0,0.0,0.0,0.0,0.0,0.0,0.0,0.0,0.0,0.0,0.0,0.0,0.0,0.0,0.0,0.0,0.0,0.0,0.0,0.0,0.0,0.0,0.0,0.0,0.0,0.0,0.0,0.0,0.0,210.0,210.0,0.0,0.0,0.0,0.0,0.0,0.0,0.0,0.0,0.0,0.0,0.0,0.0,0.0,0.0,0.0,0.0,0.0,0.0,0.0,0.0,0.0,0.0,0.0,0.0,0.0,0.0,0.0,0.0,0.0,0.0,0.0,0.0,210.0,210.0,0.0,0.0,0.0,0.0,0.0,0.0,0.0,,,,,0,0,0,0,31,0
AC DeepSeek v4-pro,release,0.006,31,5,210,0.06451612903225806,0.0,-0.03225806451612903,0.0,0.0967741935483871,0.0,0.0,0.0,0.06451612903225806,0.0,-0.06451612903225806,0.0,-0.06451612903225806,0.0,0.0,0.0,-0.06451612903225806,0.0,0.06451612903225806,0.0,0.0,0.0,0.0,0.0,0.0,0.0,0.0,0.0,0.0,0.0,-0.16129032258064516,0.0,-0.16129032258064516,0.0,0.8387096774193549,1.0,0.7741935483870968,1.0,0.0,0.0,0.7419354838709677,1.0,0.7419354838709677,1.0,0.0967741935483871,0.0,0.03225806451612903,0.0,0.03225806451612903,0.0,0.06451612903225806,0.0,-0.03225806451612903,0.0,0.7096774193548387,1.0,0.6774193548387096,1.0,0.03225806451612903,0.0,0.0967741935483871,0.0,0.03225806451612903,0.0,0.06451612903225806,0.0,0.0,0.0,0.0,0.0,0.0,0.0,0.7741935483870968,0.8387096774193549,0.0,29.967741935483872,29.903225806451612,0.0,29.967741935483872,29.903225806451612,0.0,0.8846153846153846,0.0,True,False,10,8,0,3,27,1
AC DeepSeek v4-pro,release,0.05,31,42,210,5.129032258064516,5.0,3.2580645161290325,3.0,1.8709677419354838,2.0,4.32258064516129,5.0,0.8064516129032258,1.0,-0.5806451612903226,-1.0,-0.8387096774193549,-1.0,0.25806451612903225,0.0,-0.8064516129032258,-1.0,0.8064516129032258,1.0,-0.25806451612903225,0.0,-0.03225806451612903,0.0,0.0,0.0,-0.25806451612903225,0.0,-0.03225806451612903,0.0,-0.4838709677419355,-1.0,-0.5161290322580645,0.0,12.483870967741936,13.0,7.354838709677419,7.0,0.7096774193548387,0.0,11.03225806451613,11.0,6.709677419354839,7.0,1.4516129032258065,1.0,0.6451612903225806,1.0,4.387096774193548,4.0,1.1290322580645162,1.0,3.2580645161290325,3.0,6.645161290322581,7.0,5.580645161290323,5.0,1.064516129032258,2.0,1.4516129032258065,1.0,0.6451612903225806,1.0,0.8064516129032258,1.0,0.0,0.0,0.0,0.0,0.0,0.0,8.064516129032258,13.193548387096774,5.0,28.70967741935484,28.129032258064516,-1.0,29.29032258064516,28.483870967741936,0.0,0.8837209302325582,0.8427672955974843,True,True,28,14,7,16,7,8
AC DeepSeek v4-pro,release,0.2,31,169,210,20.612903225806452,21.0,15.193548387096774,16.0,5.419354838709677,6.0,19.612903225806452,20.0,1.0,1.0,-0.0967741935483871,0.0,-1.4516129032258065,-1.0,1.3548387096774193,1.0,-1.0,-1.0,1.2580645161290323,1.0,-1.3548387096774193,-1.0,-0.1935483870967742,0.0,0.0,0.0,-1.096774193548387,-1.0,-0.1935483870967742,0.0,-1.7741935483870968,-2.0,-0.4838709677419355,-1.0,39.935483870967744,40.0,19.322580645161292,19.0,11.32258064516129,12.0,36.806451612903224,37.0,17.193548387096776,17.0,3.129032258064516,3.0,2.129032258064516,2.0,18.419354838709676,18.0,2.967741935483871,3.0,15.451612903225806,16.0,18.387096774193548,19.0,14.225806451612904,14.0,4.161290322580645,4.0,3.129032258064516,3.0,1.8709677419354838,2.0,1.2580645161290323,1.0,0.0,0.0,0.25806451612903225,0.0,-0.25806451612903225,0.0,30.64516129032258,51.25806451612903,20.0,24.677419354838708,24.580645161290324,0.0,26.93548387096774,25.93548387096774,-1.0,0.9216478190630049,0.9514866979655712,True,True,31,20,13,11,7,13
AC DeepSeek v4-pro,release,0.5,31,422,210,43.806451612903224,45.0,37.516129032258064,37.0,6.290322580645161,6.0,39.774193548387096,41.0,4.032258064516129,4.0,-1.6129032258064515,-1.0,-2.5483870967741935,-2.0,0.9354838709677419,1.0,-4.032258064516129,-4.0,2.4838709677419355,2.0,-0.9354838709677419,-1.0,-0.06451612903225806,0.0,0.0,0.0,-2.4838709677419355,-3.0,-0.06451612903225806,0.0,-2.2580645161290325,-3.0,-0.7096774193548387,0.0,66.90322580645162,68.0,23.096774193548388,22.0,54.774193548387096,55.0,59.645161290322584,59.0,19.870967741935484,20.0,7.258064516129032,7.0,3.225806451612903,3.0,42.25806451612903,42.0,6.290322580645161,6.0,35.96774193548387,36.0,17.387096774193548,18.0,13.580645161290322,14.0,3.806451612903226,4.0,4.387096774193548,4.0,1.903225806451613,2.0,2.4838709677419355,2.0,2.870967741935484,3.0,1.3225806451612903,1.0,1.5483870967741935,1.0,77.87096774193549,121.6774193548387,45.0,15.387096774193548,13.774193548387096,-1.0,20.580645161290324,16.548387096774192,-3.0,0.8915139826422372,0.9079528718703976,True,True,31,11,8,20,3,8
AC DeepSeek v4-pro,release,0.6,31,506,210,45.354838709677416,46.0,39.935483870967744,40.0,5.419354838709677,5.0,39.935483870967744,41.0,5.419354838709677,6.0,-2.870967741935484,-3.0,-3.129032258064516,-3.0,0.25806451612903225,0.0,-5.419354838709677,-6.0,3.129032258064516,3.0,-0.25806451612903225,0.0,0.0,0.0,0.0,0.0,-2.5483870967741935,-3.0,0.0,0.0,-1.2903225806451613,-2.0,-0.8064516129032258,0.0,67.3225806451613,68.0,21.967741935483872,21.0,73.16129032258064,73.0,59.096774193548384,58.0,19.161290322580644,18.0,8.225806451612904,8.0,2.806451612903226,3.0,44.774193548387096,45.0,7.129032258064516,7.0,37.645161290322584,38.0,14.32258064516129,14.0,12.03225806451613,11.0,2.2903225806451615,2.0,4.161290322580645,4.0,1.032258064516129,1.0,3.129032258064516,3.0,4.064516129032258,4.0,1.7741935483870968,2.0,2.2903225806451615,2.0,95.12903225806451,140.48387096774192,45.0,11.838709677419354,8.96774193548387,-3.0,17.741935483870968,12.32258064516129,-6.0,0.877815045519885,0.8805120910384068,True,True,31,6,4,25,2,4
AC DeepSeek v4-pro,release,1.0,31,843,210,0.0,0.0,0.0,0.0,0.0,0.0,0.0,0.0,0.0,0.0,0.0,0.0,0.0,0.0,0.0,0.0,0.0,0.0,0.0,0.0,0.0,0.0,0.0,0.0,0.0,0.0,0.0,0.0,0.0,0.0,0.0,0.0,0.0,0.0,0.0,0.0,0.0,0.0,210.0,210.0,0.0,0.0,0.0,0.0,0.0,0.0,0.0,0.0,0.0,0.0,0.0,0.0,0.0,0.0,0.0,0.0,0.0,0.0,0.0,0.0,0.0,0.0,0.0,0.0,0.0,0.0,0.0,0.0,0.0,0.0,0.0,0.0,210.0,210.0,0.0,0.0,0.0,0.0,0.0,0.0,0.0,,,,,0,0,0,0,31,0
AC DeepSeek v4-pro,predicted_fail_count,0.006,31,5,210,0.4838709677419355,0.0,0.3225806451612903,0.0,0.16129032258064516,0.0,0.3548387096774194,0.0,0.12903225806451613,0.0,-0.12903225806451613,0.0,-0.12903225806451613,0.0,0.0,0.0,-0.12903225806451613,0.0,0.12903225806451613,0.0,0.0,0.0,0.0,0.0,0.0,0.0,0.0,0.0,0.0,0.0,-0.16129032258064516,0.0,-0.22580645161290322,0.0,1.2580645161290323,1.0,0.7741935483870968,1.0,0.0,0.0,1.096774193548387,1.0,0.7419354838709677,1.0,0.16129032258064516,0.0,0.03225806451612903,0.0,0.3870967741935484,0.0,0.06451612903225806,0.0,0.3225806451612903,0.0,0.7096774193548387,1.0,0.6774193548387096,1.0,0.03225806451612903,0.0,0.16129032258064516,0.0,0.03225806451612903,0.0,0.12903225806451613,0.0,0.0,0.0,0.0,0.0,0.0,0.0,0.7741935483870968,1.2580645161290323,0.0,29.967741935483872,29.838709677419356,0.0,29.967741935483872,29.838709677419356,0.0,0.8717948717948718,0.7333333333333333,True,True,15,12,0,4,26,1
AC DeepSeek v4-pro,predicted_fail_count,0.05,31,42,210,2.4193548387096775,3.0,4.67741935483871,5.0,-2.2580645161290325,-2.0,1.7741935483870968,2.0,0.6451612903225806,1.0,-0.41935483870967744,0.0,-0.6774193548387096,-1.0,0.25806451612903225,0.0,-0.6451612903225806,-1.0,0.6451612903225806,1.0,-0.25806451612903225,0.0,-0.03225806451612903,0.0,0.0,0.0,-0.25806451612903225,0.0,-0.03225806451612903,0.0,-1.032258064516129,-1.0,-0.3548387096774194,0.0,9.903225806451612,10.0,7.483870967741935,7.0,0.5806451612903226,0.0,8.64516129032258,9.0,6.870967741935484,7.0,1.2580645161290323,1.0,0.6129032258064516,1.0,5.709677419354839,6.0,1.032258064516129,1.0,4.67741935483871,5.0,2.935483870967742,3.0,5.838709677419355,6.0,-2.903225806451613,-2.0,1.2580645161290323,1.0,0.6129032258064516,1.0,0.6451612903225806,1.0,0.0,0.0,0.0,0.0,0.0,0.0,8.064516129032258,10.483870967741936,2.0,28.70967741935484,28.29032258064516,-1.0,29.29032258064516,28.64516129032258,0.0,0.8729641693811075,0.7333333333333333,True,True,22,13,4,15,9,7
AC DeepSeek v4-pro,predicted_fail_count,0.2,31,169,210,13.0,13.0,20.419354838709676,21.0,-7.419354838709677,-8.0,11.258064516129032,11.0,1.7419354838709677,2.0,-0.8064516129032258,0.0,-2.161290322580645,-2.0,1.3548387096774193,1.0,-1.7419354838709677,-2.0,2.0,2.0,-1.3548387096774193,-1.0,-0.16129032258064516,0.0,0.0,0.0,-1.096774193548387,-1.0,-0.16129032258064516,0.0,-3.2580645161290325,-3.0,-1.2903225806451613,-1.0,35.806451612903224,36.0,22.806451612903224,23.0,7.838709677419355,8.0,32.064516129032256,33.0,20.806451612903224,21.0,3.7419354838709675,4.0,2.0,2.0,23.032258064516128,23.0,2.3548387096774195,2.0,20.677419354838708,21.0,9.03225806451613,9.0,18.451612903225808,19.0,-9.419354838709678,-10.0,3.7419354838709675,4.0,1.7419354838709677,1.0,2.0,2.0,0.0,0.0,0.25806451612903225,0.0,-0.25806451612903225,0.0,30.64516129032258,43.645161290322584,13.0,24.677419354838708,23.870967741935484,0.0,26.93548387096774,25.193548387096776,-1.0,0.8954954954954955,0.8660049627791563,True,True,31,16,8,15,8,8
AC DeepSeek v4-pro,predicted_fail_count,0.5,31,422,210,29.677419354838708,31.0,42.70967741935484,42.0,-13.03225806451613,-15.0,27.741935483870968,29.0,1.935483870967742,2.0,-0.12903225806451613,1.0,-3.161290322580645,-3.0,3.032258064516129,3.0,-1.935483870967742,-2.0,3.096774193548387,3.0,-3.032258064516129,-3.0,-0.06451612903225806,0.0,0.0,0.0,-1.8709677419354838,-2.0,-0.06451612903225806,0.0,-6.580645161290323,-7.0,-1.096774193548387,0.0,66.2258064516129,67.0,36.54838709677419,36.0,41.32258064516129,41.0,60.87096774193548,61.0,33.12903225806452,34.0,5.354838709677419,5.0,3.4193548387096775,3.0,50.38709677419355,50.0,6.516129032258065,6.0,43.87096774193548,43.0,10.483870967741936,11.0,26.612903225806452,27.0,-16.129032258064516,-16.0,4.774193548387097,4.0,1.6774193548387097,1.0,3.096774193548387,3.0,0.5806451612903226,0.0,1.7419354838709677,2.0,-1.1612903225806452,-1.0,77.87096774193549,107.54838709677419,30.0,15.387096774193548,15.258064516129032,1.0,20.580645161290324,18.64516129032258,-1.0,0.9191427179736971,0.9347826086956522,True,True,31,18,16,13,2,16
AC DeepSeek v4-pro,predicted_fail_count,0.6,31,506,210,33.74193548387097,33.0,46.45161290322581,47.0,-12.709677419354838,-12.0,33.12903225806452,34.0,0.6129032258064516,0.0,0.5806451612903226,1.0,-2.5806451612903225,-2.0,3.161290322580645,4.0,-0.6129032258064516,0.0,2.6129032258064515,2.0,-3.161290322580645,-4.0,0.03225806451612903,0.0,0.0,0.0,-1.1612903225806452,-1.0,0.03225806451612903,0.0,-6.612903225806452,-7.0,0.0,0.0,69.29032258064517,69.0,35.54838709677419,36.0,59.58064516129032,59.0,64.29032258064517,63.0,31.161290322580644,32.0,5.0,4.0,4.387096774193548,4.0,54.903225806451616,55.0,6.451612903225806,7.0,48.45161290322581,49.0,9.387096774193548,9.0,24.70967741935484,24.0,-15.32258064516129,-15.0,4.193548387096774,4.0,1.5806451612903225,1.0,2.6129032258064515,2.0,0.8064516129032258,1.0,2.806451612903226,3.0,-2.0,-2.0,95.12903225806451,128.8709677419355,34.0,11.838709677419354,12.419354838709678,0.0,17.741935483870968,17.129032258064516,-1.0,0.9278398510242085,0.9818355640535373,True,True,31,21,17,10,4,17
AC DeepSeek v4-pro,predicted_fail_count,1.0,31,843,210,0.0,0.0,0.0,0.0,0.0,0.0,0.0,0.0,0.0,0.0,0.0,0.0,0.0,0.0,0.0,0.0,0.0,0.0,0.0,0.0,0.0,0.0,0.0,0.0,0.0,0.0,0.0,0.0,0.0,0.0,0.0,0.0,0.0,0.0,0.0,0.0,0.0,0.0,210.0,210.0,0.0,0.0,0.0,0.0,0.0,0.0,0.0,0.0,0.0,0.0,0.0,0.0,0.0,0.0,0.0,0.0,0.0,0.0,0.0,0.0,0.0,0.0,0.0,0.0,0.0,0.0,0.0,0.0,0.0,0.0,0.0,0.0,210.0,210.0,0.0,0.0,0.0,0.0,0.0,0.0,0.0,,,,,0,0,0,0,31,0
AC DeepSeek v4-pro,random,0.006,31,5,210,0.7096774193548387,1.0,0.22580645161290322,0.0,0.4838709677419355,0.0,0.6451612903225806,1.0,0.06451612903225806,0.0,-0.16129032258064516,0.0,-0.03225806451612903,0.0,-0.12903225806451613,0.0,-0.06451612903225806,0.0,0.06451612903225806,0.0,0.12903225806451613,0.0,0.03225806451612903,0.0,0.0,0.0,0.12903225806451613,0.0,0.03225806451612903,0.0,0.0967741935483871,0.0,-0.16129032258064516,0.0,1.4838709677419355,1.0,0.7741935483870968,1.0,0.0,0.0,1.3870967741935485,1.0,0.7419354838709677,1.0,0.0967741935483871,0.0,0.03225806451612903,0.0,0.2903225806451613,0.0,0.06451612903225806,0.0,0.22580645161290322,0.0,1.096774193548387,1.0,0.6774193548387096,1.0,0.41935483870967744,0.0,0.0967741935483871,0.0,0.03225806451612903,0.0,0.06451612903225806,0.0,0.0,0.0,0.0,0.0,0.0,0.0,0.7741935483870968,1.4838709677419355,0.0,29.967741935483872,29.806451612903224,0.0,29.967741935483872,29.903225806451612,0.0,0.9347826086956522,0.9090909090909091,True,True,19,17,2,5,24,2
AC DeepSeek v4-pro,random,0.05,31,42,210,4.483870967741935,5.0,3.774193548387097,4.0,0.7096774193548387,0.0,3.4193548387096775,4.0,1.064516129032258,1.0,-0.9032258064516129,-1.0,-0.4838709677419355,0.0,-0.41935483870967744,0.0,-1.064516129032258,-1.0,0.45161290322580644,0.0,0.41935483870967744,0.0,-0.03225806451612903,0.0,0.0,0.0,-0.1935483870967742,0.0,-0.03225806451612903,0.0,0.25806451612903225,1.0,-0.1935483870967742,0.0,11.741935483870968,12.0,7.258064516129032,7.0,0.8064516129032258,0.0,10.064516129032258,10.0,6.645161290322581,7.0,1.6774193548387097,2.0,0.6129032258064516,1.0,4.193548387096774,4.0,1.032258064516129,1.0,3.161290322580645,3.0,5.870967741935484,6.0,5.612903225806452,5.0,0.25806451612903225,0.0,1.064516129032258,1.0,0.6129032258064516,1.0,0.45161290322580644,0.0,0.6129032258064516,1.0,0.0,0.0,0.6129032258064516,1.0,8.064516129032258,12.548387096774194,5.0,28.70967741935484,27.806451612903224,-1.0,29.29032258064516,28.225806451612904,-1.0,0.8571428571428571,0.762589928057554,True,True,26,11,5,18,6,7
AC DeepSeek v4-pro,random,0.2,31,169,210,18.677419354838708,18.0,16.903225806451612,17.0,1.7741935483870968,1.0,15.870967741935484,15.0,2.806451612903226,2.0,-1.7741935483870968,-1.0,-1.096774193548387,-2.0,-0.6774193548387096,0.0,-2.806451612903226,-2.0,0.9032258064516129,1.0,0.6774193548387096,0.0,-0.1935483870967742,0.0,0.0,0.0,-1.2258064516129032,-1.0,-0.1935483870967742,0.0,0.4838709677419355,0.0,-0.2903225806451613,0.0,39.38709677419355,39.0,20.70967741935484,22.0,9.935483870967742,10.0,34.38709677419355,35.0,18.516129032258064,19.0,5.0,5.0,2.193548387096774,2.0,17.741935483870968,17.0,2.7419354838709675,3.0,15.0,15.0,16.64516129032258,17.0,15.774193548387096,17.0,0.8709677419354839,0.0,2.838709677419355,3.0,1.935483870967742,2.0,0.9032258064516129,1.0,2.161290322580645,2.0,0.25806451612903225,0.0,1.903225806451613,2.0,30.64516129032258,49.32258064516129,18.0,24.677419354838708,22.903225806451612,-1.0,26.93548387096774,24.129032258064516,-3.0,0.8730548730548731,0.8497409326424871,True,True,31,10,6,21,4,6
AC DeepSeek v4-pro,random,0.5,31,422,210,37.38709677419355,38.0,33.645161290322584,34.0,3.7419354838709675,2.0,31.161290322580644,32.0,6.225806451612903,7.0,-3.064516129032258,-3.0,-1.6129032258064515,-2.0,-1.4516129032258065,-1.0,-6.225806451612903,-7.0,1.5161290322580645,1.0,1.4516129032258065,1.0,-0.0967741935483871,0.0,0.0,0.0,-3.2580645161290325,-4.0,-0.0967741935483871,0.0,0.3548387096774194,0.0,0.3870967741935484,2.0,65.06451612903226,65.0,27.677419354838708,27.0,50.193548387096776,49.0,55.16129032258065,54.0,24.0,24.0,9.903225806451612,9.0,3.6774193548387095,3.0,37.54838709677419,37.0,8.612903225806452,8.0,28.93548387096774,28.0,17.612903225806452,17.0,15.387096774193548,17.0,2.225806451612903,2.0,4.225806451612903,4.0,2.7096774193548385,3.0,1.5161290322580645,1.0,5.67741935483871,6.0,0.967741935483871,1.0,4.709677419354839,4.0,77.87096774193549,115.25806451612904,39.0,15.387096774193548,12.32258064516129,-3.0,20.580645161290324,14.35483870967742,-7.0,0.8477937530986613,0.8334771354616048,True,True,31,10,7,21,3,7
AC DeepSeek v4-pro,random,0.6,31,506,210,40.354838709677416,40.0,36.225806451612904,36.0,4.129032258064516,4.0,33.74193548387097,33.0,6.612903225806452,6.0,-3.064516129032258,-3.0,-1.4516129032258065,-1.0,-1.6129032258064515,-2.0,-6.612903225806452,-6.0,1.3870967741935485,1.0,1.6129032258064515,2.0,-0.06451612903225806,0.0,0.0,0.0,-3.6129032258064515,-4.0,-0.06451612903225806,0.0,0.6774193548387096,0.0,1.096774193548387,2.0,66.6774193548387,67.0,26.322580645161292,25.0,68.80645161290323,69.0,56.41935483870968,56.0,22.677419354838708,22.0,10.258064516129032,10.0,3.6451612903225805,3.0,41.354838709677416,41.0,10.35483870967742,10.0,31.0,30.0,15.064516129032258,15.0,12.32258064516129,12.0,2.7419354838709675,4.0,3.6451612903225805,3.0,2.2580645161290325,2.0,1.3870967741935485,1.0,6.612903225806452,7.0,1.3870967741935485,1.0,5.225806451612903,5.0,95.12903225806451,135.48387096774192,40.0,11.838709677419354,8.774193548387096,-3.0,17.741935483870968,11.129032258064516,-7.0,0.8461538461538461,0.8361310951239008,True,True,31,7,5,24,2,5
AC DeepSeek v4-pro,random,1.0,31,843,210,0.0,0.0,0.0,0.0,0.0,0.0,0.0,0.0,0.0,0.0,0.0,0.0,0.0,0.0,0.0,0.0,0.0,0.0,0.0,0.0,0.0,0.0,0.0,0.0,0.0,0.0,0.0,0.0,0.0,0.0,0.0,0.0,0.0,0.0,0.0,0.0,0.0,0.0,210.0,210.0,0.0,0.0,0.0,0.0,0.0,0.0,0.0,0.0,0.0,0.0,0.0,0.0,0.0,0.0,0.0,0.0,0.0,0.0,0.0,0.0,0.0,0.0,0.0,0.0,0.0,0.0,0.0,0.0,0.0,0.0,0.0,0.0,210.0,210.0,0.0,0.0,0.0,0.0,0.0,0.0,0.0,,,,,0,0,0,0,31,0
DR GPT-5.4 low,release,0.006,31,10,284,1.3870967741935485,2.0,0.0,0.0,1.3870967741935485,2.0,1.3870967741935485,2.0,0.0,0.0,0.0,0.0,0.0,0.0,0.0,0.0,0.0,0.0,0.0,0.0,0.0,0.0,0.0,0.0,0.0,0.0,0.0,0.0,0.0,0.0,0.22580645161290322,0.0,0.03225806451612903,0.0,7.032258064516129,7.0,5.645161290322581,6.0,0.2903225806451613,0.0,7.0,7.0,5.612903225806452,6.0,0.03225806451612903,0.0,0.03225806451612903,0.0,0.03225806451612903,0.0,0.03225806451612903,0.0,0.0,0.0,6.967741935483871,7.0,5.580645161290323,6.0,1.3870967741935485,2.0,0.03225806451612903,0.0,0.03225806451612903,0.0,0.0,0.0,0.0,0.0,0.0,0.0,0.0,0.0,5.935483870967742,7.32258064516129,2.0,9.935483870967742,9.935483870967742,0.0,9.96774193548387,9.96774193548387,0.0,0.9954128440366973,1.0,True,True,22,20,2,2,27,2
DR GPT-5.4 low,release,0.05,31,81,284,11.064516129032258,12.0,1.935483870967742,2.0,9.129032258064516,10.0,11.483870967741936,12.0,-0.41935483870967744,0.0,0.5161290322580645,1.0,0.41935483870967744,0.0,0.0967741935483871,0.0,0.41935483870967744,0.0,-0.41935483870967744,0.0,-0.0967741935483871,0.0,0.0,0.0,0.0,0.0,-0.0967741935483871,0.0,0.0,0.0,0.3548387096774194,0.0,1.6774193548387097,2.0,41.645161290322584,42.0,30.580645161290324,31.0,12.935483870967742,13.0,41.483870967741936,42.0,30.0,31.0,0.16129032258064516,0.0,0.5806451612903226,0.0,2.225806451612903,2.0,0.2903225806451613,0.0,1.935483870967742,2.0,39.25806451612903,39.0,29.70967741935484,30.0,9.548387096774194,10.0,0.16129032258064516,0.0,0.5806451612903226,0.0,-0.41935483870967744,0.0,0.0,0.0,0.0,0.0,0.0,0.0,43.516129032258064,54.58064516129032,10.0,9.290322580645162,9.806451612903226,1.0,9.419354838709678,9.838709677419354,0.0,0.9961270333075135,1.0379008746355685,True,True,31,27,17,4,10,17
DR GPT-5.4 low,release,0.2,31,323,284,39.61290322580645,37.0,6.483870967741935,6.0,33.12903225806452,31.0,39.16129032258065,39.0,0.45161290322580644,1.0,-0.0967741935483871,0.0,0.5483870967741935,0.0,-0.6451612903225806,-1.0,-0.45161290322580644,-1.0,-0.5483870967741935,0.0,0.6451612903225806,1.0,0.0,0.0,0.0,0.0,-0.3548387096774194,0.0,0.0,0.0,1.3225806451612903,1.0,6.612903225806452,7.0,72.61290322580645,72.0,33.0,32.0,96.90322580645162,97.0,70.58064516129032,70.0,31.419354838709676,31.0,2.032258064516129,2.0,1.5806451612903225,2.0,7.032258064516129,7.0,1.5483870967741935,1.0,5.483870967741935,5.0,63.54838709677419,63.0,29.870967741935484,29.0,33.67741935483871,32.0,1.032258064516129,1.0,1.5806451612903225,2.0,-0.5483870967741935,0.0,1.0,1.0,0.0,0.0,1.0,1.0,129.90322580645162,169.51612903225808,37.0,7.451612903225806,7.354838709677419,1.0,7.870967741935484,7.419354838709677,0.0,0.9720124389160373,0.988599348534202,True,True,31,17,10,14,7,10
DR GPT-5.4 low,release,0.5,31,808,284,69.90322580645162,69.0,20.870967741935484,20.0,49.03225806451613,48.0,64.93548387096774,63.0,4.967741935483871,5.0,-4.064516129032258,-4.0,-3.161290322580645,-3.0,-0.9032258064516129,-1.0,-4.967741935483871,-5.0,3.161290322580645,3.0,0.9032258064516129,1.0,0.0,0.0,0.0,0.0,-0.9032258064516129,-1.0,0.0,0.0,2.5483870967741935,2.0,7.774193548387097,8.0,69.90322580645162,69.0,0.0,0.0,214.09677419354838,215.0,64.93548387096774,63.0,0.0,0.0,4.967741935483871,5.0,0.0,0.0,19.06451612903226,19.0,0.0,0.0,19.06451612903226,19.0,45.87096774193548,44.0,0.0,0.0,45.87096774193548,44.0,3.161290322580645,3.0,0.0,0.0,3.161290322580645,3.0,1.8064516129032258,2.0,0.0,0.0,1.8064516129032258,2.0,214.09677419354838,284.0,69.0,4.064516129032258,0.0,-4.0,4.967741935483871,0.0,-5.0,0.9289340101522843,0.9289340101522843,True,True,31,1,0,30,1,0
DR GPT-5.4 low,release,0.6,31,969,284,52.806451612903224,52.0,18.258064516129032,18.0,34.54838709677419,34.0,48.58064516129032,49.0,4.225806451612903,4.0,-3.3548387096774195,-3.0,-2.5483870967741935,-3.0,-0.8064516129032258,-1.0,-4.225806451612903,-4.0,2.5483870967741935,3.0,0.8064516129032258,1.0,0.0,0.0,0.0,0.0,-0.8709677419354839,-1.0,0.0,0.0,2.3870967741935485,2.0,6.774193548387097,7.0,52.806451612903224,52.0,0.0,0.0,231.19354838709677,232.0,48.58064516129032,49.0,0.0,0.0,4.225806451612903,4.0,0.0,0.0,16.580645161290324,17.0,0.0,0.0,16.580645161290324,17.0,32.0,32.0,0.0,0.0,32.0,32.0,2.5483870967741935,3.0,0.0,0.0,2.5483870967741935,3.0,1.6774193548387097,2.0,0.0,0.0,1.6774193548387097,2.0,231.19354838709677,284.0,52.0,3.3548387096774195,0.0,-3.0,4.225806451612903,0.0,-4.0,0.919975565058033,0.919975565058033,True,True,31,1,0,30,1,0
DR GPT-5.4 low,release,1.0,31,1615,284,0.0,0.0,0.0,0.0,0.0,0.0,0.0,0.0,0.0,0.0,0.0,0.0,0.0,0.0,0.0,0.0,0.0,0.0,0.0,0.0,0.0,0.0,0.0,0.0,0.0,0.0,0.0,0.0,0.0,0.0,0.0,0.0,0.0,0.0,0.0,0.0,0.0,0.0,284.0,284.0,0.0,0.0,0.0,0.0,0.0,0.0,0.0,0.0,0.0,0.0,0.0,0.0,0.0,0.0,0.0,0.0,0.0,0.0,0.0,0.0,0.0,0.0,0.0,0.0,0.0,0.0,0.0,0.0,0.0,0.0,0.0,0.0,284.0,284.0,0.0,0.0,0.0,0.0,0.0,0.0,0.0,,,,,0,0,0,0,31,0
DR GPT-5.4 low,predicted_fail_count,0.006,31,10,284,-0.8387096774193549,-1.0,1.935483870967742,2.0,-2.774193548387097,-3.0,-1.3225806451612903,-1.0,0.4838709677419355,0.0,-0.4838709677419355,0.0,-0.4838709677419355,0.0,0.0,0.0,-0.4838709677419355,0.0,0.4838709677419355,0.0,0.0,0.0,0.0,0.0,0.0,0.0,0.0,0.0,0.0,0.0,-0.06451612903225806,0.0,-0.45161290322580644,0.0,4.935483870967742,5.0,5.774193548387097,6.0,0.16129032258064516,0.0,4.419354838709677,5.0,5.741935483870968,6.0,0.5161290322580645,0.0,0.03225806451612903,0.0,1.967741935483871,2.0,0.03225806451612903,0.0,1.935483870967742,2.0,2.4516129032258065,2.0,5.709677419354839,6.0,-3.2580645161290325,-3.0,0.5161290322580645,0.0,0.03225806451612903,0.0,0.4838709677419355,0.0,0.0,0.0,0.0,0.0,0.0,0.0,5.935483870967742,5.096774193548387,-1.0,9.935483870967742,9.451612903225806,0.0,9.96774193548387,9.483870967741936,0.0,0.8954248366013072,,True,,11,4,0,14,16,1
DR GPT-5.4 low,predicted_fail_count,0.05,31,81,284,-1.6451612903225807,-1.0,13.67741935483871,14.0,-15.32258064516129,-15.0,-5.516129032258065,-4.0,3.870967741935484,4.0,-3.774193548387097,-4.0,-3.870967741935484,-4.0,0.0967741935483871,0.0,-3.870967741935484,-4.0,3.870967741935484,4.0,-0.0967741935483871,0.0,0.0,0.0,0.0,0.0,-0.0967741935483871,0.0,0.0,0.0,-0.5483870967741935,-1.0,-2.5806451612903225,-3.0,35.83870967741935,35.0,37.483870967741936,37.0,6.032258064516129,6.0,31.70967741935484,31.0,37.225806451612904,37.0,4.129032258064516,4.0,0.25806451612903225,0.0,13.903225806451612,14.0,0.22580645161290322,0.0,13.67741935483871,14.0,17.806451612903224,17.0,37.0,37.0,-19.193548387096776,-19.0,4.129032258064516,4.0,0.25806451612903225,0.0,3.870967741935484,4.0,0.0,0.0,0.0,0.0,0.0,0.0,43.516129032258064,41.87096774193548,-2.0,9.290322580645162,5.516129032258065,-4.0,9.419354838709678,5.548387096774194,-5.0,0.8847884788478848,,True,,13,1,0,29,2,0
DR GPT-5.4 low,predicted_fail_count,0.2,31,323,284,55.483870967741936,56.0,25.612903225806452,26.0,29.870967741935484,29.0,47.61290322580645,48.0,7.870967741935484,8.0,-7.451612903225806,-7.0,-5.870967741935484,-6.0,-1.5806451612903225,-2.0,-7.870967741935484,-8.0,5.870967741935484,6.0,1.5806451612903225,2.0,0.0,0.0,0.0,0.0,-0.41935483870967744,0.0,0.0,0.0,-0.6774193548387096,0.0,0.25806451612903225,0.0,111.58064516129032,112.0,56.096774193548384,56.0,73.80645161290323,73.0,103.70967741935483,104.0,56.096774193548384,56.0,7.870967741935484,8.0,0.0,0.0,23.612903225806452,24.0,0.0,0.0,23.612903225806452,24.0,80.09677419354838,81.0,56.096774193548384,56.0,24.0,23.0,5.870967741935484,6.0,0.0,0.0,5.870967741935484,6.0,2.0,2.0,0.0,0.0,2.0,2.0,129.90322580645162,185.38709677419354,55.0,7.451612903225806,0.0,-7.0,7.870967741935484,0.0,-8.0,0.9294593813240821,0.858139534883721,True,True,31,0,0,31,0,0
DR GPT-5.4 low,predicted_fail_count,0.5,31,808,284,69.90322580645162,69.0,20.870967741935484,20.0,49.03225806451613,48.0,64.93548387096774,63.0,4.967741935483871,5.0,-4.064516129032258,-4.0,-3.161290322580645,-3.0,-0.9032258064516129,-1.0,-4.967741935483871,-5.0,3.161290322580645,3.0,0.9032258064516129,1.0,0.0,0.0,0.0,0.0,-0.9032258064516129,-1.0,0.0,0.0,2.5483870967741935,2.0,7.774193548387097,8.0,69.90322580645162,69.0,0.0,0.0,214.09677419354838,215.0,64.93548387096774,63.0,0.0,0.0,4.967741935483871,5.0,0.0,0.0,19.06451612903226,19.0,0.0,0.0,19.06451612903226,19.0,45.87096774193548,44.0,0.0,0.0,45.87096774193548,44.0,3.161290322580645,3.0,0.0,0.0,3.161290322580645,3.0,1.8064516129032258,2.0,0.0,0.0,1.8064516129032258,2.0,214.09677419354838,284.0,69.0,4.064516129032258,0.0,-4.0,4.967741935483871,0.0,-5.0,0.9289340101522843,0.9289340101522843,True,True,31,1,0,30,1,0
DR GPT-5.4 low,predicted_fail_count,0.6,31,969,284,52.806451612903224,52.0,18.258064516129032,18.0,34.54838709677419,34.0,48.58064516129032,49.0,4.225806451612903,4.0,-3.3548387096774195,-3.0,-2.5483870967741935,-3.0,-0.8064516129032258,-1.0,-4.225806451612903,-4.0,2.5483870967741935,3.0,0.8064516129032258,1.0,0.0,0.0,0.0,0.0,-0.8709677419354839,-1.0,0.0,0.0,2.3870967741935485,2.0,6.774193548387097,7.0,52.806451612903224,52.0,0.0,0.0,231.19354838709677,232.0,48.58064516129032,49.0,0.0,0.0,4.225806451612903,4.0,0.0,0.0,16.580645161290324,17.0,0.0,0.0,16.580645161290324,17.0,32.0,32.0,0.0,0.0,32.0,32.0,2.5483870967741935,3.0,0.0,0.0,2.5483870967741935,3.0,1.6774193548387097,2.0,0.0,0.0,1.6774193548387097,2.0,231.19354838709677,284.0,52.0,3.3548387096774195,0.0,-3.0,4.225806451612903,0.0,-4.0,0.919975565058033,0.919975565058033,True,True,31,1,0,30,1,0
DR GPT-5.4 low,predicted_fail_count,1.0,31,1615,284,0.0,0.0,0.0,0.0,0.0,0.0,0.0,0.0,0.0,0.0,0.0,0.0,0.0,0.0,0.0,0.0,0.0,0.0,0.0,0.0,0.0,0.0,0.0,0.0,0.0,0.0,0.0,0.0,0.0,0.0,0.0,0.0,0.0,0.0,0.0,0.0,0.0,0.0,284.0,284.0,0.0,0.0,0.0,0.0,0.0,0.0,0.0,0.0,0.0,0.0,0.0,0.0,0.0,0.0,0.0,0.0,0.0,0.0,0.0,0.0,0.0,0.0,0.0,0.0,0.0,0.0,0.0,0.0,0.0,0.0,0.0,0.0,284.0,284.0,0.0,0.0,0.0,0.0,0.0,0.0,0.0,,,,,0,0,0,0,31,0
DR GPT-5.4 low,random,0.006,31,10,284,1.064516129032258,1.0,0.41935483870967744,0.0,0.6451612903225806,1.0,0.9354838709677419,1.0,0.12903225806451613,0.0,-0.1935483870967742,0.0,-0.12903225806451613,0.0,-0.06451612903225806,0.0,-0.12903225806451613,0.0,0.12903225806451613,0.0,0.06451612903225806,0.0,0.0,0.0,0.0,0.0,0.06451612903225806,0.0,0.0,0.0,0.0967741935483871,0.0,-0.0967741935483871,0.0,6.774193548387097,7.0,5.709677419354839,6.0,0.22580645161290322,0.0,6.612903225806452,7.0,5.67741935483871,6.0,0.16129032258064516,0.0,0.03225806451612903,0.0,0.45161290322580644,0.0,0.03225806451612903,0.0,0.41935483870967744,0.0,6.161290322580645,6.0,5.645161290322581,6.0,0.5161290322580645,1.0,0.16129032258064516,0.0,0.03225806451612903,0.0,0.12903225806451613,0.0,0.0,0.0,0.0,0.0,0.0,0.0,5.935483870967742,7.0,1.0,9.935483870967742,9.741935483870968,0.0,9.96774193548387,9.838709677419354,0.0,0.9761904761904762,0.8787878787878788,True,True,20,15,2,8,21,2
DR GPT-5.4 low,random,0.05,31,81,284,12.35483870967742,13.0,3.129032258064516,3.0,9.225806451612904,10.0,11.612903225806452,12.0,0.7419354838709677,1.0,-0.6129032258064516,0.0,-0.4838709677419355,0.0,-0.12903225806451613,0.0,-0.7419354838709677,-1.0,0.4838709677419355,0.0,0.12903225806451613,0.0,0.0,0.0,0.0,0.0,-0.12903225806451613,0.0,0.0,0.0,0.5806451612903226,1.0,0.8387096774193549,0.0,45.354838709677416,46.0,33.0,33.0,10.516129032258064,11.0,44.12903225806452,45.0,32.516129032258064,33.0,1.2258064516129032,1.0,0.4838709677419355,0.0,3.193548387096774,3.0,0.3225806451612903,0.0,2.870967741935484,3.0,40.935483870967744,41.0,32.193548387096776,32.0,8.741935483870968,10.0,0.967741935483871,1.0,0.4838709677419355,0.0,0.4838709677419355,0.0,0.25806451612903225,0.0,0.0,0.0,0.25806451612903225,0.0,43.516129032258064,55.87096774193548,13.0,9.290322580645162,8.67741935483871,0.0,9.419354838709678,8.67741935483871,-1.0,0.972972972972973,0.9399477806788512,True,True,31,17,5,14,12,5
DR GPT-5.4 low,random,0.2,31,323,284,49.67741935483871,49.0,11.67741935483871,12.0,38.0,38.0,46.29032258064516,46.0,3.3870967741935485,4.0,-3.064516129032258,-4.0,-2.2580645161290325,-2.0,-0.8064516129032258,-1.0,-3.3870967741935485,-4.0,2.2580645161290325,2.0,0.8064516129032258,1.0,0.0,0.0,0.0,0.0,-0.3225806451612903,0.0,0.0,0.0,1.3548387096774193,2.0,3.935483870967742,4.0,90.80645161290323,91.0,41.12903225806452,41.0,88.7741935483871,89.0,86.58064516129032,87.0,40.29032258064516,40.0,4.225806451612903,4.0,0.8387096774193549,1.0,11.838709677419354,12.0,1.2903225806451613,1.0,10.548387096774194,10.0,74.74193548387096,75.0,39.0,39.0,35.74193548387097,37.0,3.096774193548387,3.0,0.8387096774193549,1.0,2.2580645161290325,2.0,1.1290322580645162,1.0,0.0,0.0,1.1290322580645162,1.0,129.90322580645162,179.58064516129033,49.0,7.451612903225806,4.387096774193548,-3.0,7.870967741935484,4.483870967741935,-3.0,0.9534635879218473,0.9318181818181818,True,True,31,4,1,27,3,1
DR GPT-5.4 low,random,0.5,31,808,284,69.90322580645162,69.0,20.870967741935484,20.0,49.03225806451613,48.0,64.93548387096774,63.0,4.967741935483871,5.0,-4.064516129032258,-4.0,-3.161290322580645,-3.0,-0.9032258064516129,-1.0,-4.967741935483871,-5.0,3.161290322580645,3.0,0.9032258064516129,1.0,0.0,0.0,0.0,0.0,-0.9032258064516129,-1.0,0.0,0.0,2.5483870967741935,2.0,7.774193548387097,8.0,69.90322580645162,69.0,0.0,0.0,214.09677419354838,215.0,64.93548387096774,63.0,0.0,0.0,4.967741935483871,5.0,0.0,0.0,19.06451612903226,19.0,0.0,0.0,19.06451612903226,19.0,45.87096774193548,44.0,0.0,0.0,45.87096774193548,44.0,3.161290322580645,3.0,0.0,0.0,3.161290322580645,3.0,1.8064516129032258,2.0,0.0,0.0,1.8064516129032258,2.0,214.09677419354838,284.0,69.0,4.064516129032258,0.0,-4.0,4.967741935483871,0.0,-5.0,0.9289340101522843,0.9289340101522843,True,True,31,1,0,30,1,0
DR GPT-5.4 low,random,0.6,31,969,284,52.806451612903224,52.0,18.258064516129032,18.0,34.54838709677419,34.0,48.58064516129032,49.0,4.225806451612903,4.0,-3.3548387096774195,-3.0,-2.5483870967741935,-3.0,-0.8064516129032258,-1.0,-4.225806451612903,-4.0,2.5483870967741935,3.0,0.8064516129032258,1.0,0.0,0.0,0.0,0.0,-0.8709677419354839,-1.0,0.0,0.0,2.3870967741935485,2.0,6.774193548387097,7.0,52.806451612903224,52.0,0.0,0.0,231.19354838709677,232.0,48.58064516129032,49.0,0.0,0.0,4.225806451612903,4.0,0.0,0.0,16.580645161290324,17.0,0.0,0.0,16.580645161290324,17.0,32.0,32.0,0.0,0.0,32.0,32.0,2.5483870967741935,3.0,0.0,0.0,2.5483870967741935,3.0,1.6774193548387097,2.0,0.0,0.0,1.6774193548387097,2.0,231.19354838709677,284.0,52.0,3.3548387096774195,0.0,-3.0,4.225806451612903,0.0,-4.0,0.919975565058033,0.919975565058033,True,True,31,1,0,30,1,0
DR GPT-5.4 low,random,1.0,31,1615,284,0.0,0.0,0.0,0.0,0.0,0.0,0.0,0.0,0.0,0.0,0.0,0.0,0.0,0.0,0.0,0.0,0.0,0.0,0.0,0.0,0.0,0.0,0.0,0.0,0.0,0.0,0.0,0.0,0.0,0.0,0.0,0.0,0.0,0.0,0.0,0.0,0.0,0.0,284.0,284.0,0.0,0.0,0.0,0.0,0.0,0.0,0.0,0.0,0.0,0.0,0.0,0.0,0.0,0.0,0.0,0.0,0.0,0.0,0.0,0.0,0.0,0.0,0.0,0.0,0.0,0.0,0.0,0.0,0.0,0.0,0.0,0.0,284.0,284.0,0.0,0.0,0.0,0.0,0.0,0.0,0.0,,,,,0,0,0,0,31,0
JB GPT-5.4,release,0.006,31,141,1539,19.806451612903224,20.0,1.0,1.0,18.806451612903224,19.0,18.967741935483872,19.0,0.8387096774193549,1.0,-0.8709677419354839,-1.0,-0.1935483870967742,0.0,-0.6774193548387096,-1.0,-0.8387096774193549,-1.0,-0.16129032258064516,0.0,0.6774193548387096,1.0,-0.3548387096774194,0.0,0.0,0.0,-0.3225806451612903,0.0,-0.3548387096774194,0.0,11.64516129032258,11.0,7.483870967741935,8.0,62.096774193548384,62.0,42.29032258064516,42.0,1.967741935483871,2.0,60.806451612903224,61.0,41.83870967741935,42.0,1.2903225806451613,1.0,0.45161290322580644,0.0,0.0,0.0,0.0,0.0,0.0,0.0,60.806451612903224,61.0,41.83870967741935,42.0,18.967741935483872,19.0,0.2903225806451613,0.0,0.45161290322580644,0.0,-0.16129032258064516,0.0,1.0,1.0,0.0,0.0,1.0,1.0,44.25806451612903,64.06451612903226,20.0,243.19354838709677,242.32258064516128,-1.0,243.51612903225808,242.67741935483872,-1.0,0.9792207792207792,0.9576547231270358,True,True,31,13,7,18,6,7
JB GPT-5.4,release,0.05,31,1174,1539,39.83870967741935,37.0,27.612903225806452,28.0,12.225806451612904,10.0,11.612903225806452,9.0,28.225806451612904,28.0,-27.903225806451612,-27.0,-3.225806451612903,-3.0,-24.677419354838708,-25.0,-28.225806451612904,-28.0,0.6129032258064516,1.0,24.677419354838708,25.0,-2.6129032258064515,-2.0,0.0,0.0,-2.935483870967742,-3.0,-2.6129032258064515,-2.0,63.225806451612904,62.0,46.806451612903224,46.0,257.5483870967742,258.0,217.70967741935485,220.0,88.87096774193549,88.0,227.3548387096774,229.0,215.74193548387098,218.0,30.193548387096776,30.0,1.967741935483871,2.0,0.0,0.0,0.0,0.0,0.0,0.0,227.3548387096774,229.0,215.74193548387098,218.0,11.612903225806452,9.0,2.5806451612903225,3.0,1.967741935483871,2.0,0.6129032258064516,1.0,27.612903225806452,28.0,0.0,0.0,27.612903225806452,28.0,306.5806451612903,346.4193548387097,37.0,240.16129032258064,212.25806451612902,-27.0,241.38709677419354,213.16129032258064,-28.0,0.8827655310621243,0.291497975708502,True,False,31,0,0,31,0,0
JB GPT-5.4,release,0.2,31,4697,1539,237.74193548387098,238.0,99.3225806451613,99.0,138.41935483870967,139.0,137.2258064516129,138.0,100.51612903225806,100.0,-90.06451612903226,-90.0,-11.709677419354838,-12.0,-78.35483870967742,-78.0,-100.51612903225806,-100.0,3.2580645161290325,4.0,78.35483870967742,78.0,-8.451612903225806,-8.0,0.0,0.0,-18.903225806451612,-18.0,-8.451612903225806,-8.0,221.61290322580646,224.0,162.25806451612902,161.0,427.93548387096774,427.0,190.19354838709677,188.0,606.6129032258065,606.0,323.3225806451613,322.0,186.09677419354838,185.0,104.61290322580645,105.0,4.096774193548387,4.0,2.064516129032258,2.0,0.0,0.0,2.064516129032258,2.0,321.258064516129,320.0,186.09677419354838,185.0,135.16129032258064,136.0,7.290322580645161,8.0,4.032258064516129,4.0,3.2580645161290325,4.0,97.3225806451613,97.0,0.06451612903225806,0.0,97.25806451612904,97.0,796.8064516129032,1034.5483870967741,237.0,222.0,131.93548387096774,-90.0,234.58064516129033,134.06451612903226,-100.0,0.7555404794210764,0.5772048846675712,True,True,31,0,0,31,0,0
JB GPT-5.4,release,0.5,31,11744,1539,393.2258064516129,394.0,222.48387096774192,222.0,170.74193548387098,172.0,171.1290322580645,171.0,222.09677419354838,222.0,-169.4516129032258,-169.0,-26.032258064516128,-25.0,-143.41935483870967,-143.0,-222.09677419354838,-222.0,6.516129032258065,7.0,143.41935483870967,143.0,-19.516129032258064,-19.0,0.0,0.0,-72.16129032258064,-72.0,-19.516129032258064,-19.0,461.741935483871,466.0,249.5483870967742,245.0,393.2258064516129,394.0,0.0,0.0,1145.774193548387,1145.0,171.1290322580645,171.0,0.0,0.0,222.09677419354838,222.0,0.0,0.0,6.903225806451613,7.0,0.0,0.0,6.903225806451613,7.0,164.2258064516129,164.0,0.0,0.0,164.2258064516129,164.0,6.516129032258065,7.0,0.0,0.0,6.516129032258065,7.0,215.58064516129033,215.0,0.0,0.0,215.58064516129033,215.0,1145.774193548387,1539.0,394.0,169.4516129032258,0.0,-169.0,222.09677419354838,0.0,-222.0,0.43519278096800657,0.43519278096800657,False,False,31,0,0,31,0,0
JB GPT-5.4,release,0.6,31,14092,1539,333.38709677419354,332.0,217.0,217.0,116.38709677419355,116.0,118.6774193548387,119.0,214.70967741935485,214.0,-146.4516129032258,-146.0,-22.258064516129032,-22.0,-124.19354838709677,-124.0,-214.70967741935485,-214.0,4.580645161290323,5.0,124.19354838709677,124.0,-17.677419354838708,-18.0,0.0,0.0,-85.93548387096774,-87.0,-17.677419354838708,-18.0,369.93548387096774,372.0,203.90322580645162,199.0,333.38709677419354,332.0,0.0,0.0,1205.6129032258063,1207.0,118.6774193548387,119.0,0.0,0.0,214.70967741935485,214.0,0.0,0.0,6.870967741935484,7.0,0.0,0.0,6.870967741935484,7.0,111.80645161290323,112.0,0.0,0.0,111.80645161290323,112.0,4.580645161290323,5.0,0.0,0.0,4.580645161290323,5.0,210.1290322580645,210.0,0.0,0.0,210.1290322580645,210.0,1205.6129032258063,1539.0,332.0,146.4516129032258,0.0,-146.0,214.70967741935485,0.0,-214.0,0.3559748427672956,0.3559748427672956,False,False,31,0,0,31,0,0
JB GPT-5.4,release,1.0,31,23487,1539,0.0,0.0,0.0,0.0,0.0,0.0,0.0,0.0,0.0,0.0,0.0,0.0,0.0,0.0,0.0,0.0,0.0,0.0,0.0,0.0,0.0,0.0,0.0,0.0,0.0,0.0,0.0,0.0,0.0,0.0,0.0,0.0,0.0,0.0,0.0,0.0,0.0,0.0,1539.0,1539.0,0.0,0.0,0.0,0.0,0.0,0.0,0.0,0.0,0.0,0.0,0.0,0.0,0.0,0.0,0.0,0.0,0.0,0.0,0.0,0.0,0.0,0.0,0.0,0.0,0.0,0.0,0.0,0.0,0.0,0.0,0.0,0.0,1539.0,1539.0,0.0,0.0,0.0,0.0,0.0,0.0,0.0,,,,,0,0,0,0,31,0
JB GPT-5.4,predicted_fail_count,0.006,31,141,1539,-12.903225806451612,-14.0,2.129032258064516,2.0,-15.03225806451613,-16.0,-20.580645161290324,-20.0,7.67741935483871,8.0,-7.774193548387097,-9.0,-8.096774193548388,-8.0,0.3225806451612903,0.0,-7.67741935483871,-8.0,7.67741935483871,8.0,-0.3225806451612903,0.0,-0.41935483870967744,0.0,0.0,0.0,-0.3225806451612903,0.0,-0.41935483870967744,0.0,-8.580645161290322,-9.0,0.5483870967741935,1.0,30.06451612903226,28.0,42.96774193548387,42.0,1.2903225806451613,1.0,22.225806451612904,22.0,42.806451612903224,42.0,7.838709677419355,8.0,0.16129032258064516,0.0,2.129032258064516,2.0,0.0,0.0,2.129032258064516,2.0,20.096774193548388,20.0,42.806451612903224,42.0,-22.70967741935484,-22.0,7.838709677419355,8.0,0.16129032258064516,0.0,7.67741935483871,8.0,0.0,0.0,0.0,0.0,0.0,0.0,44.25806451612903,31.35483870967742,-14.0,243.19354838709677,235.41935483870967,-8.0,243.51612903225808,235.83870967741936,-8.0,0.7392703862660944,,True,,2,0,0,31,0,0
JB GPT-5.4,predicted_fail_count,0.05,31,1174,1539,-48.03225806451613,-50.0,33.25806451612903,34.0,-81.29032258064517,-82.0,-95.6774193548387,-97.0,47.645161290322584,48.0,-47.25806451612903,-46.0,-24.06451612903226,-24.0,-23.193548387096776,-23.0,-47.645161290322584,-48.0,21.387096774193548,21.0,23.193548387096776,23.0,-2.6774193548387095,-2.0,0.0,0.0,-3.064516129032258,-3.0,-2.6774193548387095,-2.0,-23.741935483870968,-24.0,19.0,19.0,194.19354838709677,193.0,242.2258064516129,243.0,64.35483870967742,64.0,146.5483870967742,147.0,242.2258064516129,243.0,47.645161290322584,48.0,0.0,0.0,7.0,7.0,0.0,0.0,7.0,7.0,139.5483870967742,140.0,242.2258064516129,243.0,-102.6774193548387,-104.0,21.387096774193548,21.0,0.0,0.0,21.387096774193548,21.0,26.258064516129032,27.0,0.0,0.0,26.258064516129032,27.0,306.5806451612903,258.5483870967742,-52.0,240.16129032258064,192.90322580645162,-47.0,241.38709677419354,193.74193548387098,-48.0,0.7546511627906977,,True,,0,0,0,31,0,0
JB GPT-5.4,predicted_fail_count,0.2,31,4697,1539,137.25806451612902,141.0,153.3548387096774,154.0,-16.096774193548388,-13.0,-23.741935483870968,-20.0,161.0,161.0,-148.74193548387098,-150.0,-28.225806451612904,-28.0,-120.51612903225806,-122.0,-161.0,-161.0,14.64516129032258,15.0,120.51612903225806,122.0,-13.580645161290322,-13.0,0.0,0.0,-25.838709677419356,-25.0,-13.580645161290322,-13.0,47.41935483870968,53.0,104.2258064516129,103.0,440.16129032258067,441.0,302.9032258064516,303.0,493.9032258064516,494.0,279.16129032258067,275.0,302.9032258064516,303.0,161.0,161.0,0.0,0.0,7.0,7.0,0.0,0.0,7.0,7.0,272.16129032258067,268.0,302.9032258064516,303.0,-30.741935483870968,-27.0,14.64516129032258,15.0,0.0,0.0,14.64516129032258,15.0,146.3548387096774,147.0,0.0,0.0,146.3548387096774,147.0,796.8064516129032,934.0645161290323,137.0,222.0,73.25806451612904,-150.0,234.58064516129033,73.58064516129032,-162.0,0.6342249908391352,-0.17297297297297298,True,False,31,0,0,31,0,0
JB GPT-5.4,predicted_fail_count,0.5,31,11744,1539,393.2258064516129,394.0,222.48387096774192,222.0,170.74193548387098,172.0,171.1290322580645,171.0,222.09677419354838,222.0,-169.4516129032258,-169.0,-26.032258064516128,-25.0,-143.41935483870967,-143.0,-222.09677419354838,-222.0,6.516129032258065,7.0,143.41935483870967,143.0,-19.516129032258064,-19.0,0.0,0.0,-72.16129032258064,-72.0,-19.516129032258064,-19.0,461.741935483871,466.0,249.5483870967742,245.0,393.2258064516129,394.0,0.0,0.0,1145.774193548387,1145.0,171.1290322580645,171.0,0.0,0.0,222.09677419354838,222.0,0.0,0.0,6.903225806451613,7.0,0.0,0.0,6.903225806451613,7.0,164.2258064516129,164.0,0.0,0.0,164.2258064516129,164.0,6.516129032258065,7.0,0.0,0.0,6.516129032258065,7.0,215.58064516129033,215.0,0.0,0.0,215.58064516129033,215.0,1145.774193548387,1539.0,394.0,169.4516129032258,0.0,-169.0,222.09677419354838,0.0,-222.0,0.43519278096800657,0.43519278096800657,False,False,31,0,0,31,0,0
JB GPT-5.4,predicted_fail_count,0.6,31,14092,1539,333.38709677419354,332.0,217.0,217.0,116.38709677419355,116.0,118.6774193548387,119.0,214.70967741935485,214.0,-146.4516129032258,-146.0,-22.258064516129032,-22.0,-124.19354838709677,-124.0,-214.70967741935485,-214.0,4.580645161290323,5.0,124.19354838709677,124.0,-17.677419354838708,-18.0,0.0,0.0,-85.93548387096774,-87.0,-17.677419354838708,-18.0,369.93548387096774,372.0,203.90322580645162,199.0,333.38709677419354,332.0,0.0,0.0,1205.6129032258063,1207.0,118.6774193548387,119.0,0.0,0.0,214.70967741935485,214.0,0.0,0.0,6.870967741935484,7.0,0.0,0.0,6.870967741935484,7.0,111.80645161290323,112.0,0.0,0.0,111.80645161290323,112.0,4.580645161290323,5.0,0.0,0.0,4.580645161290323,5.0,210.1290322580645,210.0,0.0,0.0,210.1290322580645,210.0,1205.6129032258063,1539.0,332.0,146.4516129032258,0.0,-146.0,214.70967741935485,0.0,-214.0,0.3559748427672956,0.3559748427672956,False,False,31,0,0,31,0,0
JB GPT-5.4,predicted_fail_count,1.0,31,23487,1539,0.0,0.0,0.0,0.0,0.0,0.0,0.0,0.0,0.0,0.0,0.0,0.0,0.0,0.0,0.0,0.0,0.0,0.0,0.0,0.0,0.0,0.0,0.0,0.0,0.0,0.0,0.0,0.0,0.0,0.0,0.0,0.0,0.0,0.0,0.0,0.0,0.0,0.0,1539.0,1539.0,0.0,0.0,0.0,0.0,0.0,0.0,0.0,0.0,0.0,0.0,0.0,0.0,0.0,0.0,0.0,0.0,0.0,0.0,0.0,0.0,0.0,0.0,0.0,0.0,0.0,0.0,0.0,0.0,0.0,0.0,0.0,0.0,1539.0,1539.0,0.0,0.0,0.0,0.0,0.0,0.0,0.0,,,,,0,0,0,0,31,0
JB GPT-5.4,random,0.006,31,141,1539,-1.032258064516129,-1.0,2.3870967741935485,2.0,-3.4193548387096775,-3.0,-3.3225806451612905,-3.0,2.2903225806451615,2.0,-2.6451612903225805,-2.0,-0.22580645161290322,0.0,-2.4193548387096775,-3.0,-2.2903225806451615,-2.0,0.0,0.0,2.4193548387096775,3.0,-0.22580645161290322,0.0,0.0,0.0,0.12903225806451613,0.0,-0.22580645161290322,0.0,12.419354838709678,11.0,5.387096774193548,5.0,41.516129032258064,42.0,42.54838709677419,42.0,1.7096774193548387,2.0,38.774193548387096,39.0,42.096774193548384,42.0,2.7419354838709675,2.0,0.45161290322580644,0.0,0.0967741935483871,0.0,0.0,0.0,0.0967741935483871,0.0,38.67741935483871,39.0,42.096774193548384,42.0,-3.4193548387096775,-3.0,0.45161290322580644,0.0,0.45161290322580644,0.0,0.0,0.0,2.2903225806451615,2.0,0.0,0.0,2.2903225806451615,2.0,44.25806451612903,43.225806451612904,0.0,243.19354838709677,240.5483870967742,-3.0,243.51612903225808,241.2258064516129,-2.0,0.933954933954934,,True,,13,6,2,22,5,4
JB GPT-5.4,random,0.05,31,1174,1539,20.0,21.0,25.903225806451612,26.0,-5.903225806451613,-3.0,-6.483870967741935,-6.0,26.483870967741936,27.0,-25.93548387096774,-24.0,-3.838709677419355,-4.0,-22.096774193548388,-21.0,-26.483870967741936,-27.0,1.3548387096774193,1.0,22.096774193548388,21.0,-2.4838709677419355,-3.0,0.0,0.0,-3.032258064516129,-3.0,-2.4838709677419355,-3.0,80.09677419354838,80.0,41.903225806451616,39.0,239.80645161290323,243.0,219.80645161290323,223.0,86.7741935483871,86.0,211.32258064516128,212.0,217.80645161290323,220.0,28.483870967741936,28.0,2.0,2.0,0.7741935483870968,1.0,0.0,0.0,0.7741935483870968,1.0,210.5483870967742,211.0,217.80645161290323,220.0,-7.258064516129032,-7.0,3.3548387096774195,3.0,2.0,2.0,1.3548387096774193,1.0,25.129032258064516,25.0,0.0,0.0,25.129032258064516,25.0,306.5806451612903,326.5806451612903,18.0,240.16129032258064,214.2258064516129,-24.0,241.38709677419354,214.90322580645162,-26.0,0.8812214151197202,-0.3241935483870968,True,False,26,0,0,31,0,0
JB GPT-5.4,random,0.2,31,4697,1539,220.16129032258064,221.0,105.45161290322581,106.0,114.70967741935483,114.0,113.48387096774194,111.0,106.6774193548387,105.0,-96.70967741935483,-98.0,-13.193548387096774,-13.0,-83.51612903225806,-85.0,-106.6774193548387,-105.0,4.483870967741935,5.0,83.51612903225806,85.0,-8.709677419354838,-9.0,0.0,0.0,-18.677419354838708,-18.0,-8.709677419354838,-9.0,291.35483870967744,287.0,162.1290322580645,158.0,424.80645161290323,423.0,204.6451612903226,202.0,592.1612903225806,596.0,314.93548387096774,314.0,201.4516129032258,199.0,109.87096774193549,108.0,3.193548387096774,3.0,3.2580645161290325,3.0,0.0,0.0,3.2580645161290325,3.0,311.6774193548387,311.0,201.4516129032258,199.0,110.2258064516129,108.0,7.612903225806452,8.0,3.129032258064516,3.0,4.483870967741935,5.0,102.25806451612904,102.0,0.06451612903225806,0.0,102.19354838709677,102.0,796.8064516129032,1016.9677419354839,218.0,222.0,125.29032258064517,-96.0,234.58064516129033,127.90322580645162,-107.0,0.7413622902270484,0.5154578754578755,True,True,31,0,0,31,0,0
JB GPT-5.4,random,0.5,31,11744,1539,393.2258064516129,394.0,222.48387096774192,222.0,170.74193548387098,172.0,171.1290322580645,171.0,222.09677419354838,222.0,-169.4516129032258,-169.0,-26.032258064516128,-25.0,-143.41935483870967,-143.0,-222.09677419354838,-222.0,6.516129032258065,7.0,143.41935483870967,143.0,-19.516129032258064,-19.0,0.0,0.0,-72.16129032258064,-72.0,-19.516129032258064,-19.0,461.741935483871,466.0,249.5483870967742,245.0,393.2258064516129,394.0,0.0,0.0,1145.774193548387,1145.0,171.1290322580645,171.0,0.0,0.0,222.09677419354838,222.0,0.0,0.0,6.903225806451613,7.0,0.0,0.0,6.903225806451613,7.0,164.2258064516129,164.0,0.0,0.0,164.2258064516129,164.0,6.516129032258065,7.0,0.0,0.0,6.516129032258065,7.0,215.58064516129033,215.0,0.0,0.0,215.58064516129033,215.0,1145.774193548387,1539.0,394.0,169.4516129032258,0.0,-169.0,222.09677419354838,0.0,-222.0,0.43519278096800657,0.43519278096800657,False,False,31,0,0,31,0,0
JB GPT-5.4,random,0.6,31,14092,1539,333.38709677419354,332.0,217.0,217.0,116.38709677419355,116.0,118.6774193548387,119.0,214.70967741935485,214.0,-146.4516129032258,-146.0,-22.258064516129032,-22.0,-124.19354838709677,-124.0,-214.70967741935485,-214.0,4.580645161290323,5.0,124.19354838709677,124.0,-17.677419354838708,-18.0,0.0,0.0,-85.93548387096774,-87.0,-17.677419354838708,-18.0,369.93548387096774,372.0,203.90322580645162,199.0,333.38709677419354,332.0,0.0,0.0,1205.6129032258063,1207.0,118.6774193548387,119.0,0.0,0.0,214.70967741935485,214.0,0.0,0.0,6.870967741935484,7.0,0.0,0.0,6.870967741935484,7.0,111.80645161290323,112.0,0.0,0.0,111.80645161290323,112.0,4.580645161290323,5.0,0.0,0.0,4.580645161290323,5.0,210.1290322580645,210.0,0.0,0.0,210.1290322580645,210.0,1205.6129032258063,1539.0,332.0,146.4516129032258,0.0,-146.0,214.70967741935485,0.0,-214.0,0.3559748427672956,0.3559748427672956,False,False,31,0,0,31,0,0
JB GPT-5.4,random,1.0,31,23487,1539,0.0,0.0,0.0,0.0,0.0,0.0,0.0,0.0,0.0,0.0,0.0,0.0,0.0,0.0,0.0,0.0,0.0,0.0,0.0,0.0,0.0,0.0,0.0,0.0,0.0,0.0,0.0,0.0,0.0,0.0,0.0,0.0,0.0,0.0,0.0,0.0,0.0,0.0,1539.0,1539.0,0.0,0.0,0.0,0.0,0.0,0.0,0.0,0.0,0.0,0.0,0.0,0.0,0.0,0.0,0.0,0.0,0.0,0.0,0.0,0.0,0.0,0.0,0.0,0.0,0.0,0.0,0.0,0.0,0.0,0.0,0.0,0.0,1539.0,1539.0,0.0,0.0,0.0,0.0,0.0,0.0,0.0,,,,,0,0,0,0,31,0
JB GPT-5.4-mini,release,0.006,31,141,1539,10.290322580645162,11.0,1.0,1.0,9.290322580645162,10.0,7.741935483870968,7.0,2.5483870967741935,3.0,-3.2903225806451615,-4.0,-2.4193548387096775,-2.0,-0.8709677419354839,-1.0,-2.5483870967741935,-3.0,1.5483870967741935,2.0,0.8709677419354839,1.0,-0.8709677419354839,-1.0,0.0,0.0,-0.12903225806451613,0.0,-0.8709677419354839,-1.0,12.64516129032258,13.0,9.96774193548387,9.0,52.806451612903224,52.0,42.516129032258064,42.0,1.7419354838709677,2.0,49.32258064516129,48.0,41.58064516129032,41.0,3.4838709677419355,3.0,0.9354838709677419,1.0,0.0,0.0,0.0,0.0,0.0,0.0,49.32258064516129,48.0,41.58064516129032,41.0,7.741935483870968,7.0,2.4838709677419355,2.0,0.9354838709677419,1.0,1.5483870967741935,2.0,1.0,1.0,0.0,0.0,1.0,1.0,44.25806451612903,54.54838709677419,9.0,258.93548387096774,255.6451612903226,-3.0,257.96774193548384,255.41935483870967,-2.0,0.9340256566890653,0.7523510971786834,True,True,28,2,1,29,1,1
JB GPT-5.4-mini,release,0.05,31,1174,1539,26.741935483870968,23.0,19.93548387096774,20.0,6.806451612903226,3.0,6.064516129032258,0.0,20.677419354838708,21.0,-22.967741935483872,-23.0,-4.580645161290323,-4.0,-18.387096774193548,-18.0,-20.677419354838708,-21.0,0.7419354838709677,0.0,18.387096774193548,18.0,-3.838709677419355,-3.0,0.0,0.0,-1.5483870967741935,-2.0,-3.838709677419355,-3.0,89.41935483870968,86.0,69.90322580645162,73.0,245.19354838709677,245.0,218.4516129032258,221.0,88.12903225806451,88.0,218.93548387096774,220.0,212.8709677419355,215.0,26.258064516129032,26.0,5.580645161290323,5.0,0.0,0.0,0.0,0.0,0.0,0.0,218.93548387096774,220.0,212.8709677419355,215.0,6.064516129032258,0.0,6.32258064516129,6.0,5.580645161290323,5.0,0.7419354838709677,0.0,19.93548387096774,20.0,0.0,0.0,19.93548387096774,20.0,306.5806451612903,333.3225806451613,24.0,254.41935483870967,231.4516129032258,-22.0,250.0,229.32258064516128,-20.0,0.8929088277858177,0.22677925211097708,True,False,30,0,0,31,0,0
JB GPT-5.4-mini,release,0.2,31,4697,1539,173.83870967741936,170.0,90.35483870967742,91.0,83.48387096774194,79.0,81.64516129032258,77.0,92.19354838709677,92.0,-91.48387096774194,-90.0,-16.29032258064516,-16.0,-75.19354838709677,-75.0,-92.19354838709677,-92.0,2.838709677419355,3.0,75.19354838709677,75.0,-13.451612903225806,-13.0,0.0,0.0,-14.161290322580646,-14.0,-13.451612903225806,-13.0,304.19354838709677,302.0,281.16129032258067,277.0,393.06451612903226,391.0,219.2258064516129,221.0,577.5806451612904,577.0,296.16129032258067,295.0,214.51612903225808,216.0,96.90322580645162,97.0,4.709677419354839,5.0,1.0,1.0,0.0,0.0,1.0,1.0,295.16129032258067,294.0,214.51612903225808,216.0,80.64516129032258,76.0,7.483870967741935,7.0,4.645161290322581,5.0,2.838709677419355,3.0,89.41935483870968,90.0,0.06451612903225806,0.0,89.35483870967742,90.0,796.8064516129032,970.6451612903226,173.0,237.09677419354838,145.61290322580646,-92.0,235.61290322580646,143.41935483870967,-91.0,0.7534673779236767,0.46966041937279646,True,False,31,0,0,31,0,0
JB GPT-5.4-mini,release,0.5,31,11744,1539,393.06451612903226,394.0,222.38709677419354,222.0,170.67741935483872,172.0,170.5483870967742,172.0,222.51612903225808,222.0,-185.5483870967742,-186.0,-34.29032258064516,-34.0,-151.25806451612902,-150.0,-222.51612903225808,-222.0,4.129032258064516,4.0,151.25806451612902,150.0,-30.161290322580644,-30.0,0.0,0.0,-67.12903225806451,-69.0,-30.161290322580644,-30.0,585.6451612903226,585.0,513.1935483870968,510.0,393.0967741935484,394.0,0.03225806451612903,0.0,1145.741935483871,1145.0,170.58064516129033,172.0,0.03225806451612903,0.0,222.51612903225808,222.0,0.0,0.0,4.0,4.0,0.0,0.0,4.0,4.0,166.58064516129033,168.0,0.03225806451612903,0.0,166.5483870967742,168.0,4.129032258064516,4.0,0.0,0.0,4.129032258064516,4.0,218.38709677419354,218.0,0.0,0.0,218.38709677419354,218.0,1145.774193548387,1538.8387096774193,394.0,185.58064516129033,0.03225806451612903,-187.0,222.61290322580646,0.0967741935483871,-223.0,0.4339405875594945,0.4338941321296676,False,False,31,0,0,31,0,0
JB GPT-5.4-mini,release,0.6,31,14092,1539,333.38709677419354,332.0,217.0,217.0,116.38709677419355,116.0,117.38709677419355,117.0,216.0,216.0,-160.5483870967742,-161.0,-30.677419354838708,-31.0,-129.8709677419355,-128.0,-216.0,-216.0,3.0,3.0,129.8709677419355,128.0,-27.677419354838708,-28.0,0.0,0.0,-83.12903225806451,-84.0,-27.677419354838708,-28.0,470.258064516129,468.0,417.741935483871,418.0,333.38709677419354,332.0,0.0,0.0,1205.6129032258063,1207.0,117.38709677419355,117.0,0.0,0.0,216.0,216.0,0.0,0.0,4.0,4.0,0.0,0.0,4.0,4.0,113.38709677419355,113.0,0.0,0.0,113.38709677419355,113.0,3.0,3.0,0.0,0.0,3.0,3.0,213.0,213.0,0.0,0.0,213.0,213.0,1205.6129032258063,1539.0,332.0,160.5483870967742,0.0,-161.0,216.0,0.0,-216.0,0.3521044992743106,0.3521044992743106,False,False,31,0,0,31,0,0
JB GPT-5.4-mini,release,1.0,31,23487,1539,0.0,0.0,0.0,0.0,0.0,0.0,0.0,0.0,0.0,0.0,0.0,0.0,0.0,0.0,0.0,0.0,0.0,0.0,0.0,0.0,0.0,0.0,0.0,0.0,0.0,0.0,0.0,0.0,0.0,0.0,0.0,0.0,0.0,0.0,0.0,0.0,0.0,0.0,1539.0,1539.0,0.0,0.0,0.0,0.0,0.0,0.0,0.0,0.0,0.0,0.0,0.0,0.0,0.0,0.0,0.0,0.0,0.0,0.0,0.0,0.0,0.0,0.0,0.0,0.0,0.0,0.0,0.0,0.0,0.0,0.0,0.0,0.0,1539.0,1539.0,0.0,0.0,0.0,0.0,0.0,0.0,0.0,,,,,0,0,0,0,31,0
JB GPT-5.4-mini,predicted_fail_count,0.006,31,141,1539,-11.483870967741936,-12.0,1.064516129032258,1.0,-12.548387096774194,-13.0,-21.548387096774192,-22.0,10.064516129032258,10.0,-10.774193548387096,-12.0,-10.903225806451612,-11.0,0.12903225806451613,0.0,-10.064516129032258,-10.0,10.064516129032258,10.0,-0.12903225806451613,0.0,-0.8387096774193549,-1.0,0.0,0.0,-0.12903225806451613,0.0,-0.8387096774193549,-1.0,-7.838709677419355,-9.0,4.451612903225806,5.0,31.548387096774192,30.0,43.03225806451613,42.0,1.2258064516129032,1.0,20.741935483870968,20.0,42.29032258064516,41.0,10.806451612903226,11.0,0.7419354838709677,1.0,1.064516129032258,1.0,0.0,0.0,1.064516129032258,1.0,19.677419354838708,19.0,42.29032258064516,41.0,-22.612903225806452,-23.0,10.806451612903226,11.0,0.7419354838709677,1.0,10.064516129032258,10.0,0.0,0.0,0.0,0.0,0.0,0.0,44.25806451612903,32.774193548387096,-12.0,258.93548387096774,248.16129032258064,-11.0,257.96774193548384,247.90322580645162,-10.0,0.6574642126789366,,True,,2,0,0,31,0,0
JB GPT-5.4-mini,predicted_fail_count,0.05,31,1174,1539,-40.806451612903224,-44.0,19.580645161290324,19.0,-60.38709677419355,-63.0,-83.38709677419355,-87.0,42.58064516129032,43.0,-44.774193548387096,-45.0,-31.161290322580644,-31.0,-13.612903225806452,-13.0,-42.58064516129032,-43.0,27.0,27.0,13.612903225806452,13.0,-4.161290322580645,-5.0,0.0,0.0,-1.967741935483871,-2.0,-4.161290322580645,-5.0,-14.741935483870968,-16.0,47.54838709677419,47.0,193.29032258064515,192.0,234.09677419354838,237.0,72.48387096774194,72.0,150.70967741935485,150.0,234.09677419354838,237.0,42.58064516129032,43.0,0.0,0.0,4.0,4.0,0.0,0.0,4.0,4.0,146.70967741935485,146.0,234.09677419354838,237.0,-87.38709677419355,-91.0,27.0,27.0,0.0,0.0,27.0,27.0,15.580645161290322,15.0,0.0,0.0,15.580645161290322,15.0,306.5806451612903,265.7741935483871,-44.0,254.41935483870967,209.6451612903226,-44.0,250.0,207.41935483870967,-42.0,0.7797062750333779,,True,,0,0,0,31,0,0
JB GPT-5.4-mini,predicted_fail_count,0.2,31,4697,1539,73.0,75.0,101.93548387096774,102.0,-28.93548387096774,-29.0,-37.61290322580645,-39.0,110.61290322580645,110.0,-111.96774193548387,-113.0,-33.61290322580645,-34.0,-78.35483870967742,-79.0,-110.61290322580645,-110.0,12.67741935483871,12.0,78.35483870967742,79.0,-20.93548387096774,-21.0,0.0,0.0,-19.580645161290324,-19.0,-20.93548387096774,-21.0,74.87096774193549,75.0,210.29032258064515,206.0,368.93548387096774,368.0,295.93548387096774,296.0,500.8709677419355,500.0,258.258064516129,255.0,295.8709677419355,296.0,110.6774193548387,110.0,0.06451612903225806,0.0,4.0,4.0,0.0,0.0,4.0,4.0,254.25806451612902,251.0,295.8709677419355,296.0,-41.61290322580645,-43.0,12.67741935483871,12.0,0.0,0.0,12.67741935483871,12.0,98.0,98.0,0.06451612903225806,0.0,97.93548387096774,98.0,796.8064516129032,869.8064516129032,68.0,237.09677419354838,125.12903225806451,-111.0,235.61290322580646,125.0,-110.0,0.7000087435516307,-0.5152452496685815,True,False,31,0,0,31,0,0
JB GPT-5.4-mini,predicted_fail_count,0.5,31,11744,1539,393.16129032258067,394.0,222.48387096774192,222.0,170.67741935483872,172.0,170.5483870967742,172.0,222.61290322580646,223.0,-185.58064516129033,-187.0,-34.29032258064516,-34.0,-151.29032258064515,-150.0,-222.61290322580646,-223.0,4.129032258064516,4.0,151.29032258064515,150.0,-30.161290322580644,-30.0,0.0,0.0,-67.19354838709677,-69.0,-30.161290322580644,-30.0,585.3225806451613,585.0,513.2258064516129,510.0,393.19354838709677,394.0,0.03225806451612903,0.0,1145.741935483871,1145.0,170.58064516129033,172.0,0.03225806451612903,0.0,222.61290322580646,223.0,0.0,0.0,4.0,4.0,0.0,0.0,4.0,4.0,166.58064516129033,168.0,0.03225806451612903,0.0,166.5483870967742,168.0,4.129032258064516,4.0,0.0,0.0,4.129032258064516,4.0,218.48387096774192,218.0,0.0,0.0,218.48387096774192,218.0,1145.774193548387,1538.9354838709678,394.0,185.58064516129033,0.0,-187.0,222.61290322580646,0.0,-223.0,0.43383378455984906,0.43378733180177226,False,False,31,0,0,31,0,0
JB GPT-5.4-mini,predicted_fail_count,0.6,31,14092,1539,333.38709677419354,332.0,217.0,217.0,116.38709677419355,116.0,117.38709677419355,117.0,216.0,216.0,-160.5483870967742,-161.0,-30.677419354838708,-31.0,-129.8709677419355,-128.0,-216.0,-216.0,3.0,3.0,129.8709677419355,128.0,-27.677419354838708,-28.0,0.0,0.0,-83.12903225806451,-84.0,-27.677419354838708,-28.0,470.258064516129,468.0,417.741935483871,418.0,333.38709677419354,332.0,0.0,0.0,1205.6129032258063,1207.0,117.38709677419355,117.0,0.0,0.0,216.0,216.0,0.0,0.0,4.0,4.0,0.0,0.0,4.0,4.0,113.38709677419355,113.0,0.0,0.0,113.38709677419355,113.0,3.0,3.0,0.0,0.0,3.0,3.0,213.0,213.0,0.0,0.0,213.0,213.0,1205.6129032258063,1539.0,332.0,160.5483870967742,0.0,-161.0,216.0,0.0,-216.0,0.3521044992743106,0.3521044992743106,False,False,31,0,0,31,0,0
JB GPT-5.4-mini,predicted_fail_count,1.0,31,23487,1539,0.0,0.0,0.0,0.0,0.0,0.0,0.0,0.0,0.0,0.0,0.0,0.0,0.0,0.0,0.0,0.0,0.0,0.0,0.0,0.0,0.0,0.0,0.0,0.0,0.0,0.0,0.0,0.0,0.0,0.0,0.0,0.0,0.0,0.0,0.0,0.0,0.0,0.0,1539.0,1539.0,0.0,0.0,0.0,0.0,0.0,0.0,0.0,0.0,0.0,0.0,0.0,0.0,0.0,0.0,0.0,0.0,0.0,0.0,0.0,0.0,0.0,0.0,0.0,0.0,0.0,0.0,0.0,0.0,0.0,0.0,0.0,0.0,1539.0,1539.0,0.0,0.0,0.0,0.0,0.0,0.0,0.0,,,,,0,0,0,0,31,0
JB GPT-5.4-mini,random,0.006,31,141,1539,-3.967741935483871,-4.0,2.032258064516129,2.0,-6.0,-6.0,-6.064516129032258,-6.0,2.096774193548387,2.0,-2.774193548387097,-3.0,-0.6451612903225806,0.0,-2.129032258064516,-2.0,-2.096774193548387,-2.0,0.0967741935483871,0.0,2.129032258064516,2.0,-0.5483870967741935,-1.0,0.0,0.0,0.12903225806451613,0.0,-0.5483870967741935,-1.0,12.387096774193548,11.0,8.870967741935484,9.0,38.58064516129032,38.0,42.54838709677419,42.0,1.7096774193548387,2.0,35.483870967741936,35.0,41.54838709677419,40.0,3.096774193548387,3.0,1.0,1.0,0.03225806451612903,0.0,0.0,0.0,0.03225806451612903,0.0,35.45161290322581,35.0,41.54838709677419,40.0,-6.096774193548387,-7.0,1.096774193548387,1.0,1.0,1.0,0.0967741935483871,0.0,2.0,2.0,0.0,0.0,2.0,2.0,44.25806451612903,40.29032258064516,-4.0,258.93548387096774,256.16129032258067,-3.0,257.96774193548384,255.8709677419355,-2.0,0.919732441471572,,True,,6,3,1,25,3,3
JB GPT-5.4-mini,random,0.05,31,1174,1539,2.193548387096774,0.0,22.806451612903224,23.0,-20.612903225806452,-23.0,-19.322580645161292,-21.0,21.516129032258064,20.0,-23.806451612903224,-24.0,-3.0,-3.0,-20.806451612903224,-21.0,-21.516129032258064,-20.0,-0.9354838709677419,-1.0,20.806451612903224,21.0,-3.935483870967742,-4.0,0.0,0.0,-1.6451612903225807,-2.0,-3.935483870967742,-4.0,86.96774193548387,88.0,77.96774193548387,77.0,225.38709677419354,226.0,223.19354838709677,227.0,83.38709677419355,83.0,197.38709677419354,198.0,216.70967741935485,219.0,28.0,28.0,6.483870967741935,7.0,0.3548387096774194,0.0,0.0,0.0,0.3548387096774194,0.0,197.03225806451613,198.0,216.70967741935485,219.0,-19.677419354838708,-21.0,5.548387096774194,6.0,6.483870967741935,7.0,-0.9354838709677419,-1.0,22.451612903225808,22.0,0.0,0.0,22.451612903225808,22.0,306.5806451612903,308.7741935483871,0.0,254.41935483870967,230.61290322580646,-23.0,250.0,228.48387096774192,-21.0,0.8757692858165164,-8.808823529411764,True,False,14,0,0,31,0,0
JB GPT-5.4-mini,random,0.2,31,4697,1539,164.41935483870967,164.0,92.51612903225806,93.0,71.90322580645162,74.0,71.48387096774194,71.0,92.93548387096774,94.0,-92.38709677419355,-92.0,-15.096774193548388,-15.0,-77.29032258064517,-76.0,-92.93548387096774,-94.0,1.903225806451613,2.0,77.29032258064517,76.0,-13.193548387096774,-13.0,0.0,0.0,-13.741935483870968,-14.0,-13.193548387096774,-13.0,319.16129032258067,324.0,284.258064516129,272.0,391.5806451612903,393.0,227.16129032258064,227.0,569.6451612903226,570.0,293.0967741935484,292.0,221.61290322580646,222.0,98.48387096774194,98.0,5.548387096774194,6.0,1.4838709677419355,1.0,0.0,0.0,1.4838709677419355,1.0,291.61290322580646,291.0,221.61290322580646,222.0,70.0,70.0,7.387096774193548,8.0,5.483870967741935,6.0,1.903225806451613,2.0,91.09677419354838,91.0,0.06451612903225806,0.0,91.03225806451613,91.0,796.8064516129032,961.2258064516129,166.0,237.09677419354838,144.70967741935485,-93.0,235.61290322580646,142.67741935483872,-92.0,0.7484965812669907,0.43476554836178144,True,False,31,0,0,31,0,0
JB GPT-5.4-mini,random,0.5,31,11744,1539,393.03225806451616,394.0,222.3548387096774,222.0,170.67741935483872,172.0,170.5483870967742,172.0,222.48387096774192,222.0,-185.48387096774192,-185.0,-34.29032258064516,-34.0,-151.19354838709677,-150.0,-222.48387096774192,-222.0,4.129032258064516,4.0,151.19354838709677,150.0,-30.161290322580644,-30.0,0.0,0.0,-67.16129032258064,-69.0,-30.161290322580644,-30.0,585.4516129032259,585.0,513.2258064516129,510.0,393.06451612903226,394.0,0.03225806451612903,0.0,1145.741935483871,1145.0,170.58064516129033,172.0,0.03225806451612903,0.0,222.48387096774192,222.0,0.0,0.0,4.0,4.0,0.0,0.0,4.0,4.0,166.58064516129033,168.0,0.03225806451612903,0.0,166.5483870967742,168.0,4.129032258064516,4.0,0.0,0.0,4.129032258064516,4.0,218.3548387096774,218.0,0.0,0.0,218.3548387096774,218.0,1145.774193548387,1538.8064516129032,394.0,185.58064516129033,0.0967741935483871,-187.0,222.61290322580646,0.12903225806451613,-223.0,0.43397620024620437,0.43392974392646094,False,False,31,0,0,31,0,0
JB GPT-5.4-mini,random,0.6,31,14092,1539,333.38709677419354,332.0,217.0,217.0,116.38709677419355,116.0,117.38709677419355,117.0,216.0,216.0,-160.5483870967742,-161.0,-30.677419354838708,-31.0,-129.8709677419355,-128.0,-216.0,-216.0,3.0,3.0,129.8709677419355,128.0,-27.677419354838708,-28.0,0.0,0.0,-83.12903225806451,-84.0,-27.677419354838708,-28.0,470.258064516129,468.0,417.741935483871,418.0,333.38709677419354,332.0,0.0,0.0,1205.6129032258063,1207.0,117.38709677419355,117.0,0.0,0.0,216.0,216.0,0.0,0.0,4.0,4.0,0.0,0.0,4.0,4.0,113.38709677419355,113.0,0.0,0.0,113.38709677419355,113.0,3.0,3.0,0.0,0.0,3.0,3.0,213.0,213.0,0.0,0.0,213.0,213.0,1205.6129032258063,1539.0,332.0,160.5483870967742,0.0,-161.0,216.0,0.0,-216.0,0.3521044992743106,0.3521044992743106,False,False,31,0,0,31,0,0
JB GPT-5.4-mini,random,1.0,31,23487,1539,0.0,0.0,0.0,0.0,0.0,0.0,0.0,0.0,0.0,0.0,0.0,0.0,0.0,0.0,0.0,0.0,0.0,0.0,0.0,0.0,0.0,0.0,0.0,0.0,0.0,0.0,0.0,0.0,0.0,0.0,0.0,0.0,0.0,0.0,0.0,0.0,0.0,0.0,1539.0,1539.0,0.0,0.0,0.0,0.0,0.0,0.0,0.0,0.0,0.0,0.0,0.0,0.0,0.0,0.0,0.0,0.0,0.0,0.0,0.0,0.0,0.0,0.0,0.0,0.0,0.0,0.0,0.0,0.0,0.0,0.0,0.0,0.0,1539.0,1539.0,0.0,0.0,0.0,0.0,0.0,0.0,0.0,,,,,0,0,0,0,31,0
JB GPT-5.4 | binary_only,release,0.006,31,121,1539,-2.193548387096774,-3.0,5.0,5.0,-7.193548387096774,-8.0,-4.548387096774194,-6.0,2.3548387096774195,3.0,-2.3225806451612905,-2.0,-0.3548387096774194,0.0,-1.967741935483871,-2.0,-2.3548387096774195,-3.0,0.3548387096774194,1.0,1.967741935483871,2.0,0.0,0.0,0.0,0.0,-0.03225806451612903,0.0,0.0,0.0,9.806451612903226,11.0,5.838709677419355,7.0,37.41935483870968,37.0,39.61290322580645,39.0,1.032258064516129,1.0,31.774193548387096,31.0,36.32258064516129,36.0,5.645161290322581,6.0,3.2903225806451615,3.0,3.0,3.0,0.0,0.0,3.0,3.0,28.774193548387096,28.0,36.32258064516129,36.0,-7.548387096774194,-9.0,3.6451612903225805,4.0,3.2903225806451615,3.0,0.3548387096774194,1.0,2.0,2.0,0.0,0.0,2.0,2.0,40.645161290322584,38.45161290322581,-2.0,244.70967741935485,242.38709677419354,-3.0,244.70967741935485,242.3548387096774,-3.0,0.8491379310344828,,True,,11,1,1,25,3,3
JB GPT-5.4 | binary_only,release,0.05,31,1011,1539,38.74193548387097,40.0,33.32258064516129,33.0,5.419354838709677,6.0,18.580645161290324,21.0,20.161290322580644,21.0,-20.06451612903226,-20.0,-10.774193548387096,-11.0,-9.290322580645162,-9.0,-20.161290322580644,-21.0,10.32258064516129,11.0,9.290322580645162,9.0,-0.45161290322580644,0.0,0.0,0.0,-0.5483870967741935,0.0,-0.45161290322580644,0.0,17.93548387096774,18.0,41.29032258064516,41.0,248.7741935483871,249.0,210.03225806451613,211.0,84.51612903225806,84.0,210.90322580645162,212.0,192.32258064516128,192.0,37.87096774193548,38.0,17.70967741935484,18.0,23.677419354838708,24.0,0.1935483870967742,0.0,23.483870967741936,23.0,187.2258064516129,189.0,192.1290322580645,192.0,-4.903225806451613,-3.0,28.032258064516128,28.0,17.70967741935484,18.0,10.32258064516129,11.0,9.838709677419354,10.0,0.0,0.0,9.838709677419354,10.0,294.5483870967742,333.2903225806452,38.0,223.70967741935485,203.6451612903226,-20.0,223.96774193548387,203.80645161290323,-20.0,0.8477697095435685,0.47960033305578686,True,False,31,0,0,31,0,0
JB GPT-5.4 | binary_only,release,0.2,31,4046,1539,239.25806451612902,240.0,121.48387096774194,121.0,117.7741935483871,119.0,179.3548387096774,176.0,59.903225806451616,60.0,-58.67741935483871,-59.0,-38.225806451612904,-37.0,-20.451612903225808,-20.0,-59.903225806451616,-60.0,35.96774193548387,36.0,20.451612903225808,20.0,-2.2580645161290325,-2.0,0.0,0.0,-3.4838709677419355,-4.0,-2.2580645161290325,-2.0,55.645161290322584,59.0,138.32258064516128,140.0,435.96774193548384,437.0,196.70967741935485,197.0,574.7741935483871,576.0,351.96774193548384,349.0,172.61290322580646,173.0,84.0,84.0,24.096774193548388,23.0,99.03225806451613,99.0,1.4838709677419355,1.0,97.54838709677419,98.0,252.93548387096774,251.0,171.1290322580645,172.0,81.80645161290323,80.0,60.03225806451613,60.0,24.06451612903226,23.0,35.96774193548387,36.0,23.967741935483872,24.0,0.03225806451612903,0.0,23.93548387096774,24.0,771.483870967742,1010.741935483871,236.0,172.09677419354838,113.41935483870968,-58.0,173.06451612903226,113.16129032258064,-60.0,0.8073251942286348,0.7496292301469597,True,True,31,0,0,31,0,0
JB GPT-5.4 | binary_only,release,0.5,31,10114,1539,414.741935483871,415.0,244.8709677419355,246.0,169.8709677419355,168.0,298.741935483871,299.0,116.0,117.0,-106.06451612903226,-107.0,-55.96774193548387,-58.0,-50.096774193548384,-50.0,-116.0,-117.0,49.935483870967744,51.0,50.096774193548384,50.0,-6.032258064516129,-6.0,0.0,0.0,-15.96774193548387,-16.0,-6.032258064516129,-6.0,178.25806451612902,181.0,207.67741935483872,210.0,414.741935483871,415.0,0.0,0.0,1124.258064516129,1124.0,298.741935483871,299.0,0.0,0.0,116.0,117.0,0.0,0.0,178.80645161290323,179.0,0.0,0.0,178.80645161290323,179.0,119.93548387096774,120.0,0.0,0.0,119.93548387096774,120.0,49.935483870967744,51.0,0.0,0.0,49.935483870967744,51.0,66.06451612903226,66.0,0.0,0.0,66.06451612903226,66.0,1124.258064516129,1539.0,415.0,106.06451612903226,0.0,-107.0,116.0,0.0,-117.0,0.7203080034222602,0.7203080034222602,True,True,31,0,0,31,0,0
JB GPT-5.4 | binary_only,release,0.6,31,12137,1539,346.7741935483871,349.0,231.0,231.0,115.7741935483871,117.0,246.6451612903226,247.0,100.12903225806451,100.0,-85.90322580645162,-86.0,-41.58064516129032,-42.0,-44.32258064516129,-44.0,-100.12903225806451,-100.0,36.0,37.0,44.32258064516129,44.0,-5.580645161290323,-5.0,0.0,0.0,-19.806451612903224,-20.0,-5.580645161290323,-5.0,142.58064516129033,144.0,164.38709677419354,164.0,346.7741935483871,349.0,0.0,0.0,1192.225806451613,1190.0,246.6451612903226,247.0,0.0,0.0,100.12903225806451,100.0,0.0,0.0,166.8709677419355,165.0,0.0,0.0,166.8709677419355,165.0,79.7741935483871,80.0,0.0,0.0,79.7741935483871,80.0,36.0,37.0,0.0,0.0,36.0,37.0,64.12903225806451,64.0,0.0,0.0,64.12903225806451,64.0,1192.225806451613,1539.0,349.0,85.90322580645162,0.0,-86.0,100.12903225806451,0.0,-100.0,0.7112558139534884,0.7112558139534884,True,True,31,0,0,31,0,0
JB GPT-5.4 | binary_only,release,1.0,31,20229,1539,0.0,0.0,0.0,0.0,0.0,0.0,0.0,0.0,0.0,0.0,0.0,0.0,0.0,0.0,0.0,0.0,0.0,0.0,0.0,0.0,0.0,0.0,0.0,0.0,0.0,0.0,0.0,0.0,0.0,0.0,0.0,0.0,0.0,0.0,0.0,0.0,0.0,0.0,1539.0,1539.0,0.0,0.0,0.0,0.0,0.0,0.0,0.0,0.0,0.0,0.0,0.0,0.0,0.0,0.0,0.0,0.0,0.0,0.0,0.0,0.0,0.0,0.0,0.0,0.0,0.0,0.0,0.0,0.0,0.0,0.0,0.0,0.0,1539.0,1539.0,0.0,0.0,0.0,0.0,0.0,0.0,0.0,,,,,0,0,0,0,31,0
JB GPT-5.4 | binary_only,predicted_fail_count,0.006,31,121,1539,-8.64516129032258,-8.0,5.32258064516129,5.0,-13.96774193548387,-13.0,-12.935483870967742,-13.0,4.290322580645161,5.0,-4.258064516129032,-4.0,-4.290322580645161,-5.0,0.03225806451612903,0.0,-4.290322580645161,-5.0,4.290322580645161,5.0,-0.03225806451612903,0.0,0.0,0.0,0.0,0.0,-0.03225806451612903,0.0,0.0,0.0,-3.3225806451612905,-3.0,3.903225806451613,4.0,30.93548387096774,31.0,39.58064516129032,39.0,1.064516129032258,1.0,23.451612903225808,24.0,36.38709677419355,36.0,7.483870967741935,8.0,3.193548387096774,3.0,5.32258064516129,5.0,0.0,0.0,5.32258064516129,5.0,18.129032258064516,18.0,36.38709677419355,36.0,-18.258064516129032,-19.0,7.483870967741935,8.0,3.193548387096774,3.0,4.290322580645161,5.0,0.0,0.0,0.0,0.0,0.0,0.0,40.645161290322584,32.0,-8.0,244.70967741935485,240.4516129032258,-5.0,244.70967741935485,240.41935483870967,-5.0,0.7580813347236705,,True,,1,0,0,26,2,3
JB GPT-5.4 | binary_only,predicted_fail_count,0.05,31,1011,1539,-42.806451612903224,-41.0,48.29032258064516,49.0,-91.09677419354838,-91.0,-72.48387096774194,-70.0,29.677419354838708,29.0,-29.516129032258064,-28.0,-30.096774193548388,-29.0,0.5806451612903226,0.0,-29.677419354838708,-29.0,29.677419354838708,29.0,-0.5806451612903226,0.0,-0.41935483870967744,0.0,0.0,0.0,-0.5806451612903226,0.0,-0.41935483870967744,0.0,-26.967741935483872,-25.0,23.516129032258064,24.0,193.67741935483872,191.0,236.48387096774192,236.0,58.064516129032256,58.0,147.51612903225808,146.0,220.0,220.0,46.16129032258065,46.0,16.483870967741936,17.0,48.483870967741936,49.0,0.1935483870967742,0.0,48.29032258064516,49.0,99.03225806451613,99.0,219.80645161290323,219.0,-120.7741935483871,-117.0,46.16129032258065,46.0,16.483870967741936,17.0,29.677419354838708,29.0,0.0,0.0,0.0,0.0,0.0,0.0,294.5483870967742,251.74193548387098,-46.0,223.70967741935485,194.19354838709677,-28.0,223.96774193548387,194.29032258064515,-28.0,0.7616588940706196,,True,,0,0,0,31,0,0
JB GPT-5.4 | binary_only,predicted_fail_count,0.2,31,4046,1539,106.6774193548387,103.0,195.90322580645162,196.0,-89.2258064516129,-96.0,0.3548387096774194,-2.0,106.3225806451613,105.0,-105.74193548387096,-105.0,-107.16129032258064,-106.0,1.4193548387096775,2.0,-106.3225806451613,-105.0,105.64516129032258,105.0,-1.4193548387096775,-2.0,-1.5161290322580645,-1.0,0.0,0.0,-2.096774193548387,-2.0,-1.5161290322580645,-1.0,-98.25806451612904,-95.0,74.38709677419355,77.0,430.35483870967744,429.0,323.6774193548387,324.0,447.80645161290323,449.0,323.7741935483871,322.0,323.4193548387097,324.0,106.58064516129032,105.0,0.25806451612903225,0.0,195.2258064516129,196.0,0.0,0.0,195.2258064516129,196.0,128.5483870967742,127.0,323.4193548387097,324.0,-194.8709677419355,-200.0,105.83870967741936,105.0,0.1935483870967742,0.0,105.64516129032258,105.0,0.7419354838709677,0.0,0.06451612903225806,0.0,0.6774193548387096,0.0,771.483870967742,878.1612903225806,104.0,172.09677419354838,66.35483870967742,-105.0,173.06451612903226,66.74193548387096,-105.0,0.752342403118207,0.003326277592984578,True,False,31,0,0,31,0,0
JB GPT-5.4 | binary_only,predicted_fail_count,0.5,31,10114,1539,414.741935483871,415.0,244.8709677419355,246.0,169.8709677419355,168.0,298.741935483871,299.0,116.0,117.0,-106.06451612903226,-107.0,-55.96774193548387,-58.0,-50.096774193548384,-50.0,-116.0,-117.0,49.935483870967744,51.0,50.096774193548384,50.0,-6.032258064516129,-6.0,0.0,0.0,-15.96774193548387,-16.0,-6.032258064516129,-6.0,178.25806451612902,181.0,207.67741935483872,210.0,414.741935483871,415.0,0.0,0.0,1124.258064516129,1124.0,298.741935483871,299.0,0.0,0.0,116.0,117.0,0.0,0.0,178.80645161290323,179.0,0.0,0.0,178.80645161290323,179.0,119.93548387096774,120.0,0.0,0.0,119.93548387096774,120.0,49.935483870967744,51.0,0.0,0.0,49.935483870967744,51.0,66.06451612903226,66.0,0.0,0.0,66.06451612903226,66.0,1124.258064516129,1539.0,415.0,106.06451612903226,0.0,-107.0,116.0,0.0,-117.0,0.7203080034222602,0.7203080034222602,True,True,31,0,0,31,0,0
JB GPT-5.4 | binary_only,predicted_fail_count,0.6,31,12137,1539,346.7741935483871,349.0,231.0,231.0,115.7741935483871,117.0,246.6451612903226,247.0,100.12903225806451,100.0,-85.90322580645162,-86.0,-41.58064516129032,-42.0,-44.32258064516129,-44.0,-100.12903225806451,-100.0,36.0,37.0,44.32258064516129,44.0,-5.580645161290323,-5.0,0.0,0.0,-19.806451612903224,-20.0,-5.580645161290323,-5.0,142.58064516129033,144.0,164.38709677419354,164.0,346.7741935483871,349.0,0.0,0.0,1192.225806451613,1190.0,246.6451612903226,247.0,0.0,0.0,100.12903225806451,100.0,0.0,0.0,166.8709677419355,165.0,0.0,0.0,166.8709677419355,165.0,79.7741935483871,80.0,0.0,0.0,79.7741935483871,80.0,36.0,37.0,0.0,0.0,36.0,37.0,64.12903225806451,64.0,0.0,0.0,64.12903225806451,64.0,1192.225806451613,1539.0,349.0,85.90322580645162,0.0,-86.0,100.12903225806451,0.0,-100.0,0.7112558139534884,0.7112558139534884,True,True,31,0,0,31,0,0
JB GPT-5.4 | binary_only,predicted_fail_count,1.0,31,20229,1539,0.0,0.0,0.0,0.0,0.0,0.0,0.0,0.0,0.0,0.0,0.0,0.0,0.0,0.0,0.0,0.0,0.0,0.0,0.0,0.0,0.0,0.0,0.0,0.0,0.0,0.0,0.0,0.0,0.0,0.0,0.0,0.0,0.0,0.0,0.0,0.0,0.0,0.0,1539.0,1539.0,0.0,0.0,0.0,0.0,0.0,0.0,0.0,0.0,0.0,0.0,0.0,0.0,0.0,0.0,0.0,0.0,0.0,0.0,0.0,0.0,0.0,0.0,0.0,0.0,0.0,0.0,0.0,0.0,0.0,0.0,0.0,0.0,1539.0,1539.0,0.0,0.0,0.0,0.0,0.0,0.0,0.0,,,,,0,0,0,0,31,0
JB GPT-5.4 | binary_only,random,0.006,31,121,1539,2.4838709677419355,2.0,3.129032258064516,3.0,-0.6451612903225806,-1.0,0.8064516129032258,0.0,1.6774193548387097,1.0,-1.7741935483870968,-1.0,-1.1935483870967742,-1.0,-0.5806451612903226,0.0,-1.6774193548387097,-1.0,1.2580645161290323,1.0,0.5806451612903226,0.0,0.06451612903225806,0.0,0.0,0.0,0.16129032258064516,0.0,0.06451612903225806,0.0,5.129032258064516,3.0,6.258064516129032,6.0,41.41935483870968,42.0,38.935483870967744,38.0,1.7096774193548387,2.0,36.483870967741936,36.0,35.67741935483871,36.0,4.935483870967742,5.0,3.2580645161290325,3.0,2.7096774193548385,3.0,0.0,0.0,2.7096774193548385,3.0,33.774193548387096,34.0,35.67741935483871,36.0,-1.903225806451613,-3.0,4.516129032258065,4.0,3.2580645161290325,3.0,1.2580645161290323,1.0,0.41935483870967744,0.0,0.0,0.0,0.41935483870967744,0.0,40.645161290322584,43.12903225806452,3.0,244.70967741935485,242.93548387096774,-2.0,244.70967741935485,243.03225806451613,-2.0,0.8808411214953271,0.3246753246753247,True,False,20,6,4,19,5,7
JB GPT-5.4 | binary_only,random,0.05,31,1011,1539,26.032258064516128,26.0,30.483870967741936,31.0,-4.451612903225806,-5.0,10.258064516129032,13.0,15.774193548387096,15.0,-15.741935483870968,-15.0,-9.096774193548388,-8.0,-6.645161290322581,-7.0,-15.774193548387096,-15.0,8.612903225806452,8.0,6.645161290322581,7.0,-0.4838709677419355,0.0,0.0,0.0,-0.5161290322580645,0.0,-0.4838709677419355,0.0,34.45161290322581,36.0,39.67741935483871,42.0,240.2258064516129,242.0,214.19354838709677,217.0,80.35483870967742,80.0,205.61290322580646,205.0,195.3548387096774,196.0,34.61290322580645,35.0,18.838709677419356,20.0,23.516129032258064,23.0,0.1935483870967742,0.0,23.322580645161292,23.0,182.09677419354838,182.0,195.16129032258064,196.0,-13.064516129032258,-11.0,27.451612903225808,27.0,18.838709677419356,20.0,8.612903225806452,8.0,7.161290322580645,7.0,0.0,0.0,7.161290322580645,7.0,294.5483870967742,320.5806451612903,27.0,223.70967741935485,207.96774193548387,-15.0,223.96774193548387,208.19354838709677,-16.0,0.85591513361085,0.3940520446096654,True,False,28,0,0,31,0,0
JB GPT-5.4 | binary_only,random,0.2,31,4046,1539,245.29032258064515,247.0,123.3225806451613,123.0,121.96774193548387,127.0,176.09677419354838,179.0,69.19354838709677,68.0,-68.3225806451613,-66.0,-39.87096774193548,-38.0,-28.451612903225808,-29.0,-69.19354838709677,-68.0,37.32258064516129,37.0,28.451612903225808,29.0,-2.5483870967741935,-2.0,0.0,0.0,-3.4193548387096775,-3.0,-2.5483870967741935,-2.0,120.16129032258064,118.0,139.1290322580645,141.0,442.9032258064516,442.0,197.61290322580646,195.0,573.8709677419355,580.0,348.258064516129,348.0,172.16129032258064,169.0,94.64516129032258,93.0,25.451612903225808,25.0,93.2258064516129,91.0,1.7741935483870968,1.0,91.45161290322581,90.0,255.03225806451613,258.0,170.38709677419354,166.0,84.64516129032258,84.0,62.74193548387097,63.0,25.419354838709676,25.0,37.32258064516129,37.0,31.903225806451612,32.0,0.03225806451612903,0.0,31.870967741935484,32.0,771.483870967742,1016.7741935483871,240.0,172.09677419354838,103.7741935483871,-68.0,173.06451612903226,103.87096774193549,-68.0,0.7863073561544064,0.7179116254602841,True,True,31,0,0,31,0,0
JB GPT-5.4 | binary_only,random,0.5,31,10114,1539,414.741935483871,415.0,244.8709677419355,246.0,169.8709677419355,168.0,298.741935483871,299.0,116.0,117.0,-106.06451612903226,-107.0,-55.96774193548387,-58.0,-50.096774193548384,-50.0,-116.0,-117.0,49.935483870967744,51.0,50.096774193548384,50.0,-6.032258064516129,-6.0,0.0,0.0,-15.96774193548387,-16.0,-6.032258064516129,-6.0,178.25806451612902,181.0,207.67741935483872,210.0,414.741935483871,415.0,0.0,0.0,1124.258064516129,1124.0,298.741935483871,299.0,0.0,0.0,116.0,117.0,0.0,0.0,178.80645161290323,179.0,0.0,0.0,178.80645161290323,179.0,119.93548387096774,120.0,0.0,0.0,119.93548387096774,120.0,49.935483870967744,51.0,0.0,0.0,49.935483870967744,51.0,66.06451612903226,66.0,0.0,0.0,66.06451612903226,66.0,1124.258064516129,1539.0,415.0,106.06451612903226,0.0,-107.0,116.0,0.0,-117.0,0.7203080034222602,0.7203080034222602,True,True,31,0,0,31,0,0
JB GPT-5.4 | binary_only,random,0.6,31,12137,1539,346.7741935483871,349.0,231.0,231.0,115.7741935483871,117.0,246.6451612903226,247.0,100.12903225806451,100.0,-85.90322580645162,-86.0,-41.58064516129032,-42.0,-44.32258064516129,-44.0,-100.12903225806451,-100.0,36.0,37.0,44.32258064516129,44.0,-5.580645161290323,-5.0,0.0,0.0,-19.806451612903224,-20.0,-5.580645161290323,-5.0,142.58064516129033,144.0,164.38709677419354,164.0,346.7741935483871,349.0,0.0,0.0,1192.225806451613,1190.0,246.6451612903226,247.0,0.0,0.0,100.12903225806451,100.0,0.0,0.0,166.8709677419355,165.0,0.0,0.0,166.8709677419355,165.0,79.7741935483871,80.0,0.0,0.0,79.7741935483871,80.0,36.0,37.0,0.0,0.0,36.0,37.0,64.12903225806451,64.0,0.0,0.0,64.12903225806451,64.0,1192.225806451613,1539.0,349.0,85.90322580645162,0.0,-86.0,100.12903225806451,0.0,-100.0,0.7112558139534884,0.7112558139534884,True,True,31,0,0,31,0,0
JB GPT-5.4 | binary_only,random,1.0,31,20229,1539,0.0,0.0,0.0,0.0,0.0,0.0,0.0,0.0,0.0,0.0,0.0,0.0,0.0,0.0,0.0,0.0,0.0,0.0,0.0,0.0,0.0,0.0,0.0,0.0,0.0,0.0,0.0,0.0,0.0,0.0,0.0,0.0,0.0,0.0,0.0,0.0,0.0,0.0,1539.0,1539.0,0.0,0.0,0.0,0.0,0.0,0.0,0.0,0.0,0.0,0.0,0.0,0.0,0.0,0.0,0.0,0.0,0.0,0.0,0.0,0.0,0.0,0.0,0.0,0.0,0.0,0.0,0.0,0.0,0.0,0.0,0.0,0.0,1539.0,1539.0,0.0,0.0,0.0,0.0,0.0,0.0,0.0,,,,,0,0,0,0,31,0
JB GPT-5.4-mini | binary_only,release,0.006,31,121,1539,-4.161290322580645,-4.0,4.935483870967742,5.0,-9.096774193548388,-9.0,-4.741935483870968,-5.0,0.5806451612903226,1.0,-0.5806451612903226,0.0,0.3548387096774194,1.0,-0.9354838709677419,-1.0,-0.5806451612903226,-1.0,-0.41935483870967744,0.0,0.9354838709677419,1.0,-0.06451612903225806,0.0,0.0,0.0,-0.06451612903225806,0.0,-0.06451612903225806,0.0,3.903225806451613,4.0,8.870967741935484,10.0,35.45161290322581,35.0,39.61290322580645,39.0,1.032258064516129,1.0,23.29032258064516,24.0,28.032258064516128,27.0,12.161290322580646,12.0,11.580645161290322,11.0,3.935483870967742,4.0,0.0,0.0,3.935483870967742,4.0,19.35483870967742,20.0,28.032258064516128,27.0,-8.67741935483871,-9.0,11.161290322580646,11.0,11.580645161290322,11.0,-0.41935483870967744,0.0,1.0,1.0,0.0,0.0,1.0,1.0,40.645161290322584,36.483870967741936,-4.0,481.35483870967744,480.7741935483871,0.0,481.258064516129,480.6774193548387,-1.0,0.6569608735213831,,True,,4,1,1,15,4,12
JB GPT-5.4-mini | binary_only,release,0.05,31,1011,1539,29.387096774193548,32.0,27.516129032258064,27.0,1.8709677419354838,4.0,3.774193548387097,3.0,25.612903225806452,26.0,-25.225806451612904,-26.0,-21.06451612903226,-22.0,-4.161290322580645,-4.0,-25.612903225806452,-26.0,20.64516129032258,21.0,4.161290322580645,4.0,-0.41935483870967744,-1.0,0.0,0.0,-0.8064516129032258,-1.0,-0.41935483870967744,-1.0,8.741935483870968,7.0,50.935483870967744,48.0,239.93548387096774,239.0,210.5483870967742,211.0,84.0,84.0,156.32258064516128,157.0,152.5483870967742,153.0,83.61290322580645,82.0,58.0,58.0,22.741935483870968,22.0,0.1935483870967742,0.0,22.548387096774192,22.0,133.58064516129033,135.0,152.3548387096774,152.0,-18.774193548387096,-18.0,78.64516129032258,78.0,58.0,58.0,20.64516129032258,21.0,4.967741935483871,5.0,0.0,0.0,4.967741935483871,5.0,294.5483870967742,323.93548387096774,29.0,409.7096774193548,384.48387096774195,-27.0,409.6774193548387,384.06451612903226,-27.0,0.6515192255982791,0.12843029637760703,True,False,31,0,0,31,0,0
JB GPT-5.4-mini | binary_only,release,0.2,31,4046,1539,184.5483870967742,183.0,110.80645161290323,111.0,73.74193548387096,75.0,117.48387096774194,121.0,67.06451612903226,67.0,-65.41935483870968,-64.0,-55.67741935483871,-54.0,-9.741935483870968,-9.0,-67.06451612903226,-67.0,54.38709677419355,54.0,9.741935483870968,9.0,-1.2903225806451613,-1.0,0.0,0.0,-2.935483870967742,-3.0,-1.2903225806451613,-1.0,54.935483870967744,54.0,227.2258064516129,225.0,403.64516129032256,404.0,219.09677419354838,221.0,552.3870967741935,553.0,266.741935483871,266.0,149.25806451612902,150.0,136.90322580645162,139.0,69.83870967741936,72.0,99.7741935483871,100.0,1.6451612903225807,1.0,98.12903225806451,98.0,166.96774193548387,165.0,147.61290322580646,147.0,19.35483870967742,20.0,124.19354838709677,126.0,69.80645161290323,72.0,54.38709677419355,54.0,12.709677419354838,13.0,0.03225806451612903,0.0,12.67741935483871,13.0,771.483870967742,956.0322580645161,179.0,260.0,194.58064516129033,-65.0,260.5806451612903,193.51612903225808,-67.0,0.6608327339566851,0.6366019926586262,True,True,31,0,0,31,0,0
JB GPT-5.4-mini | binary_only,release,0.5,31,10114,1539,414.741935483871,415.0,244.8709677419355,246.0,169.8709677419355,168.0,285.61290322580646,286.0,129.1290322580645,129.0,-122.16129032258064,-120.0,-98.16129032258064,-97.0,-24.0,-24.0,-129.1290322580645,-129.0,93.80645161290323,93.0,24.0,24.0,-4.354838709677419,-4.0,0.0,0.0,-11.32258064516129,-11.0,-4.354838709677419,-4.0,96.96774193548387,97.0,384.2258064516129,382.0,414.741935483871,415.0,0.0,0.0,1124.258064516129,1124.0,285.61290322580646,286.0,0.0,0.0,129.1290322580645,129.0,0.0,0.0,209.5483870967742,210.0,0.0,0.0,209.5483870967742,210.0,76.06451612903226,76.0,0.0,0.0,76.06451612903226,76.0,93.80645161290323,93.0,0.0,0.0,93.80645161290323,93.0,35.32258064516129,35.0,0.0,0.0,35.32258064516129,35.0,1124.258064516129,1539.0,415.0,122.16129032258064,0.0,-120.0,129.1290322580645,0.0,-129.0,0.6886520961344015,0.6886520961344015,True,True,31,0,0,31,0,0
JB GPT-5.4-mini | binary_only,release,0.6,31,12137,1539,346.7741935483871,349.0,231.0,231.0,115.7741935483871,117.0,244.61290322580646,243.0,102.16129032258064,102.0,-92.70967741935483,-93.0,-71.80645161290323,-71.0,-20.903225806451612,-21.0,-102.16129032258064,-102.0,67.93548387096774,67.0,20.903225806451612,21.0,-3.870967741935484,-4.0,0.0,0.0,-13.32258064516129,-14.0,-3.870967741935484,-4.0,76.06451612903226,75.0,305.35483870967744,309.0,346.7741935483871,349.0,0.0,0.0,1192.225806451613,1190.0,244.61290322580646,243.0,0.0,0.0,102.16129032258064,102.0,0.0,0.0,196.7741935483871,196.0,0.0,0.0,196.7741935483871,196.0,47.83870967741935,48.0,0.0,0.0,47.83870967741935,48.0,67.93548387096774,67.0,0.0,0.0,67.93548387096774,67.0,34.225806451612904,34.0,0.0,0.0,34.225806451612904,34.0,1192.225806451613,1539.0,349.0,92.70967741935483,0.0,-93.0,102.16129032258064,0.0,-102.0,0.7053953488372093,0.7053953488372093,True,True,31,0,0,31,0,0
JB GPT-5.4-mini | binary_only,release,1.0,31,20229,1539,0.0,0.0,0.0,0.0,0.0,0.0,0.0,0.0,0.0,0.0,0.0,0.0,0.0,0.0,0.0,0.0,0.0,0.0,0.0,0.0,0.0,0.0,0.0,0.0,0.0,0.0,0.0,0.0,0.0,0.0,0.0,0.0,0.0,0.0,0.0,0.0,0.0,0.0,1539.0,1539.0,0.0,0.0,0.0,0.0,0.0,0.0,0.0,0.0,0.0,0.0,0.0,0.0,0.0,0.0,0.0,0.0,0.0,0.0,0.0,0.0,0.0,0.0,0.0,0.0,0.0,0.0,0.0,0.0,0.0,0.0,0.0,0.0,1539.0,1539.0,0.0,0.0,0.0,0.0,0.0,0.0,0.0,,,,,0,0,0,0,31,0
JB GPT-5.4-mini | binary_only,predicted_fail_count,0.006,31,121,1539,-6.0,-6.0,4.064516129032258,4.0,-10.064516129032258,-9.0,-9.548387096774194,-9.0,3.5483870967741935,4.0,-3.5483870967741935,-4.0,-3.6129032258064515,-4.0,0.06451612903225806,0.0,-3.5483870967741935,-4.0,3.5483870967741935,4.0,-0.06451612903225806,0.0,-0.06451612903225806,0.0,0.0,0.0,-0.06451612903225806,0.0,-0.06451612903225806,0.0,-1.5806451612903225,-2.0,5.870967741935484,6.0,33.354838709677416,34.0,39.354838709677416,39.0,1.2903225806451613,1.0,18.516129032258064,19.0,28.06451612903226,27.0,14.838709677419354,14.0,11.290322580645162,11.0,4.064516129032258,4.0,0.0,0.0,4.064516129032258,4.0,14.451612903225806,15.0,28.06451612903226,27.0,-13.612903225806452,-14.0,14.838709677419354,14.0,11.290322580645162,11.0,3.5483870967741935,4.0,0.0,0.0,0.0,0.0,0.0,0.0,40.645161290322584,34.645161290322584,-6.0,481.35483870967744,477.80645161290323,-3.0,481.258064516129,477.7096774193548,-4.0,0.5551257253384912,,True,,5,0,0,25,2,4
JB GPT-5.4-mini | binary_only,predicted_fail_count,0.05,31,1011,1539,-33.41935483870968,-33.0,35.483870967741936,37.0,-68.90322580645162,-66.0,-59.645161290322584,-59.0,26.225806451612904,23.0,-25.870967741935484,-25.0,-26.64516129032258,-25.0,0.7741935483870968,1.0,-26.225806451612904,-23.0,26.225806451612904,23.0,-0.7741935483870968,-1.0,-0.41935483870967744,-1.0,0.0,0.0,-0.7741935483870968,-1.0,-0.41935483870967744,-1.0,-14.258064516129032,-16.0,48.225806451612904,52.0,197.93548387096774,197.0,231.3548387096774,231.0,63.193548387096776,63.0,111.7741935483871,111.0,171.41935483870967,171.0,86.16129032258064,84.0,59.935483870967744,60.0,35.67741935483871,37.0,0.1935483870967742,0.0,35.483870967741936,37.0,76.09677419354838,78.0,171.2258064516129,170.0,-95.12903225806451,-94.0,86.16129032258064,84.0,59.935483870967744,60.0,26.225806451612904,23.0,0.0,0.0,0.0,0.0,0.0,0.0,294.5483870967742,261.1290322580645,-32.0,409.7096774193548,383.83870967741933,-27.0,409.6774193548387,383.4516129032258,-26.0,0.5647001303780965,,True,,0,0,0,31,0,0
JB GPT-5.4-mini | binary_only,predicted_fail_count,0.2,31,4046,1539,105.93548387096774,105.0,143.5483870967742,144.0,-37.61290322580645,-41.0,-11.129032258064516,-11.0,117.06451612903226,116.0,-115.48387096774194,-113.0,-117.58064516129032,-117.0,2.096774193548387,3.0,-117.06451612903226,-116.0,117.12903225806451,116.0,-2.096774193548387,-3.0,-0.45161290322580644,0.0,0.0,0.0,-2.032258064516129,-2.0,-0.45161290322580644,0.0,-50.58064516129032,-52.0,159.03225806451613,160.0,400.83870967741933,397.0,294.9032258064516,293.0,476.5806451612903,477.0,238.29032258064515,238.0,249.41935483870967,247.0,162.5483870967742,164.0,45.483870967741936,45.0,144.90322580645162,145.0,1.2903225806451613,1.0,143.61290322580646,144.0,93.38709677419355,95.0,248.1290322580645,246.0,-154.74193548387098,-155.0,162.5483870967742,164.0,45.41935483870968,45.0,117.12903225806451,116.0,0.0,0.0,0.06451612903225806,0.0,-0.06451612903225806,0.0,771.483870967742,877.4193548387096,102.0,260.0,144.51612903225808,-114.0,260.5806451612903,143.51612903225808,-117.0,0.594479317559955,-0.10505481120584653,True,False,31,0,0,31,0,0
JB GPT-5.4-mini | binary_only,predicted_fail_count,0.5,31,10114,1539,414.741935483871,415.0,244.8709677419355,246.0,169.8709677419355,168.0,285.61290322580646,286.0,129.1290322580645,129.0,-122.16129032258064,-120.0,-98.16129032258064,-97.0,-24.0,-24.0,-129.1290322580645,-129.0,93.80645161290323,93.0,24.0,24.0,-4.354838709677419,-4.0,0.0,0.0,-11.32258064516129,-11.0,-4.354838709677419,-4.0,96.96774193548387,97.0,384.2258064516129,382.0,414.741935483871,415.0,0.0,0.0,1124.258064516129,1124.0,285.61290322580646,286.0,0.0,0.0,129.1290322580645,129.0,0.0,0.0,209.5483870967742,210.0,0.0,0.0,209.5483870967742,210.0,76.06451612903226,76.0,0.0,0.0,76.06451612903226,76.0,93.80645161290323,93.0,0.0,0.0,93.80645161290323,93.0,35.32258064516129,35.0,0.0,0.0,35.32258064516129,35.0,1124.258064516129,1539.0,415.0,122.16129032258064,0.0,-120.0,129.1290322580645,0.0,-129.0,0.6886520961344015,0.6886520961344015,True,True,31,0,0,31,0,0
JB GPT-5.4-mini | binary_only,predicted_fail_count,0.6,31,12137,1539,346.7741935483871,349.0,231.0,231.0,115.7741935483871,117.0,244.61290322580646,243.0,102.16129032258064,102.0,-92.70967741935483,-93.0,-71.80645161290323,-71.0,-20.903225806451612,-21.0,-102.16129032258064,-102.0,67.93548387096774,67.0,20.903225806451612,21.0,-3.870967741935484,-4.0,0.0,0.0,-13.32258064516129,-14.0,-3.870967741935484,-4.0,76.06451612903226,75.0,305.35483870967744,309.0,346.7741935483871,349.0,0.0,0.0,1192.225806451613,1190.0,244.61290322580646,243.0,0.0,0.0,102.16129032258064,102.0,0.0,0.0,196.7741935483871,196.0,0.0,0.0,196.7741935483871,196.0,47.83870967741935,48.0,0.0,0.0,47.83870967741935,48.0,67.93548387096774,67.0,0.0,0.0,67.93548387096774,67.0,34.225806451612904,34.0,0.0,0.0,34.225806451612904,34.0,1192.225806451613,1539.0,349.0,92.70967741935483,0.0,-93.0,102.16129032258064,0.0,-102.0,0.7053953488372093,0.7053953488372093,True,True,31,0,0,31,0,0
JB GPT-5.4-mini | binary_only,predicted_fail_count,1.0,31,20229,1539,0.0,0.0,0.0,0.0,0.0,0.0,0.0,0.0,0.0,0.0,0.0,0.0,0.0,0.0,0.0,0.0,0.0,0.0,0.0,0.0,0.0,0.0,0.0,0.0,0.0,0.0,0.0,0.0,0.0,0.0,0.0,0.0,0.0,0.0,0.0,0.0,0.0,0.0,1539.0,1539.0,0.0,0.0,0.0,0.0,0.0,0.0,0.0,0.0,0.0,0.0,0.0,0.0,0.0,0.0,0.0,0.0,0.0,0.0,0.0,0.0,0.0,0.0,0.0,0.0,0.0,0.0,0.0,0.0,0.0,0.0,0.0,0.0,1539.0,1539.0,0.0,0.0,0.0,0.0,0.0,0.0,0.0,,,,,0,0,0,0,31,0
JB GPT-5.4-mini | binary_only,random,0.006,31,121,1539,0.5806451612903226,1.0,2.903225806451613,3.0,-2.3225806451612905,-2.0,-0.03225806451612903,0.0,0.6129032258064516,1.0,-0.7419354838709677,-1.0,-0.4838709677419355,-1.0,-0.25806451612903225,0.0,-0.6129032258064516,-1.0,0.41935483870967744,1.0,0.25806451612903225,0.0,-0.06451612903225806,0.0,0.0,0.0,0.06451612903225806,0.0,-0.06451612903225806,0.0,2.3870967741935485,2.0,8.35483870967742,8.0,39.58064516129032,40.0,39.0,38.0,1.6451612903225807,1.0,27.516129032258064,27.0,27.548387096774192,27.0,12.064516129032258,11.0,11.451612903225806,11.0,2.7096774193548385,3.0,0.0,0.0,2.7096774193548385,3.0,24.806451612903224,24.0,27.548387096774192,27.0,-2.7419354838709675,-3.0,11.870967741935484,11.0,11.451612903225806,11.0,0.41935483870967744,1.0,0.1935483870967742,0.0,0.0,0.0,0.1935483870967742,0.0,40.645161290322584,41.225806451612904,2.0,481.35483870967744,480.61290322580646,0.0,481.258064516129,480.64516129032256,-1.0,0.6951915240423798,-0.05555555555555555,True,False,19,6,4,16,6,9
JB GPT-5.4-mini | binary_only,random,0.05,31,1011,1539,10.96774193548387,13.0,27.612903225806452,28.0,-16.64516129032258,-15.0,1.2258064516129032,2.0,9.741935483870968,10.0,-9.419354838709678,-10.0,-6.516129032258065,-5.0,-2.903225806451613,-3.0,-9.741935483870968,-10.0,6.032258064516129,5.0,2.903225806451613,3.0,-0.4838709677419355,-1.0,0.0,0.0,-0.8064516129032258,-1.0,-0.4838709677419355,-1.0,16.06451612903226,17.0,66.09677419354838,67.0,227.80645161290323,227.0,216.83870967741936,220.0,77.70967741935483,77.0,154.80645161290323,156.0,153.58064516129033,152.0,73.0,73.0,63.25806451612903,63.0,24.096774193548388,24.0,0.1935483870967742,0.0,23.903225806451612,24.0,130.70967741935485,134.0,153.38709677419354,152.0,-22.677419354838708,-19.0,69.29032258064517,68.0,63.25806451612903,63.0,6.032258064516129,5.0,3.7096774193548385,3.0,0.0,0.0,3.7096774193548385,3.0,294.5483870967742,305.51612903225805,10.0,409.7096774193548,400.2903225806452,-10.0,409.6774193548387,399.93548387096774,-10.0,0.6795525346927216,0.11176470588235295,True,False,22,1,1,26,1,4
JB GPT-5.4-mini | binary_only,random,0.2,31,4046,1539,201.8709677419355,204.0,111.45161290322581,110.0,90.41935483870968,91.0,132.19354838709677,135.0,69.6774193548387,71.0,-68.3225806451613,-70.0,-55.516129032258064,-55.0,-12.806451612903226,-13.0,-69.6774193548387,-71.0,54.16129032258065,55.0,12.806451612903226,13.0,-1.3548387096774193,-1.0,0.0,0.0,-2.7096774193548385,-3.0,-1.3548387096774193,-1.0,64.96774193548387,65.0,231.61290322580646,229.0,415.80645161290323,418.0,213.93548387096774,215.0,557.5483870967741,561.0,273.258064516129,274.0,141.06451612903226,141.0,142.5483870967742,144.0,72.87096774193549,73.0,97.80645161290323,96.0,1.8709677419354838,1.0,95.93548387096774,95.0,175.4516129032258,177.0,139.19354838709677,138.0,36.25806451612903,41.0,127.0,129.0,72.83870967741936,73.0,54.16129032258065,55.0,15.548387096774194,16.0,0.03225806451612903,0.0,15.516129032258064,16.0,771.483870967742,973.3548387096774,197.0,260.0,191.67741935483872,-68.0,260.5806451612903,190.90322580645162,-71.0,0.6571761055081459,0.6548418024928092,True,True,31,0,0,31,0,0
JB GPT-5.4-mini | binary_only,random,0.5,31,10114,1539,414.741935483871,415.0,244.8709677419355,246.0,169.8709677419355,168.0,285.61290322580646,286.0,129.1290322580645,129.0,-122.16129032258064,-120.0,-98.16129032258064,-97.0,-24.0,-24.0,-129.1290322580645,-129.0,93.80645161290323,93.0,24.0,24.0,-4.354838709677419,-4.0,0.0,0.0,-11.32258064516129,-11.0,-4.354838709677419,-4.0,96.96774193548387,97.0,384.2258064516129,382.0,414.741935483871,415.0,0.0,0.0,1124.258064516129,1124.0,285.61290322580646,286.0,0.0,0.0,129.1290322580645,129.0,0.0,0.0,209.5483870967742,210.0,0.0,0.0,209.5483870967742,210.0,76.06451612903226,76.0,0.0,0.0,76.06451612903226,76.0,93.80645161290323,93.0,0.0,0.0,93.80645161290323,93.0,35.32258064516129,35.0,0.0,0.0,35.32258064516129,35.0,1124.258064516129,1539.0,415.0,122.16129032258064,0.0,-120.0,129.1290322580645,0.0,-129.0,0.6886520961344015,0.6886520961344015,True,True,31,0,0,31,0,0
JB GPT-5.4-mini | binary_only,random,0.6,31,12137,1539,346.7741935483871,349.0,231.0,231.0,115.7741935483871,117.0,244.61290322580646,243.0,102.16129032258064,102.0,-92.70967741935483,-93.0,-71.80645161290323,-71.0,-20.903225806451612,-21.0,-102.16129032258064,-102.0,67.93548387096774,67.0,20.903225806451612,21.0,-3.870967741935484,-4.0,0.0,0.0,-13.32258064516129,-14.0,-3.870967741935484,-4.0,76.06451612903226,75.0,305.35483870967744,309.0,346.7741935483871,349.0,0.0,0.0,1192.225806451613,1190.0,244.61290322580646,243.0,0.0,0.0,102.16129032258064,102.0,0.0,0.0,196.7741935483871,196.0,0.0,0.0,196.7741935483871,196.0,47.83870967741935,48.0,0.0,0.0,47.83870967741935,48.0,67.93548387096774,67.0,0.0,0.0,67.93548387096774,67.0,34.225806451612904,34.0,0.0,0.0,34.225806451612904,34.0,1192.225806451613,1539.0,349.0,92.70967741935483,0.0,-93.0,102.16129032258064,0.0,-102.0,0.7053953488372093,0.7053953488372093,True,True,31,0,0,31,0,0
JB GPT-5.4-mini | binary_only,random,1.0,31,20229,1539,0.0,0.0,0.0,0.0,0.0,0.0,0.0,0.0,0.0,0.0,0.0,0.0,0.0,0.0,0.0,0.0,0.0,0.0,0.0,0.0,0.0,0.0,0.0,0.0,0.0,0.0,0.0,0.0,0.0,0.0,0.0,0.0,0.0,0.0,0.0,0.0,0.0,0.0,1539.0,1539.0,0.0,0.0,0.0,0.0,0.0,0.0,0.0,0.0,0.0,0.0,0.0,0.0,0.0,0.0,0.0,0.0,0.0,0.0,0.0,0.0,0.0,0.0,0.0,0.0,0.0,0.0,0.0,0.0,0.0,0.0,0.0,0.0,1539.0,1539.0,0.0,0.0,0.0,0.0,0.0,0.0,0.0,,,,,0,0,0,0,31,0
