dataset,policy,task_order,budget_share,budget_cap,expected_introduced_fp,expected_delayed_ff,expected_delta,randomized_orders,observed_mean_introduced_fp,order_mcse_introduced_fp,mean_minus_expected_introduced_fp,canonical_seed0_introduced_fp,observed_mean_delayed_ff,order_mcse_delayed_ff,mean_minus_expected_delayed_ff,canonical_seed0_delayed_ff,observed_mean_delta,order_mcse_delta,mean_minus_expected_delta,canonical_seed0_delta
DR Gemini 3.1 Pro,random_criterion,release,0.0,0,0.0,0.0,0.0,31,0.0,0.0,0.0,0,0.0,0.0,0.0,0,0.0,0.0,0.0,0
DR Gemini 3.1 Pro,random_criterion,release,0.01,16,0.0,0.019722167872886647,0.019722167872886647,31,0.0,0.0,0.0,0,0.0,0.0,-0.019722167872886647,0,0.0,0.0,-0.019722167872886647,0
DR Gemini 3.1 Pro,random_criterion,release,0.02,32,0.0,0.039247912001892975,0.039247912001892975,31,0.0,0.0,0.0,0,0.0,0.0,-0.039247912001892975,0,0.0,0.0,-0.039247912001892975,0
DR Gemini 3.1 Pro,random_criterion,release,0.03,48,0.0,0.05857723199476868,0.05857723199476868,31,0.0,0.0,0.0,0,0.0,0.0,-0.05857723199476868,0,0.0,0.0,-0.05857723199476868,0
DR Gemini 3.1 Pro,random_criterion,release,0.04,65,0.0,0.07889941003129752,0.07889941003129752,31,0.0,0.0,0.0,0,0.0,0.0,-0.07889941003129752,0,0.0,0.0,-0.07889941003129752,0
DR Gemini 3.1 Pro,random_criterion,release,0.05,81,0.0,0.09782359668375339,0.09782359668375339,31,0.0,0.0,0.0,0,0.0,0.0,-0.09782359668375339,0,0.0,0.0,-0.09782359668375339,0
DR Gemini 3.1 Pro,random_criterion,release,0.06,97,0.0,0.11655134235730029,0.11655134235730029,31,0.0,0.0,0.0,0,0.03225806451612903,0.032258064516129045,-0.08429327784117126,0,0.03225806451612903,0.032258064516129045,-0.08429327784117126,0
DR Gemini 3.1 Pro,random_criterion,release,0.07,113,0.0,0.13508262849538463,0.13508262849538463,31,0.0,0.0,0.0,0,0.06451612903225806,0.044853018526052064,-0.07056649946312657,0,0.06451612903225806,0.044853018526052064,-0.07056649946312657,0
DR Gemini 3.1 Pro,random_criterion,release,0.08,129,0.0,0.15341742444240247,0.15341742444240247,31,0.0,0.0,0.0,0,0.06451612903225806,0.044853018526052064,-0.08890129541014441,0,0.06451612903225806,0.044853018526052064,-0.08890129541014441,0
DR Gemini 3.1 Pro,random_criterion,release,0.09,145,0.0,0.17155568304160465,0.17155568304160465,31,0.0,0.0,0.0,0,0.06451612903225806,0.044853018526052064,-0.10703955400934659,0,0.06451612903225806,0.044853018526052064,-0.10703955400934659,0
DR Gemini 3.1 Pro,random_criterion,release,0.1,162,0.0,0.1906121588634757,0.1906121588634757,31,0.0,0.0,0.0,0,0.12903225806451613,0.06120537406777507,-0.061579900798959586,0,0.12903225806451613,0.06120537406777507,-0.061579900798959586,0
DR Gemini 3.1 Pro,random_criterion,release,0.11,178,0.0,0.20834481134404773,0.20834481134404773,31,0.0,0.0,0.0,0,0.12903225806451613,0.06120537406777507,-0.0793125532795316,0,0.12903225806451613,0.06120537406777507,-0.0793125532795316,0
DR Gemini 3.1 Pro,random_criterion,release,0.12,194,0.0,0.22588062226704483,0.22588062226704483,31,0.0,0.0,0.0,0,0.12903225806451613,0.06120537406777507,-0.09684836420252871,0,0.12903225806451613,0.06120537406777507,-0.09684836420252871,0
DR Gemini 3.1 Pro,random_criterion,release,0.13,210,0.0,0.24321941789263302,0.24321941789263302,31,0.0,0.0,0.0,0,0.16129032258064516,0.06715051611181073,-0.08192909531198786,0,0.16129032258064516,0.06715051611181073,-0.08192909531198786,0
DR Gemini 3.1 Pro,random_criterion,release,0.14,226,0.0,0.26036097514933165,0.26036097514933165,31,0.0,0.0,0.0,0,0.1935483870967742,0.07213122508063839,-0.06681258805255746,0,0.1935483870967742,0.07213122508063839,-0.06681258805255746,0
DR Gemini 3.1 Pro,random_criterion,release,0.15,242,0.0,0.2773050130660339,0.2773050130660339,31,0.0,0.0,0.0,0,0.1935483870967742,0.07213122508063839,-0.0837566259692597,0,0.1935483870967742,0.07213122508063839,-0.0837566259692597,0
DR Gemini 3.1 Pro,random_criterion,release,0.16,258,0.0,0.29405118351687043,0.29405118351687043,31,0.0,0.0,0.0,0,0.25806451612903225,0.09237303911791198,-0.03598666738783818,0,0.25806451612903225,0.09237303911791198,-0.03598666738783818,0
DR Gemini 3.1 Pro,random_criterion,release,0.17,275,0.0,0.3116267084986437,0.3116267084986437,31,0.0,0.0,0.0,0,0.25806451612903225,0.09237303911791198,-0.05356219236961146,0,0.25806451612903225,0.09237303911791198,-0.05356219236961146,0
DR Gemini 3.1 Pro,random_criterion,release,0.18,291,0.0,0.327963336040487,0.327963336040487,31,0.0,0.0,0.0,0,0.25806451612903225,0.09237303911791198,-0.06989881991145475,0,0.25806451612903225,0.09237303911791198,-0.06989881991145475,0
DR Gemini 3.1 Pro,random_criterion,release,0.19,307,0.0,0.3441005041431692,0.3441005041431692,31,0.0,0.0,0.0,0,0.3225806451612903,0.09713195518826855,-0.02151985898187886,1,0.3225806451612903,0.09713195518826855,-0.02151985898187886,1
DR Gemini 3.1 Pro,random_criterion,release,0.2,323,0.0,0.36003748241260874,0.36003748241260874,31,0.0,0.0,0.0,0,0.3225806451612903,0.09713195518826855,-0.03745683725131843,1,0.3225806451612903,0.09713195518826855,-0.03745683725131843,1
DR Gemini 3.1 Pro,random_criterion,release,0.21,339,0.0,0.37577341590093927,0.37577341590093927,31,0.0,0.0,0.0,0,0.3225806451612903,0.09713195518826855,-0.053192770739648954,1,0.3225806451612903,0.09713195518826855,-0.053192770739648954,1
DR Gemini 3.1 Pro,random_criterion,release,0.22,355,0.0,0.3913073116854892,0.3913073116854892,31,0.0,0.0,0.0,0,0.3548387096774194,0.10923376429419608,-0.03646860200806984,1,0.3548387096774194,0.10923376429419608,-0.03646860200806984,1
DR Gemini 3.1 Pro,random_criterion,release,0.23,371,0.0,0.406638024760604,0.406638024760604,31,0.0,0.0,0.0,0,0.3548387096774194,0.10923376429419608,-0.05179931508318464,1,0.3548387096774194,0.10923376429419608,-0.05179931508318464,1
DR Gemini 3.1 Pro,random_criterion,release,0.24,388,0.0,0.4227028089564369,0.4227028089564369,31,0.0,0.0,0.0,0,0.3548387096774194,0.10923376429419608,-0.06786409927901754,1,0.3548387096774194,0.10923376429419608,-0.06786409927901754,1
DR Gemini 3.1 Pro,random_criterion,release,0.25,404,0.0,0.43761011024085883,0.43761011024085883,31,0.0,0.0,0.0,0,0.3870967741935484,0.11049662433260325,-0.05051333604731045,1,0.3870967741935484,0.11049662433260325,-0.05051333604731045,1
DR Gemini 3.1 Pro,random_criterion,release,0.26,420,0.0,0.45230961714047124,0.45230961714047124,31,0.0,0.0,0.0,0,0.3870967741935484,0.11049662433260325,-0.06521284294692287,1,0.3870967741935484,0.11049662433260325,-0.06521284294692287,1
DR Gemini 3.1 Pro,random_criterion,release,0.27,436,0.0,0.4667994074557041,0.4667994074557041,31,0.0,0.0,0.0,0,0.3870967741935484,0.11049662433260325,-0.07970263326215571,1,0.3870967741935484,0.11049662433260325,-0.07970263326215571,1
DR Gemini 3.1 Pro,random_criterion,release,0.28,452,0.0,0.48107732493646155,0.48107732493646155,31,0.0,0.0,0.0,0,0.3870967741935484,0.11049662433260325,-0.09398055074291317,1,0.3870967741935484,0.11049662433260325,-0.09398055074291317,1
DR Gemini 3.1 Pro,random_criterion,release,0.29,468,0.0,0.49514096100806015,0.49514096100806015,31,0.0,0.0,0.0,0,0.4838709677419355,0.1215577011704308,-0.011269993266124656,1,0.4838709677419355,0.1215577011704308,-0.011269993266124656,1
DR Gemini 3.1 Pro,random_criterion,release,0.3,484,0.0,0.5089876358100102,0.5089876358100102,31,0.0,0.0,0.0,0,0.4838709677419355,0.1215577011704308,-0.025116668068074666,1,0.4838709677419355,0.1215577011704308,-0.025116668068074666,1
DR Gemini 3.1 Pro,random_criterion,release,0.31,501,0.0,0.5234586743502401,0.5234586743502401,31,0.0,0.0,0.0,0,0.4838709677419355,0.1215577011704308,-0.039587706608304574,1,0.4838709677419355,0.1215577011704308,-0.039587706608304574,1
DR Gemini 3.1 Pro,random_criterion,release,0.32,517,0.0,0.5368481356307693,0.5368481356307693,31,0.0,0.0,0.0,0,0.4838709677419355,0.1215577011704308,-0.052977167888833776,1,0.4838709677419355,0.1215577011704308,-0.052977167888833776,1
DR Gemini 3.1 Pro,random_criterion,release,0.33,533,0.0,0.5500105310034737,0.5500105310034737,31,0.0,0.0,0.0,0,0.4838709677419355,0.1215577011704308,-0.06613956326153825,1,0.4838709677419355,0.1215577011704308,-0.06613956326153825,1
DR Gemini 3.1 Pro,random_criterion,release,0.34,549,0.0,0.5629418692476692,0.5629418692476692,31,0.0,0.0,0.0,0,0.4838709677419355,0.1215577011704308,-0.0790709015057337,1,0.4838709677419355,0.1215577011704308,-0.0790709015057337,1
DR Gemini 3.1 Pro,random_criterion,release,0.35,565,0.0,0.5756377813208018,0.5756377813208018,31,0.0,0.0,0.0,0,0.4838709677419355,0.1215577011704308,-0.09176681357886629,1,0.4838709677419355,0.1215577011704308,-0.09176681357886629,1
DR Gemini 3.1 Pro,random_criterion,release,0.36,581,0.0,0.5880934972313441,0.5880934972313441,31,0.0,0.0,0.0,0,0.4838709677419355,0.1215577011704308,-0.10422252948940858,1,0.4838709677419355,0.1215577011704308,-0.10422252948940858,1
DR Gemini 3.1 Pro,random_criterion,release,0.37,598,0.0,0.6010586934398692,0.6010586934398692,31,0.0,0.0,0.0,0,0.4838709677419355,0.1215577011704308,-0.11718772569793368,1,0.4838709677419355,0.1215577011704308,-0.11718772569793368,1
DR Gemini 3.1 Pro,random_criterion,release,0.38,614,0.0,0.6130020957202703,0.6130020957202703,31,0.0,0.0,0.0,0,0.5483870967741935,0.12127201875158437,-0.06461499894607681,1,0.5483870967741935,0.12127201875158437,-0.06461499894607681,1
DR Gemini 3.1 Pro,random_criterion,release,0.39,630,0.0,0.6246879458464198,0.6246879458464198,31,0.0,0.0,0.0,0,0.5806451612903226,0.12930079583275195,-0.044042784556097225,1,0.5806451612903226,0.12930079583275195,-0.044042784556097225,1
DR Gemini 3.1 Pro,random_criterion,release,0.4,646,0.0,0.6361095928713386,0.6361095928713386,31,0.0,0.0,0.0,0,0.5806451612903226,0.12930079583275195,-0.055464431581015994,1,0.5806451612903226,0.12930079583275195,-0.055464431581015994,1
DR Gemini 3.1 Pro,random_criterion,release,0.41,662,0.0,0.6472598572732178,0.6472598572732178,31,0.0,0.0,0.0,0,0.6129032258064516,0.12849349889281425,-0.03435663146676615,1,0.6129032258064516,0.12849349889281425,-0.03435663146676615,1
DR Gemini 3.1 Pro,random_criterion,release,0.42,678,0.0,0.658131003662431,0.658131003662431,31,0.0,0.0,0.0,0,0.6129032258064516,0.12849349889281425,-0.04522777785597942,1,0.6129032258064516,0.12849349889281425,-0.04522777785597942,1
DR Gemini 3.1 Pro,random_criterion,release,0.43,694,0.0,0.6687147128013893,0.6687147128013893,31,0.0,0.0,0.0,0,0.6129032258064516,0.1198333911032691,-0.055811486994937654,1,0.6129032258064516,0.1198333911032691,-0.055811486994937654,1
DR Gemini 3.1 Pro,random_criterion,release,0.44,711,0.0,0.6796349563119652,0.6796349563119652,31,0.0,0.0,0.0,0,0.6774193548387096,0.1260405872007966,-0.002215601473255613,1,0.6774193548387096,0.1260405872007966,-0.002215601473255613,1
DR Gemini 3.1 Pro,random_criterion,release,0.45,727,0.0,0.6895968993590057,0.6895968993590057,31,0.0,0.0,0.0,0,0.6774193548387096,0.1260405872007966,-0.012177544520296069,1,0.6774193548387096,0.1260405872007966,-0.012177544520296069,1
DR Gemini 3.1 Pro,random_criterion,release,0.46,743,0.0,0.6992419908932652,0.6992419908932652,31,0.0,0.0,0.0,0,0.7096774193548387,0.12437844078211832,0.010435428461573526,1,0.7096774193548387,0.12437844078211832,0.010435428461573526,1
DR Gemini 3.1 Pro,random_criterion,release,0.47,759,0.0,0.7085592377897534,0.7085592377897534,31,0.0,0.0,0.0,0,0.7741935483870968,0.12012249500016293,0.06563431059734337,1,0.7741935483870968,0.12012249500016293,0.06563431059734337,1
DR Gemini 3.1 Pro,random_criterion,release,0.48,775,0.0,0.7175369108811409,0.7175369108811409,31,0.0,0.0,0.0,0,0.7419354838709677,0.12241074813555018,0.02439857298982684,1,0.7419354838709677,0.12241074813555018,0.02439857298982684,1
DR Gemini 3.1 Pro,random_criterion,release,0.49,791,0.0,0.7261625128117295,0.7261625128117295,31,0.0,0.0,0.0,0,0.7741935483870968,0.1287631602573996,0.048031035575367254,2,0.7741935483870968,0.1287631602573996,0.048031035575367254,2
DR Gemini 3.1 Pro,random_criterion,release,0.5,808,0.0,0.7349265602803764,0.7349265602803764,31,0.0,0.0,0.0,0,0.7419354838709677,0.13090045413792,0.007008923590591354,2,0.7419354838709677,0.13090045413792,0.007008923590591354,2
DR Gemini 3.1 Pro,random_criterion,release,0.51,824,0.0,0.7427830824092527,0.7427830824092527,31,0.0,0.0,0.0,0,0.7741935483870968,0.1287631602573996,0.031410465977844026,2,0.7741935483870968,0.1287631602573996,0.031410465977844026,2
DR Gemini 3.1 Pro,random_criterion,release,0.52,840,0.0,0.7502441331700392,0.7502441331700392,31,0.0,0.0,0.0,0,0.7741935483870968,0.1287631602573996,0.023949415217057513,2,0.7741935483870968,0.1287631602573996,0.023949415217057513,2
DR Gemini 3.1 Pro,random_criterion,release,0.53,856,0.0,0.757293749598095,0.757293749598095,31,0.0,0.0,0.0,0,0.7741935483870968,0.13685937700384793,0.01689979878900172,2,0.7741935483870968,0.13685937700384793,0.01689979878900172,2
DR Gemini 3.1 Pro,random_criterion,release,0.54,872,0.0,0.7639150272562409,0.7639150272562409,31,0.0,0.0,0.0,0,0.7741935483870968,0.13685937700384793,0.010278521130855811,2,0.7741935483870968,0.13685937700384793,0.010278521130855811,2
DR Gemini 3.1 Pro,random_criterion,release,0.55,888,0.0,0.7700900839228453,0.7700900839228453,31,0.0,0.0,0.0,0,0.8064516129032258,0.13455905557815623,0.036361528980380475,2,0.8064516129032258,0.13455905557815623,0.036361528980380475,2
DR Gemini 3.1 Pro,random_criterion,release,0.56,904,0.0,0.775800022592754,0.775800022592754,31,0.0,0.0,0.0,0,0.8064516129032258,0.13455905557815623,0.03065159031047171,2,0.8064516129032258,0.13455905557815623,0.03065159031047171,2
DR Gemini 3.1 Pro,random_criterion,release,0.57,921,0.0,0.7813348681580086,0.7813348681580086,31,0.0,0.0,0.0,0,0.7741935483870968,0.1287631602573996,-0.007141319770911814,2,0.7741935483870968,0.1287631602573996,-0.007141319770911814,2
DR Gemini 3.1 Pro,random_criterion,release,0.58,937,0.0,0.7860212756442735,0.7860212756442735,31,0.0,0.0,0.0,0,0.7419354838709677,0.12241074813555018,-0.04408579177330574,2,0.7419354838709677,0.12241074813555018,-0.04408579177330574,2
DR Gemini 3.1 Pro,random_criterion,release,0.59,953,0.0,0.7901779810603571,0.7901779810603571,31,0.0,0.0,0.0,0,0.7096774193548387,0.12437844078211835,-0.08050056170551834,2,0.7096774193548387,0.12437844078211835,-0.08050056170551834,2
DR Gemini 3.1 Pro,random_criterion,release,0.6,969,0.0,0.7937815700945408,0.7937815700945408,31,0.0,0.0,0.0,0,0.7419354838709677,0.12241074813555018,-0.05184608622357301,2,0.7419354838709677,0.12241074813555018,-0.05184608622357301,2
DR Gemini 3.1 Pro,random_criterion,release,0.61,985,0.0,0.7968074157988936,0.7968074157988936,31,0.0,0.0,0.0,0,0.7419354838709677,0.12241074813555018,-0.05487193192792583,2,0.7419354838709677,0.12241074813555018,-0.05487193192792583,2
DR Gemini 3.1 Pro,random_criterion,release,0.62,1001,0.0,0.7992296374243157,0.7992296374243157,31,0.0,0.0,0.0,0,0.7419354838709677,0.12241074813555018,-0.05729415355334799,2,0.7419354838709677,0.12241074813555018,-0.05729415355334799,2
DR Gemini 3.1 Pro,random_criterion,release,0.63,1017,0.0,0.8010210585684284,0.8010210585684284,31,0.0,0.0,0.0,0,0.7419354838709677,0.12241074813555018,-0.059085574697460674,2,0.7419354838709677,0.12241074813555018,-0.059085574697460674,2
DR Gemini 3.1 Pro,random_criterion,release,0.64,1034,0.0,0.8022013550378317,0.8022013550378317,31,0.0,0.0,0.0,0,0.7419354838709677,0.12241074813555018,-0.060265871166863993,2,0.7419354838709677,0.12241074813555018,-0.060265871166863993,2
DR Gemini 3.1 Pro,random_criterion,release,0.65,1050,0.0,0.8026001493822689,0.8026001493822689,31,0.0,0.0,0.0,0,0.7096774193548387,0.12437844078211835,-0.09292273002743012,2,0.7096774193548387,0.12437844078211835,-0.09292273002743012,2
DR Gemini 3.1 Pro,random_criterion,release,0.66,1066,0.0,0.8022764053660401,0.8022764053660401,31,0.0,0.0,0.0,0,0.6774193548387096,0.10763435489240601,-0.12485705052733043,2,0.6774193548387096,0.10763435489240601,-0.12485705052733043,2
DR Gemini 3.1 Pro,random_criterion,release,0.67,1082,0.0,0.8011972383420048,0.8011972383420048,31,0.0,0.0,0.0,0,0.7096774193548387,0.10568311720693004,-0.0915198189871661,2,0.7096774193548387,0.10568311720693004,-0.0915198189871661,2
DR Gemini 3.1 Pro,random_criterion,release,0.68,1098,0.0,0.799328245588532,0.799328245588532,31,0.0,0.0,0.0,0,0.7096774193548387,0.10568311720693004,-0.08965082623369325,2,0.7096774193548387,0.10568311720693004,-0.08965082623369325,2
DR Gemini 3.1 Pro,random_criterion,release,0.69,1114,0.0,0.7966334602915028,0.7966334602915028,31,0.0,0.0,0.0,0,0.7096774193548387,0.10568311720693004,-0.08695604093666409,2,0.7096774193548387,0.10568311720693004,-0.08695604093666409,2
DR Gemini 3.1 Pro,random_criterion,release,0.7,1130,0.0,0.7930753048391581,0.7930753048391581,31,0.0,0.0,0.0,0,0.6774193548387096,0.10763435489240601,-0.11565595000044848,2,0.6774193548387096,0.10763435489240601,-0.11565595000044848,2
DR Gemini 3.1 Pro,random_criterion,release,0.71,1147,0.0,0.7883048512003651,0.7883048512003651,31,0.0,0.0,0.0,0,0.6774193548387096,0.10763435489240601,-0.11088549636165546,2,0.6774193548387096,0.10763435489240601,-0.11088549636165546,2
DR Gemini 3.1 Pro,random_criterion,release,0.72,1163,0.0,0.7828401708070761,0.7828401708070761,31,0.0,0.0,0.0,0,0.6451612903225806,0.1092337642941961,-0.1376788804844955,2,0.6451612903225806,0.1092337642941961,-0.1376788804844955,2
DR Gemini 3.1 Pro,random_criterion,release,0.73,1179,0.0,0.7763865173113905,0.7763865173113905,31,0.0,0.0,0.0,0,0.6129032258064516,0.11049662433260325,-0.1634832915049389,2,0.6129032258064516,0.11049662433260325,-0.1634832915049389,2
DR Gemini 3.1 Pro,random_criterion,release,0.74,1195,0.0,0.7688992746780162,0.7688992746780162,31,0.0,0.0,0.0,0,0.6451612903225806,0.1092337642941961,-0.12373798435543559,2,0.6451612903225806,0.1092337642941961,-0.12373798435543559,2
DR Gemini 3.1 Pro,random_criterion,release,0.75,1211,0.0,0.7603319690842884,0.7603319690842884,31,0.0,0.0,0.0,0,0.6774193548387096,0.11719936854570936,-0.08291261424557872,2,0.6774193548387096,0.11719936854570936,-0.08291261424557872,2
DR Gemini 3.1 Pro,random_criterion,release,0.76,1227,0.0,0.7506362180491326,0.7506362180491326,31,0.0,0.0,0.0,0,0.6451612903225806,0.11866993257050665,-0.10547492772655198,1,0.6451612903225806,0.11866993257050665,-0.10547492772655198,1
DR Gemini 3.1 Pro,random_criterion,release,0.77,1244,0.0,0.7390416965471758,0.7390416965471758,31,0.0,0.0,0.0,0,0.6129032258064516,0.11049662433260325,-0.12613847074072415,1,0.6129032258064516,0.11049662433260325,-0.12613847074072415,1
DR Gemini 3.1 Pro,random_criterion,release,0.78,1260,0.0,0.7268572824014743,0.7268572824014743,31,0.0,0.0,0.0,0,0.6451612903225806,0.10923376429419608,-0.08169599207889366,1,0.6451612903225806,0.10923376429419608,-0.08169599207889366,1
DR Gemini 3.1 Pro,random_criterion,release,0.79,1276,0.0,0.7133838333204519,0.7133838333204519,31,0.0,0.0,0.0,0,0.6129032258064516,0.11049662433260325,-0.10048060751400023,1,0.6129032258064516,0.11049662433260325,-0.10048060751400023,1
DR Gemini 3.1 Pro,random_criterion,release,0.8,1292,0.0,0.6985646755014834,0.6985646755014834,31,0.0,0.0,0.0,0,0.6129032258064516,0.11049662433260325,-0.08566144969503175,1,0.6129032258064516,0.11049662433260325,-0.08566144969503175,1
DR Gemini 3.1 Pro,random_criterion,release,0.81,1308,0.0,0.6823409584040092,0.6823409584040092,31,0.0,0.0,0.0,0,0.5806451612903226,0.11143437770349779,-0.10169579711368659,1,0.5806451612903226,0.11143437770349779,-0.10169579711368659,1
DR Gemini 3.1 Pro,random_criterion,release,0.82,1324,0.0,0.664651599712613,0.664651599712613,31,0.0,0.0,0.0,0,0.5806451612903226,0.11143437770349779,-0.08400643842229039,1,0.5806451612903226,0.11143437770349779,-0.08400643842229039,1
DR Gemini 3.1 Pro,random_criterion,release,0.83,1340,0.0,0.645433229612943,0.645433229612943,31,0.0,0.0,0.0,0,0.5806451612903226,0.11143437770349779,-0.0647880683226204,1,0.5806451612903226,0.11143437770349779,-0.0647880683226204,1
DR Gemini 3.1 Pro,random_criterion,release,0.84,1357,0.0,0.6232648242396994,0.6232648242396994,31,0.0,0.0,0.0,0,0.5161290322580645,0.11236430518376887,-0.10713579198163492,1,0.5161290322580645,0.11236430518376887,-0.10713579198163492,1
DR Gemini 3.1 Pro,random_criterion,release,0.85,1373,0.0,0.6006826442118902,0.6006826442118902,31,0.0,0.0,0.0,0,0.5161290322580645,0.11236430518376887,-0.08455361195382571,1,0.5161290322580645,0.11236430518376887,-0.08455361195382571,1
DR Gemini 3.1 Pro,random_criterion,release,0.86,1389,0.0,0.5763625569748194,0.5763625569748194,31,0.0,0.0,0.0,0,0.4838709677419355,0.11236430518376886,-0.09249158923288392,1,0.4838709677419355,0.11236430518376886,-0.09249158923288392,1
DR Gemini 3.1 Pro,random_criterion,release,0.87,1405,0.0,0.5502313124481404,0.5502313124481404,31,0.0,0.0,0.0,0,0.4838709677419355,0.10234842180035089,-0.06636034470620489,1,0.4838709677419355,0.10234842180035089,-0.06636034470620489,1
DR Gemini 3.1 Pro,random_criterion,release,0.88,1421,0.0,0.5222130804045262,0.5222130804045262,31,0.0,0.0,0.0,0,0.45161290322580644,0.10200895677962513,-0.07060017717871975,1,0.45161290322580644,0.10200895677962513,-0.07060017717871975,1
DR Gemini 3.1 Pro,random_criterion,release,0.89,1437,0.0,0.4922293905797057,0.4922293905797057,31,0.0,0.0,0.0,0,0.5161290322580645,0.10234842180035093,0.023899641678358785,1,0.5161290322580645,0.10234842180035093,0.023899641678358785,1
DR Gemini 3.1 Pro,random_criterion,release,0.9,1454,0.0,0.4581273217560087,0.4581273217560087,31,0.0,0.0,0.0,0,0.45161290322580644,0.09085862440549508,-0.006514418530202237,1,0.45161290322580644,0.09085862440549508,-0.006514418530202237,1
DR Gemini 3.1 Pro,random_criterion,release,0.91,1470,0.0,0.4238304308108196,0.4238304308108196,31,0.0,0.0,0.0,0,0.41935483870967744,0.0900918712501222,-0.004475592101142178,1,0.41935483870967744,0.0900918712501222,-0.004475592101142178,1
DR Gemini 3.1 Pro,random_criterion,release,0.92,1486,0.0,0.3873107043901518,0.3873107043901518,31,0.0,0.0,0.0,0,0.3870967741935484,0.08892934678767886,-0.00021393019660342905,1,0.3870967741935484,0.08892934678767886,-0.00021393019660342905,1
DR Gemini 3.1 Pro,random_criterion,release,0.93,1502,0.0,0.3484783169394381,0.3484783169394381,31,0.0,0.0,0.0,0,0.3225806451612903,0.08534681648595455,-0.02589767177814778,0,0.3225806451612903,0.08534681648595455,-0.02589767177814778,0
DR Gemini 3.1 Pro,random_criterion,release,0.94,1518,0.0,0.307240489129329,0.307240489129329,31,0.0,0.0,0.0,0,0.3225806451612903,0.08534681648595455,0.015340156031961316,0,0.3225806451612903,0.08534681648595455,0.015340156031961316,0
DR Gemini 3.1 Pro,random_criterion,release,0.95,1534,0.0,0.2635014237998454,0.2635014237998454,31,0.0,0.0,0.0,0,0.2903225806451613,0.08287246824945246,0.026821156845315886,0,0.2903225806451613,0.08287246824945246,0.026821156845315886,0
DR Gemini 3.1 Pro,random_criterion,release,0.96,1550,0.0,0.2171622412173717,0.2171622412173717,31,0.0,0.0,0.0,0,0.3225806451612903,0.08534681648595455,0.1054184039439186,0,0.3225806451612903,0.08534681648595455,0.1054184039439186,0
DR Gemini 3.1 Pro,random_criterion,release,0.97,1567,0.0,0.1649637260558794,0.1649637260558794,31,0.0,0.0,0.0,0,0.16129032258064516,0.06715051611181073,-0.0036734034752342326,0,0.16129032258064516,0.06715051611181073,-0.0036734034752342326,0
DR Gemini 3.1 Pro,random_criterion,release,0.98,1583,0.0,0.11293598106292291,0.11293598106292291,31,0.0,0.0,0.0,0,0.12903225806451613,0.06120537406777509,0.016096277001593218,0,0.12903225806451613,0.06120537406777509,0.016096277001593218,0
DR Gemini 3.1 Pro,random_criterion,release,0.99,1599,0.0,0.057985433288971766,0.057985433288971766,31,0.0,0.0,0.0,0,0.06451612903225806,0.04485301852605207,0.006530695743286297,0,0.06451612903225806,0.04485301852605207,0.006530695743286297,0
DR Gemini 3.1 Pro,random_criterion,release,1.0,1615,0.0,0.0,0.0,31,0.0,0.0,0.0,0,0.0,0.0,0.0,0,0.0,0.0,0.0,0
DR Gemini 3.1 Pro,disagreement_then_random,release,0.0,0,0.0,0.0,0.0,31,0.0,0.0,0.0,0,0.0,0.0,0.0,0,0.0,0.0,0.0,0
DR Gemini 3.1 Pro,disagreement_then_random,release,0.01,16,0.0,0.0,0.0,31,0.0,0.0,0.0,0,0.0,0.0,0.0,0,0.0,0.0,0.0,0
DR Gemini 3.1 Pro,disagreement_then_random,release,0.02,32,0.0,0.0,0.0,31,0.0,0.0,0.0,0,0.0,0.0,0.0,0,0.0,0.0,0.0,0
DR Gemini 3.1 Pro,disagreement_then_random,release,0.03,48,0.0,0.0,0.0,31,0.0,0.0,0.0,0,0.0,0.0,0.0,0,0.0,0.0,0.0,0
DR Gemini 3.1 Pro,disagreement_then_random,release,0.04,65,0.0,0.0,0.0,31,0.0,0.0,0.0,0,0.0,0.0,0.0,0,0.0,0.0,0.0,0
DR Gemini 3.1 Pro,disagreement_then_random,release,0.05,81,0.0,0.0,0.0,31,0.0,0.0,0.0,0,0.0,0.0,0.0,0,0.0,0.0,0.0,0
DR Gemini 3.1 Pro,disagreement_then_random,release,0.06,97,0.0,0.0,0.0,31,0.0,0.0,0.0,0,0.0,0.0,0.0,0,0.0,0.0,0.0,0
DR Gemini 3.1 Pro,disagreement_then_random,release,0.07,113,0.0,0.0,0.0,31,0.0,0.0,0.0,0,0.0,0.0,0.0,0,0.0,0.0,0.0,0
DR Gemini 3.1 Pro,disagreement_then_random,release,0.08,129,0.0,0.0,0.0,31,0.0,0.0,0.0,0,0.0,0.0,0.0,0,0.0,0.0,0.0,0
DR Gemini 3.1 Pro,disagreement_then_random,release,0.09,145,0.0,0.0,0.0,31,0.0,0.0,0.0,0,0.0,0.0,0.0,0,0.0,0.0,0.0,0
DR Gemini 3.1 Pro,disagreement_then_random,release,0.1,162,0.0,0.0,0.0,31,0.0,0.0,0.0,0,0.0,0.0,0.0,0,0.0,0.0,0.0,0
DR Gemini 3.1 Pro,disagreement_then_random,release,0.11,178,0.0,0.0,0.0,31,0.0,0.0,0.0,0,0.0,0.0,0.0,0,0.0,0.0,0.0,0
DR Gemini 3.1 Pro,disagreement_then_random,release,0.12,194,0.0,0.0,0.0,31,0.0,0.0,0.0,0,0.0,0.0,0.0,0,0.0,0.0,0.0,0
DR Gemini 3.1 Pro,disagreement_then_random,release,0.13,210,0.0,0.0,0.0,31,0.0,0.0,0.0,0,0.0,0.0,0.0,0,0.0,0.0,0.0,0
DR Gemini 3.1 Pro,disagreement_then_random,release,0.14,226,0.0,1.0,1.0,31,0.0,0.0,0.0,0,1.0,0.0,0.0,1,1.0,0.0,0.0,1
DR Gemini 3.1 Pro,disagreement_then_random,release,0.15,242,0.0,1.0,1.0,31,0.0,0.0,0.0,0,1.0,0.0,0.0,1,1.0,0.0,0.0,1
DR Gemini 3.1 Pro,disagreement_then_random,release,0.16,258,0.0,1.0,1.0,31,0.0,0.0,0.0,0,1.0,0.0,0.0,1,1.0,0.0,0.0,1
DR Gemini 3.1 Pro,disagreement_then_random,release,0.17,275,0.0,1.0,1.0,31,0.0,0.0,0.0,0,1.0,0.0,0.0,1,1.0,0.0,0.0,1
DR Gemini 3.1 Pro,disagreement_then_random,release,0.18,291,0.0,1.0,1.0,31,0.0,0.0,0.0,0,1.0,0.0,0.0,1,1.0,0.0,0.0,1
DR Gemini 3.1 Pro,disagreement_then_random,release,0.19,307,0.0,1.0,1.0,31,0.0,0.0,0.0,0,1.0,0.0,0.0,1,1.0,0.0,0.0,1
DR Gemini 3.1 Pro,disagreement_then_random,release,0.2,323,0.0,1.9992266047950502,1.9992266047950502,31,0.0,0.0,0.0,0,2.0,0.0,0.0007733952049497894,2,2.0,0.0,0.0007733952049497894,2
DR Gemini 3.1 Pro,disagreement_then_random,release,0.21,339,0.0,1.986852281308792,1.986852281308792,31,0.0,0.0,0.0,0,2.0,0.0,0.0131477186912079,2,2.0,0.0,0.0131477186912079,2
DR Gemini 3.1 Pro,disagreement_then_random,release,0.22,355,0.0,1.974477950294932,1.974477950294932,31,0.0,0.0,0.0,0,1.967741935483871,0.03225806451612904,-0.0067360148110608975,2,1.967741935483871,0.03225806451612904,-0.0067360148110608975,2
DR Gemini 3.1 Pro,disagreement_then_random,release,0.23,371,0.0,1.9621035711493928,1.9621035711493928,31,0.0,0.0,0.0,0,1.967741935483871,0.03225806451612904,0.005638364334478174,2,1.967741935483871,0.03225806451612904,0.005638364334478174,2
DR Gemini 3.1 Pro,disagreement_then_random,release,0.24,388,0.0,1.9489556174262168,1.9489556174262168,31,0.0,0.0,0.0,0,1.967741935483871,0.03225806451612904,0.018786318057654183,2,1.967741935483871,0.03225806451612904,0.018786318057654183,2
DR Gemini 3.1 Pro,disagreement_then_random,release,0.25,404,0.0,1.9365806801733805,1.9365806801733805,31,0.0,0.0,0.0,0,1.903225806451613,0.053978066228004884,-0.033354873721767486,2,1.903225806451613,0.053978066228004884,-0.033354873721767486,2
DR Gemini 3.1 Pro,disagreement_then_random,release,0.26,420,0.0,1.9242049974845112,1.9242049974845112,31,0.0,0.0,0.0,0,1.903225806451613,0.053978066228004884,-0.020979191032898248,2,1.903225806451613,0.053978066228004884,-0.020979191032898248,2
DR Gemini 3.1 Pro,disagreement_then_random,release,0.27,436,0.0,1.9118280343109466,1.9118280343109466,31,0.0,0.0,0.0,0,1.903225806451613,0.053978066228004884,-0.008602227859333622,2,1.903225806451613,0.053978066228004884,-0.008602227859333622,2
DR Gemini 3.1 Pro,disagreement_then_random,release,0.28,452,0.0,1.8994490450795936,1.8994490450795936,31,0.0,0.0,0.0,0,1.8709677419354838,0.06120537406777509,-0.028481303144109793,2,1.8709677419354838,0.06120537406777509,-0.028481303144109793,2
DR Gemini 3.1 Pro,disagreement_then_random,release,0.29,468,0.0,1.887067038605523,1.887067038605523,31,0.0,0.0,0.0,0,1.8709677419354838,0.06120537406777509,-0.016099296670039287,2,1.8709677419354838,0.06120537406777509,-0.016099296670039287,2
DR Gemini 3.1 Pro,disagreement_then_random,release,0.3,484,0.0,1.8746807430045662,1.8746807430045662,31,0.0,0.0,0.0,0,1.8709677419354838,0.06120537406777509,-0.0037130010690824555,2,1.8709677419354838,0.06120537406777509,-0.0037130010690824555,2
DR Gemini 3.1 Pro,disagreement_then_random,release,0.31,501,0.0,1.8615138224436865,1.8615138224436865,31,0.0,0.0,0.0,0,1.8709677419354838,0.06120537406777509,0.009453919491797302,2,1.8709677419354838,0.06120537406777509,0.009453919491797302,2
DR Gemini 3.1 Pro,disagreement_then_random,release,0.32,517,0.0,1.8491132732551239,1.8491132732551239,31,0.0,0.0,0.0,0,1.8709677419354838,0.06120537406777509,0.021854468680359895,2,1.8709677419354838,0.06120537406777509,0.021854468680359895,2
DR Gemini 3.1 Pro,disagreement_then_random,release,0.33,533,0.0,1.8367024253199546,1.8367024253199546,31,0.0,0.0,0.0,0,1.8387096774193548,0.06715051611181073,0.002007252099400114,2,1.8387096774193548,0.06715051611181073,0.002007252099400114,2
DR Gemini 3.1 Pro,disagreement_then_random,release,0.34,549,0.0,1.8242785056024302,1.8242785056024302,31,0.0,0.0,0.0,0,1.8387096774193548,0.06715051611181073,0.014431171816924548,2,1.8387096774193548,0.06715051611181073,0.014431171816924548,2
DR Gemini 3.1 Pro,disagreement_then_random,release,0.35,565,0.0,1.811838282737573,1.811838282737573,31,0.0,0.0,0.0,0,1.8387096774193548,0.06715051611181073,0.02687139468178179,2,1.8387096774193548,0.06715051611181073,0.02687139468178179,2
DR Gemini 3.1 Pro,disagreement_then_random,release,0.36,581,0.0,1.7993780319437718,1.7993780319437718,31,0.0,0.0,0.0,0,1.8064516129032258,0.07213122508063838,0.0070735809594539845,2,1.8064516129032258,0.07213122508063838,0.0070735809594539845,2
DR Gemini 3.1 Pro,disagreement_then_random,release,0.37,598,0.0,1.7861123036473368,1.7861123036473368,31,0.0,0.0,0.0,0,1.7741935483870968,0.07633651333031763,-0.01191875526024,2,1.7741935483870968,0.07633651333031763,-0.01191875526024,2
DR Gemini 3.1 Pro,disagreement_then_random,release,0.38,614,0.0,1.7735966815027395,1.7735966815027395,31,0.0,0.0,0.0,0,1.7741935483870968,0.07633651333031763,0.0005968668843572278,2,1.7741935483870968,0.07633651333031763,0.0005968668843572278,2
DR Gemini 3.1 Pro,disagreement_then_random,release,0.39,630,0.0,1.7610461865593083,1.7610461865593083,31,0.0,0.0,0.0,0,1.7741935483870968,0.07633651333031763,0.013147361827788417,2,1.7741935483870968,0.07633651333031763,0.013147361827788417,2
DR Gemini 3.1 Pro,disagreement_then_random,release,0.4,646,0.0,1.7484547287194423,1.7484547287194423,31,0.0,0.0,0.0,0,1.7741935483870968,0.07633651333031763,0.025738819667654456,2,1.7741935483870968,0.07633651333031763,0.025738819667654456,2
DR Gemini 3.1 Pro,disagreement_then_random,release,0.41,662,0.0,1.7358155468389183,1.7358155468389183,31,0.0,0.0,0.0,0,1.7741935483870968,0.07633651333031763,0.0383780015481785,2,1.7741935483870968,0.07633651333031763,0.0383780015481785,2
DR Gemini 3.1 Pro,disagreement_then_random,release,0.42,678,0.0,1.7231211736394854,1.7231211736394854,31,0.0,0.0,0.0,0,1.7741935483870968,0.07633651333031763,0.05107237474761139,2,1.7741935483870968,0.07633651333031763,0.05107237474761139,2
DR Gemini 3.1 Pro,disagreement_then_random,release,0.43,694,0.0,1.7103634006214612,1.7103634006214612,31,0.0,0.0,0.0,0,1.7741935483870968,0.07633651333031763,0.06383014776563556,2,1.7741935483870968,0.07633651333031763,0.06383014776563556,2
DR Gemini 3.1 Pro,disagreement_then_random,release,0.44,711,0.0,1.6967287355643021,1.6967287355643021,31,0.0,0.0,0.0,0,1.7741935483870968,0.07633651333031763,0.0774648128227946,2,1.7741935483870968,0.07633651333031763,0.0774648128227946,2
DR Gemini 3.1 Pro,disagreement_then_random,release,0.45,727,0.0,1.6838109163856005,1.6838109163856005,31,0.0,0.0,0.0,0,1.7741935483870968,0.07633651333031763,0.09038263200149621,2,1.7741935483870968,0.07633651333031763,0.09038263200149621,2
DR Gemini 3.1 Pro,disagreement_then_random,release,0.46,743,0.0,1.6707995796117385,1.6707995796117385,31,0.0,0.0,0.0,0,1.7419354838709677,0.07988892740217941,0.07113590425922922,2,1.7419354838709677,0.07988892740217941,0.07113590425922922,2
DR Gemini 3.1 Pro,disagreement_then_random,release,0.47,759,0.0,1.6576831447200506,1.6576831447200506,31,0.0,0.0,0.0,0,1.7096774193548387,0.08287246824945245,0.05199427463478812,2,1.7096774193548387,0.08287246824945245,0.05199427463478812,2
DR Gemini 3.1 Pro,disagreement_then_random,release,0.48,775,0.0,1.6444491123364495,1.6444491123364495,31,0.0,0.0,0.0,0,1.6774193548387097,0.08534681648595453,0.032970242502260216,2,1.6774193548387097,0.08534681648595453,0.032970242502260216,2
DR Gemini 3.1 Pro,disagreement_then_random,release,0.49,791,0.0,1.6310840291480229,1.6310840291480229,31,0.0,0.0,0.0,0,1.6774193548387097,0.08534681648595453,0.04633532569068688,2,1.6774193548387097,0.08534681648595453,0.04633532569068688,2
DR Gemini 3.1 Pro,disagreement_then_random,release,0.5,808,0.0,1.6167238635068957,1.6167238635068957,31,0.0,0.0,0.0,0,1.6774193548387097,0.08534681648595453,0.060695491331814067,2,1.6774193548387097,0.08534681648595453,0.060695491331814067,2
DR Gemini 3.1 Pro,disagreement_then_random,release,0.51,824,0.0,1.603041730077571,1.603041730077571,31,0.0,0.0,0.0,0,1.6774193548387097,0.08534681648595453,0.07437762476113874,2,1.6774193548387097,0.08534681648595453,0.07437762476113874,2
DR Gemini 3.1 Pro,disagreement_then_random,release,0.52,840,0.0,1.5891810425745827,1.5891810425745827,31,0.0,0.0,0.0,0,1.6774193548387097,0.08534681648595453,0.08823831226412704,2,1.6774193548387097,0.08534681648595453,0.08823831226412704,2
DR Gemini 3.1 Pro,disagreement_then_random,release,0.53,856,0.0,1.5751241114976247,1.5751241114976247,31,0.0,0.0,0.0,0,1.6451612903225807,0.08735525166275228,0.07003717882495608,2,1.6451612903225807,0.08735525166275228,0.07003717882495608,2
DR Gemini 3.1 Pro,disagreement_then_random,release,0.54,872,0.0,1.5608521157775765,1.5608521157775765,31,0.0,0.0,0.0,0,1.6451612903225807,0.08735525166275228,0.0843091745450042,2,1.6451612903225807,0.08735525166275228,0.0843091745450042,2
DR Gemini 3.1 Pro,disagreement_then_random,release,0.55,888,0.0,1.5463450676890989,1.5463450676890989,31,0.0,0.0,0.0,0,1.6129032258064515,0.08892934678767887,0.06655815811735266,2,1.6129032258064515,0.08892934678767887,0.06655815811735266,2
DR Gemini 3.1 Pro,disagreement_then_random,release,0.56,904,0.0,1.5315817777632275,1.5315817777632275,31,0.0,0.0,0.0,0,1.5806451612903225,0.0900918712501222,0.04906338352709505,2,1.5806451612903225,0.0900918712501222,0.04906338352709505,2
DR Gemini 3.1 Pro,disagreement_then_random,release,0.57,921,0.0,1.5155899106251538,1.5155899106251538,31,0.0,0.0,0.0,0,1.5806451612903225,0.0900918712501222,0.0650552506651687,2,1.5806451612903225,0.0900918712501222,0.0650552506651687,2
DR Gemini 3.1 Pro,disagreement_then_random,release,0.58,937,0.0,1.5002258718064396,1.5002258718064396,31,0.0,0.0,0.0,0,1.5161290322580645,0.09123958466923195,0.015903160451624876,2,1.5161290322580645,0.09123958466923195,0.015903160451624876,2
DR Gemini 3.1 Pro,disagreement_then_random,release,0.59,953,0.0,1.4845328543835041,1.4845328543835041,31,0.0,0.0,0.0,0,1.5161290322580645,0.09123958466923195,0.03159617787456037,2,1.5161290322580645,0.09123958466923195,0.03159617787456037,2
DR Gemini 3.1 Pro,disagreement_then_random,release,0.6,969,0.0,1.4684844259929957,1.4684844259929957,31,0.0,0.0,0.0,0,1.5161290322580645,0.09123958466923195,0.047644606265068834,2,1.5161290322580645,0.09123958466923195,0.047644606265068834,2
DR Gemini 3.1 Pro,disagreement_then_random,release,0.61,985,0.0,1.4520527748979513,1.4520527748979513,31,0.0,0.0,0.0,0,1.4838709677419355,0.10234842180035092,0.03181819284398424,2,1.4838709677419355,0.10234842180035092,0.03181819284398424,2
DR Gemini 3.1 Pro,disagreement_then_random,release,0.62,1001,0.0,1.4352086749003896,1.4352086749003896,31,0.0,0.0,0.0,0,1.4838709677419355,0.10234842180035092,0.048662292841545884,2,1.4838709677419355,0.10234842180035092,0.048662292841545884,2
DR Gemini 3.1 Pro,disagreement_then_random,release,0.63,1017,0.0,1.4179214502539066,1.4179214502539066,31,0.0,0.0,0.0,0,1.4193548387096775,0.11143437770349778,0.001433388455770901,2,1.4193548387096775,0.11143437770349778,0.001433388455770901,2
DR Gemini 3.1 Pro,disagreement_then_random,release,0.64,1034,0.0,1.3990322421980224,1.3990322421980224,31,0.0,0.0,0.0,0,1.4193548387096775,0.11143437770349778,0.020322596511655133,2,1.4193548387096775,0.11143437770349778,0.020322596511655133,2
DR Gemini 3.1 Pro,disagreement_then_random,release,0.65,1050,0.0,1.3807278034738077,1.3807278034738077,31,0.0,0.0,0.0,0,1.3548387096774193,0.1092337642941961,-0.025889093796388485,2,1.3548387096774193,0.1092337642941961,-0.025889093796388485,2
DR Gemini 3.1 Pro,disagreement_then_random,release,0.66,1066,0.0,1.3618769100890997,1.3618769100890997,31,0.0,0.0,0.0,0,1.2903225806451613,0.10568311720693004,-0.07155432944393847,2,1.2903225806451613,0.10568311720693004,-0.07155432944393847,2
DR Gemini 3.1 Pro,disagreement_then_random,release,0.67,1082,0.0,1.3424426366961137,1.3424426366961137,31,0.0,0.0,0.0,0,1.2580645161290323,0.1132865994930402,-0.0843781205670815,2,1.2580645161290323,0.1132865994930402,-0.0843781205670815,2
DR Gemini 3.1 Pro,disagreement_then_random,release,0.68,1098,0.0,1.3223864307686544,1.3223864307686544,31,0.0,0.0,0.0,0,1.2580645161290323,0.1132865994930402,-0.06432191463962211,2,1.2580645161290323,0.1132865994930402,-0.06432191463962211,2
DR Gemini 3.1 Pro,disagreement_then_random,release,0.69,1114,0.0,1.3016680775147096,1.3016680775147096,31,0.0,0.0,0.0,0,1.2580645161290323,0.1132865994930402,-0.043603561385677336,2,1.2580645161290323,0.1132865994930402,-0.043603561385677336,2
DR Gemini 3.1 Pro,disagreement_then_random,release,0.7,1130,0.0,1.2802456647890468,1.2802456647890468,31,0.0,0.0,0.0,0,1.2580645161290323,0.1132865994930402,-0.022181148660014527,2,1.2580645161290323,0.1132865994930402,-0.022181148660014527,2
DR Gemini 3.1 Pro,disagreement_then_random,release,0.71,1147,0.0,1.2566640625379577,1.2566640625379577,31,0.0,0.0,0.0,0,1.2258064516129032,0.11081009056333978,-0.030857610925054457,2,1.2258064516129032,0.11081009056333978,-0.030857610925054457,2
DR Gemini 3.1 Pro,disagreement_then_random,release,0.72,1163,0.0,1.2336497110375915,1.2336497110375915,31,0.0,0.0,0.0,0,1.1935483870967742,0.10795613245600977,-0.040101323940817224,2,1.1935483870967742,0.10795613245600977,-0.040101323940817224,2
DR Gemini 3.1 Pro,disagreement_then_random,release,0.73,1179,0.0,1.2097920170624377,1.2097920170624377,31,0.0,0.0,0.0,0,1.1290322580645162,0.10098371511289372,-0.08075975899792143,2,1.1290322580645162,0.10098371511289372,-0.08075975899792143,2
DR Gemini 3.1 Pro,disagreement_then_random,release,0.74,1195,0.0,1.1850418121588888,1.1850418121588888,31,0.0,0.0,0.0,0,1.1290322580645162,0.10098371511289372,-0.05600955409437258,2,1.1290322580645162,0.10098371511289372,-0.05600955409437258,2
DR Gemini 3.1 Pro,disagreement_then_random,release,0.75,1211,0.0,1.1593480528901283,1.1593480528901283,31,0.0,0.0,0.0,0,1.1290322580645162,0.10098371511289372,-0.030315794825612086,2,1.1290322580645162,0.10098371511289372,-0.030315794825612086,2
DR Gemini 3.1 Pro,disagreement_then_random,release,0.76,1227,0.0,1.132657785748725,1.132657785748725,31,0.0,0.0,0.0,0,1.096774193548387,0.10731161247204,-0.03588359220033799,2,1.096774193548387,0.10731161247204,-0.03588359220033799,2
DR Gemini 3.1 Pro,disagreement_then_random,release,0.77,1244,0.0,1.1031460598077243,1.1031460598077243,31,0.0,0.0,0.0,0,1.032258064516129,0.11808390463047183,-0.07088799529159528,2,1.032258064516129,0.11808390463047183,-0.07088799529159528,2
DR Gemini 3.1 Pro,disagreement_then_random,release,0.78,1260,0.0,1.0742248984645308,1.0742248984645308,31,0.0,0.0,0.0,0,1.0,0.12269377914491107,-0.07422489846453084,2,1.0,0.12269377914491107,-0.07422489846453084,2
DR Gemini 3.1 Pro,disagreement_then_random,release,0.79,1276,0.0,1.0441328088221384,1.0441328088221384,31,0.0,0.0,0.0,0,1.0,0.12269377914491107,-0.044132808822138436,2,1.0,0.12269377914491107,-0.044132808822138436,2
DR Gemini 3.1 Pro,disagreement_then_random,release,0.8,1292,0.0,1.0128087169003321,1.0128087169003321,31,0.0,0.0,0.0,0,0.967741935483871,0.11808390463047183,-0.045066781416461144,2,0.967741935483871,0.11808390463047183,-0.045066781416461144,2
DR Gemini 3.1 Pro,disagreement_then_random,release,0.81,1308,0.0,0.9801894610182922,0.9801894610182922,31,0.0,0.0,0.0,0,0.9032258064516129,0.11690303591334954,-0.07696365456667931,1,0.9032258064516129,0.11690303591334954,-0.07696365456667931,1
DR Gemini 3.1 Pro,disagreement_then_random,release,0.82,1324,0.0,0.9462097567071925,0.9462097567071925,31,0.0,0.0,0.0,0,0.9032258064516129,0.11690303591334954,-0.04298395025557966,1,0.9032258064516129,0.11690303591334954,-0.04298395025557966,1
DR Gemini 3.1 Pro,disagreement_then_random,release,0.83,1340,0.0,0.9108021616227937,0.9108021616227937,31,0.0,0.0,0.0,0,0.9032258064516129,0.11690303591334954,-0.007576355171180826,1,0.9032258064516129,0.11690303591334954,-0.007576355171180826,1
DR Gemini 3.1 Pro,disagreement_then_random,release,0.84,1357,0.0,0.87153911943938,0.87153911943938,31,0.0,0.0,0.0,0,0.8387096774193549,0.11450476999547647,-0.032829442020025135,1,0.8387096774193549,0.11450476999547647,-0.032829442020025135,1
DR Gemini 3.1 Pro,disagreement_then_random,release,0.85,1373,0.0,0.8329640844358432,0.8329640844358432,31,0.0,0.0,0.0,0,0.8064516129032258,0.1174949538034214,-0.026512471532617488,1,0.8064516129032258,0.1174949538034214,-0.026512471532617488,1
DR Gemini 3.1 Pro,disagreement_then_random,release,0.86,1389,0.0,0.7927408246496419,0.7927408246496419,31,0.0,0.0,0.0,0,0.7741935483870968,0.11081009056333978,-0.018547276262545154,1,0.7741935483870968,0.11081009056333978,-0.018547276262545154,1
DR Gemini 3.1 Pro,disagreement_then_random,release,0.87,1405,0.0,0.7507927705567574,0.7507927705567574,31,0.0,0.0,0.0,0,0.7419354838709677,0.10336012766191756,-0.008857286685789667,1,0.7419354838709677,0.10336012766191756,-0.008857286685789667,1
DR Gemini 3.1 Pro,disagreement_then_random,release,0.88,1421,0.0,0.7070410171277715,0.7070410171277715,31,0.0,0.0,0.0,0,0.7096774193548387,0.10568311720693006,0.0026364022270672915,1,0.7096774193548387,0.10568311720693006,0.0026364022270672915,1
DR Gemini 3.1 Pro,disagreement_then_random,release,0.89,1437,0.0,0.6614042887404583,0.6614042887404583,31,0.0,0.0,0.0,0,0.6774193548387096,0.10763435489240601,0.016015066098251318,1,0.6774193548387096,0.10763435489240601,0.016015066098251318,1
DR Gemini 3.1 Pro,disagreement_then_random,release,0.9,1454,0.0,0.6107562492640526,0.6107562492640526,31,0.0,0.0,0.0,0,0.6129032258064516,0.10029439842030984,0.0021469765423990372,1,0.6129032258064516,0.10029439842030984,0.0021469765423990372,1
DR Gemini 3.1 Pro,disagreement_then_random,release,0.91,1470,0.0,0.5609647467886361,0.5609647467886361,31,0.0,0.0,0.0,0,0.6129032258064516,0.10029439842030984,0.051938479017815564,1,0.6129032258064516,0.10029439842030984,0.051938479017815564,1
DR Gemini 3.1 Pro,disagreement_then_random,release,0.92,1486,0.0,0.5090242476799411,0.5090242476799411,31,0.0,0.0,0.0,0,0.5161290322580645,0.09123958466923195,0.007104784578123358,1,0.5161290322580645,0.09123958466923195,0.007104784578123358,1
DR Gemini 3.1 Pro,disagreement_then_random,release,0.93,1502,0.0,0.45484348497155347,0.45484348497155347,31,0.0,0.0,0.0,0,0.4838709677419355,0.09123958466923195,0.02902748277038203,1,0.4838709677419355,0.09123958466923195,0.02902748277038203,1
DR Gemini 3.1 Pro,disagreement_then_random,release,0.94,1518,0.0,0.3983286434742639,0.3983286434742639,31,0.0,0.0,0.0,0,0.45161290322580644,0.09085862440549508,0.05328425975154255,1,0.45161290322580644,0.09085862440549508,0.05328425975154255,1
DR Gemini 3.1 Pro,disagreement_then_random,release,0.95,1534,0.0,0.33938332468866417,0.33938332468866417,31,0.0,0.0,0.0,0,0.3548387096774194,0.08735525166275225,0.015455384988755205,0,0.3548387096774194,0.08735525166275225,0.015455384988755205,0
DR Gemini 3.1 Pro,disagreement_then_random,release,0.96,1550,0.0,0.2779085117177411,0.2779085117177411,31,0.0,0.0,0.0,0,0.3225806451612903,0.08534681648595455,0.0446721334435492,0,0.3225806451612903,0.08534681648595455,0.0446721334435492,0
DR Gemini 3.1 Pro,disagreement_then_random,release,0.97,1567,0.0,0.2097061799791058,0.2097061799791058,31,0.0,0.0,0.0,0,0.2903225806451613,0.08287246824945246,0.08061640066605552,0,0.2903225806451613,0.08287246824945246,0.08061640066605552,0
DR Gemini 3.1 Pro,disagreement_then_random,release,0.98,1583,0.0,0.14269018166986536,0.14269018166986536,31,0.0,0.0,0.0,0,0.16129032258064516,0.06715051611181073,0.0186001409107798,0,0.16129032258064516,0.06715051611181073,0.0186001409107798,0
DR Gemini 3.1 Pro,disagreement_then_random,release,0.99,1599,0.0,0.07282479332622871,0.07282479332622871,31,0.0,0.0,0.0,0,0.12903225806451613,0.06120537406777509,0.056207464738287416,0,0.12903225806451613,0.06120537406777509,0.056207464738287416,0
DR Gemini 3.1 Pro,disagreement_then_random,release,1.0,1615,0.0,0.0,0.0,31,0.0,0.0,0.0,0,0.0,0.0,0.0,0,0.0,0.0,0.0,0
DR Qwen-plus,random_criterion,release,0.0,0,0.0,0.0,0.0,31,0.0,0.0,0.0,0,0.0,0.0,0.0,0,0.0,0.0,0.0,0
DR Qwen-plus,random_criterion,release,0.01,16,0.03935146298256529,0.029536415852384708,-0.009815047130180582,31,0.0,0.0,-0.03935146298256529,1,0.0,0.0,-0.029536415852384708,1,0.0,0.0,0.009815047130180582,0
DR Qwen-plus,random_criterion,release,0.02,32,0.07810817495022486,0.05867450439728444,-0.019433670552940423,31,0.06451612903225806,0.044853018526052064,-0.013592045917966797,1,0.0,0.0,-0.05867450439728444,1,-0.06451612903225806,0.044853018526052064,-0.04508245847931764,0
DR Qwen-plus,random_criterion,release,0.03,48,0.11626429068415896,0.08740842041587946,-0.0288558702682795,31,0.12903225806451613,0.06120537406777507,0.012767967380357167,1,0.0,0.0,-0.08740842041587946,1,-0.12903225806451613,0.06120537406777507,-0.10017638779623662,0
DR Qwen-plus,random_criterion,release,0.04,65,0.15614055042710304,0.11748881503132079,-0.03865173539578225,31,0.12903225806451613,0.06120537406777507,-0.02710829236258691,1,0.0,0.0,-0.11748881503132079,1,-0.12903225806451613,0.06120537406777507,-0.09038052266873388,0
DR Qwen-plus,random_criterion,release,0.05,81,0.1930394760406357,0.14537066482606967,-0.04766881121456604,31,0.12903225806451613,0.06120537406777507,-0.06400721797611958,1,0.06451612903225806,0.044853018526052064,-0.0808545357938116,1,-0.06451612903225806,0.06451612903225808,-0.016847317817692026,0
DR Qwen-plus,random_criterion,release,0.06,97,0.2293199044378076,0.1728304411118785,-0.05648946332592908,31,0.16129032258064516,0.06715051611181073,-0.06802958185716243,1,0.06451612903225806,0.044853018526052064,-0.10831431207962045,1,-0.0967741935483871,0.0711629768076314,-0.040284730222458015,0
DR Qwen-plus,random_criterion,release,0.07,113,0.2649759903997989,0.19986229866992752,-0.06511369172987139,31,0.1935483870967742,0.07213122508063839,-0.07142760330302472,1,0.12903225806451613,0.06120537406777507,-0.0708300406054114,1,-0.06451612903225806,0.07945356215875769,0.0005975626976133241,0
DR Qwen-plus,random_criterion,release,0.08,129,0.30000188870779004,0.22646039228139708,-0.07354149642639296,31,0.25806451612903225,0.07988892740217943,-0.04193737257875779,1,0.16129032258064516,0.06715051611181073,-0.06517006970075193,1,-0.0967741935483871,0.09677419354838711,-0.023232697121994134,0
DR Qwen-plus,random_criterion,release,0.09,145,0.3343917541429612,0.25261887672746747,-0.08177287741549372,31,0.2903225806451613,0.08287246824945245,-0.044069173497799874,1,0.1935483870967742,0.07213122508063838,-0.05907048963069328,1,-0.0967741935483871,0.10731161247204,-0.015001316132893378,0
DR Qwen-plus,random_criterion,release,0.1,162,0.3702275449072743,0.279924047260906,-0.0903034976463683,31,0.2903225806451613,0.08287246824945245,-0.07990496426211297,1,0.25806451612903225,0.09237303911791198,-0.021859531131873722,1,-0.03225806451612903,0.12686349422582907,0.05804543313023927,0
DR Qwen-plus,random_criterion,release,0.11,178,0.40328713215391154,0.30515737741499777,-0.09812975473891378,31,0.3870967741935484,0.08892934678767887,-0.016190357960363166,2,0.2903225806451613,0.09496517060567577,-0.014834796769836456,1,-0.0967741935483871,0.1340425121913757,0.0013555611905266829,-1
DR Qwen-plus,random_criterion,release,0.12,194,0.4356927855450935,0.32993319742105504,-0.10575958812403846,31,0.3548387096774194,0.08735525166275225,-0.08085407586767412,2,0.3548387096774194,0.09890135301132832,0.024905512256364337,1,0.0,0.12269377914491107,0.10575958812403846,-1
DR Qwen-plus,random_criterion,release,0.13,210,0.46743865986200045,0.354245662060258,-0.11319299780174247,31,0.41935483870967744,0.0900918712501222,-0.048083821152323014,2,0.3870967741935484,0.10029439842030984,0.032851112133290394,1,-0.03225806451612903,0.12686349422582907,0.08093493328561344,-1
DR Qwen-plus,random_criterion,release,0.14,226,0.4985189098858127,0.37808892611378686,-0.12042998377202585,31,0.41935483870967744,0.0900918712501222,-0.07916407117613528,2,0.3870967741935484,0.10029439842030984,0.009007848079761516,1,-0.03225806451612903,0.12686349422582907,0.08817191925589682,-1
DR Qwen-plus,random_criterion,release,0.15,242,0.5289276903977104,0.4014571443628222,-0.12747054603488817,31,0.45161290322580644,0.09085862440549508,-0.07731478717190393,2,0.3870967741935484,0.10029439842030984,-0.014360370169273828,1,-0.06451612903225806,0.13063520471817155,0.0629544170026301,-1
DR Qwen-plus,random_criterion,release,0.16,258,0.5586591561788739,0.424344471588544,-0.13431468459032986,31,0.45161290322580644,0.09085862440549508,-0.10704625295306741,2,0.45161290322580644,0.10200895677962513,0.027268431637262447,1,0.0,0.13912166872805048,0.13431468459032986,-1
DR Qwen-plus,random_criterion,release,0.17,275,0.5895001646500816,0.4481288049146398,-0.1413713597354418,31,0.45161290322580644,0.09085862440549508,-0.13788726142427515,2,0.45161290322580644,0.10200895677962513,0.003484098311166639,1,0.0,0.13912166872805048,0.1413713597354418,-1
DR Qwen-plus,random_criterion,release,0.18,291,0.6178162084107633,0.47000583401643503,-0.14781037439432831,31,0.5161290322580645,0.09123958466923195,-0.10168717615269884,2,0.45161290322580644,0.10200895677962513,-0.018392930790628592,1,-0.06451612903225806,0.13063520471817155,0.08329424536207025,-1
DR Qwen-plus,random_criterion,release,0.19,307,0.6454370364580753,0.49138407111228144,-0.15405296534579382,31,0.5161290322580645,0.09123958466923195,-0.12930800420001076,2,0.4838709677419355,0.10234842180035093,-0.0075131033703459416,2,-0.03225806451612903,0.12686349422582907,0.12179490082966479,0
DR Qwen-plus,random_criterion,release,0.2,323,0.6723568035731983,0.5122576709833594,-0.16009913258983888,31,0.5161290322580645,0.09123958466923195,-0.15622777131513377,2,0.45161290322580644,0.10200895677962513,-0.06064476775755295,2,-0.06451612903225806,0.13063520471817155,0.09558300355758081,0
DR Qwen-plus,random_criterion,release,0.21,339,0.6985696645373121,0.532620788410849,-0.16594887612646303,31,0.5806451612903226,0.10132661496249243,-0.11792450324698944,2,0.4838709677419355,0.10234842180035093,-0.048749820668913535,2,-0.0967741935483871,0.1340425121913757,0.06917468257807594,0
DR Qwen-plus,random_criterion,release,0.22,355,0.7240697741315973,0.5524675781759308,-0.1716021959556665,31,0.6451612903225806,0.11866993257050665,-0.07890848380901672,2,0.5161290322580645,0.10234842180035093,-0.03633854591786634,2,-0.12903225806451613,0.1371125860584523,0.04256993789115038,0
DR Qwen-plus,random_criterion,release,0.23,371,0.7488512871372341,0.5717921950597851,-0.17705909207744908,31,0.6451612903225806,0.11866993257050665,-0.10368999681465352,2,0.4838709677419355,0.10234842180035093,-0.08792122731784957,2,-0.16129032258064516,0.1398676347656697,0.01576876949680392,0
DR Qwen-plus,random_criterion,release,0.24,388,0.7743877381237223,0.5917459159869239,-0.18264182213679836,31,0.6774193548387096,0.1260405872007966,-0.09696838328501267,2,0.45161290322580644,0.10200895677962513,-0.1401330127611175,2,-0.22580645161290322,0.14450268754694487,-0.04316462947610486,0
DR Qwen-plus,random_criterion,release,0.25,404,0.797668685276929,0.6099750909149033,-0.1876935943620257,31,0.7419354838709677,0.14641039636013184,-0.055733201405961275,2,0.4838709677419355,0.11236430518376887,-0.12610412317296782,2,-0.25806451612903225,0.1535791059901688,-0.07037092176700654,0
DR Qwen-plus,random_criterion,release,0.26,420,0.8202131348588522,0.6276641919790198,-0.19254894287983237,31,0.7741935483870968,0.14450268754694487,-0.046019586471755414,2,0.45161290322580644,0.10200895677962513,-0.17605128875321335,2,-0.3225806451612903,0.14208203577771122,-0.13003170228145794,0
DR Qwen-plus,random_criterion,release,0.27,436,0.8420152416506719,0.6448073739604536,-0.19720786769021825,31,0.8064516129032258,0.1496903961745794,-0.03556362874744612,2,0.45161290322580644,0.10200895677962513,-0.19319447073464718,2,-0.3548387096774194,0.15061441974101616,-0.15763084198720112,0
DR Qwen-plus,random_criterion,release,0.28,452,0.8630691604335681,0.6613987916403847,-0.20167036879318334,31,0.8064516129032258,0.1496903961745794,-0.056617547530342316,2,0.41935483870967744,0.0900918712501222,-0.2420439529307073,2,-0.3870967741935484,0.15153280885980921,-0.18542640540036504,0
DR Qwen-plus,random_criterion,release,0.29,468,0.8833690459887218,0.6774325997999939,-0.20593644618872786,31,0.8064516129032258,0.1496903961745794,-0.07691743308549603,2,0.5161290322580645,0.10234842180035092,-0.16130356754192943,2,-0.2903225806451613,0.14805947938114844,-0.08438613445643345,0
DR Qwen-plus,random_criterion,release,0.3,484,0.9029090530973127,0.6929029532204612,-0.21000609987685148,31,0.8387096774193549,0.1473549893602228,-0.06419937567795786,3,0.5161290322580645,0.10234842180035092,-0.17677392096239675,2,-0.3225806451612903,0.14945849766790587,-0.11257454528443883,-1
DR Qwen-plus,random_criterion,release,0.31,501,0.922831171407467,0.7087162865570291,-0.21411488485043784,31,0.9032258064516129,0.14922623878994035,-0.019605364955854077,3,0.5483870967741935,0.10200895677962517,-0.1603291897828356,2,-0.3548387096774194,0.15061441974101616,-0.14072382482698154,-1
DR Qwen-plus,random_criterion,release,0.32,517,0.94078546883168,0.7230060541896737,-0.21777941464200634,31,0.9354838709677419,0.14617329434809828,-0.0053015978639381345,3,0.5806451612903226,0.10132661496249246,-0.14236089289935105,2,-0.3548387096774194,0.1432974731093134,-0.13705929503541303,-1
DR Qwen-plus,random_criterion,release,0.33,533,0.9579619868266949,0.7367144661005409,-0.22124752072615395,31,1.0,0.15380479179302126,0.04203801317330513,3,0.5483870967741935,0.10200895677962515,-0.18832736932634742,2,-0.45161290322580644,0.14545966944589983,-0.2303653824996525,-1
DR Qwen-plus,random_criterion,release,0.34,549,0.974354880173692,0.7498356770708112,-0.22451920310288076,31,1.0,0.15380479179302126,0.025645119826308016,3,0.5483870967741935,0.10200895677962515,-0.20144858029661772,2,-0.45161290322580644,0.14545966944589983,-0.22709370012292568,-1
DR Qwen-plus,random_criterion,release,0.35,565,0.9899583036538517,0.762363841881665,-0.22759446177218678,31,0.967741935483871,0.14281253949147518,-0.022216368169980738,3,0.5483870967741935,0.10200895677962515,-0.21397674510747144,2,-0.41935483870967744,0.13736532836706505,-0.19176037693749065,-1
DR Qwen-plus,random_criterion,release,0.36,581,1.0047664120483546,0.7742931153142825,-0.23047329673407213,31,0.9354838709677419,0.13862212790953393,-0.06928254108061271,3,0.6451612903225806,0.1092337642941961,-0.12913182499170184,2,-0.2903225806451613,0.14060964334002174,-0.05984928391108918,-1
DR Qwen-plus,random_criterion,release,0.37,598,1.0196220599385948,0.7863052231275645,-0.23331683681103033,31,0.9354838709677419,0.13862212790953393,-0.0841381889708529,3,0.6451612903225806,0.11866993257050665,-0.14114393280498383,2,-0.2903225806451613,0.14060964334002174,-0.057005743834130984,-1
DR Qwen-plus,random_criterion,release,0.38,614,1.032771370580587,0.7969808227042265,-0.23579054787636045,31,0.967741935483871,0.14281253949147518,-0.06502943509671599,3,0.7419354838709677,0.1132865994930402,-0.055045338833258795,2,-0.22580645161290322,0.15868869517740444,0.009984096263457226,-1
DR Qwen-plus,random_criterion,release,0.39,630,1.0451074651542867,0.8070396299200169,-0.23806783523426978,31,0.8709677419354839,0.14474252619753836,-0.17413972321880278,3,0.7419354838709677,0.1132865994930402,-0.06510414604904913,2,-0.12903225806451613,0.15890712431751539,0.10903557716975365,-1
DR Qwen-plus,random_criterion,release,0.4,646,1.0566244984408741,0.816475799556116,-0.2401486988847581,31,0.9032258064516129,0.14183769847605288,-0.15339869198926126,3,0.7419354838709677,0.1132865994930402,-0.0745403156851483,2,-0.16129032258064516,0.16129032258064516,0.07885837630411294,-1
DR Qwen-plus,random_criterion,release,0.41,662,1.0673166252215298,0.8252834863937036,-0.24203313882782618,31,0.967741935483871,0.15015311875020368,-0.09957468973765882,3,0.7741935483870968,0.12012249500016293,-0.05108993800660688,2,-0.1935483870967742,0.16987886157532472,0.04848475173105199,-1
DR Qwen-plus,random_criterion,release,0.42,678,1.0771780002774338,0.8334568452139606,-0.24372115506347325,31,0.967741935483871,0.15015311875020368,-0.10943606479356283,3,0.7741935483870968,0.12012249500016293,-0.05926329682686382,2,-0.1935483870967742,0.16987886157532472,0.05017276796669906,-1
DR Qwen-plus,random_criterion,release,0.43,694,1.0862027783897665,0.8409900307980671,-0.24521274759169942,31,0.967741935483871,0.15015311875020368,-0.11846084290589554,3,0.7741935483870968,0.1368593770038479,-0.06679648241097036,2,-0.1935483870967742,0.18209860757003485,0.05166436049492523,-1
DR Qwen-plus,random_criterion,release,0.44,711,1.0948684051944786,0.8482860626115838,-0.2465823425828948,31,0.9354838709677419,0.1533530880516737,-0.1593845342267367,3,0.8064516129032258,0.1423259536152628,-0.041834449708358035,2,-0.12903225806451613,0.20076164374631555,0.11755008451837867,-1
DR Qwen-plus,random_criterion,release,0.45,727,1.1021492417223528,0.8544804305077868,-0.24766881121456608,31,0.9354838709677419,0.14617329434809828,-0.16666537075461096,3,0.9032258064516129,0.14183769847605288,0.04874537594382611,2,-0.03225806451612903,0.20469684360070184,0.21541074669843704,-1
DR Qwen-plus,random_criterion,release,0.46,743,1.1085755803240203,0.8600167241852038,-0.24855885613881645,31,0.9354838709677419,0.14617329434809828,-0.17309170935627838,3,0.9032258064516129,0.14183769847605288,0.04320908226640907,2,-0.03225806451612903,0.20988409995637775,0.21630079162268742,-1
DR Qwen-plus,random_criterion,release,0.47,759,1.1141415757806612,0.8648890984250154,-0.24925247735564582,31,0.8709677419354839,0.15198992244373863,-0.24317383384517732,3,0.9354838709677419,0.13862212790953393,0.0705947725427265,2,0.06451612903225806,0.21218516903655263,0.3137686063879039,-1
DR Qwen-plus,random_criterion,release,0.48,775,1.118841382873456,0.8690917080084014,-0.24974967486505462,31,0.8709677419354839,0.17190854960611907,-0.24787364093797215,3,0.9032258064516129,0.1340425121913757,0.03413409844321147,2,0.03225806451612903,0.22472861036753775,0.2820077393811836,-1
DR Qwen-plus,random_criterion,release,0.49,791,1.122669156383585,0.8726187077165425,-0.2500504486670426,31,0.8709677419354839,0.17190854960611907,-0.25170141444810123,3,0.967741935483871,0.14281253949147518,0.09512322776732851,2,0.0967741935483871,0.22885802853540607,0.34682464221542975,-1
DR Qwen-plus,random_criterion,release,0.5,808,1.1257741377622605,0.8756193390006506,-0.25015479876160995,31,0.9032258064516129,0.16947000692340253,-0.22254833131064766,2,0.967741935483871,0.14281253949147518,0.09212259648322041,2,0.06451612903225806,0.22687917238542682,0.314670927793868,0
DR Qwen-plus,random_criterion,release,0.51,824,1.1277848816197988,0.8777344329527562,-0.2500504486670426,31,0.967741935483871,0.1764882704545749,-0.16004294613592784,2,0.967741935483871,0.14281253949147518,0.09000750253111478,2,0.0,0.2409657986707497,0.2500504486670426,0
DR Qwen-plus,random_criterion,release,0.52,840,1.1289056909120354,0.8791560160469809,-0.2497496748650545,31,0.967741935483871,0.1764882704545749,-0.1611637554281644,2,0.9354838709677419,0.1461732943480983,0.05632785492076098,2,-0.03225806451612903,0.24311540234086157,0.21749161034892547,0
DR Qwen-plus,random_criterion,release,0.53,856,1.1291307204201515,0.8798782430645053,-0.24925247735564615,31,0.9032258064516129,0.16947000692340253,-0.22590491396853862,2,0.967741935483871,0.14281253949147518,0.08786369241936565,2,0.06451612903225806,0.22687917238542687,0.3137686063879042,0
DR Qwen-plus,random_criterion,release,0.54,872,1.1284541249253268,0.8798952687865105,-0.24855885613881634,31,0.9354838709677419,0.16678802380207514,-0.19297025395758494,2,0.967741935483871,0.14281253949147518,0.08784666669736052,2,0.03225806451612903,0.22946347411327409,0.28081692065494535,0
DR Qwen-plus,random_criterion,release,0.55,888,1.1268700592087417,0.8792012479941756,-0.24766881121456608,31,1.0,0.16064386578049977,-0.12687005920874173,2,0.967741935483871,0.14281253949147518,0.08854068748969535,2,-0.03225806451612903,0.2198918158625191,0.21541074669843704,0
DR Qwen-plus,random_criterion,release,0.56,904,1.1243726780515764,0.8777903354686813,-0.24658234258289502,31,0.967741935483871,0.1571511905930762,-0.15663074256770537,1,0.9354838709677419,0.1533530880516737,0.05769353549906053,2,-0.03225806451612903,0.23410259201158326,0.214324278066766,1
DR Qwen-plus,random_criterion,release,0.57,921,1.1207119499355296,0.8754992023438299,-0.24521274759169964,31,1.0,0.17351520648554244,-0.12071194993552958,1,0.8709677419354839,0.15198992244373866,-0.004531460408346066,2,-0.12903225806451613,0.24425412240001182,0.11618048952718352,1
DR Qwen-plus,random_criterion,release,0.58,937,1.1163123952938254,0.8725912402303522,-0.24372115506347325,31,1.0,0.17351520648554244,-0.11631239529382542,0,0.9032258064516129,0.15626582472761247,0.030634566221260706,2,-0.0967741935483871,0.2512542246354392,0.14694696151508616,2
DR Qwen-plus,random_criterion,release,0.59,953,1.110981624228906,0.8689484854010796,-0.2420331388278263,31,1.032258064516129,0.1824791693384639,-0.07872355971277689,0,0.9032258064516129,0.15626582472761247,0.03427732105053327,2,-0.12903225806451613,0.25712193452256416,0.11300088076331016,2
DR Qwen-plus,random_criterion,release,0.6,969,1.104713791521951,0.8645650926371926,-0.24014869888475832,31,1.032258064516129,0.1824791693384639,-0.07245572700582192,0,0.8709677419354839,0.15890712431751539,0.006402649298291263,2,-0.16129032258064516,0.2627267037176476,0.07885837630411316,2
DR Qwen-plus,random_criterion,release,0.61,985,1.0975030519541416,0.8594352167198719,-0.23806783523426966,31,1.032258064516129,0.1882795391880498,-0.06524498743801255,0,0.8709677419354839,0.15890712431751539,0.011532525215611988,2,-0.16129032258064516,0.2747306567341301,0.07677751265362451,2
DR Qwen-plus,random_criterion,release,0.62,1001,1.0893435603066572,0.853553012430297,-0.23579054787636022,31,0.967741935483871,0.17648827045457488,-0.12160162482278625,0,0.8387096774193549,0.16129032258064516,-0.014843335010942149,2,-0.12903225806451613,0.26937576378704076,0.1067582898118441,2
DR Qwen-plus,random_criterion,release,0.63,1017,1.0802294713606788,0.8469126345496485,-0.23331683681103033,31,0.967741935483871,0.17028673457917554,-0.11248753587680782,0,0.8709677419354839,0.15890712431751539,0.024055107385835384,2,-0.0967741935483871,0.26782613004482997,0.13654264326264323,2
DR Qwen-plus,random_criterion,release,0.64,1034,1.0694932585582955,0.8390199618242231,-0.23047329673407235,31,0.9354838709677419,0.17311494019353207,-0.13400938759055359,0,0.8709677419354839,0.15890712431751539,0.03194778011126076,2,-0.06451612903225806,0.2661371781092857,0.1659571677018143,2
DR Qwen-plus,random_criterion,release,0.65,1050,1.0583918522958298,0.8307973905236432,-0.22759446177218656,31,0.967741935483871,0.17028673457917554,-0.09064991681195878,0,0.8387096774193549,0.15447987093391805,0.007912286895711662,2,-0.12903225806451613,0.25712193452256416,0.09856220370767044,2
DR Qwen-plus,random_criterion,release,0.66,1066,1.0463179477522346,0.8217987446493542,-0.22451920310288043,31,0.967741935483871,0.17028673457917554,-0.07857601226836364,0,0.7741935483870968,0.14450268754694487,-0.047605196262257454,2,-0.1935483870967742,0.24282988797067132,0.03097081600610624,2
DR Qwen-plus,random_criterion,release,0.67,1082,1.0332656997086902,0.8120181789825365,-0.22124752072615372,31,0.967741935483871,0.17648827045457488,-0.0655237642248192,0,0.8387096774193549,0.1473549893602228,0.026691498436818395,2,-0.12903225806451613,0.24425412240001182,0.0922152626616376,2
DR Qwen-plus,random_criterion,release,0.68,1098,1.0192292629463764,0.8014498483043704,-0.217779414642006,31,1.0,0.1854955583040673,-0.01922926294637639,0,0.8064516129032258,0.1423259536152628,0.005001764598855374,2,-0.1935483870967742,0.24282988797067132,0.02423102754523182,2
DR Qwen-plus,random_criterion,release,0.69,1114,1.0042027922464742,0.7900879073960365,-0.21411488485043773,31,1.032258064516129,0.1882795391880498,0.028055272269654763,0,0.8064516129032258,0.1423259536152628,0.01636370550718924,2,-0.22580645161290322,0.24847784964067404,-0.011691566762465494,2
DR Qwen-plus,random_criterion,release,0.7,1130,0.9881804423901633,0.7779265110387144,-0.21025393135144899,31,1.0,0.1854955583040673,0.011819557609836662,0,0.8064516129032258,0.1423259536152628,0.028525101864511404,2,-0.1935483870967742,0.24282988797067132,0.016705544254674798,2
DR Qwen-plus,random_criterion,release,0.71,1147,0.9700589697098292,0.7641225235211015,-0.20593644618872764,31,1.0,0.1796053020267749,0.02994103029017081,0,0.8064516129032258,0.1423259536152628,0.04232908938212421,2,-0.1935483870967742,0.24282988797067137,0.012388059091953452,2
DR Qwen-plus,random_criterion,release,0.72,1163,0.9519641587050831,0.7502937899119,-0.20167036879318312,31,1.032258064516129,0.17648827045457488,0.0802939058110459,0,0.8064516129032258,0.1423259536152628,0.05615782299132577,2,-0.22580645161290322,0.2396667822065382,-0.0241360828197201,2
DR Qwen-plus,random_criterion,release,0.73,1179,0.9328555675612932,0.7356476998710744,-0.1972078676902188,31,1.0,0.1796053020267749,0.06714443243870682,0,0.8064516129032258,0.1423259536152628,0.07080391303215139,2,-0.1935483870967742,0.24282988797067132,0.0036594805934446195,2
DR Qwen-plus,random_criterion,release,0.74,1195,0.9127273510596396,0.720178408179807,-0.1925489428798326,31,0.9354838709677419,0.16021144543818644,0.022756519908102235,0,0.7741935483870968,0.13685937700384793,0.0540151402072897,2,-0.16129032258064516,0.2228687554069955,0.03125862029918744,2
DR Qwen-plus,random_criterion,release,0.75,1211,0.8915736639813028,0.7038800696192768,-0.18769359436202593,31,0.9032258064516129,0.16300167364849202,0.0116521424703101,0,0.8064516129032258,0.1423259536152628,0.10257154328394891,2,-0.0967741935483871,0.23806946989047112,0.09091940081363883,2
DR Qwen-plus,random_criterion,release,0.76,1227,0.869388661107463,0.6867468389706644,-0.1826418221367987,31,0.9354838709677419,0.16678802380207516,0.06609520986027884,0,0.7419354838709677,0.13090045413792,0.055188644900303396,1,-0.1935483870967742,0.23380607182669907,-0.010906564959975495,1
DR Qwen-plus,random_criterion,release,0.77,1244,0.844680541559809,0.66762144948236,-0.17705909207744897,31,0.9354838709677419,0.17311494019353207,0.0908033294079329,0,0.7096774193548387,0.12437844078211835,0.04205596987247873,1,-0.22580645161290322,0.2351374680029272,-0.048747359535454254,1
DR Qwen-plus,random_criterion,release,0.78,1260,0.8203499894694016,0.6487477935137349,-0.17160219595566673,31,0.9354838709677419,0.17311494019353207,0.11513388149834025,0,0.6774193548387096,0.1260405872007966,0.028671561324974726,1,-0.25806451612903225,0.2317198064008771,-0.08646232017336553,1
DR Qwen-plus,random_criterion,release,0.79,1276,0.7949702206008559,0.6290213444743924,-0.16594887612646347,31,0.8709677419354839,0.17190854960611904,0.075997521334628,0,0.6451612903225806,0.12740914618149357,0.01613994584818823,1,-0.22580645161290322,0.23051917756321058,-0.059857575486439746,1
DR Qwen-plus,random_criterion,release,0.8,1292,0.768535389735352,0.6084362571455131,-0.16009913258983888,31,0.7741935483870968,0.15868869517740444,0.0056581586517447935,0,0.6451612903225806,0.12740914618149357,0.036725033177067545,1,-0.12903225806451613,0.21623332421934496,0.031066874525322752,1
DR Qwen-plus,random_criterion,release,0.81,1308,0.7410396516540703,0.586986686308276,-0.15405296534579427,31,0.7741935483870968,0.15868869517740444,0.03315389673302649,0,0.5806451612903226,0.12069862537980458,-0.0063415250179533755,1,-0.1935483870967742,0.20435766052825124,-0.03949542175097992,1
DR Qwen-plus,random_criterion,release,0.82,1324,0.712477161138191,0.5646667867438626,-0.14781037439432843,31,0.7419354838709677,0.1535791059901688,0.02945832273277671,0,0.6129032258064516,0.1198333911032691,0.04823643906258901,1,-0.12903225806451613,0.20604799255059764,0.0187781163298123,1
DR Qwen-plus,random_criterion,release,0.83,1340,0.6828420729688948,0.5414707132334531,-0.14137135973544168,31,0.7741935483870968,0.16532585887124793,0.09135147541820199,0,0.6451612903225806,0.12740914618149357,0.10369057708912754,1,-0.12903225806451613,0.21623332421934496,0.012339101670925556,1
DR Qwen-plus,random_criterion,release,0.84,1357,0.6501730051340956,0.5158583205437655,-0.13431468459033014,31,0.6774193548387096,0.14208203577771122,0.027246349704614037,0,0.5806451612903226,0.12069862537980458,0.06478684074655716,1,-0.0967741935483871,0.1931896316686082,0.03754049104194304,1
DR Qwen-plus,random_criterion,release,0.85,1373,0.6183072239162836,0.4908366778813953,-0.12747054603488828,31,0.6774193548387096,0.13430103222362147,0.059112130922426065,0,0.5806451612903226,0.12069862537980458,0.08980848340892733,1,-0.0967741935483871,0.18171724881099022,0.030696352486501183,1
DR Qwen-plus,random_criterion,release,0.86,1389,0.5853509440624189,0.4649209602903932,-0.12042998377202574,31,0.6451612903225806,0.13558623884858595,0.059810346260161684,0,0.5806451612903226,0.12069862537980458,0.11572420099992942,1,-0.06451612903225806,0.1792186378494681,0.05591385473976768,1
DR Qwen-plus,random_criterion,release,0.87,1405,0.551298320353682,0.4381053225519391,-0.11319299780174286,31,0.6129032258064516,0.13660569860780428,0.06160490545276964,0,0.5483870967741935,0.1212720187515844,0.11028177422225438,1,-0.06451612903225806,0.19084128332579406,0.04867686876948479,1
DR Qwen-plus,random_criterion,release,0.88,1421,0.516143507571253,0.4103839194472143,-0.10575958812403874,31,0.6129032258064516,0.13660569860780428,0.09675971823519858,0,0.5161290322580645,0.11236430518376887,0.1057451128108502,0,-0.0967741935483871,0.1875411852096598,0.008985394575651645,0
DR Qwen-plus,random_criterion,release,0.89,1437,0.4798806604963123,0.38175090575739823,-0.09812975473891405,31,0.5806451612903226,0.12930079583275195,0.10076450079401034,0,0.45161290322580644,0.11205518683968196,0.06986199746840821,0,-0.12903225806451613,0.18974762799809994,-0.03090250332560207,0
DR Qwen-plus,random_criterion,release,0.9,1454,0.44013077078807084,0.35032293609089704,-0.0898078346971738,31,0.41935483870967744,0.11143437770349778,-0.0207759320783934,0,0.41935483870967744,0.10132661496249246,0.0690319026187804,0,0.0,0.16064386578049977,0.0898078346971738,0
DR Qwen-plus,random_criterion,release,0.91,1470,0.401564142596482,0.3197912651809882,-0.08177287741549377,31,0.3548387096774194,0.09890135301132832,-0.046725432919062615,0,0.3548387096774194,0.09890135301132834,0.03504744449643116,0,0.0,0.13912166872805048,0.08177287741549377,0
DR Qwen-plus,random_criterion,release,0.92,1486,0.36187157912974605,0.2883300827033528,-0.07354149642639324,31,0.3548387096774194,0.09890135301132832,-0.007032869452326673,0,0.3548387096774194,0.09890135301132834,0.06650862697406656,0,0.0,0.13912166872805048,0.07354149642639324,0
DR Qwen-plus,random_criterion,release,0.93,1502,0.3210472351690433,0.2559335434391721,-0.06511369172987125,31,0.22580645161290322,0.07633651333031763,-0.0952407835561401,0,0.25806451612903225,0.09237303911791198,0.0021309726898601777,0,0.03225806451612903,0.1085968272942159,0.09737175624600028,0
DR Qwen-plus,random_criterion,release,0.94,1518,0.2790852654955541,0.22259580216962505,-0.05648946332592908,31,0.16129032258064516,0.06715051611181073,-0.11779494291490897,0,0.25806451612903225,0.09237303911791198,0.035468713959407205,0,0.0967741935483871,0.10731161247204,0.15326365687431617,0
DR Qwen-plus,random_criterion,release,0.95,1534,0.2359798248904587,0.18831101367589254,-0.047668811214566176,31,0.12903225806451613,0.06120537406777508,-0.10694756682594259,0,0.22580645161290322,0.08931853616040941,0.037495437937010684,0,0.0967741935483871,0.11690303591334954,0.14444300476295327,0
DR Qwen-plus,random_criterion,release,0.96,1550,0.1917250681349373,0.1530733327391549,-0.0386517353957824,31,0.12903225806451613,0.06120537406777508,-0.06269281007042118,0,0.1935483870967742,0.08575226682742748,0.04047505435761928,0,0.06451612903225806,0.11298000461560173,0.10316786442804046,0
DR Qwen-plus,random_criterion,release,0.97,1567,0.14343854173035644,0.11458267146207701,-0.028855870268279432,31,0.06451612903225806,0.044853018526052064,-0.07892241269809838,0,0.16129032258064516,0.06715051611181073,0.046707651118568144,0,0.0967741935483871,0.08493943078766236,0.12563006381666653,0
DR Qwen-plus,random_criterion,release,0.98,1583,0.09679486002623884,0.07736118947329862,-0.01943367055294022,31,0.06451612903225806,0.044853018526052064,-0.03227873099398078,0,0.0967741935483871,0.053978066228004884,0.019413004075088475,0,0.03225806451612903,0.07308664717404915,0.05169173506906925,0
DR Qwen-plus,random_criterion,release,0.99,1599,0.048983961189059934,0.039168914058879345,-0.009815047130180589,31,0.06451612903225806,0.044853018526052064,0.015532167843198129,0,0.06451612903225806,0.044853018526052064,0.025347214973378718,0,0.0,0.06558258357839529,0.009815047130180589,0
DR Qwen-plus,random_criterion,release,1.0,1615,0.0,0.0,0.0,31,0.0,0.0,0.0,0,0.0,0.0,0.0,0,0.0,0.0,0.0,0
DR Qwen-plus,disagreement_then_random,release,0.0,0,0.0,0.0,0.0,31,0.0,0.0,0.0,0,0.0,0.0,0.0,0,0.0,0.0,0.0,0
DR Qwen-plus,disagreement_then_random,release,0.01,16,0.0,0.0,0.0,31,0.0,0.0,0.0,0,0.0,0.0,0.0,0,0.0,0.0,0.0,0
DR Qwen-plus,disagreement_then_random,release,0.02,32,0.0,0.0,0.0,31,0.0,0.0,0.0,0,0.0,0.0,0.0,0,0.0,0.0,0.0,0
DR Qwen-plus,disagreement_then_random,release,0.03,48,0.0,0.0,0.0,31,0.0,0.0,0.0,0,0.0,0.0,0.0,0,0.0,0.0,0.0,0
DR Qwen-plus,disagreement_then_random,release,0.04,65,0.0,0.0,0.0,31,0.0,0.0,0.0,0,0.0,0.0,0.0,0,0.0,0.0,0.0,0
DR Qwen-plus,disagreement_then_random,release,0.05,81,0.0,0.0,0.0,31,0.0,0.0,0.0,0,0.0,0.0,0.0,0,0.0,0.0,0.0,0
DR Qwen-plus,disagreement_then_random,release,0.06,97,0.0,0.0,0.0,31,0.0,0.0,0.0,0,0.0,0.0,0.0,0,0.0,0.0,0.0,0
DR Qwen-plus,disagreement_then_random,release,0.07,113,0.0,0.0,0.0,31,0.0,0.0,0.0,0,0.0,0.0,0.0,0,0.0,0.0,0.0,0
DR Qwen-plus,disagreement_then_random,release,0.08,129,0.0,0.0,0.0,31,0.0,0.0,0.0,0,0.0,0.0,0.0,0,0.0,0.0,0.0,0
DR Qwen-plus,disagreement_then_random,release,0.09,145,0.0,0.0,0.0,31,0.0,0.0,0.0,0,0.0,0.0,0.0,0,0.0,0.0,0.0,0
DR Qwen-plus,disagreement_then_random,release,0.1,162,0.0,0.0,0.0,31,0.0,0.0,0.0,0,0.0,0.0,0.0,0,0.0,0.0,0.0,0
DR Qwen-plus,disagreement_then_random,release,0.11,178,0.0,0.0,0.0,31,0.0,0.0,0.0,0,0.0,0.0,0.0,0,0.0,0.0,0.0,0
DR Qwen-plus,disagreement_then_random,release,0.12,194,0.0,0.0,0.0,31,0.0,0.0,0.0,0,0.0,0.0,0.0,0,0.0,0.0,0.0,0
DR Qwen-plus,disagreement_then_random,release,0.13,210,0.0,1.0,1.0,31,0.0,0.0,0.0,0,1.0,0.0,0.0,1,1.0,0.0,0.0,1
DR Qwen-plus,disagreement_then_random,release,0.14,226,0.0,2.0,2.0,31,0.0,0.0,0.0,0,2.0,0.0,0.0,2,2.0,0.0,0.0,2
DR Qwen-plus,disagreement_then_random,release,0.15,242,0.0,2.0,2.0,31,0.0,0.0,0.0,0,2.0,0.0,0.0,2,2.0,0.0,0.0,2
DR Qwen-plus,disagreement_then_random,release,0.16,258,0.0,2.0,2.0,31,0.0,0.0,0.0,0,2.0,0.0,0.0,2,2.0,0.0,0.0,2
DR Qwen-plus,disagreement_then_random,release,0.17,275,0.0,2.0,2.0,31,0.0,0.0,0.0,0,2.0,0.0,0.0,2,2.0,0.0,0.0,2
DR Qwen-plus,disagreement_then_random,release,0.18,291,0.0,2.0,2.0,31,0.0,0.0,0.0,0,2.0,0.0,0.0,2,2.0,0.0,0.0,2
DR Qwen-plus,disagreement_then_random,release,0.19,307,0.0,3.0,3.0,31,0.0,0.0,0.0,0,3.0,0.0,0.0,3,3.0,0.0,0.0,3
DR Qwen-plus,disagreement_then_random,release,0.2,323,0.0,2.9984532095901004,2.9984532095901004,31,0.0,0.0,0.0,0,3.0,0.0,0.0015467904098995788,3,3.0,0.0,0.0015467904098995788,3
DR Qwen-plus,disagreement_then_random,release,0.21,339,0.0,2.9735417429885618,2.9735417429885618,31,0.0,0.0,0.0,0,3.0,0.0,0.026458257011438224,3,3.0,0.0,0.026458257011438224,3
DR Qwen-plus,disagreement_then_random,release,0.22,355,0.0,2.9483237915999223,2.9483237915999223,31,0.0,0.0,0.0,0,2.967741935483871,0.03225806451612904,0.01941814388394869,3,2.967741935483871,0.03225806451612904,0.01941814388394869,3
DR Qwen-plus,disagreement_then_random,release,0.23,371,0.0,2.922799355424182,2.922799355424182,31,0.0,0.0,0.0,0,2.967741935483871,0.03225806451612904,0.044942580059688986,3,2.967741935483871,0.03225806451612904,0.044942580059688986,3
DR Qwen-plus,disagreement_then_random,release,0.24,388,0.0,2.895343825648467,2.895343825648467,31,0.0,0.0,0.0,0,2.935483870967742,0.044853018526052064,0.040140045319275064,3,2.935483870967742,0.044853018526052064,0.040140045319275064,3
DR Qwen-plus,disagreement_then_random,release,0.25,404,0.0,2.869187264599331,2.869187264599331,31,0.0,0.0,0.0,0,2.838709677419355,0.06715051611181073,-0.030477587179976062,3,2.838709677419355,0.06715051611181073,-0.030477587179976062,3
DR Qwen-plus,disagreement_then_random,release,0.26,420,0.0,2.8427242187630943,2.8427242187630943,31,0.0,0.0,0.0,0,2.838709677419355,0.06715051611181073,-0.004014541343739353,3,2.838709677419355,0.06715051611181073,-0.004014541343739353,3
DR Qwen-plus,disagreement_then_random,release,0.27,436,0.0,2.8159546881397572,2.8159546881397572,31,0.0,0.0,0.0,0,2.838709677419355,0.06715051611181073,0.022754989279597737,3,2.838709677419355,0.06715051611181073,0.022754989279597737,3
DR Qwen-plus,disagreement_then_random,release,0.28,452,0.0,2.788878672729319,2.788878672729319,31,0.0,0.0,0.0,0,2.774193548387097,0.07633651333031764,-0.014685124342221911,3,2.774193548387097,0.07633651333031764,-0.014685124342221911,3
DR Qwen-plus,disagreement_then_random,release,0.29,468,0.0,2.7614961725317797,2.7614961725317797,31,0.0,0.0,0.0,0,2.774193548387097,0.07633651333031764,0.012697375855317272,3,2.774193548387097,0.07633651333031764,0.012697375855317272,3
DR Qwen-plus,disagreement_then_random,release,0.3,484,0.0,2.73380718754714,2.73380718754714,31,0.0,0.0,0.0,0,2.774193548387097,0.07633651333031764,0.040386360839956836,3,2.774193548387097,0.07633651333031764,0.040386360839956836,3
DR Qwen-plus,disagreement_then_random,release,0.31,501,0.0,2.7040518246619687,2.7040518246619687,31,0.0,0.0,0.0,0,2.774193548387097,0.07633651333031764,0.07014172372512828,3,2.774193548387097,0.07633651333031764,0.07014172372512828,3
DR Qwen-plus,disagreement_then_random,release,0.32,517,0.0,2.6757307148039335,2.6757307148039335,31,0.0,0.0,0.0,0,2.774193548387097,0.07633651333031764,0.09846283358316343,3,2.774193548387097,0.07633651333031764,0.09846283358316343,3
DR Qwen-plus,disagreement_then_random,release,0.33,533,0.0,2.6471031201587976,2.6471031201587976,31,0.0,0.0,0.0,0,2.7096774193548385,0.08287246824945245,0.06257429919604096,3,2.7096774193548385,0.08287246824945245,0.06257429919604096,3
DR Qwen-plus,disagreement_then_random,release,0.34,549,0.0,2.6181690407265608,2.6181690407265608,31,0.0,0.0,0.0,0,2.7096774193548385,0.08287246824945245,0.09150837862827776,3,2.7096774193548385,0.08287246824945245,0.09150837862827776,3
DR Qwen-plus,disagreement_then_random,release,0.35,565,0.0,2.5889284765072227,2.5889284765072227,31,0.0,0.0,0.0,0,2.7096774193548385,0.08287246824945245,0.12074894284761584,3,2.7096774193548385,0.08287246824945245,0.12074894284761584,3
DR Qwen-plus,disagreement_then_random,release,0.36,581,0.0,2.5593814275007842,2.5593814275007842,31,0.0,0.0,0.0,0,2.6451612903225805,0.09890135301132834,0.08577986282179628,3,2.6451612903225805,0.09890135301132834,0.08577986282179628,3
DR Qwen-plus,disagreement_then_random,release,0.37,598,0.0,2.527651871592452,2.527651871592452,31,0.0,0.0,0.0,0,2.5806451612903225,0.10132661496249246,0.05299328969787043,2,2.5806451612903225,0.10132661496249246,0.05299328969787043,2
DR Qwen-plus,disagreement_then_random,release,0.38,614,0.0,2.4974726977126176,2.4974726977126176,31,0.0,0.0,0.0,0,2.5483870967741935,0.10200895677962515,0.05091439906157591,2,2.5483870967741935,0.10200895677962515,0.05091439906157591,2
DR Qwen-plus,disagreement_then_random,release,0.39,630,0.0,2.4669870390456827,2.4669870390456827,31,0.0,0.0,0.0,0,2.4838709677419355,0.12155770117043078,0.01688392869625277,2,2.4838709677419355,0.12155770117043078,0.01688392869625277,2
DR Qwen-plus,disagreement_then_random,release,0.4,646,0.0,2.4361948955916475,2.4361948955916475,31,0.0,0.0,0.0,0,2.4193548387096775,0.12069862537980457,-0.01684005688196999,2,2.4193548387096775,0.12069862537980457,-0.01684005688196999,2
DR Qwen-plus,disagreement_then_random,release,0.41,662,0.0,2.405096267350511,2.405096267350511,31,0.0,0.0,0.0,0,2.3870967741935485,0.1198333911032691,-0.017999493156962476,2,2.3870967741935485,0.1198333911032691,-0.017999493156962476,2
DR Qwen-plus,disagreement_then_random,release,0.42,678,0.0,2.3736911543222736,2.3736911543222736,31,0.0,0.0,0.0,0,2.3225806451612905,0.11719936854570936,-0.05111050916098314,2,2.3225806451612905,0.11719936854570936,-0.05111050916098314,2
DR Qwen-plus,disagreement_then_random,release,0.43,694,0.0,2.3419795565069355,2.3419795565069355,31,0.0,0.0,0.0,0,2.2903225806451615,0.11540996012902141,-0.05165697586177398,2,2.2903225806451615,0.11540996012902141,-0.05165697586177398,2
DR Qwen-plus,disagreement_then_random,release,0.44,711,0.0,2.3079501674891474,2.3079501674891474,31,0.0,0.0,0.0,0,2.2903225806451615,0.11540996012902141,-0.01762758684398591,2,2.2903225806451615,0.11540996012902141,-0.01762758684398591,2
DR Qwen-plus,disagreement_then_random,release,0.45,727,0.0,2.275606444800414,2.275606444800414,31,0.0,0.0,0.0,0,2.2580645161290325,0.12241074813555018,-0.0175419286713816,2,2.2580645161290325,0.12241074813555018,-0.0175419286713816,2
DR Qwen-plus,disagreement_then_random,release,0.46,743,0.0,2.2429562373245795,2.2429562373245795,31,0.0,0.0,0.0,0,2.193548387096774,0.1263154852093627,-0.04940785022780547,2,2.193548387096774,0.1263154852093627,-0.04940785022780547,2
DR Qwen-plus,disagreement_then_random,release,0.47,759,0.0,2.209999545061644,2.209999545061644,31,0.0,0.0,0.0,0,2.161290322580645,0.12353898164597914,-0.04870922248099907,2,2.161290322580645,0.12353898164597914,-0.04870922248099907,2
DR Qwen-plus,disagreement_then_random,release,0.48,775,0.0,2.176736368011608,2.176736368011608,31,0.0,0.0,0.0,0,2.129032258064516,0.12903225806451615,-0.047704109947091844,2,2.129032258064516,0.12903225806451615,-0.047704109947091844,2
DR Qwen-plus,disagreement_then_random,release,0.49,791,0.0,2.1431667061744712,2.1431667061744712,31,0.0,0.0,0.0,0,2.129032258064516,0.12903225806451615,-0.014134448109955233,2,2.129032258064516,0.12903225806451615,-0.014134448109955233,2
DR Qwen-plus,disagreement_then_random,release,0.5,808,0.0,2.107163124133522,2.107163124133522,31,0.0,0.0,0.0,0,2.096774193548387,0.1340425121913757,-0.010388930585135014,2,2.096774193548387,0.1340425121913757,-0.010388930585135014,2
DR Qwen-plus,disagreement_then_random,release,0.51,824,0.0,2.07296133742299,2.07296133742299,31,0.0,0.0,0.0,0,2.096774193548387,0.1340425121913757,0.023812856125397186,2,2.096774193548387,0.1340425121913757,0.023812856125397186,2
DR Qwen-plus,disagreement_then_random,release,0.52,840,0.0,2.0384530659253564,2.0384530659253564,31,0.0,0.0,0.0,0,2.064516129032258,0.13063520471817155,0.02606306310690165,2,2.064516129032258,0.13063520471817155,0.02606306310690165,2
DR Qwen-plus,disagreement_then_random,release,0.53,856,0.0,2.0036383096406225,2.0036383096406225,31,0.0,0.0,0.0,0,2.0,0.1466471150213533,-0.0036383096406225057,2,2.0,0.1466471150213533,-0.0036383096406225057,2
DR Qwen-plus,disagreement_then_random,release,0.54,872,0.0,1.9685170685687878,1.9685170685687878,31,0.0,0.0,0.0,0,2.0,0.1466471150213533,0.03148293143121217,2,2.0,0.1466471150213533,0.03148293143121217,2
DR Qwen-plus,disagreement_then_random,release,0.55,888,0.0,1.9330893427098523,1.9330893427098523,31,0.0,0.0,0.0,0,1.935483870967742,0.1533530880516737,0.002394528257889661,2,1.935483870967742,0.1533530880516737,0.002394528257889661,2
DR Qwen-plus,disagreement_then_random,release,0.56,904,0.0,1.8973551320638158,1.8973551320638158,31,0.0,0.0,0.0,0,1.903225806451613,0.14922623878994035,0.005870674387797203,2,1.903225806451613,0.14922623878994035,0.005870674387797203,2
DR Qwen-plus,disagreement_then_random,release,0.57,921,0.0,1.8590517169134109,1.8590517169134109,31,0.0,0.0,0.0,0,1.8709677419354838,0.15890712431751539,0.011916025022072896,2,1.8709677419354838,0.15890712431751539,0.011916025022072896,2
DR Qwen-plus,disagreement_then_random,release,0.58,937,0.0,1.822685381393979,1.822685381393979,31,0.0,0.0,0.0,0,1.8064516129032258,0.15670913292246608,-0.016233768490753198,2,1.8064516129032258,0.15670913292246608,-0.016233768490753198,2
DR Qwen-plus,disagreement_then_random,release,0.59,953,0.0,1.7860125610874462,1.7860125610874462,31,0.0,0.0,0.0,0,1.8064516129032258,0.15670913292246608,0.02043905181577954,2,1.8064516129032258,0.15670913292246608,0.02043905181577954,2
DR Qwen-plus,disagreement_then_random,release,0.6,969,0.0,1.7490332559938127,1.7490332559938127,31,0.0,0.0,0.0,0,1.8064516129032258,0.15670913292246608,0.057418356909413104,2,1.8064516129032258,0.15670913292246608,0.057418356909413104,2
DR Qwen-plus,disagreement_then_random,release,0.61,985,0.0,1.7117474661130785,1.7117474661130785,31,0.0,0.0,0.0,0,1.7741935483870968,0.16532585887124795,0.062446082274018266,2,1.7741935483870968,0.16532585887124795,0.062446082274018266,2
DR Qwen-plus,disagreement_then_random,release,0.62,1001,0.0,1.6741551914452435,1.6741551914452435,31,0.0,0.0,0.0,0,1.7741935483870968,0.16532585887124795,0.10003835694185326,2,1.7741935483870968,0.16532585887124795,0.10003835694185326,2
DR Qwen-plus,disagreement_then_random,release,0.63,1017,0.0,1.6362564319903075,1.6362564319903075,31,0.0,0.0,0.0,0,1.7096774193548387,0.1747105033255045,0.07342098736453129,2,1.7096774193548387,0.1747105033255045,0.07342098736453129,2
DR Qwen-plus,disagreement_then_random,release,0.64,1034,0.0,1.5956531837304464,1.5956531837304464,31,0.0,0.0,0.0,0,1.6774193548387097,0.1758976778208906,0.08176617110826334,2,1.6774193548387097,0.1758976778208906,0.08176617110826334,2
DR Qwen-plus,disagreement_then_random,release,0.65,1050,0.0,1.5571222994021152,1.5571222994021152,31,0.0,0.0,0.0,0,1.5806451612903225,0.1782483078288353,0.02352286188820729,2,1.5806451612903225,0.1782483078288353,0.02352286188820729,2
DR Qwen-plus,disagreement_then_random,release,0.66,1066,0.0,1.518284930286683,1.518284930286683,31,0.0,0.0,0.0,0,1.5161290322580645,0.17883113763857952,-0.002155898028618486,2,1.5161290322580645,0.17883113763857952,-0.002155898028618486,2
DR Qwen-plus,disagreement_then_random,release,0.67,1082,0.0,1.47914107638415,1.47914107638415,31,0.0,0.0,0.0,0,1.5161290322580645,0.17883113763857952,0.03698795587391457,2,1.5161290322580645,0.17883113763857952,0.03698795587391457,2
DR Qwen-plus,disagreement_then_random,release,0.68,1098,0.0,1.439690737694516,1.439690737694516,31,0.0,0.0,0.0,0,1.4193548387096775,0.19550977506781864,-0.020335898984838563,2,1.4193548387096775,0.19550977506781864,-0.020335898984838563,2
DR Qwen-plus,disagreement_then_random,release,0.69,1114,0.0,1.3999339142177813,1.3999339142177813,31,0.0,0.0,0.0,0,1.4193548387096775,0.19550977506781864,0.01942092449189614,2,1.4193548387096775,0.19550977506781864,0.01942092449189614,2
DR Qwen-plus,disagreement_then_random,release,0.7,1130,0.0,1.3598706059539458,1.3598706059539458,31,0.0,0.0,0.0,0,1.3548387096774193,0.1997223185054485,-0.00503189627652656,2,1.3548387096774193,0.1997223185054485,-0.00503189627652656,2
DR Qwen-plus,disagreement_then_random,release,0.71,1147,0.0,1.3169675245846295,1.3169675245846295,31,0.0,0.0,0.0,0,1.3225806451612903,0.1988520646119025,0.005613120576660746,2,1.3225806451612903,0.1988520646119025,0.005613120576660746,2
DR Qwen-plus,disagreement_then_random,release,0.72,1163,0.0,1.2762720914473982,1.2762720914473982,31,0.0,0.0,0.0,0,1.2258064516129032,0.18380493060508904,-0.050465639834494924,2,1.2258064516129032,0.18380493060508904,-0.050465639834494924,2
DR Qwen-plus,disagreement_then_random,release,0.73,1179,0.0,1.2352701735230667,1.2352701735230667,31,0.0,0.0,0.0,0,1.1612903225806452,0.17411388062697866,-0.07397985094242143,2,1.1612903225806452,0.17411388062697866,-0.07397985094242143,2
DR Qwen-plus,disagreement_then_random,release,0.74,1195,0.0,1.1939617708116341,1.1939617708116341,31,0.0,0.0,0.0,0,1.1290322580645162,0.1655355303047382,-0.06492951274711789,2,1.1290322580645162,0.1655355303047382,-0.06492951274711789,2
DR Qwen-plus,disagreement_then_random,release,0.75,1211,0.0,1.1523468833131005,1.1523468833131005,31,0.0,0.0,0.0,0,1.1290322580645162,0.1655355303047382,-0.023314625248584298,2,1.1290322580645162,0.1655355303047382,-0.023314625248584298,2
DR Qwen-plus,disagreement_then_random,release,0.76,1227,0.0,1.1104255110274663,1.1104255110274663,31,0.0,0.0,0.0,0,1.096774193548387,0.16300167364849205,-0.013651317479079328,2,1.096774193548387,0.16300167364849205,-0.013651317479079328,2
DR Qwen-plus,disagreement_then_random,release,0.77,1244,0.0,1.0655482366349887,1.0655482366349887,31,0.0,0.0,0.0,0,1.096774193548387,0.16300167364849205,0.031225956913398356,2,1.096774193548387,0.16300167364849205,0.031225956913398356,2
DR Qwen-plus,disagreement_then_random,release,0.78,1260,0.0,1.0229947394759589,1.0229947394759589,31,0.0,0.0,0.0,0,1.096774193548387,0.16300167364849205,0.07377945407242814,2,1.096774193548387,0.16300167364849205,0.07377945407242814,2
DR Qwen-plus,disagreement_then_random,release,0.79,1276,0.0,0.9801347575298283,0.9801347575298283,31,0.0,0.0,0.0,0,1.096774193548387,0.16300167364849205,0.11663943601855875,2,1.096774193548387,0.16300167364849205,0.11663943601855875,2
DR Qwen-plus,disagreement_then_random,release,0.8,1292,0.0,0.9369682907965968,0.9369682907965968,31,0.0,0.0,0.0,0,1.032258064516129,0.15715119059307622,0.09528977371953218,2,1.032258064516129,0.15715119059307622,0.09528977371953218,2
DR Qwen-plus,disagreement_then_random,release,0.81,1308,0.0,0.893495339276265,0.893495339276265,31,0.0,0.0,0.0,0,0.9354838709677419,0.13862212790953393,0.04198853169147687,1,0.9354838709677419,0.13862212790953393,0.04198853169147687,1
DR Qwen-plus,disagreement_then_random,release,0.82,1324,0.0,0.8497159029688319,0.8497159029688319,31,0.0,0.0,0.0,0,0.9032258064516129,0.1418376984760529,0.05350990348278095,1,0.9032258064516129,0.1418376984760529,0.05350990348278095,1
DR Qwen-plus,disagreement_then_random,release,0.83,1340,0.0,0.805629981874298,0.805629981874298,31,0.0,0.0,0.0,0,0.8709677419354839,0.14474252619753836,0.06533776006118586,1,0.8709677419354839,0.14474252619753836,0.06533776006118586,1
DR Qwen-plus,disagreement_then_random,release,0.84,1357,0.0,0.7584528743723644,0.7584528743723644,31,0.0,0.0,0.0,0,0.8709677419354839,0.14474252619753836,0.11251486756311946,1,0.8709677419354839,0.14474252619753836,0.11251486756311946,1
DR Qwen-plus,disagreement_then_random,release,0.85,1373,0.0,0.7137348284044354,0.7137348284044354,31,0.0,0.0,0.0,0,0.8064516129032258,0.1423259536152628,0.0927167844987904,1,0.8064516129032258,0.1423259536152628,0.0927167844987904,1
DR Qwen-plus,disagreement_then_random,release,0.86,1389,0.0,0.6687102976494055,0.6687102976494055,31,0.0,0.0,0.0,0,0.7096774193548387,0.13274236010332013,0.04096712170543326,1,0.7096774193548387,0.13274236010332013,0.04096712170543326,1
DR Qwen-plus,disagreement_then_random,release,0.87,1405,0.0,0.6233792821072743,0.6233792821072743,31,0.0,0.0,0.0,0,0.6774193548387096,0.13430103222362147,0.054040072731435296,1,0.6774193548387096,0.13430103222362147,0.054040072731435296,1
DR Qwen-plus,disagreement_then_random,release,0.88,1421,0.0,0.5777417817780428,0.5777417817780428,31,0.0,0.0,0.0,0,0.6774193548387096,0.13430103222362147,0.09967757306066682,1,0.6774193548387096,0.13430103222362147,0.09967757306066682,1
DR Qwen-plus,disagreement_then_random,release,0.89,1437,0.0,0.5317977966617105,0.5317977966617105,31,0.0,0.0,0.0,0,0.6129032258064516,0.1198333911032691,0.08110542914474117,1,0.6129032258064516,0.1198333911032691,0.08110542914474117,1
DR Qwen-plus,disagreement_then_random,release,0.9,1454,0.0,0.4826464961366157,0.4826464961366157,31,0.0,0.0,0.0,0,0.5483870967741935,0.11205518683968196,0.0657406006375778,0,0.5483870967741935,0.11205518683968196,0.0657406006375778,0
DR Qwen-plus,disagreement_then_random,release,0.91,1470,0.0,0.43607038614688776,0.43607038614688776,31,0.0,0.0,0.0,0,0.4838709677419355,0.11236430518376887,0.04780058159504774,0,0.4838709677419355,0.11236430518376887,0.04780058159504774,0
DR Qwen-plus,disagreement_then_random,release,0.92,1486,0.0,0.389187791370059,0.389187791370059,31,0.0,0.0,0.0,0,0.45161290322580644,0.11205518683968196,0.06242511185574745,0,0.45161290322580644,0.11205518683968196,0.06242511185574745,0
DR Qwen-plus,disagreement_then_random,release,0.93,1502,0.0,0.3419987118061294,0.3419987118061294,31,0.0,0.0,0.0,0,0.3548387096774194,0.09890135301132834,0.012839997871289976,0,0.3548387096774194,0.09890135301132834,0.012839997871289976,0
DR Qwen-plus,disagreement_then_random,release,0.94,1518,0.0,0.29450314745509854,0.29450314745509854,31,0.0,0.0,0.0,0,0.3225806451612903,0.09713195518826852,0.02807749770619178,0,0.3225806451612903,0.09713195518826852,0.02807749770619178,0
DR Qwen-plus,disagreement_then_random,release,0.95,1534,0.0,0.2467010983169673,0.2467010983169673,31,0.0,0.0,0.0,0,0.25806451612903225,0.09237303911791198,0.011363417812064958,0,0.25806451612903225,0.09237303911791198,0.011363417812064958,0
DR Qwen-plus,disagreement_then_random,release,0.96,1550,0.0,0.19859256439173567,0.19859256439173567,31,0.0,0.0,0.0,0,0.22580645161290322,0.08931853616040941,0.02721388722116755,0,0.22580645161290322,0.08931853616040941,0.02721388722116755,0
DR Qwen-plus,disagreement_then_random,release,0.97,1567,0.0,0.147141430757185,0.147141430757185,31,0.0,0.0,0.0,0,0.1935483870967742,0.08575226682742748,0.04640695633958919,0,0.1935483870967742,0.08575226682742748,0.04640695633958919,0
DR Qwen-plus,disagreement_then_random,release,0.98,1583,0.0,0.09840077195855734,0.09840077195855734,31,0.0,0.0,0.0,0,0.16129032258064516,0.06715051611181073,0.06288955062208781,0,0.16129032258064516,0.06715051611181073,0.06288955062208781,0
DR Qwen-plus,disagreement_then_random,release,0.99,1599,0.0,0.049353628372829306,0.049353628372829306,31,0.0,0.0,0.0,0,0.0967741935483871,0.053978066228004884,0.04742056517555779,0,0.0967741935483871,0.053978066228004884,0.04742056517555779,0
DR Qwen-plus,disagreement_then_random,release,1.0,1615,0.0,0.0,0.0,31,0.0,0.0,0.0,0,0.0,0.0,0.0,0,0.0,0.0,0.0,0
AC Qwen-plus,random_criterion,release,0.0,0,0.0,0.0,0.0,31,0.0,0.0,0.0,0,0.0,0.0,0.0,0,0.0,0.0,0.0,0
AC Qwen-plus,random_criterion,release,0.01,8,0.009411022166620178,0.07591764706522337,0.06650662489860319,31,0.0,0.0,-0.009411022166620178,0,0.06451612903225806,0.044853018526052064,-0.01140151803296531,0,0.06451612903225806,0.044853018526052064,-0.0019904958663451294,0
AC Qwen-plus,random_criterion,release,0.02,17,0.019782870249053973,0.16130807869101038,0.1415252084419564,31,0.0,0.0,-0.019782870249053973,0,0.16129032258064516,0.06715051611181073,-1.775611036522462e-05,0,0.16129032258064516,0.06715051611181073,0.019765114138688755,0
AC Qwen-plus,random_criterion,release,0.03,25,0.028810689117871647,0.23717852498501216,0.2083678358671405,31,0.0,0.0,-0.028810689117871647,0,0.1935483870967742,0.07213122508063839,-0.04363013788823797,0,0.1935483870967742,0.07213122508063839,-0.014819448770366311,0
AC Qwen-plus,random_criterion,release,0.04,34,0.038751433490277626,0.32247649497462677,0.2837250614843492,31,0.0,0.0,-0.038751433490277626,0,0.2903225806451613,0.10568311720693004,-0.03215391432946546,1,0.2903225806451613,0.10568311720693004,0.0065975191608121375,1
AC Qwen-plus,random_criterion,release,0.05,42,0.0473960490612928,0.39822960163174514,0.35083355257045234,31,0.0,0.0,-0.0473960490612928,0,0.41935483870967744,0.11143437770349775,0.02112523707793229,1,0.41935483870967744,0.11143437770349775,0.06852128613922509,1
AC Qwen-plus,random_criterion,release,0.06,51,0.056905689723670966,0.48335573609856985,0.4264500463748989,31,0.0,0.0,-0.056905689723670966,0,0.5483870967741935,0.1212720187515844,0.06503136067562365,2,0.5483870967741935,0.1212720187515844,0.12193705039929459,2
AC Qwen-plus,random_criterion,release,0.07,59,0.06516710199688365,0.558920374655711,0.49375327265882735,31,0.06451612903225806,0.044853018526052064,-0.0006509729646255874,0,0.5806451612903226,0.12069862537980458,0.021724786634611637,2,0.5161290322580645,0.13812078041575407,0.022375759599237155,2
AC Qwen-plus,random_criterion,release,0.08,67,0.07324818330642456,0.6343712643208598,0.5611230810144352,31,0.0967741935483871,0.053978066228004884,0.023526010241962533,0,0.6129032258064516,0.1366056986078043,-0.02146803851440815,2,0.5161290322580645,0.15290004987400807,-0.0449940487563707,2
AC Qwen-plus,random_criterion,release,0.09,76,0.08212384792464421,0.7190972004567704,0.6369733525321262,31,0.0967741935483871,0.053978066228004884,0.014650345623742886,0,0.6451612903225806,0.13558623884858592,-0.07393591013418976,2,0.5483870967741935,0.15267302666063529,-0.08858625575793266,2
AC Qwen-plus,random_criterion,release,0.1,84,0.0898217259363826,0.7942518069632726,0.70443008102689,31,0.12903225806451613,0.06120537406777507,0.039210532128133524,0,0.7741935483870968,0.15176153775808474,-0.020058258576175825,2,0.6451612903225806,0.1706936329719091,-0.05926879070430935,2
AC Qwen-plus,random_criterion,release,0.11,93,0.09826628684457443,0.878601800828171,0.7803355139835966,31,0.16129032258064516,0.06715051611181073,0.06302403573607072,0,0.8387096774193549,0.15447987093391805,-0.039892123408816094,2,0.6774193548387096,0.18190802812737658,-0.10291615914488694,2
AC Qwen-plus,random_criterion,release,0.12,101,0.10558096155851038,0.9533835867238838,0.8478026251653734,31,0.16129032258064516,0.06715051611181073,0.05570936102213478,1,0.9354838709677419,0.15335308805167366,-0.01789971575614191,2,0.7741935483870968,0.17170666045883132,-0.07360907677827666,1
AC Qwen-plus,random_criterion,release,0.13,110,0.11359441875667435,1.0372696710098575,0.9236752522531831,31,0.16129032258064516,0.06715051611181073,0.047695903823970806,1,1.096774193548387,0.17570037245557196,0.05950452253852956,2,0.9354838709677419,0.1851211975626438,0.011808618714558738,1
AC Qwen-plus,random_criterion,release,0.14,118,0.12052589017280778,1.1115985897591214,0.9910726995863136,31,0.16129032258064516,0.06715051611181073,0.04076443240783738,1,1.1290322580645162,0.18399354525769837,0.017433668305394834,2,0.967741935483871,0.1882795391880498,-0.023330764102442614,1
AC Qwen-plus,random_criterion,release,0.15,126,0.12727703062526943,1.1856854929379874,1.058408462312718,31,0.1935483870967742,0.07213122508063838,0.06627135647150476,1,1.3225806451612903,0.1877260459595286,0.13689515222330284,2,1.1290322580645162,0.20076164374631555,0.07062379575179834,1
AC Qwen-plus,random_criterion,release,0.16,135,0.1346565117792749,1.2687200554736382,1.1340635436943634,31,0.1935483870967742,0.07213122508063838,0.05889187531749929,1,1.4193548387096775,0.17824830782883527,0.1506347832360393,2,1.2258064516129032,0.1951546253194087,0.0917429079185399,1
AC Qwen-plus,random_criterion,release,0.17,143,0.14102444893393407,1.342228246319786,1.201203797385852,31,0.1935483870967742,0.07213122508063838,0.05252393816284012,1,1.5483870967741935,0.19029524133874354,0.2061588504544074,2,1.3548387096774193,0.19972231850544847,0.15363491229156723,1
AC Qwen-plus,random_criterion,release,0.18,152,0.1479728263779117,1.4245606409970775,1.2765878146191658,31,0.1935483870967742,0.07213122508063838,0.045575560718862484,1,1.6451612903225807,0.21021436625028517,0.22060064932550327,2,1.4516129032258065,0.21671402134659787,0.17502508860664068,1
AC Qwen-plus,random_criterion,release,0.19,160,0.1539575602347684,1.497397749049532,1.3434401888147636,31,0.1935483870967742,0.07213122508063838,0.039590826862005796,1,1.7096774193548387,0.21348893042289416,0.2122796703053067,3,1.5161290322580645,0.2217766373276892,0.17268884344330093,2
AC Qwen-plus,random_criterion,release,0.2,169,0.1604748339687182,1.5789204870703364,1.4184456531016183,31,0.1935483870967742,0.07213122508063838,0.03307355312805599,1,1.8064516129032258,0.21957610598561442,0.22753112583288937,3,1.6129032258064515,0.22565278949805898,0.19445757270483321,2
AC Qwen-plus,random_criterion,release,0.21,177,0.16607636452777233,1.6509875544651413,1.484911189937369,31,0.1935483870967742,0.07213122508063838,0.027472022569001858,1,1.8387096774193548,0.21799069820121816,0.18772212295421342,3,1.6451612903225807,0.22503709178985323,0.1602501003852117,2
AC Qwen-plus,random_criterion,release,0.22,185,0.17149756412315476,1.7226558874507676,1.5511583233276127,31,0.22580645161290322,0.07633651333031763,0.054308887489748464,1,1.967741935483871,0.22472861036753775,0.2450860480331034,3,1.7419354838709677,0.22703200444882513,0.19077716054335503,2
AC Qwen-plus,random_criterion,release,0.23,194,0.17738086181294607,1.8027756761304754,1.6253948143175294,31,0.22580645161290322,0.07633651333031763,0.04842558979995715,1,2.032258064516129,0.22946347411327409,0.2294823883856536,3,1.8064516129032258,0.23380607182669907,0.18105679858569634,2
AC Qwen-plus,random_criterion,release,0.24,202,0.18241885811052597,1.873514381998528,1.691095523888002,31,0.22580645161290322,0.07633651333031763,0.04338759350237725,1,2.0,0.23646136786930685,0.12648561800147196,3,1.7741935483870968,0.2396667822065382,0.08309802449909465,2
AC Qwen-plus,random_criterion,release,0.25,211,0.18787105209028948,1.952522410145058,1.7646513580547685,31,0.22580645161290322,0.07633651333031763,0.03793539952261374,1,2.032258064516129,0.238651547702818,0.079735654371071,3,1.8064516129032258,0.23836068647627315,0.041800254848457286,2
AC Qwen-plus,random_criterion,release,0.26,219,0.19252584509006687,2.022211911522825,1.8296860664327583,31,0.22580645161290322,0.07633651333031763,0.03328060652283635,1,2.129032258064516,0.23528493585561905,0.10682034654169081,3,1.903225806451613,0.23806946989047112,0.07353974001885466,2
AC Qwen-plus,random_criterion,release,0.27,228,0.19754693535980256,2.0999680588632903,1.9024211235034878,31,0.22580645161290322,0.07633651333031763,0.028259516253100664,1,2.096774193548387,0.23806946989047112,-0.003193865314903288,3,1.8709677419354838,0.23981146485310365,-0.031453381568004035,2
AC Qwen-plus,random_criterion,release,0.28,236,0.20181852506177742,2.168478553822237,1.9666600287604594,31,0.22580645161290322,0.07633651333031763,0.023987926551125804,1,2.193548387096774,0.23380607182669907,0.025069833274537157,3,1.967741935483871,0.238651547702818,0.0010819067234115742,2
AC Qwen-plus,random_criterion,release,0.29,244,0.20590978380008063,2.2363861109616074,2.030476327161527,31,0.22580645161290322,0.07633651333031763,0.019896667812822594,1,2.2903225806451615,0.2505630150049687,0.053936469683554034,3,2.064516129032258,0.25793007250639943,0.03403980187073108,2
AC Qwen-plus,random_criterion,release,0.3,253,0.2102968980256577,2.3120208663780724,2.1017239683524145,31,0.22580645161290322,0.07633651333031763,0.015509553587245511,1,2.2903225806451615,0.2462342113800833,-0.021698285732910882,3,2.064516129032258,0.2494530958604027,-0.03720783932015648,2
AC Qwen-plus,random_criterion,release,0.31,261,0.21400495346615833,2.378537526041704,2.1645325725755455,31,0.22580645161290322,0.07633651333031763,0.011801498146744888,1,2.2903225806451615,0.2505630150049687,-0.08821494539654262,3,2.064516129032258,0.25372698845165814,-0.10001644354328754,2
AC Qwen-plus,random_criterion,release,0.32,270,0.21796096398170772,2.452519366497047,2.234558402515339,31,0.22580645161290322,0.07633651333031763,0.007845487631195497,1,2.4193548387096775,0.25304253349975037,-0.03316452778736956,3,2.193548387096774,0.25576936367570413,-0.04101001541856508,2
AC Qwen-plus,random_criterion,release,0.33,278,0.22128581612440582,2.517485031017035,2.296199214892629,31,0.22580645161290322,0.07633651333031763,0.004520635488497404,1,2.4838709677419355,0.2358738853023013,-0.033614063275099415,3,2.2580645161290325,0.23631463414877324,-0.03813469876359665,2
AC Qwen-plus,random_criterion,release,0.34,287,0.22481072292992738,2.5896259128634442,2.364815189933517,31,0.25806451612903225,0.09237303911791198,0.033253793199104875,0,2.5806451612903225,0.23995606026259567,-0.008980751573121726,4,2.3225806451612905,0.24707796329195827,-0.042234544772226545,4
AC Qwen-plus,random_criterion,release,0.35,295,0.22775237177482296,2.6528660640298343,2.425113692255011,31,0.2903225806451613,0.09496517060567577,0.06257020887033835,0,2.5806451612903225,0.23995606026259567,-0.07222090273951176,4,2.2903225806451615,0.24182793308375886,-0.1347911116098497,4
AC Qwen-plus,random_criterion,release,0.36,303,0.23051368965604685,2.71522938938886,2.4847156997328135,31,0.2903225806451613,0.09496517060567577,0.05980889098911446,0,2.7419354838709675,0.22703200444882513,0.026706094482107368,4,2.4516129032258065,0.23572678588961432,-0.03310279650700698,4
AC Qwen-plus,random_criterion,release,0.37,312,0.23340462041740984,2.7842853748409295,2.5508807544235195,31,0.3225806451612903,0.09713195518826855,0.08917602474388048,0,2.774193548387097,0.2396667822065382,-0.010091826453832553,4,2.4516129032258065,0.24903560084669396,-0.09926785119771298,4
AC Qwen-plus,random_criterion,release,0.38,320,0.2357827350008312,2.8446375756918245,2.6088548406909933,31,0.25806451612903225,0.09237303911791198,0.02228178112820106,0,2.774193548387097,0.2351374680029272,-0.07044402730472754,4,2.5161290322580645,0.24038932464236384,-0.09272580843292877,4
AC Qwen-plus,random_criterion,release,0.39,329,0.2382425620521664,2.911312162805359,2.673069600753193,31,0.2903225806451613,0.09496517060567577,0.05208001859299491,0,2.806451612903226,0.2244197049151753,-0.10486054990213312,4,2.5161290322580645,0.2217766373276892,-0.15694056849512839,4
AC Qwen-plus,random_criterion,release,0.4,337,0.24023747333778528,2.969437368321014,2.7291998949832283,31,0.2903225806451613,0.10568311720693004,0.05008510730737603,0,2.774193548387097,0.22580645161290325,-0.19524381993391682,4,2.4838709677419355,0.2217766373276892,-0.24532892724129285,4
AC Qwen-plus,random_criterion,release,0.41,346,0.24226619667909258,3.033477116257492,2.7912109195783996,31,0.2903225806451613,0.10568311720693004,0.04805638396606873,0,2.7419354838709675,0.22703200444882513,-0.29154163238652453,4,2.4516129032258065,0.2311202716151041,-0.3395980163525931,4
AC Qwen-plus,random_criterion,release,0.42,354,0.24387790466690895,3.089140280249147,2.845262375582238,31,0.2903225806451613,0.10568311720693004,0.04644467597825236,0,2.870967741935484,0.23528493585561905,-0.218172538313663,4,2.5806451612903225,0.23995606026259567,-0.26461721429191565,4
AC Qwen-plus,random_criterion,release,0.43,362,0.24530928169105362,3.1435576782679435,2.8982483965768897,31,0.2903225806451613,0.10568311720693004,0.04501329895410769,0,2.903225806451613,0.2241103736793639,-0.24033187181633053,4,2.6129032258064515,0.23036865898525324,-0.2853451707704382,4
AC Qwen-plus,random_criterion,release,0.44,371,0.24670402898820243,3.2032147804824564,2.956510751494254,31,0.2903225806451613,0.10568311720693004,0.04361855165695888,0,2.870967741935484,0.22596000923120346,-0.33224703854697246,4,2.5806451612903225,0.22611346256585577,-0.3758655902039316,4
AC Qwen-plus,random_criterion,release,0.45,379,0.2477522027145445,3.2547865380471954,3.007034335332651,31,0.25806451612903225,0.09237303911791198,0.01031231341448774,0,2.903225806451613,0.23350917510779173,-0.35156073159558243,4,2.6451612903225805,0.23439873709141873,-0.36187304501007045,4
AC Qwen-plus,random_criterion,release,0.46,388,0.24871584630166554,3.3110830898692636,3.062367243567598,31,0.22580645161290322,0.08931853616040941,-0.022909394688762325,0,3.064516129032258,0.24510469069344767,-0.24656696083700558,4,2.838709677419355,0.24139725075960913,-0.22365756614824317,4
AC Qwen-plus,random_criterion,release,0.47,396,0.24938081673020518,3.359520370649071,3.1101395539188657,31,0.22580645161290322,0.08931853616040941,-0.02357436511730196,0,3.0,0.254000254000381,-0.35952037064907083,4,2.774193548387097,0.24847784964067404,-0.3359460055317687,4
AC Qwen-plus,random_criterion,release,0.48,405,0.24991335660729835,3.4121178783180497,3.1622045217107515,31,0.1935483870967742,0.08575226682742748,-0.056364969510524165,0,3.096774193548387,0.24693753818070502,-0.3153436847696627,4,2.903225806451613,0.2512542246354392,-0.2589787152591385,4
AC Qwen-plus,random_criterion,release,0.49,413,0.2501951237380355,3.4571073569674162,3.2069122332293807,31,0.1935483870967742,0.08575226682742748,-0.0566467366412613,0,3.096774193548387,0.25125422463543917,-0.3603331634190292,4,2.903225806451613,0.25549799026912984,-0.3036864267777677,4
AC Qwen-plus,random_criterion,release,0.5,422,0.25029655990510086,3.505638863425022,3.255342303519921,31,0.1935483870967742,0.08575226682742748,-0.05674817280832667,0,3.129032258064516,0.2486174047483574,-0.37660660536050594,5,2.935483870967742,0.2537269884516581,-0.31985843255217894,5
AC Qwen-plus,random_criterion,release,0.51,430,0.25019512373803543,3.5468410908235866,3.296645967085551,31,0.1935483870967742,0.08575226682742748,-0.05664673664126124,0,3.161290322580645,0.24581124935345455,-0.38555076824294154,5,2.967741935483871,0.251805826231595,-0.32890403160168,5
AC Qwen-plus,random_criterion,release,0.52,438,0.2499133566072983,3.586135767270835,3.3362224106635368,31,0.1935483870967742,0.08575226682742748,-0.05636496951052411,0,3.129032258064516,0.22596000923120346,-0.4571035092063189,5,2.935483870967742,0.231570068222784,-0.40073853969579476,5
AC Qwen-plus,random_criterion,release,0.53,447,0.24938081673020515,3.627957032607972,3.378576215877767,31,0.1935483870967742,0.08575226682742748,-0.05583242963343096,0,3.2580645161290325,0.2363146341487733,-0.3698925164789397,5,3.064516129032258,0.2361678092609436,-0.314060086845509,5
AC Qwen-plus,random_criterion,release,0.54,455,0.24871584630166557,3.6629142667042522,3.414198420402587,31,0.16129032258064516,0.06715051611181073,-0.08742552372102042,0,3.3870967741935485,0.2349899076068428,-0.27581749251070375,5,3.225806451612903,0.23051917756321058,-0.18839196878968378,5
AC Qwen-plus,random_criterion,release,0.55,464,0.24775220271454457,3.699628864331019,3.4518766616164744,31,0.16129032258064516,0.06715051611181073,-0.08646188013389941,0,3.4193548387096775,0.22130693689785697,-0.2802740256213414,5,3.2580645161290325,0.2173532971344906,-0.19381214548744197,5
AC Qwen-plus,random_criterion,release,0.56,472,0.24670402898820237,3.7298373609155737,3.4831333319273714,31,0.16129032258064516,0.06715051611181073,-0.08541370640755722,0,3.4838709677419355,0.20672025532383512,-0.24596639317363822,4,3.3225806451612905,0.2041878577066346,-0.16055268676608092,4
AC Qwen-plus,random_criterion,release,0.57,481,0.24530928169105362,3.7609647460837454,3.5156554643926916,31,0.16129032258064516,0.06715051611181073,-0.08401895911040846,0,3.6129032258064515,0.22083623745628053,-0.1480615202772939,4,3.4516129032258065,0.22162018112667956,-0.06404256116688511,4
AC Qwen-plus,random_criterion,release,0.58,489,0.243877904666909,3.78598105271482,3.5421031480479113,31,0.16129032258064516,0.06715051611181073,-0.08258758208626385,0,3.7096774193548385,0.21846752858839216,-0.07630363335998158,4,3.5483870967741935,0.2216201811266796,0.00628394872628224,4
AC Qwen-plus,random_criterion,release,0.59,497,0.2422661966790926,3.8083909143528,3.5661247176737074,31,0.25806451612903225,0.07988892740217941,0.015798319449939646,0,3.6451612903225805,0.22020707310807758,-0.16322962403021934,4,3.3870967741935485,0.2208362374562805,-0.17902794348015894,4
AC Qwen-plus,random_criterion,release,0.6,506,0.24023747333778522,3.8303501386870575,3.590112665349272,31,0.2903225806451613,0.08287246824945245,0.05008510730737609,0,3.7419354838709675,0.2270320044488251,-0.08841465481609001,4,3.4516129032258065,0.23112027161510404,-0.1384997621234656,4
AC Qwen-plus,random_criterion,release,0.61,514,0.2382425620521664,3.8468533742950473,3.608610812242881,31,0.3225806451612903,0.08534681648595453,0.08433808310912391,1,3.6774193548387095,0.22426509263026034,-0.16943401945633774,5,3.3548387096774195,0.22976559863400664,-0.25377210256546157,4
AC Qwen-plus,random_criterion,release,0.62,523,0.2357827350008312,3.8618742220763744,3.626091487075543,31,0.3225806451612903,0.08534681648595453,0.08679791016045912,1,3.6774193548387095,0.23365767062366358,-0.1844548672376649,5,3.3548387096774195,0.22976559863400667,-0.2712527773981237,4
AC Qwen-plus,random_criterion,release,0.63,531,0.2334046204174098,3.871939936539323,3.638535316121913,31,0.3225806451612903,0.08534681648595453,0.0891760247438805,1,3.6774193548387095,0.219418080699952,-0.19452058170061326,5,3.3548387096774195,0.22020707310807763,-0.2836966064444937,4
AC Qwen-plus,random_criterion,release,0.64,540,0.23051368965604688,3.8794036270793466,3.6488899374233,31,0.3225806451612903,0.08534681648595453,0.09206695550524344,1,3.7419354838709675,0.2123485769691559,-0.13746814320837908,5,3.4193548387096775,0.20621626370363283,-0.22953509871362243,4
AC Qwen-plus,random_criterion,release,0.65,548,0.227752371774823,3.882462175661675,3.6547098038868517,31,0.2903225806451613,0.08287246824945245,0.06257020887033832,1,3.7096774193548385,0.21348893042289419,-0.17278475630683632,5,3.4193548387096775,0.20621626370363283,-0.23535496517717425,4
AC Qwen-plus,random_criterion,release,0.66,556,0.22481072292992732,3.882014589425938,3.657203866496011,31,0.2903225806451613,0.08287246824945245,0.06551185771523399,1,3.7096774193548385,0.2083914244365702,-0.1723371700710996,5,3.4193548387096775,0.20621626370363283,-0.23784902778633343,4
AC Qwen-plus,random_criterion,release,0.67,565,0.2212858161244058,3.8771461996982803,3.6558603835738746,31,0.25806451612903225,0.07988892740217941,0.03677870000462646,0,3.774193548387097,0.20587958386487962,-0.10295265131118336,5,3.5161290322580645,0.2118579750577263,-0.13973135131581005,5
AC Qwen-plus,random_criterion,release,0.68,573,0.21796096398170767,3.868779120505518,3.6508181565238105,31,0.25806451612903225,0.07988892740217941,0.040103552147324584,0,3.7419354838709675,0.2123485769691559,-0.12684363663455045,5,3.4838709677419355,0.2118579750577263,-0.16694718878187498,5
AC Qwen-plus,random_criterion,release,0.69,582,0.21400495346615836,3.8546283208623717,3.640623367396213,31,0.22580645161290322,0.07633651333031763,0.01180149814674486,0,3.7419354838709675,0.19657137441041542,-0.1126928369914042,5,3.5161290322580645,0.2014515483354322,-0.12449433513814867,5
AC Qwen-plus,random_criterion,release,0.7,590,0.2102968980256577,3.837667684023636,3.6273707859979782,31,0.22580645161290322,0.07633651333031763,0.015509553587245511,0,3.774193548387097,0.20058879684061967,-0.06347413563653914,5,3.5483870967741935,0.2167140213465978,-0.07898368922378474,5
AC Qwen-plus,random_criterion,release,0.71,599,0.2059097838000806,3.8134506276706537,3.607540843870573,31,0.22580645161290322,0.07633651333031763,0.01989666781282262,0,3.806451612903226,0.19902641980945981,-0.0069990147674277026,5,3.5806451612903225,0.21136623441386007,-0.026895682580250657,5
AC Qwen-plus,random_criterion,release,0.72,607,0.20181852506177744,3.7871764677035613,3.585357942641784,31,0.22580645161290322,0.07633651333031763,0.023987926551125777,0,3.806451612903226,0.2195761059856144,0.019275145199664667,5,3.5806451612903225,0.22611346256585577,-0.004712781351461359,5
AC Qwen-plus,random_criterion,release,0.73,615,0.19754693535980256,3.756256736635055,3.5587098012752527,31,0.22580645161290322,0.07633651333031763,0.028259516253100664,0,3.806451612903226,0.22441970491517532,0.05019487626817076,5,3.5806451612903225,0.2354323113388174,0.021935360015069794,5
AC Qwen-plus,random_criterion,release,0.74,624,0.19252584509006684,3.7157007448928376,3.523174899802771,31,0.22580645161290322,0.07633651333031763,0.033280606522836376,0,3.7419354838709675,0.23171980640087705,0.02623473897812989,5,3.5161290322580645,0.24482149627110036,-0.007045867544706486,5
AC Qwen-plus,random_criterion,release,0.75,632,0.18787105209028945,3.6743207744188373,3.486449722328548,31,0.16129032258064516,0.06715051611181073,-0.026580729509644296,0,3.7096774193548385,0.2327652765142296,0.035356644936001214,5,3.5483870967741935,0.24024499000032587,0.06193737444564551,5
AC Qwen-plus,random_criterion,release,0.76,641,0.18241885811052597,3.6215302031131675,3.4391113450026416,31,0.16129032258064516,0.06715051611181073,-0.02112853552988081,0,3.6774193548387095,0.22426509263026034,0.055889151725541986,5,3.5161290322580645,0.23587388530230127,0.0770176872554229,5
AC Qwen-plus,random_criterion,release,0.77,649,0.17738086181294607,3.5688472498706765,3.3914663880577303,31,0.16129032258064516,0.06715051611181073,-0.016090539232300916,0,3.6451612903225805,0.2434005817964888,0.07631404045190404,5,3.4838709677419355,0.25345342827674994,0.09240457968420523,5
AC Qwen-plus,random_criterion,release,0.78,658,0.1714975641231548,3.5028441740197804,3.3313466098966256,31,0.16129032258064516,0.06715051611181073,-0.010207241542509654,0,3.6451612903225805,0.24777889509253576,0.14231711630280008,5,3.4838709677419355,0.25345342827674994,0.15252435784530993,5
AC Qwen-plus,random_criterion,release,0.79,666,0.16607636452777236,3.437961883846074,3.271885519318302,31,0.16129032258064516,0.06715051611181073,-0.004786041947127201,0,3.5806451612903225,0.24875688156423664,0.14268327744424836,5,3.4193548387096775,0.25304253349975037,0.14746931939137564,5
AC Qwen-plus,random_criterion,release,0.8,674,0.1604748339687182,3.3670127215595,3.2065378875907817,31,0.16129032258064516,0.06715051611181073,0.0008154886119269567,0,3.4516129032258065,0.23572678588961432,0.08460018166630645,4,3.2903225806451615,0.23733986514101324,0.08378469305437974,4
AC Qwen-plus,random_criterion,release,0.81,683,0.15395756023476836,3.279672847468028,3.1257152872332594,31,0.16129032258064516,0.06715051611181073,0.007332762345876792,0,3.2903225806451615,0.22809896167307986,0.01064973317713358,4,3.129032258064516,0.23066959792346747,0.0033169708312565938,4
AC Qwen-plus,random_criterion,release,0.82,691,0.1479728263779117,3.1951038923942514,3.0471310660163398,31,0.16129032258064516,0.06715051611181073,0.013317496202733453,0,3.2903225806451615,0.2327652765142296,0.09521868825091007,4,3.129032258064516,0.23981146485310365,0.08190119204817625,4
AC Qwen-plus,random_criterion,release,0.83,700,0.14102444893393407,3.091865748509865,2.9508412995759308,31,0.16129032258064516,0.06715051611181073,0.02026587364671109,0,3.032258064516129,0.2098840999563778,-0.05960768399373606,4,2.870967741935484,0.22115014840003375,-0.07987355764044679,4
AC Qwen-plus,random_criterion,release,0.84,708,0.1346565117792749,2.9926381300311293,2.8579816182518543,31,0.1935483870967742,0.07213122508063839,0.05889187531749929,0,2.967741935483871,0.21989181586251905,-0.024896194547258332,4,2.774193548387097,0.2396667822065382,-0.08378806986475729,4
AC Qwen-plus,random_criterion,release,0.85,717,0.12727703062526943,2.872298519187553,2.745021488562284,31,0.16129032258064516,0.06715051611181073,0.034013291955375724,0,3.0,0.22718473369882594,0.1277014808124468,4,2.838709677419355,0.24581124935345455,0.09368818885707109,4
AC Qwen-plus,random_criterion,release,0.86,725,0.12052589017280778,2.7573114870467084,2.6367855968739007,31,0.16129032258064516,0.06715051611181073,0.04076443240783738,0,2.903225806451613,0.22411037367936393,0.14591431940490462,4,2.7419354838709675,0.23631463414877324,0.10514988699706684,4
AC Qwen-plus,random_criterion,release,0.87,733,0.11359441875667436,2.6345091311891755,2.5209147124325013,31,0.16129032258064516,0.06715051611181073,0.04769590382397079,0,2.6774193548387095,0.22426509263026034,0.04291022364953401,3,2.5161290322580645,0.23587388530230127,-0.004785680174436813,3
AC Qwen-plus,random_criterion,release,0.88,742,0.10558096155851038,2.486684643407349,2.3811036818488387,31,0.16129032258064516,0.06715051611181073,0.05570936102213478,0,2.5806451612903225,0.221306936897857,0.09396051788297344,2,2.4193548387096775,0.2354323113388174,0.0382511568608388,2
AC Qwen-plus,random_criterion,release,0.89,750,0.09826628684457443,2.346386475897466,2.2481201890528917,31,0.12903225806451613,0.06120537406777507,0.030765971219941693,0,2.4838709677419355,0.2217766373276892,0.13748449184446931,2,2.3548387096774195,0.23439873709141873,0.1067185206245278,2
AC Qwen-plus,random_criterion,release,0.9,759,0.08982172593638263,2.178177550684972,2.0883558247485894,31,0.06451612903225806,0.044853018526052064,-0.025305596904124567,0,2.3548387096774195,0.1997223185054485,0.1766611589924474,2,2.2903225806451615,0.21348893042289416,0.2019667558965721,2
AC Qwen-plus,random_criterion,release,0.91,767,0.08212384792464421,2.019119185588961,1.9369953376643168,31,0.03225806451612903,0.03225806451612904,-0.04986578340851518,0,2.096774193548387,0.2040179135592503,0.07765500795942604,2,2.064516129032258,0.2171936545884318,0.12752079136794126,2
AC Qwen-plus,random_criterion,release,0.92,776,0.07324818330642457,1.8290639776823383,1.7558157943759136,31,0.0,0.0,-0.07324818330642457,0,1.8387096774193548,0.19727593356671813,0.009645699737016455,2,1.8387096774193548,0.19727593356671813,0.08289388304344114,2
AC Qwen-plus,random_criterion,release,0.93,784,0.06516710199688365,1.6499103217539854,1.5847432197571019,31,0.0,0.0,-0.06516710199688365,0,1.5806451612903225,0.18993034121135155,-0.06926516046366293,2,1.5806451612903225,0.18993034121135155,-0.004098058466779353,2
AC Qwen-plus,random_criterion,release,0.94,792,0.05690568972367097,1.4608172864539553,1.4039115967302842,31,0.0,0.0,-0.05690568972367097,0,1.4193548387096775,0.1721102019330482,-0.041462447744277764,1,1.4193548387096775,0.1721102019330482,0.015443241979393285,1
AC Qwen-plus,random_criterion,release,0.95,801,0.0473960490612928,1.235808562873986,1.1884125138126933,31,0.0,0.0,-0.0473960490612928,0,1.096774193548387,0.12576508832011568,-0.1390343693255991,0,1.096774193548387,0.12576508832011568,-0.0916383202643063,0
AC Qwen-plus,random_criterion,release,0.96,809,0.038751433490277626,1.024522841884428,0.9857714083941505,31,0.0,0.0,-0.038751433490277626,0,1.064516129032258,0.13063520471817155,0.0399932871478299,0,1.064516129032258,0.13063520471817155,0.07874472063810756,0
AC Qwen-plus,random_criterion,release,0.97,818,0.02881068911787164,0.7737025064702845,0.7448918173524128,31,0.0,0.0,-0.02881068911787164,0,0.8709677419354839,0.13711258605845228,0.09726523546519938,0,0.8709677419354839,0.13711258605845228,0.12607592458307104,0
AC Qwen-plus,random_criterion,release,0.98,826,0.019782870249053966,0.5387028709995949,0.5189200007505409,31,0.0,0.0,-0.019782870249053966,0,0.4838709677419355,0.09123958466923195,-0.05483190325765941,0,0.4838709677419355,0.09123958466923195,-0.0350490330086054,0
AC Qwen-plus,random_criterion,release,0.99,835,0.009411022166620176,0.26031487256230434,0.2509038503956842,31,0.0,0.0,-0.009411022166620176,0,0.3225806451612903,0.08534681648595453,0.06226577259898597,0,0.3225806451612903,0.08534681648595453,0.07167679476560612,0
AC Qwen-plus,random_criterion,release,1.0,843,0.0,0.0,0.0,31,0.0,0.0,0.0,0,0.0,0.0,0.0,0,0.0,0.0,0.0,0
AC Qwen-plus,disagreement_then_random,release,0.0,0,0.0,0.0,0.0,31,0.0,0.0,0.0,0,0.0,0.0,0.0,0,0.0,0.0,0.0,0
AC Qwen-plus,disagreement_then_random,release,0.01,8,0.0,0.0,0.0,31,0.0,0.0,0.0,0,0.0,0.0,0.0,0,0.0,0.0,0.0,0
AC Qwen-plus,disagreement_then_random,release,0.02,17,0.0,1.0,1.0,31,0.0,0.0,0.0,0,1.0,0.0,0.0,1,1.0,0.0,0.0,1
AC Qwen-plus,disagreement_then_random,release,0.03,25,0.0,2.0,2.0,31,0.0,0.0,0.0,0,2.0,0.0,0.0,2,2.0,0.0,0.0,2
AC Qwen-plus,disagreement_then_random,release,0.04,34,1.0,2.0,1.0,31,1.0,0.0,0.0,1,2.0,0.0,0.0,2,1.0,0.0,0.0,1
AC Qwen-plus,disagreement_then_random,release,0.05,42,1.0,3.0,2.0,31,1.0,0.0,0.0,1,3.0,0.0,0.0,3,2.0,0.0,0.0,2
AC Qwen-plus,disagreement_then_random,release,0.06,51,1.0,3.0,2.0,31,1.0,0.0,0.0,1,3.0,0.0,0.0,3,2.0,0.0,0.0,2
AC Qwen-plus,disagreement_then_random,release,0.07,59,1.0,6.0,5.0,31,1.0,0.0,0.0,1,6.0,0.0,0.0,6,5.0,0.0,0.0,5
AC Qwen-plus,disagreement_then_random,release,0.08,67,1.0,6.0,5.0,31,1.0,0.0,0.0,1,6.0,0.0,0.0,6,5.0,0.0,0.0,5
AC Qwen-plus,disagreement_then_random,release,0.09,76,1.0,6.0,5.0,31,1.0,0.0,0.0,1,6.0,0.0,0.0,6,5.0,0.0,0.0,5
AC Qwen-plus,disagreement_then_random,release,0.1,84,1.0,6.0,5.0,31,1.0,0.0,0.0,1,6.0,0.0,0.0,6,5.0,0.0,0.0,5
AC Qwen-plus,disagreement_then_random,release,0.11,93,1.0,6.0,5.0,31,1.0,0.0,0.0,1,6.0,0.0,0.0,6,5.0,0.0,0.0,5
AC Qwen-plus,disagreement_then_random,release,0.12,101,0.9840109099499602,6.015988224067914,5.031977314117953,31,1.0,0.0,0.01598909005003979,1,6.0,0.0,-0.01598822406791367,6,5.0,0.0,-0.03197731411795335,5
AC Qwen-plus,disagreement_then_random,release,0.13,110,0.9602688830187058,6.039711254669699,5.079442371650993,31,0.967741935483871,0.03225806451612904,0.007473052465165164,1,6.064516129032258,0.044853018526052064,0.02480487436255885,6,5.096774193548387,0.053978066228004884,0.01733182189739413,5
AC Qwen-plus,disagreement_then_random,release,0.14,118,0.9394082569135722,6.060513862560989,5.121105605647417,31,0.967741935483871,0.03225806451612904,0.02833367857029878,1,6.096774193548387,0.053978066228004884,0.03626033098739789,6,5.129032258064516,0.06120537406777507,0.007926652417099334,5
AC Qwen-plus,disagreement_then_random,release,0.15,126,0.9187767111225651,6.081024141857972,5.162247430735407,31,0.9032258064516129,0.053978066228004884,-0.015550904670952215,1,6.161290322580645,0.06715051611181073,0.08026618072267322,6,5.258064516129032,0.09237303911791199,0.09581708539362488,5
AC Qwen-plus,disagreement_then_random,release,0.16,135,0.8958400446706613,6.1037184989656765,5.207878454295015,31,0.9032258064516129,0.053978066228004884,0.007385761780951627,1,6.225806451612903,0.07633651333031764,0.1220879526472265,6,5.32258064516129,0.0971319551882685,0.11470219086627509,5
AC Qwen-plus,disagreement_then_random,release,0.17,143,0.8756952945471725,6.123525959736809,5.247830665189636,31,0.8709677419354839,0.06120537406777507,-0.004727552611688668,1,6.225806451612903,0.07633651333031764,0.102280491876094,6,5.354838709677419,0.1092337642941961,0.10700804448778278,5
AC Qwen-plus,disagreement_then_random,release,0.18,152,0.8533062732212272,6.145364790101546,5.292058516880319,31,0.8709677419354839,0.06120537406777507,0.017661468714256667,1,6.258064516129032,0.07988892740217943,0.11269972602748624,6,5.387096774193548,0.1198333911032691,0.09503825731322912,5
AC Qwen-plus,disagreement_then_random,release,0.19,160,0.8336483187652571,6.164352223658702,5.330703904893445,31,0.8709677419354839,0.06120537406777507,0.03731942317022674,1,6.258064516129032,0.07988892740217943,0.09371229247032975,6,5.387096774193548,0.1198333911032691,0.05639286930010279,5
AC Qwen-plus,disagreement_then_random,release,0.2,169,0.81180694256527,6.185199186126577,5.373392243561307,31,0.8387096774193549,0.06715051611181073,0.026902734854084898,1,6.354838709677419,0.09890135301132834,0.1696395235508419,6,5.516129032258065,0.13010308354627248,0.14273678869675788,5
AC Qwen-plus,disagreement_then_random,release,0.21,177,0.7926357837768184,6.203241246767767,5.410605462990949,31,0.8387096774193549,0.06715051611181073,0.046073893642536445,1,6.354838709677419,0.09890135301132834,0.1515974629096517,6,5.516129032258065,0.13010308354627248,0.10552356926711592,5
AC Qwen-plus,disagreement_then_random,release,0.22,185,0.7736937053024933,6.220792563506651,5.447098858204158,31,0.8064516129032258,0.07213122508063839,0.032757907600732494,1,6.419354838709677,0.11143437770349779,0.1985622752030256,6,5.612903225806452,0.15153280885980924,0.165804367602294,5
AC Qwen-plus,disagreement_then_random,release,0.23,194,0.7526576895818569,6.239912966560775,5.487255276978918,31,0.7741935483870968,0.07633651333031763,0.021535858805239894,1,6.451612903225806,0.11205518683968199,0.21169993666503117,6,5.67741935483871,0.13430103222362147,0.19016407785979172,5
AC Qwen-plus,disagreement_then_random,release,0.24,202,0.7342024067750502,6.2563183380501695,5.52211593127512,31,0.7419354838709677,0.07988892740217941,0.007733077095917529,1,6.451612903225806,0.11205518683968199,0.1952945651756366,6,5.709677419354839,0.13274236010332013,0.1875614880797194,5
AC Qwen-plus,disagreement_then_random,release,0.25,211,0.7137140361803721,6.274067469976832,5.56035343379646,31,0.7419354838709677,0.07988892740217941,0.028221447690595647,1,6.516129032258065,0.12155770117043083,0.24206156228123277,6,5.774193548387097,0.15176153775808476,0.2138401145906368,5
AC Qwen-plus,disagreement_then_random,release,0.26,219,0.6957455490410842,6.289178471665701,5.593432922624617,31,0.7419354838709677,0.07988892740217941,0.04618993482988354,1,6.612903225806452,0.1198333911032691,0.3237247541407511,6,5.870967741935484,0.14474252619753836,0.2775348193108673,5
AC Qwen-plus,disagreement_then_random,release,0.27,228,0.6758048235723643,6.305383518487071,5.629578694914707,31,0.7419354838709677,0.07988892740217941,0.06613066029860348,1,6.645161290322581,0.1432974731093134,0.33977777183550995,6,5.903225806451613,0.16300167364849205,0.27364711153690635,5
AC Qwen-plus,disagreement_then_random,release,0.28,236,0.6583231321005949,6.319041179960443,5.660718047859849,31,0.7419354838709677,0.07988892740217941,0.08361235177037285,1,6.645161290322581,0.13558623884858595,0.3261201103621376,7,5.903225806451613,0.1562658247276125,0.24250775859176432,6
AC Qwen-plus,disagreement_then_random,release,0.29,244,0.6410705209429518,6.331956732825897,5.690886211882945,31,0.7096774193548387,0.08287246824945245,0.06860689841188694,1,6.709677419354839,0.1551520127778732,0.3777206865289422,7,6.0,0.16720343670903368,0.30911378811705514,6
AC Qwen-plus,disagreement_then_random,release,0.3,253,0.6219351559535826,6.345551184087862,5.723616028134279,31,0.6451612903225806,0.08735525166275225,0.023226134368998008,1,6.709677419354839,0.1551520127778732,0.3641262352669772,7,6.064516129032258,0.16021144543818644,0.3409001008979793,6
AC Qwen-plus,disagreement_then_random,release,0.31,261,0.6051693404634582,6.3567590003582755,5.751589659894817,31,0.6129032258064516,0.08892934678767887,0.007733885342993463,1,6.67741935483871,0.16321433084740022,0.3206603544804345,7,6.064516129032258,0.1533530880516737,0.31292646913744093,6
AC Qwen-plus,disagreement_then_random,release,0.32,270,0.5865816206000471,6.368328235837368,5.781746615237321,31,0.6129032258064516,0.08892934678767887,0.026321605206404475,1,6.67741935483871,0.16321433084740022,0.3090911190013417,7,6.064516129032258,0.1461732943480983,0.2827695137949373,6
AC Qwen-plus,disagreement_then_random,release,0.33,278,0.5703026007774413,6.3776403149720915,5.8073377141946505,31,0.5806451612903226,0.0900918712501222,0.010342560512881294,1,6.645161290322581,0.17069363297190907,0.26752097535048946,7,6.064516129032258,0.1533530880516737,0.2571784148376075,6
AC Qwen-plus,disagreement_then_random,release,0.34,287,0.5522625260399888,6.3869656427240065,5.834703116684017,31,0.5806451612903226,0.0900918712501222,0.0283826352503338,1,6.645161290322581,0.1886476324801735,0.2581956475985745,7,6.064516129032258,0.1731149401935321,0.2298130123482407,6
AC Qwen-plus,disagreement_then_random,release,0.35,295,0.5364703018849015,6.394181029468394,5.857710727583492,31,0.5806451612903226,0.0900918712501222,0.044174859405421096,1,6.67741935483871,0.20418785770663456,0.28323832537031635,7,6.096774193548387,0.18754118520965976,0.23906346596489492,6
AC Qwen-plus,disagreement_then_random,release,0.36,303,0.5209071580439405,6.400336339592289,5.879429181548348,31,0.5806451612903226,0.0900918712501222,0.05973800324638212,1,6.741935483870968,0.2072230211786735,0.3415991442786792,7,6.161290322580645,0.18605568708266618,0.2818611410322971,6
AC Qwen-plus,disagreement_then_random,release,0.37,312,0.5036724437858385,6.405932883388102,5.902260439602264,31,0.5483870967741935,0.09085862440549511,0.044714652988354975,1,6.870967741935484,0.20604799255059764,0.4650348585473818,7,6.32258064516129,0.19336909258205576,0.42032020555902605,6
AC Qwen-plus,disagreement_then_random,release,0.38,320,0.48859609561239614,6.4096709863921255,5.921074890779729,31,0.5161290322580645,0.09123958466923195,0.02753293664566836,1,6.806451612903226,0.19902641980945981,0.39678062651110046,7,6.290322580645161,0.18661413462293883,0.369247689865432,6
AC Qwen-plus,disagreement_then_random,release,0.39,329,0.4719090264802525,6.412417528101696,5.940508501621443,31,0.4838709677419355,0.09123958466923195,0.011961941261682985,1,6.774193548387097,0.20058879684061967,0.3617760202854008,7,6.290322580645161,0.19780270602265665,0.34981407902371764,6
AC Qwen-plus,disagreement_then_random,release,0.4,337,0.4573194739743287,6.413502487328888,5.9561830133545595,31,0.4838709677419355,0.09123958466923195,0.026551493767606793,1,6.709677419354839,0.20316606051280844,0.29617493202595124,7,6.225806451612903,0.20058879684061967,0.26962343825834356,6
AC Qwen-plus,disagreement_then_random,release,0.41,346,0.44118004996814353,6.413125051898899,5.971945001930756,31,0.4838709677419355,0.09123958466923195,0.04269091777379197,1,6.741935483870968,0.20196743022578753,0.3288104319720686,7,6.258064516129032,0.20196743022578753,0.2861195141982762,6
AC Qwen-plus,disagreement_then_random,release,0.42,354,0.4270772931297382,6.411305567128235,5.984228273998497,31,0.45161290322580644,0.09085862440549508,0.02453561009606825,0,6.67741935483871,0.1988520646119025,0.26611378771047534,8,6.225806451612903,0.1951546253194087,0.24157817761440636,8
AC Qwen-plus,disagreement_then_random,release,0.43,362,0.4132036166054593,6.408027780508191,5.994824163902732,31,0.41935483870967744,0.0900918712501222,0.006151222104218146,0,6.709677419354839,0.20316606051280844,0.30164963884664786,8,6.290322580645161,0.19780270602265665,0.29549841674242927,8
AC Qwen-plus,disagreement_then_random,release,0.44,371,0.3978695530786246,6.402521218449309,6.004651665370685,31,0.3225806451612903,0.08534681648595453,-0.07528890791733428,0,6.741935483870968,0.18530847246896867,0.33941426542165853,8,6.419354838709677,0.18993034121135158,0.4147031733389923,8
AC Qwen-plus,disagreement_then_random,release,0.45,379,0.38448267222186433,6.395940060447915,6.0114573882260505,31,0.3225806451612903,0.08534681648595453,-0.061902027060574016,0,6.709677419354839,0.1684435286315343,0.31373735890692434,8,6.387096774193548,0.16511592118799653,0.3756393859674976,8
AC Qwen-plus,disagreement_then_random,release,0.46,388,0.36969625382098803,6.386555226974423,6.016858973153434,31,0.2903225806451613,0.08287246824945245,-0.07937367317582672,0,6.67741935483871,0.17589767782089058,0.29086412786428717,8,6.387096774193548,0.17150453365485496,0.3702378010401137,8
AC Qwen-plus,disagreement_then_random,release,0.47,396,0.3567961686317462,6.376378464691707,6.019582296059961,31,0.25806451612903225,0.07988892740217941,-0.09873165250271393,0,6.645161290322581,0.17688090335465106,0.26878282563087375,8,6.387096774193548,0.1776635660414872,0.36751447813358684,8
AC Qwen-plus,disagreement_then_random,release,0.48,405,0.34255739535682833,6.36277669649874,6.020219301141911,31,0.22580645161290322,0.07633651333031763,-0.11675094374392511,0,6.645161290322581,0.17688090335465106,0.2823845938238412,8,6.419354838709677,0.17211020193304818,0.39913553756776565,8
AC Qwen-plus,disagreement_then_random,release,0.49,413,0.3301441058351051,6.3486943246206025,6.018550218785498,31,0.22580645161290322,0.07633651333031763,-0.1043376542222019,0,6.67741935483871,0.17589767782089058,0.3287250302181075,8,6.451612903225806,0.1725127994467218,0.4330626844403085,8
AC Qwen-plus,disagreement_then_random,release,0.5,422,0.31645297768614566,6.3305165740199625,6.014063596333817,31,0.22580645161290322,0.07633651333031763,-0.09064652607324244,0,6.612903225806452,0.1836161222033253,0.2823866517864895,8,6.387096774193548,0.1776635660414872,0.3730331778597309,8
AC Qwen-plus,disagreement_then_random,release,0.51,430,0.3045264838319409,6.312200120742731,6.00767363691079,31,0.22580645161290322,0.07633651333031763,-0.0787200322190377,0,6.580645161290323,0.17824830782883527,0.2684450405475918,8,6.354838709677419,0.1706936329719091,0.34716507276662867,8
AC Qwen-plus,disagreement_then_random,release,0.52,438,0.2928290702918626,6.29177206672382,5.998942996431958,31,0.1935483870967742,0.07213122508063839,-0.09928068319508843,0,6.645161290322581,0.1828589390923124,0.3533892235987608,8,6.451612903225806,0.1725127994467218,0.4526699067938482,8
AC Qwen-plus,disagreement_then_random,release,0.53,447,0.27994330262225375,6.266168007783,5.986224705160747,31,0.1935483870967742,0.07213122508063839,-0.08639491552547957,0,6.548387096774194,0.1958642808441071,0.2822190889911935,8,6.354838709677419,0.1886476324801735,0.36861400451667237,8
AC Qwen-plus,disagreement_then_random,release,0.54,455,0.268732684749694,6.240987820557564,5.9722551358078695,31,0.1935483870967742,0.07213122508063839,-0.07518429765291978,0,6.451612903225806,0.21671402134659787,0.2106250826682423,8,6.258064516129032,0.2072230211786735,0.28580938032116254,8
AC Qwen-plus,disagreement_then_random,release,0.55,464,0.2563945622060434,6.2098283397727805,5.953433777566737,31,0.1935483870967742,0.07213122508063839,-0.06284617510926921,0,6.387096774193548,0.21591226491201954,0.17726843442076756,8,6.193548387096774,0.20955331314724793,0.24011460953003727,8
AC Qwen-plus,disagreement_then_random,release,0.56,472,0.24567074000100222,6.179518948806943,5.933848208805941,31,0.1935483870967742,0.07213122508063839,-0.052122352904228036,0,6.451612903225806,0.22162018112667956,0.27209395441886297,8,6.258064516129032,0.212348576969156,0.32421630732309126,8
AC Qwen-plus,disagreement_then_random,release,0.57,481,0.23388026258331007,6.142368195139589,5.908487932556279,31,0.1935483870967742,0.07213122508063839,-0.040331875486535884,0,6.354838709677419,0.22503709178985323,0.21247051453782984,8,6.161290322580645,0.21799069820121822,0.25280239002436566,8
AC Qwen-plus,disagreement_then_random,release,0.58,489,0.22364323604578742,6.106531654559838,5.88288841851405,31,0.16129032258064516,0.06715051611181073,-0.06235291346514227,0,6.290322580645161,0.23733986514101324,0.18379092608532321,8,6.129032258064516,0.22596000923120346,0.2461438395504656,8
AC Qwen-plus,disagreement_then_random,release,0.59,497,0.2136352898223912,6.0679502846567885,5.8543149948343975,31,0.16129032258064516,0.06715051611181073,-0.05234496724174603,0,6.290322580645161,0.23733986514101324,0.2223722959883725,8,6.129032258064516,0.22596000923120346,0.27471726323011847,8
AC Qwen-plus,disagreement_then_random,release,0.6,506,0.20265017288404957,6.021146696314515,5.818496523430466,31,0.12903225806451613,0.06120537406777507,-0.07361791481953345,0,6.290322580645161,0.23733986514101324,0.26917588433064576,8,6.161290322580645,0.21799069820121822,0.34279379915017927,8
AC Qwen-plus,disagreement_then_random,release,0.61,514,0.19312902232817186,5.976413581301654,5.783284558973482,31,0.12903225806451613,0.06120537406777507,-0.06409676426365574,0,6.225806451612903,0.21607285419782193,0.24939287031124913,8,6.096774193548387,0.1986775564039912,0.3134896345749052,8
AC Qwen-plus,disagreement_then_random,release,0.62,523,0.18269155051578864,5.922437913069318,5.73974636255353,31,0.12903225806451613,0.06120537406777507,-0.05365929245127252,0,6.193548387096774,0.20955331314724793,0.2711104740274557,7,6.064516129032258,0.19639483968741292,0.32476976647872835,7
AC Qwen-plus,disagreement_then_random,release,0.63,531,0.1736571956274295,5.871100557066294,5.697443361438864,31,0.12903225806451613,0.06120537406777507,-0.044624937562913386,0,6.161290322580645,0.21300095508669908,0.29018976551435127,7,6.032258064516129,0.1993746727788702,0.3348147030772646,7
AC Qwen-plus,disagreement_then_random,release,0.64,540,0.16376736894100466,5.809430749412344,5.645663380471339,31,0.12903225806451613,0.06120537406777507,-0.034735110876488534,0,6.129032258064516,0.21120206644003214,0.3196015086521724,7,6.0,0.19674775073518588,0.35433661952866125,7
AC Qwen-plus,disagreement_then_random,release,0.65,548,0.15521980972016408,5.751013372349106,5.595793562628941,31,0.12903225806451613,0.06120537406777507,-0.026187551655647956,0,6.096774193548387,0.23350917510779173,0.3457608211992813,7,5.967741935483871,0.2149462096639701,0.37194837285492977,7
AC Qwen-plus,disagreement_then_random,release,0.66,556,0.14690133081344986,5.689092784259319,5.542191453445869,31,0.12903225806451613,0.06120537406777507,-0.017869072748933734,0,6.0,0.22718473369882594,0.3109072157406807,7,5.870967741935484,0.20604799255059764,0.3287762884896148,7
AC Qwen-plus,disagreement_then_random,release,0.67,565,0.1378168646063756,5.615103624152477,5.477286759546101,31,0.12903225806451613,0.06120537406777507,-0.008784606541859474,0,5.870967741935484,0.22596000923120346,0.2558641177830072,8,5.741935483870968,0.2019674302257875,0.26464872432486697,8
AC Qwen-plus,disagreement_then_random,release,0.68,573,0.12998518136717993,5.545359581514141,5.415374400146962,31,0.0967741935483871,0.053978066228004884,-0.033210987818792836,0,5.806451612903226,0.23836068647627312,0.26109203138908477,8,5.709677419354839,0.2233351711708851,0.29430301920787727,8
AC Qwen-plus,disagreement_then_random,release,0.69,582,0.12144836028606404,5.462270871172485,5.340822510886421,31,0.0967741935483871,0.053978066228004884,-0.024674166737676945,0,5.580645161290323,0.2614031350783488,0.11837429011783751,8,5.483870967741935,0.2491748435754079,0.1430484568555137,8
AC Qwen-plus,disagreement_then_random,release,0.7,590,0.11410347271438696,5.384167092632076,5.270063619917689,31,0.0967741935483871,0.053978066228004884,-0.01732927916599987,0,5.483870967741935,0.2698903311400244,0.09970387510985912,8,5.387096774193548,0.26100475567223697,0.11703315427585892,8
AC Qwen-plus,disagreement_then_random,release,0.71,599,0.10611429675922944,5.291361158888575,5.185246862129346,31,0.0967741935483871,0.053978066228004884,-0.009340103210842346,0,5.483870967741935,0.28158906893929286,0.19250980885335967,8,5.387096774193548,0.2730844107354902,0.2018499120642021,8
AC Qwen-plus,disagreement_then_random,release,0.72,607,0.09925620485507092,5.204335670052799,5.105079465197728,31,0.06451612903225806,0.044853018526052064,-0.034740075822812855,0,5.387096774193548,0.28840465655808045,0.18276110414074864,8,5.32258064516129,0.29103854370683774,0.21750117996356177,8
AC Qwen-plus,disagreement_then_random,release,0.73,615,0.09262719326503877,5.112909781456251,5.020282588191212,31,0.06451612903225806,0.044853018526052064,-0.028111064232780703,0,5.258064516129032,0.29317594238714223,0.14515473467278106,8,5.193548387096774,0.30203380441264815,0.17326579890556193,8
AC Qwen-plus,disagreement_then_random,release,0.74,624,0.0854433777892318,5.004629984013594,4.919186606224362,31,0.06451612903225806,0.044853018526052064,-0.020927248756973743,0,5.225806451612903,0.2922279174557901,0.2211764675993093,8,5.161290322580645,0.30088319526092955,0.24210371635628292,8
AC Qwen-plus,disagreement_then_random,release,0.75,632,0.07930116186671822,4.903407819336938,4.82410665747022,31,0.06451612903225806,0.044853018526052064,-0.014785032834460157,0,5.193548387096774,0.294827650906696,0.29014056775983565,8,5.129032258064516,0.303180046878961,0.30492560059429596,8
AC Qwen-plus,disagreement_then_random,release,0.76,641,0.07266499151686963,4.783757547639031,4.711092556122161,31,0.06451612903225806,0.044853018526052064,-0.008148862484611566,0,5.096774193548387,0.29091933889179966,0.3130166459093564,8,5.032258064516129,0.2986848267607169,0.3211655083939684,8
AC Qwen-plus,disagreement_then_random,release,0.77,649,0.06700957126187458,4.672110679928872,4.6051011086669975,31,0.03225806451612903,0.032258064516129045,-0.03475150674574555,0,5.0,0.30409393002749974,0.3278893200711277,8,4.967741935483871,0.3092963605351755,0.3626408268168735,8
AC Qwen-plus,disagreement_then_random,release,0.78,658,0.06092104603798438,4.540367242030664,4.479446195992679,31,0.03225806451612903,0.032258064516129045,-0.028662981521855348,0,4.935483870967742,0.296704059033985,0.3951166289370782,8,4.903225806451613,0.3018040335125884,0.42377961045893375,8
AC Qwen-plus,disagreement_then_random,release,0.79,666,0.05575242145050791,4.417639142443773,4.361886720993264,31,0.03225806451612903,0.032258064516129045,-0.02349435693437888,0,4.774193548387097,0.28477373557217467,0.3565544059433243,8,4.741935483870968,0.28948505239507677,0.3800487628777036,8
AC Qwen-plus,disagreement_then_random,release,0.8,674,0.05081287717715782,4.2894609934215495,4.238648116244391,31,0.03225806451612903,0.032258064516129045,-0.01855481266102879,0,4.67741935483871,0.29103854370683774,0.38795836141716045,8,4.645161290322581,0.29529787074440794,0.40651317407818954,8
AC Qwen-plus,disagreement_then_random,release,0.81,683,0.04552971243261818,4.138553185084573,4.093023472651955,31,0.03225806451612903,0.032258064516129045,-0.013271647916489146,0,4.516129032258065,0.31408158566807964,0.3775758471734916,8,4.483870967741935,0.3174866612791533,0.3908474950899796,8
AC Qwen-plus,disagreement_then_random,release,0.82,691,0.04107696382678665,3.9982758118004993,3.9571988479737126,31,0.03225806451612903,0.032258064516129045,-0.008818899310657616,0,4.419354838709677,0.2887652376406303,0.42107902690917776,7,4.387096774193548,0.2921091980044328,0.42989792621983547,7
AC Qwen-plus,disagreement_then_random,release,0.83,700,0.03634144420820537,3.8333505101351086,3.797009065926903,31,0.03225806451612903,0.032258064516129045,-0.004083379692076339,0,4.225806451612903,0.27321139721560855,0.3924559414777944,6,4.193548387096774,0.2759903178865476,0.3965393211698709,6
AC Qwen-plus,disagreement_then_random,release,0.84,708,0.032375491269892406,3.6802449799092205,3.647869488639328,31,0.03225806451612903,0.032258064516129045,-0.00011742675376337497,0,3.967741935483871,0.27624156083150814,0.2874969555746505,6,3.935483870967742,0.2779939036655291,0.28761438232841385,6
AC Qwen-plus,disagreement_then_random,release,0.85,717,0.028187616777269508,3.5004650690498043,3.4722774522725346,31,0.03225806451612903,0.032258064516129045,0.0040704477388595235,0,3.6774193548387095,0.24707796329195822,0.17695428578890526,6,3.6451612903225805,0.24777889509253576,0.17288383805004592,6
AC Qwen-plus,disagreement_then_random,release,0.86,725,0.024708459506475097,3.3337719384622346,3.3090634789557596,31,0.03225806451612903,0.032258064516129045,0.007549605009653935,0,3.5483870967741935,0.23572678588961432,0.21461515831195888,6,3.5161290322580645,0.2358738853023013,0.20706555330230492,6
AC Qwen-plus,disagreement_then_random,release,0.87,733,0.021458382549807073,3.1604129939150916,3.1389546113652846,31,0.03225806451612903,0.032258064516129045,0.010799681966321958,0,3.3870967741935485,0.2349899076068428,0.22668378027845693,6,3.3548387096774195,0.23439873709141873,0.21588409831213484,6
AC Qwen-plus,disagreement_then_random,release,0.88,742,0.01807586853653473,2.9571942083588914,2.9391183398223566,31,0.03225806451612903,0.032258064516129045,0.0141821959795943,0,3.064516129032258,0.22687917238542682,0.10732192067336666,5,3.032258064516129,0.22472861036753775,0.09313972469377241,5
AC Qwen-plus,disagreement_then_random,release,0.89,750,0.015312587247385264,2.769073950160605,2.75376136291322,31,0.03225806451612903,0.032258064516129045,0.016945477268743767,0,2.838709677419355,0.2276423066371271,0.06963572725875,4,2.806451612903226,0.22916095127360367,0.052690249990006155,4
AC Qwen-plus,disagreement_then_random,release,0.9,759,0.012477718360071301,2.548781915773059,2.5363041974129876,31,0.03225806451612903,0.032258064516129045,0.01978034615605773,0,2.7096774193548385,0.21348893042289419,0.1608955035817794,4,2.6774193548387095,0.214461550175415,0.1411151574257219,4
AC Qwen-plus,disagreement_then_random,release,0.91,767,0.010201232738440393,2.345062545390391,2.3348613126519506,31,0.0,0.0,-0.010201232738440393,0,2.5161290322580645,0.1904774292611221,0.17106648686767345,3,2.5161290322580645,0.1904774292611221,0.18126771960611388,3
AC Qwen-plus,disagreement_then_random,release,0.92,776,0.007914008977084809,2.106736317242798,2.098822308265713,31,0.0,0.0,-0.007914008977084809,0,2.161290322580645,0.18605568708266618,0.054554005337847045,3,2.161290322580645,0.18605568708266618,0.062468014314931875,3
AC Qwen-plus,disagreement_then_random,release,0.93,784,0.0061243190229724595,1.8865471165525438,1.8804227975295713,31,0.0,0.0,-0.0061243190229724595,0,1.903225806451613,0.17570037245557193,0.016678689899069177,3,1.903225806451613,0.17570037245557193,0.02280300892204168,3
AC Qwen-plus,disagreement_then_random,release,0.94,792,0.0045637093829864915,1.6582965686194502,1.6537328592364637,31,0.0,0.0,-0.0045637093829864915,0,1.6129032258064515,0.18361612220332527,-0.04539334281299867,3,1.6129032258064515,0.18361612220332527,-0.040829633430012224,3
AC Qwen-plus,disagreement_then_random,release,0.95,801,0.0030818461009814663,1.391624961973596,1.3885431158726147,31,0.0,0.0,-0.0030818461009814663,0,1.2903225806451613,0.1551520127778732,-0.10130238132843483,2,1.2903225806451613,0.1551520127778732,-0.09822053522745344,2
AC Qwen-plus,disagreement_then_random,release,0.96,809,0.0020080321285140565,1.1455628552351413,1.1435548231066273,31,0.0,0.0,-0.0020080321285140565,0,1.032258064516129,0.1428125394914752,-0.11330479071901234,0,1.032258064516129,0.1428125394914752,-0.11129675859049826,0
AC Qwen-plus,disagreement_then_random,release,0.97,818,0.0010738139724674096,0.8583208664482047,0.8572470524757373,31,0.0,0.0,-0.0010738139724674096,0,0.8709677419354839,0.12903225806451613,0.012646875487279163,0,0.8709677419354839,0.12903225806451613,0.013720689459746582,0
AC Qwen-plus,disagreement_then_random,release,0.98,826,0.0004867956675185591,0.5934921763911802,0.5930053807236617,31,0.0,0.0,-0.0004867956675185591,0,0.5161290322580645,0.10234842180035089,-0.07736314413311574,0,0.5161290322580645,0.10234842180035089,-0.07687634846559721,0
AC Qwen-plus,disagreement_then_random,release,0.99,835,0.00010022263743029158,0.284585626328834,0.2844854036914037,31,0.0,0.0,-0.00010022263743029158,0,0.3225806451612903,0.08534681648595453,0.03799501883245632,0,0.3225806451612903,0.08534681648595453,0.03809524146988663,0
AC Qwen-plus,disagreement_then_random,release,1.0,843,0.0,0.0,0.0,31,0.0,0.0,0.0,0,0.0,0.0,0.0,0,0.0,0.0,0.0,0
AC DeepSeek v4-pro,random_criterion,release,0.0,0,0.0,0.0,0.0,31,0.0,0.0,0.0,0,0.0,0.0,0.0,0,0.0,0.0,0.0,0
AC DeepSeek v4-pro,random_criterion,release,0.01,8,0.009411022166620176,0.12336608941710624,0.11395506725048606,31,0.03225806451612903,0.03225806451612904,0.022847042349508857,0,0.0967741935483871,0.053978066228004884,-0.026591895868719143,0,0.06451612903225806,0.06451612903225808,-0.04943893821822799,0
AC DeepSeek v4-pro,random_criterion,release,0.02,17,0.01978287024905397,0.26212420909187883,0.24234133884282485,31,0.03225806451612903,0.03225806451612904,0.012475194267075062,0,0.1935483870967742,0.07213122508063839,-0.06857582199510465,0,0.16129032258064516,0.08160716542370013,-0.0810510162621797,0
AC DeepSeek v4-pro,random_criterion,release,0.03,25,0.028810689117871647,0.3854092304698575,0.3565985413519858,31,0.03225806451612903,0.03225806451612904,0.0034473753982573845,0,0.3225806451612903,0.09713195518826852,-0.06282858530856716,0,0.2903225806451613,0.10568311720693004,-0.06627596070682451,0
AC DeepSeek v4-pro,random_criterion,release,0.04,34,0.038751433490277626,0.5240059220613351,0.48525448857105746,31,0.03225806451612903,0.03225806451612904,-0.0064933689741485945,0,0.5161290322580645,0.13812078041575407,-0.007876889803270615,0,0.4838709677419355,0.14569793278240278,-0.0013835208291219647,0
AC DeepSeek v4-pro,random_criterion,release,0.05,42,0.0473960490612928,0.6470826146504549,0.5996865655891621,31,0.03225806451612903,0.03225806451612904,-0.015137984545163768,0,0.6129032258064516,0.1366056986078043,-0.03417938884400329,0,0.5806451612903226,0.14498196809189828,-0.019041404298839493,0
AC DeepSeek v4-pro,random_criterion,release,0.06,51,0.05690568972367097,0.7853691115606359,0.728463421836965,31,0.03225806451612903,0.03225806451612904,-0.02464762520754194,0,0.7096774193548387,0.13274236010332013,-0.07569169220579719,0,0.6774193548387096,0.14208203577771122,-0.051044066998255366,0
AC DeepSeek v4-pro,random_criterion,release,0.07,59,0.06516710199688365,0.9081001597040549,0.8429330577071712,31,0.0967741935483871,0.053978066228004884,0.031607091551503444,0,0.8064516129032258,0.1496903961745794,-0.10164854680082913,0,0.7096774193548387,0.16193419868401462,-0.13325563835233245,0
AC DeepSeek v4-pro,random_criterion,release,0.08,67,0.07324818330642456,1.0306180667289055,0.957369883422481,31,0.0967741935483871,0.053978066228004884,0.023526010241962533,0,1.0,0.16064386578049977,-0.030618066728905546,0,0.9032258064516129,0.17570037245557193,-0.054144076970868094,0
AC DeepSeek v4-pro,random_criterion,release,0.09,76,0.08212384792464421,1.168153748625286,1.0860299007006418,31,0.12903225806451613,0.06120537406777509,0.04690841013987192,0,1.096774193548387,0.1562658247276125,-0.07137955507689897,0,0.967741935483871,0.1764882704545749,-0.11828796521677076,0
AC DeepSeek v4-pro,random_criterion,release,0.1,84,0.08982172593638262,1.2901049019830246,1.200283176046642,31,0.16129032258064516,0.06715051611181073,0.07146859664426254,0,1.1612903225806452,0.16129032258064516,-0.1288145794023794,1,1.0,0.1796053020267749,-0.20028317604664192,1
AC DeepSeek v4-pro,random_criterion,release,0.11,93,0.09826628684457443,1.4269122804829908,1.3286459936384163,31,0.1935483870967742,0.07213122508063838,0.09528210025219976,0,1.3548387096774193,0.1828589390923124,-0.07207357080557153,1,1.1612903225806452,0.19727593356671813,-0.16735567105777105,1
AC DeepSeek v4-pro,random_criterion,release,0.12,101,0.10558096155851036,1.5481326323919633,1.442551670833453,31,0.1935483870967742,0.07213122508063838,0.08796742553826382,0,1.4193548387096775,0.18418196675638965,-0.1287777936822858,1,1.2258064516129032,0.1951546253194087,-0.21674521922054968,1
AC DeepSeek v4-pro,random_criterion,release,0.13,110,0.11359441875667435,1.684020671949716,1.5704262531930415,31,0.25806451612903225,0.07988892740217941,0.1444700973723579,0,1.6129032258064515,0.17150453365485493,-0.07111744614326443,1,1.3548387096774193,0.1828589390923124,-0.21558754351562226,1
AC DeepSeek v4-pro,random_criterion,release,0.14,118,0.12052589017280778,1.8043345292561013,1.6838086390832936,31,0.25806451612903225,0.07988892740217941,0.13753862595622446,0,1.7096774193548387,0.1747105033255045,-0.09465710990126253,1,1.4516129032258065,0.18455823265777677,-0.2321957358574871,1
AC DeepSeek v4-pro,random_criterion,release,0.15,126,0.12727703062526943,1.9241575634259034,1.7968805328006339,31,0.22580645161290322,0.07633651333031763,0.09852942098763379,0,1.7741935483870968,0.17785869357535775,-0.14996401503880663,1,1.5483870967741935,0.18455823265777677,-0.24849343602644036,1
AC DeepSeek v4-pro,random_criterion,release,0.16,135,0.1346565117792749,2.0583183235903366,1.9236618118110618,31,0.22580645161290322,0.07633651333031763,0.09114993983362832,0,1.903225806451613,0.18171724881099022,-0.15509251713872363,1,1.6774193548387097,0.18772604595952858,-0.24624245697235203,1
AC DeepSeek v4-pro,random_criterion,release,0.17,143,0.14102444893393407,2.1769542579904946,2.0359298090565607,31,0.22580645161290322,0.07633651333031763,0.08478200267896915,0,2.096774193548387,0.19867755640399126,-0.08018006444210757,1,1.8709677419354838,0.2060479925505976,-0.16496206712107697,1
AC DeepSeek v4-pro,random_criterion,release,0.18,152,0.1479728263779117,2.3096650858653014,2.1616922594873897,31,0.22580645161290322,0.07633651333031763,0.07783362523499152,0,2.225806451612903,0.2160728541978219,-0.08385863425239837,1,2.0,0.2175128225116608,-0.16169225948738974,1
AC DeepSeek v4-pro,random_criterion,release,0.19,160,0.1539575602347684,2.4269072206711315,2.272949660436363,31,0.22580645161290322,0.07633651333031763,0.07184889137813483,0,2.3870967741935485,0.22565278949805898,-0.03981044647758303,2,2.161290322580645,0.22764230663712712,-0.11165933785571802,2
AC DeepSeek v4-pro,random_criterion,release,0.2,169,0.1604748339687182,2.557928056453333,2.397453222484615,31,0.25806451612903225,0.07988892740217941,0.09758968216031405,0,2.5161290322580645,0.22657319898608042,-0.0417990241952686,2,2.2580645161290325,0.22224534507980756,-0.13938870635558231,2
AC DeepSeek v4-pro,random_criterion,release,0.21,177,0.16607636452777236,2.6735561765862372,2.507479812058465,31,0.25806451612903225,0.07988892740217941,0.0919881516012599,0,2.6451612903225805,0.21021436625028514,-0.028394886263656716,2,2.3870967741935485,0.20571103730869886,-0.12038303786491644,2
AC DeepSeek v4-pro,random_criterion,release,0.22,185,0.17149756412315478,2.7883445647071197,2.616847000583965,31,0.2903225806451613,0.08287246824945245,0.11882501652200653,0,2.903225806451613,0.24693753818070502,0.11488124174449332,3,2.6129032258064515,0.2349899076068428,-0.003943774777513287,3
AC DeepSeek v4-pro,random_criterion,release,0.23,194,0.17738086181294607,2.9164112112733305,2.7390303494603843,31,0.2903225806451613,0.08287246824945245,0.11294171883221524,0,3.0,0.26233033431358116,0.08358878872666953,3,2.7096774193548385,0.2505630150049687,-0.029352930105545738,3
AC DeepSeek v4-pro,random_criterion,release,0.24,202,0.18241885811052597,3.0292359400944813,2.8468170819839553,31,0.3225806451612903,0.08534681648595453,0.14016178705076435,0,3.161290322580645,0.26678804036303655,0.13205438248616375,3,2.838709677419355,0.2501473724489522,-0.008107404564600351,3
AC DeepSeek v4-pro,random_criterion,release,0.25,211,0.18787105209028945,3.1549514793467246,2.9670804272564353,31,0.3225806451612903,0.08534681648595453,0.13470959307100086,0,3.2580645161290325,0.2819583662375762,0.10311303678230788,3,2.935483870967742,0.2701472472678229,-0.03159655628869329,3
AC DeepSeek v4-pro,random_criterion,release,0.26,219,0.19252584509006687,3.265556362249044,3.073030517158977,31,0.3548387096774194,0.08735525166275225,0.1623128645873525,0,3.3870967741935485,0.2846519072305256,0.12154041194450427,3,3.032258064516129,0.251805826231595,-0.04077245264284812,3
AC DeepSeek v4-pro,random_criterion,release,0.27,228,0.19754693535980256,3.3886238638599626,3.19107692850016,31,0.3225806451612903,0.08534681648595453,0.12503370980148776,0,3.5806451612903225,0.3032944328656299,0.1920212974303599,4,3.2580645161290325,0.2781186485242487,0.06698758762887236,4
AC DeepSeek v4-pro,random_criterion,release,0.28,236,0.20181852506177742,3.4967370496720056,3.294918524610228,31,0.2903225806451613,0.08287246824945245,0.0885040555833839,0,3.7419354838709675,0.29682094068477977,0.24519843419896192,4,3.4516129032258065,0.27761933277409573,0.15669437861557833,4
AC DeepSeek v4-pro,random_criterion,release,0.29,244,0.2059097838000806,3.6035789769260447,3.397669193125964,31,0.2903225806451613,0.08287246824945245,0.08441279684508071,0,3.935483870967742,0.30030623750040736,0.3319048940416973,4,3.6451612903225805,0.28792317933324485,0.24749209719661636,4
AC DeepSeek v4-pro,random_criterion,release,0.3,253,0.2102968980256577,3.7221748882277716,3.5118779902021138,31,0.2903225806451613,0.08287246824945245,0.0800256826195036,0,3.967741935483871,0.31275353918815024,0.24556704725609935,4,3.6774193548387095,0.30191894082058296,0.16554136463659574,4
AC DeepSeek v4-pro,random_criterion,release,0.31,261,0.21400495346615836,3.8260954647022323,3.6120905112360737,31,0.2903225806451613,0.08287246824945245,0.07631762717900295,0,4.129032258064516,0.33678408093259843,0.30293679336228374,4,3.838709677419355,0.3282300995729908,0.22661916618328126,4
AC DeepSeek v4-pro,random_criterion,release,0.32,270,0.2179609639817077,3.9412309687181315,3.723270004736424,31,0.2903225806451613,0.08287246824945245,0.07236161666345362,0,4.161290322580645,0.3379150946153801,0.22005935386251352,4,3.870967741935484,0.3303368612504481,0.14769773719906,4
AC DeepSeek v4-pro,random_criterion,release,0.33,278,0.22128581612440582,4.041916716507841,3.8206309003834353,31,0.2903225806451613,0.08287246824945245,0.0690367645207555,0,4.225806451612903,0.33347204883385845,0.1838897351050619,4,3.935483870967742,0.32770129288258826,0.11485297058430666,4
AC DeepSeek v4-pro,random_criterion,release,0.34,287,0.22481072292992735,4.153229075161176,3.9284183522312484,31,0.2903225806451613,0.08287246824945245,0.06551185771523396,0,4.32258064516129,0.3258969319694233,0.16935157000011447,4,4.032258064516129,0.3229030646772181,0.10383971228488065,4
AC DeepSeek v4-pro,random_criterion,release,0.35,295,0.22775237177482294,4.250348423093487,4.022596051318664,31,0.25806451612903225,0.07988892740217941,0.030312144354209314,0,4.258064516129032,0.31097398824762174,0.00771609303554488,4,4.0,0.3179233694103098,-0.022596051318664045,4
AC DeepSeek v4-pro,random_criterion,release,0.36,303,0.23051368965604688,4.345669393640877,4.11515570398483,31,0.25806451612903225,0.07988892740217941,0.027550826472985374,0,4.419354838709677,0.30681924750851713,0.07368544506879982,4,4.161290322580645,0.311419829319927,0.046134618595814914,4
AC DeepSeek v4-pro,random_criterion,release,0.37,312,0.2334046204174098,4.4506566557566405,4.21725203533923,31,0.22580645161290322,0.07633651333031763,-0.007598168804506589,0,4.548387096774194,0.2927023137379828,0.09773044101755346,4,4.32258064516129,0.2947099787204456,0.1053286098220596,4
AC DeepSeek v4-pro,random_criterion,release,0.38,320,0.2357827350008312,4.54188916800345,4.306106433002618,31,0.22580645161290322,0.07633651333031763,-0.00997628338792797,0,4.741935483870968,0.3278071224648344,0.2000463158675183,4,4.516129032258065,0.33075660330191176,0.21002259925544653,4
AC DeepSeek v4-pro,random_criterion,release,0.39,329,0.2382425620521664,4.642066232832282,4.403823670780116,31,0.22580645161290322,0.07633651333031763,-0.012436110439263182,0,4.774193548387097,0.330231842375993,0.13212731555481483,4,4.548387096774194,0.3338878495550141,0.144563425994078,4
AC DeepSeek v4-pro,random_criterion,release,0.4,337,0.24023747333778525,4.728830743355326,4.488593270017541,31,0.22580645161290322,0.07633651333031763,-0.014431021724882032,0,4.870967741935484,0.31704935162079007,0.14213699858015794,4,4.645161290322581,0.3231178322863811,0.15656802030504036,4
AC DeepSeek v4-pro,random_criterion,release,0.41,346,0.24226619667909258,4.823759036888291,4.581492840209199,31,0.22580645161290322,0.07633651333031763,-0.016459745066189357,0,4.806451612903226,0.3055731608672241,-0.017307423985065462,5,4.580645161290323,0.3103040255557464,-0.0008476789188760492,5
AC DeepSeek v4-pro,random_criterion,release,0.42,354,0.243877904666909,4.905655200865096,4.661777296198188,31,0.22580645161290322,0.07633651333031763,-0.018071453054005787,0,5.0,0.32128773156099955,0.09434479913490357,5,4.774193548387097,0.32365412781274006,0.11241625218890938,5
AC DeepSeek v4-pro,random_criterion,release,0.43,362,0.24530928169105362,4.985115717941474,4.73980643625042,31,0.22580645161290322,0.07633651333031763,-0.0195028300781504,0,5.064516129032258,0.3244034520816807,0.07940041109078422,5,4.838709677419355,0.3282300995729909,0.09890324116893456,5
AC DeepSeek v4-pro,random_criterion,release,0.44,371,0.24670402898820243,5.071478121671388,4.824774092683185,31,0.22580645161290322,0.07633651333031763,-0.02089757737529921,0,5.096774193548387,0.3088474541149478,0.02529607187699945,5,4.870967741935484,0.3136395283263173,0.04619364925229874,5
AC DeepSeek v4-pro,random_criterion,release,0.45,379,0.2477522027145445,5.145442007224428,4.897689804509883,31,0.22580645161290322,0.07633651333031763,-0.021945751101641292,0,5.225806451612903,0.3135289166041941,0.08036444438847479,5,5.0,0.3110855084191276,0.10231019549011666,5
AC DeepSeek v4-pro,random_criterion,release,0.46,388,0.24871584630166554,5.225367782289993,4.976651935988327,31,0.22580645161290322,0.07633651333031763,-0.022909394688762325,0,5.290322580645161,0.3151840165257851,0.06495479835516793,5,5.064516129032258,0.31430238118615245,0.08786419304393078,5
AC DeepSeek v4-pro,random_criterion,release,0.47,396,0.24938081673020515,5.293379683406292,5.0439988666760875,31,0.22580645161290322,0.07633651333031763,-0.023574365117301932,0,5.290322580645161,0.35978950951222416,-0.0030571027611312473,5,5.064516129032258,0.36200007090526176,0.020517262356170463,5
AC DeepSeek v4-pro,random_criterion,release,0.48,405,0.24991335660729833,5.366343300725741,5.116429944118442,31,0.22580645161290322,0.07633651333031763,-0.024106904994395106,0,5.32258064516129,0.3513020229693415,-0.0437626555644508,5,5.096774193548387,0.3542517138914154,-0.019655750570055197,5
AC DeepSeek v4-pro,random_criterion,release,0.49,413,0.2501951237380355,5.4279240755440945,5.177728951806059,31,0.25806451612903225,0.07988892740217941,0.007869392390996766,0,5.32258064516129,0.3513020229693415,-0.10534343038280447,5,5.064516129032258,0.3529765409091498,-0.11321282277380096,5
AC DeepSeek v4-pro,random_criterion,release,0.5,422,0.25029655990510086,5.4933727332891085,5.243076173384008,31,0.25806451612903225,0.07988892740217941,0.007767956223931394,0,5.451612903225806,0.35268161546488835,-0.04175983006330242,6,5.193548387096774,0.3544474871663155,-0.049527786287233866,6
AC DeepSeek v4-pro,random_criterion,release,0.51,430,0.2501951237380355,5.548018538327623,5.297823414589588,31,0.25806451612903225,0.07988892740217941,0.007869392390996766,0,5.548387096774194,0.3557173871507154,0.00036855844657068815,6,5.290322580645161,0.3507091077400486,-0.007500833944426688,6
AC DeepSeek v4-pro,random_criterion,release,0.52,438,0.24991335660729833,5.599219218158899,5.3493058615516,31,0.25806451612903225,0.07988892740217941,0.008151159521733925,0,5.67741935483871,0.37211137416533235,0.0782001366798113,6,5.419354838709677,0.37033606809203007,0.07004897715807701,6
AC DeepSeek v4-pro,random_criterion,release,0.53,447,0.24938081673020515,5.652552476403021,5.403171659672816,31,0.25806451612903225,0.07988892740217941,0.0086836993988271,0,5.709677419354839,0.37443447935131435,0.057124942951817914,6,5.451612903225806,0.3734140936383944,0.04844124355298973,6
AC DeepSeek v4-pro,random_criterion,release,0.54,455,0.24871584630166554,5.696030394440552,5.447314548138886,31,0.25806451612903225,0.07988892740217941,0.009348669827366707,0,5.741935483870968,0.36798709051539674,0.04590508943041627,6,5.483870967741935,0.367704204817842,0.03655641960304923,6
AC DeepSeek v4-pro,random_criterion,release,0.55,464,0.24775220271454454,5.740359319401138,5.492607116686593,31,0.25806451612903225,0.07988892740217941,0.010312313414487712,0,5.774193548387097,0.35228799746784295,0.03383422898595878,6,5.516129032258065,0.3527799513417372,0.023521915571471652,6
AC DeepSeek v4-pro,random_criterion,release,0.56,472,0.2467040289882024,5.775545543615806,5.5288415146276035,31,0.25806451612903225,0.07988892740217941,0.01136048714082985,0,5.838709677419355,0.3683639335127793,0.06316413380354913,4,5.580645161290323,0.37322826924587765,0.051803646662719416,4
AC DeepSeek v4-pro,random_criterion,release,0.57,481,0.24530928169105362,5.810214447670614,5.56490516597956,31,0.22580645161290322,0.07633651333031763,-0.0195028300781504,0,6.032258064516129,0.3636253269854171,0.22204361684551532,4,5.806451612903226,0.37220457676520724,0.24154644692366567,4
AC DeepSeek v4-pro,random_criterion,release,0.58,489,0.243877904666909,5.836511996937528,5.592634092270619,31,0.22580645161290322,0.07633651333031763,-0.018071453054005787,0,6.096774193548387,0.3323259143583976,0.26026219661085914,4,5.870967741935484,0.34622988038706426,0.27833364966486496,4
AC DeepSeek v4-pro,random_criterion,release,0.59,497,0.24226619667909258,5.858411828975573,5.6161456322964804,31,0.22580645161290322,0.07633651333031763,-0.016459745066189357,0,6.0,0.3005371535187643,0.1415881710244271,4,5.774193548387097,0.31693992992585884,0.15804791609061652,4
AC DeepSeek v4-pro,random_criterion,release,0.6,506,0.24023747333778522,5.877615896433664,5.637378423095878,31,0.22580645161290322,0.07633651333031763,-0.014431021724882004,0,6.129032258064516,0.3101922244259939,0.25141636163085224,4,5.903225806451613,0.3257904818826477,0.26584738335573466,4
AC DeepSeek v4-pro,random_criterion,release,0.61,514,0.2382425620521664,5.889696044137669,5.651453482085503,31,0.22580645161290322,0.07633651333031763,-0.012436110439263182,0,6.032258064516129,0.3058000997480162,0.14256202037845966,5,5.806451612903226,0.3193385463423118,0.15499813081772285,5
AC DeepSeek v4-pro,random_criterion,release,0.62,523,0.23578273500083122,5.8974799988520585,5.661697263851227,31,0.22580645161290322,0.07633651333031763,-0.009976283387927998,0,6.161290322580645,0.30794767811958557,0.2638103237285865,5,5.935483870967742,0.3177050903805196,0.2737866071165147,5
AC DeepSeek v4-pro,random_criterion,release,0.63,531,0.23340462041740984,5.89906977715555,5.6656651567381395,31,0.22580645161290322,0.07633651333031763,-0.0075981688045066165,0,6.0,0.30409393002749974,0.10093022284445041,5,5.774193548387097,0.3135289166041941,0.10852839164895745,5
AC DeepSeek v4-pro,random_criterion,release,0.64,540,0.23051368965604688,5.894661430310039,5.664147740653992,31,0.22580645161290322,0.07633651333031763,-0.004707238043143658,0,6.032258064516129,0.2986848267607169,0.1375966342060897,5,5.806451612903226,0.3090719888258964,0.1423038722492338,5
AC DeepSeek v4-pro,random_criterion,release,0.65,548,0.227752371774823,5.8850584781589745,5.657306106384151,31,0.22580645161290322,0.07633651333031763,-0.001945920161919773,0,5.967741935483871,0.3058000997480162,0.08268345732489646,5,5.741935483870968,0.32117975382931246,0.08462937748681654,5
AC DeepSeek v4-pro,random_criterion,release,0.66,556,0.22481072292992735,5.869936030302422,5.645125307372495,31,0.22580645161290322,0.07633651333031763,0.0009957286829758716,0,6.0,0.3110855084191276,0.13006396969757805,5,5.774193548387097,0.330231842375993,0.12906824101460224,5
AC DeepSeek v4-pro,random_criterion,release,0.67,565,0.2212858161244058,5.846118575111051,5.624832758986646,31,0.22580645161290322,0.07633651333031763,0.004520635488497432,0,6.032258064516129,0.3294957730332164,0.18613948940507807,4,5.806451612903226,0.3483273544953055,0.1816188539165804,4
AC DeepSeek v4-pro,random_criterion,release,0.68,573,0.2179609639817077,5.818710659088431,5.600749695106724,31,0.22580645161290322,0.07633651333031763,0.007845487631195525,0,6.032258064516129,0.31617291773509393,0.2135474054276978,4,5.806451612903226,0.3389400138468051,0.20570191779650226,4
AC DeepSeek v4-pro,random_criterion,release,0.69,582,0.21400495346615833,5.780635106669533,5.566630153203374,31,0.22580645161290322,0.07633651333031763,0.011801498146744888,0,5.935483870967742,0.33096627470382617,0.15484876429820904,4,5.709677419354839,0.35978950951222416,0.14304726615146457,4
AC DeepSeek v4-pro,random_criterion,release,0.7,590,0.2102968980256577,5.740156351767265,5.529859453741607,31,0.22580645161290322,0.07633651333031763,0.015509553587245511,0,5.870967741935484,0.3270655962744923,0.13081139016821908,4,5.645161290322581,0.3578561827325951,0.11530183658097393,4
AC DeepSeek v4-pro,random_criterion,release,0.71,599,0.20590978380008063,5.686919305752852,5.481009521952771,31,0.22580645161290322,0.07633651333031763,0.019896667812822594,0,5.903225806451613,0.3257904818826477,0.216306500698761,4,5.67741935483871,0.35130202296934154,0.19640983288593894,4
AC DeepSeek v4-pro,random_criterion,release,0.72,607,0.20181852506177744,5.632548758961332,5.4307302338995544,31,0.22580645161290322,0.07633651333031763,0.023987926551125777,0,5.709677419354839,0.31175379169934375,0.07712866039350708,4,5.483870967741935,0.34351430998642934,0.053140733842380605,4
AC DeepSeek v4-pro,random_criterion,release,0.73,615,0.19754693535980256,5.571346401587629,5.373799466227826,31,0.22580645161290322,0.07633651333031763,0.028259516253100664,0,5.612903225806452,0.3099685011913887,0.041556824218822896,4,5.387096774193548,0.3429079294430532,0.013297307965721927,4
AC DeepSeek v4-pro,random_criterion,release,0.74,624,0.19252584509006684,5.494086082424171,5.301560237334104,31,0.22580645161290322,0.07633651333031763,0.033280606522836376,0,5.387096774193548,0.3064799081447711,-0.1069893082306228,4,5.161290322580645,0.33148987299780985,-0.14026991475345874,4
AC DeepSeek v4-pro,random_criterion,release,0.75,632,0.18787105209028948,5.417717530082981,5.229846477992691,31,0.1935483870967742,0.07213122508063838,0.005677335006484707,0,5.419354838709677,0.29972816913476036,0.00163730862669631,4,5.225806451612903,0.3203146216079073,-0.004040026379787953,4
AC DeepSeek v4-pro,random_criterion,release,0.76,641,0.18241885811052597,5.3228865368182445,5.140467678707719,31,0.1935483870967742,0.07213122508063838,0.011129528986248222,1,5.387096774193548,0.2921091980044328,0.06421023737530351,4,5.193548387096774,0.312531649455225,0.05308070838905543,3
AC DeepSeek v4-pro,random_criterion,release,0.77,649,0.17738086181294604,5.230437830798877,5.053056968985931,31,0.1935483870967742,0.07213122508063838,0.016167525283828144,1,5.225806451612903,0.28852490032255357,-0.004631379185974005,4,5.032258064516129,0.3092963605351755,-0.02079890446980226,3
AC DeepSeek v4-pro,random_criterion,release,0.78,658,0.17149756412315478,5.116985762197437,4.945488198074282,31,0.1935483870967742,0.07213122508063838,0.022050822973619405,1,5.096774193548387,0.3053460533212705,-0.02021156864905027,4,4.903225806451613,0.3224731003524468,-0.042262391622669426,3
AC DeepSeek v4-pro,random_criterion,release,0.79,666,0.16607636452777239,5.0075031757680195,4.841426811240247,31,0.0967741935483871,0.053978066228004884,-0.06930217097938529,1,5.096774193548387,0.3123096020741171,0.0892710177803675,5,5.0,0.3246172270321178,0.15857318875975324,4
AC DeepSeek v4-pro,random_criterion,release,0.8,674,0.1604748339687182,4.889662993737291,4.729188159768573,31,0.0967741935483871,0.053978066228004884,-0.0637006404203311,1,4.806451612903226,0.31595342939365634,-0.0832113808340651,5,4.709677419354839,0.3252577088656812,-0.01951074041373424,4
AC DeepSeek v4-pro,random_criterion,release,0.81,683,0.15395756023476836,4.746822967691577,4.592865407456809,31,0.0967741935483871,0.053978066228004884,-0.05718336668638127,1,4.580645161290323,0.31375010105258916,-0.16617780640125446,5,4.483870967741935,0.32085560260745405,-0.10899443971487432,4
AC DeepSeek v4-pro,random_criterion,release,0.82,691,0.1479728263779117,4.610471473675702,4.46249864729779,31,0.0967741935483871,0.053978066228004884,-0.05119863282952461,1,4.67741935483871,0.3054596282008988,0.0669478811630082,4,4.580645161290323,0.31375010105258916,0.11814651399253329,3
AC DeepSeek v4-pro,random_criterion,release,0.83,700,0.14102444893393407,4.446217430633435,4.305192981699501,31,0.06451612903225806,0.044853018526052064,-0.076508319901676,1,4.387096774193548,0.27699392235418907,-0.0591206564398874,4,4.32258064516129,0.2947099787204456,0.017387663461788883,3
AC DeepSeek v4-pro,random_criterion,release,0.84,708,0.1346565117792749,4.290297205834333,4.155640694055059,31,0.0967741935483871,0.053978066228004884,-0.03788231823088781,1,4.258064516129032,0.2662674778370967,-0.032232689705301354,5,4.161290322580645,0.28245001153900434,0.005649628525586259,4
AC DeepSeek v4-pro,random_criterion,release,0.85,717,0.12727703062526943,4.103414851419192,3.9761378207939226,31,0.0967741935483871,0.053978066228004884,-0.03050283707688234,1,4.193548387096774,0.27599031788654765,0.09013353567758209,5,4.096774193548387,0.2945922595311193,0.12063637275446437,4
AC DeepSeek v4-pro,random_criterion,release,0.86,725,0.12052589017280778,3.926824243875746,3.8062983537029385,31,0.0967741935483871,0.053978066228004884,-0.023751696624420685,1,4.225806451612903,0.28852490032255357,0.2989822077371569,4,4.129032258064516,0.30318004687896094,0.32273390436157756,3
AC DeepSeek v4-pro,random_criterion,release,0.87,733,0.11359441875667435,3.740112268029785,3.6265178492731107,31,0.06451612903225806,0.044853018526052064,-0.04907828972441629,0,3.903225806451613,0.2834307436966297,0.16311353842182807,4,3.838709677419355,0.2862316311185615,0.21219182814624427,4
AC DeepSeek v4-pro,random_criterion,release,0.88,742,0.10558096155851036,3.517640557907832,3.4120595963493217,31,0.0,0.0,-0.10558096155851036,0,3.6451612903225805,0.28416407155542256,0.12752073241474848,4,3.6451612903225805,0.28416407155542256,0.23310169397325886,4
AC DeepSeek v4-pro,random_criterion,release,0.89,750,0.09826628684457443,3.3085549500267977,3.210288663182223,31,0.0,0.0,-0.09826628684457443,0,3.4516129032258065,0.29635313749305425,0.14305795319900882,4,3.4516129032258065,0.29635313749305425,0.24132424004358333,4
AC DeepSeek v4-pro,random_criterion,release,0.9,759,0.08982172593638262,3.060235154094535,2.9704134281581522,31,0.0,0.0,-0.08982172593638262,0,3.129032258064516,0.26937576378704076,0.06879710396998107,4,3.129032258064516,0.26937576378704076,0.15861882990636378,4
AC DeepSeek v4-pro,random_criterion,release,0.91,767,0.0821238479246442,2.827559193462383,2.745435345537739,31,0.0,0.0,-0.0821238479246442,0,3.0,0.27040391929462204,0.17244080653761706,4,3.0,0.27040391929462204,0.25456465446226106,4
AC DeepSeek v4-pro,random_criterion,release,0.92,776,0.07324818330642457,2.551995144971327,2.4787469616649025,31,0.0,0.0,-0.07324818330642457,0,2.7096774193548385,0.2789903007798665,0.15768227438351134,5,2.7096774193548385,0.2789903007798665,0.23093045768993603,5
AC DeepSeek v4-pro,random_criterion,release,0.93,784,0.06516710199688365,2.2944631331504564,2.2292960311535728,31,0.0,0.0,-0.06516710199688365,0,2.4516129032258065,0.25752632051479923,0.15714977007535014,5,2.4516129032258065,0.25752632051479923,0.22231687207223372,5
AC DeepSeek v4-pro,random_criterion,release,0.94,792,0.05690568972367097,2.0247818913068905,1.9678762015832194,31,0.0,0.0,-0.05690568972367097,0,2.161290322580645,0.23690102372064376,0.13650843127375456,5,2.161290322580645,0.23690102372064376,0.1934141209974256,5
AC DeepSeek v4-pro,random_criterion,release,0.95,801,0.04739604906129281,1.706498612366639,1.6591025633053462,31,0.0,0.0,-0.04739604906129281,0,1.935483870967742,0.20179561613239574,0.22898525860110297,4,1.935483870967742,0.20179561613239574,0.27638130766239577,4
AC DeepSeek v4-pro,random_criterion,release,0.96,809,0.038751433490277626,1.4100080370205603,1.3712566035302827,31,0.0,0.0,-0.038751433490277626,0,1.5161290322580645,0.2118579750577263,0.10612099523750418,4,1.5161290322580645,0.2118579750577263,0.14487242872778183,4
AC DeepSeek v4-pro,random_criterion,release,0.97,818,0.02881068911787164,1.060788131375471,1.0319774422575994,31,0.0,0.0,-0.02881068911787164,0,1.1612903225806452,0.20265322992498486,0.10050219120517423,3,1.1612903225806452,0.20265322992498486,0.1293128803230459,3
AC DeepSeek v4-pro,random_criterion,release,0.98,826,0.019782870249053966,0.7360953883220507,0.7163125180729967,31,0.0,0.0,-0.019782870249053966,0,0.7741935483870968,0.18380493060508904,0.03809816006504607,1,0.7741935483870968,0.18380493060508904,0.05788103031410008,1
AC DeepSeek v4-pro,random_criterion,release,0.99,835,0.009411022166620176,0.35434174666239393,0.3449307244957738,31,0.0,0.0,-0.009411022166620176,0,0.25806451612903225,0.09237303911791198,-0.09627723053336168,1,0.25806451612903225,0.09237303911791198,-0.08686620836674153,1
AC DeepSeek v4-pro,random_criterion,release,1.0,843,0.0,0.0,0.0,31,0.0,0.0,0.0,0,0.0,0.0,0.0,0,0.0,0.0,0.0,0
AC DeepSeek v4-pro,disagreement_then_random,release,0.0,0,0.0,0.0,0.0,31,0.0,0.0,0.0,0,0.0,0.0,0.0,0,0.0,0.0,0.0,0
AC DeepSeek v4-pro,disagreement_then_random,release,0.01,8,0.0,0.0,0.0,31,0.0,0.0,0.0,0,0.0,0.0,0.0,0,0.0,0.0,0.0,0
AC DeepSeek v4-pro,disagreement_then_random,release,0.02,17,0.0,0.0,0.0,31,0.0,0.0,0.0,0,0.0,0.0,0.0,0,0.0,0.0,0.0,0
AC DeepSeek v4-pro,disagreement_then_random,release,0.03,25,0.0,1.0,1.0,31,0.0,0.0,0.0,0,1.0,0.0,0.0,1,1.0,0.0,0.0,1
AC DeepSeek v4-pro,disagreement_then_random,release,0.04,34,0.0,3.0,3.0,31,0.0,0.0,0.0,0,3.0,0.0,0.0,3,3.0,0.0,0.0,3
AC DeepSeek v4-pro,disagreement_then_random,release,0.05,42,0.0,6.0,6.0,31,0.0,0.0,0.0,0,6.0,0.0,0.0,6,6.0,0.0,0.0,6
AC DeepSeek v4-pro,disagreement_then_random,release,0.06,51,1.0,6.0,5.0,31,1.0,0.0,0.0,1,6.0,0.0,0.0,6,5.0,0.0,0.0,5
AC DeepSeek v4-pro,disagreement_then_random,release,0.07,59,1.0,7.0,6.0,31,1.0,0.0,0.0,1,7.0,0.0,0.0,7,6.0,0.0,0.0,6
AC DeepSeek v4-pro,disagreement_then_random,release,0.08,67,1.0,9.0,8.0,31,1.0,0.0,0.0,1,9.0,0.0,0.0,9,8.0,0.0,0.0,8
AC DeepSeek v4-pro,disagreement_then_random,release,0.09,76,1.0,11.0,10.0,31,1.0,0.0,0.0,1,11.0,0.0,0.0,11,10.0,0.0,0.0,10
AC DeepSeek v4-pro,disagreement_then_random,release,0.1,84,1.0,12.0,11.0,31,1.0,0.0,0.0,1,12.0,0.0,0.0,12,11.0,0.0,0.0,11
AC DeepSeek v4-pro,disagreement_then_random,release,0.11,93,1.0,12.0,11.0,31,1.0,0.0,0.0,1,12.0,0.0,0.0,12,11.0,0.0,0.0,11
AC DeepSeek v4-pro,disagreement_then_random,release,0.12,101,0.9919786096256684,12.007804611216967,11.015826001591298,31,1.0,0.0,0.008021390374331583,1,11.935483870967742,0.044853018526052064,-0.07232074024922497,12,10.935483870967742,0.044853018526052064,-0.08034213062355633,11
AC DeepSeek v4-pro,disagreement_then_random,release,0.13,110,0.9799465240641712,12.018504183509917,11.038557659445745,31,1.0,0.0,0.020053475935828846,1,12.0,0.06558258357839529,-0.018504183509916672,12,11.0,0.06558258357839529,-0.038557659445745074,11
AC DeepSeek v4-pro,disagreement_then_random,release,0.14,118,0.9692513368983957,12.02694718279805,11.057695845899655,31,0.9354838709677419,0.04485301852605206,-0.03376746593065383,1,12.0,0.08032193289024989,-0.026947182798050306,12,11.064516129032258,0.10302399627529882,0.006820283132602967,11
AC DeepSeek v4-pro,disagreement_then_random,release,0.15,126,0.9585561497326203,12.034330767314216,11.075774617581596,31,0.9032258064516129,0.053978066228004884,-0.05533034328100739,1,12.064516129032258,0.09199677262884919,0.030185361718041648,12,11.161290322580646,0.12353898164597914,0.08551570499905026,11
AC DeepSeek v4-pro,disagreement_then_random,release,0.16,135,0.946524064171123,12.041305356659608,11.094781292488484,31,0.9032258064516129,0.053978066228004884,-0.043298257719510125,1,12.129032258064516,0.10098371511289377,0.08772690140490802,12,11.225806451612904,0.12876316025739962,0.1310251591244196,11
AC DeepSeek v4-pro,disagreement_then_random,release,0.17,143,0.9358288770053476,12.046262288050078,11.110433411044731,31,0.8709677419354839,0.06120537406777507,-0.06486113506986368,1,12.064516129032258,0.10302399627529882,0.018253840982179526,12,11.193548387096774,0.1263154852093627,0.08311497605204288,11
AC DeepSeek v4-pro,disagreement_then_random,release,0.18,152,0.9237967914438503,12.05037150592647,11.12657471448262,31,0.8709677419354839,0.06120537406777507,-0.05282904950836642,1,12.096774193548388,0.09677419354838711,0.04640268762191724,12,11.225806451612904,0.12012249500016296,0.09923173713028355,11
AC DeepSeek v4-pro,disagreement_then_random,release,0.19,160,0.9131016042780749,12.052660142066033,11.13955853778796,31,0.8387096774193549,0.06715051611181073,-0.07439192685871998,1,12.096774193548388,0.09677419354838711,0.04411405148235481,12,11.258064516129032,0.12241074813555014,0.1185059783410729,11
AC DeepSeek v4-pro,disagreement_then_random,release,0.2,169,0.9010695187165776,12.053629900392687,11.15256038167611,31,0.8387096774193549,0.06715051611181073,-0.06235984129722272,1,12.064516129032258,0.12212706120000591,0.010886228639570561,12,11.225806451612904,0.14450268754694484,0.07324606993679339,11
AC DeepSeek v4-pro,disagreement_then_random,release,0.21,177,0.8903743315508021,12.053004530649195,11.162630199098393,31,0.8387096774193549,0.06715051611181073,-0.051664654131447274,1,11.96774193548387,0.12686349422582907,-0.0852625951653252,12,11.129032258064516,0.15198992244373866,-0.03359794103387692,11
AC DeepSeek v4-pro,disagreement_then_random,release,0.22,185,0.8796791443850267,12.050921597882144,11.171242453497118,31,0.7741935483870968,0.07633651333031763,-0.10548559599792995,1,12.0,0.13116516715679058,-0.050921597882144454,12,11.225806451612904,0.15176153775808474,0.054563998115785495,11
AC DeepSeek v4-pro,disagreement_then_random,release,0.23,194,0.8676470588235294,12.046766467262998,11.179119408439469,31,0.7419354838709677,0.07988892740217941,-0.1257115749525617,1,12.064516129032258,0.1461732943480983,0.017749661769260072,12,11.32258064516129,0.16967455739848925,0.1434612367218211,11
AC DeepSeek v4-pro,disagreement_then_random,release,0.24,202,0.856951871657754,12.041400069238556,11.184448197580801,31,0.7419354838709677,0.07988892740217941,-0.11501638778678624,1,12.03225806451613,0.15015311875020365,-0.009142004722425767,12,11.290322580645162,0.17471050332550456,0.1058743830643607,11
AC DeepSeek v4-pro,disagreement_then_random,release,0.25,211,0.8449197860962567,12.033407040092053,11.188487253995795,31,0.7096774193548387,0.08287246824945245,-0.13524236674141799,1,12.096774193548388,0.1562658247276125,0.06336715345633515,12,11.387096774193548,0.1836161222033253,0.1986095201977527,11
AC DeepSeek v4-pro,disagreement_then_random,release,0.26,219,0.8342245989304813,12.024499926753549,11.190275327823068,31,0.7096774193548387,0.08287246824945245,-0.12454717957564254,1,12.193548387096774,0.1496903961745794,0.16904846034322496,12,11.483870967741936,0.17883113763857955,0.29359563991886795,11
AC DeepSeek v4-pro,disagreement_then_random,release,0.27,228,0.8221925133689839,12.01237667458698,11.190184161217996,31,0.7096774193548387,0.08287246824945245,-0.11251509401414517,1,12.258064516129032,0.16699585942638434,0.24568784154205225,12,11.548387096774194,0.18455823265777677,0.3582029355561982,11
AC DeepSeek v4-pro,disagreement_then_random,release,0.28,236,0.8114973262032086,11.999666322945776,11.188168996742569,31,0.7096774193548387,0.08287246824945245,-0.10181990684836983,1,12.193548387096774,0.18209860757003485,0.19388206415099773,13,11.483870967741936,0.19604129333468082,0.29570197099936735,12
AC DeepSeek v4-pro,disagreement_then_random,release,0.29,244,0.8008021390374331,11.985073785330618,11.184271646293185,31,0.7096774193548387,0.08287246824945245,-0.09112471968259439,1,12.258064516129032,0.1910229504619566,0.27299073079841385,13,11.548387096774194,0.20127929388038862,0.3641154504810089,12
AC DeepSeek v4-pro,disagreement_then_random,release,0.3,253,0.7887700534759359,11.966332663107021,11.177562609631085,31,0.7096774193548387,0.08287246824945245,-0.07909263412109713,1,12.258064516129032,0.18530847246896867,0.29173185302201077,13,11.548387096774194,0.19586428084410706,0.3708244871431088,12
AC DeepSeek v4-pro,disagreement_then_random,release,0.31,261,0.7780748663101604,11.947540515791816,11.169465649481657,31,0.6774193548387096,0.08534681648595453,-0.1006555114714508,1,12.193548387096774,0.18791072484920637,0.2460078713049576,13,11.516129032258064,0.19604129333468082,0.3466633827764074,12
AC DeepSeek v4-pro,disagreement_then_random,release,0.32,270,0.766042780748663,11.923919867847044,11.157877087098381,31,0.6774193548387096,0.08534681648595453,-0.08862342590995342,1,12.129032258064516,0.20604799255059764,0.2051123902174723,13,11.451612903225806,0.21671402134659787,0.29373581612742505,12
AC DeepSeek v4-pro,disagreement_then_random,release,0.33,278,0.7553475935828877,11.900651072780319,11.14530347919743,31,0.6774193548387096,0.08534681648595453,-0.07792823874417809,1,12.096774193548388,0.21429975343403207,0.19612312076806937,13,11.419354838709678,0.22130693689785697,0.27405135951224757,12
AC DeepSeek v4-pro,disagreement_then_random,release,0.34,287,0.7433155080213903,11.871835635638421,11.12852012761703,31,0.6774193548387096,0.08534681648595453,-0.06589615318268072,1,12.129032258064516,0.22596000923120346,0.2571966224260951,13,11.451612903225806,0.23112027161510404,0.32309277560877625,12
AC DeepSeek v4-pro,disagreement_then_random,release,0.35,295,0.732620320855615,11.843806677411697,11.111186356556082,31,0.6451612903225806,0.08735525166275225,-0.08745903053303439,1,12.129032258064516,0.2486174047483574,0.2852255806528188,13,11.483870967741936,0.2491748435754079,0.3726846111858535,12
AC DeepSeek v4-pro,disagreement_then_random,release,0.36,303,0.7219251336898396,11.813437608607144,11.091512474917304,31,0.6129032258064516,0.08892934678767887,-0.10902190788338795,1,12.161290322580646,0.23690102372064378,0.34785271397350215,13,11.548387096774194,0.2533165374062311,0.45687462185689043,12
AC DeepSeek v4-pro,disagreement_then_random,release,0.37,312,0.7098930481283422,11.77639424417147,11.066501196043129,31,0.5806451612903226,0.0900918712501222,-0.12924788683801958,1,12.193548387096774,0.26808502438275134,0.4171541429253036,13,11.612903225806452,0.2884046565580804,0.546402029763323,12
AC DeepSeek v4-pro,disagreement_then_random,release,0.38,320,0.6991978609625669,11.740835581634574,11.041637720672007,31,0.5483870967741935,0.09085862440549508,-0.15081076418837336,1,12.096774193548388,0.27573884601848786,0.35593861191381393,13,11.548387096774194,0.2927023137379828,0.5067493761021868,12
AC DeepSeek v4-pro,disagreement_then_random,release,0.39,329,0.6871657754010695,11.697785643459927,11.010619868058857,31,0.5483870967741935,0.09085862440549508,-0.13877867862687598,1,12.096774193548388,0.271811283005689,0.3989885500884611,12,11.548387096774194,0.2852605286378599,0.537767228715337,11
AC DeepSeek v4-pro,disagreement_then_random,release,0.4,337,0.6764705882352942,11.656736381081062,10.980265792845769,31,0.5483870967741935,0.09085862440549508,-0.12808349146110065,1,11.96774193548387,0.2723212483377293,0.31100555440280786,11,11.419354838709678,0.2887652376406303,0.4390890458639092,10
AC DeepSeek v4-pro,disagreement_then_random,release,0.41,346,0.6644385026737968,11.607336964136985,10.942898461463189,31,0.5161290322580645,0.09123958466923195,-0.14830947041573228,1,11.838709677419354,0.27861706944115083,0.23137271328236864,11,11.32258064516129,0.2910385437068378,0.37968218369810103,10
AC DeepSeek v4-pro,disagreement_then_random,release,0.42,354,0.6537433155080213,11.560488414024483,10.906745098516462,31,0.5161290322580645,0.09123958466923195,-0.13761428324995684,1,11.741935483870968,0.262198078023696,0.1814470698464845,12,11.225806451612904,0.2732113972156086,0.31906135309644235,11
AC DeepSeek v4-pro,disagreement_then_random,release,0.43,362,0.643048128342246,11.51080170012212,10.867753571779874,31,0.5161290322580645,0.09123958466923195,-0.1269190960841815,1,11.67741935483871,0.27193886399511547,0.16661765471659074,12,11.161290322580646,0.2824500115390043,0.29353675080077224,11
AC DeepSeek v4-pro,disagreement_then_random,release,0.44,371,0.6310160427807486,11.451423221509467,10.820407178728718,31,0.4838709677419355,0.09123958466923195,-0.14714507503881313,1,11.64516129032258,0.29891699533581173,0.19373806881311317,12,11.161290322580646,0.304435928932239,0.34088314385192753,11
AC DeepSeek v4-pro,disagreement_then_random,release,0.45,379,0.6203208556149733,11.395468582974143,10.775147727359169,31,0.45161290322580644,0.09085862440549508,-0.16870795238916686,1,11.580645161290322,0.30329443286562996,0.18517657831617917,12,11.129032258064516,0.30670617610334744,0.3538845307053471,11
AC DeepSeek v4-pro,disagreement_then_random,release,0.46,388,0.6082887700534759,11.328854741092222,10.720565971038747,31,0.41935483870967744,0.0900918712501222,-0.1889339313437985,1,11.483870967741936,0.310639187517233,0.15501622664971393,12,11.064516129032258,0.31430238118615245,0.34395015799351114,11
AC DeepSeek v4-pro,disagreement_then_random,release,0.47,396,0.5975935828877005,11.266303023692801,10.6687094408051,31,0.41935483870967744,0.0900918712501222,-0.17823874417802305,1,11.35483870967742,0.3231178322863811,0.0885356859846187,12,10.935483870967742,0.3244034520816807,0.26677443016264135,11
AC DeepSeek v4-pro,disagreement_then_random,release,0.48,405,0.5855614973262032,11.19207856938538,10.606517072059177,31,0.41935483870967744,0.0900918712501222,-0.16620665861652578,1,11.225806451612904,0.3236541278127401,0.033727882227523764,12,10.806451612903226,0.3260033472969841,0.19993454084404938,11
AC DeepSeek v4-pro,disagreement_then_random,release,0.49,413,0.5748663101604278,11.122591732683663,10.547725422523236,31,0.41935483870967744,0.0900918712501222,-0.15551147145075034,1,11.193548387096774,0.31933854634231185,0.07095665441311105,12,10.774193548387096,0.3203146216079074,0.22646812586386034,11
AC DeepSeek v4-pro,disagreement_then_random,release,0.5,422,0.5628342245989305,11.040371224602849,10.477537000003919,31,0.41935483870967744,0.0900918712501222,-0.14347938588925307,1,11.096774193548388,0.3257904818826477,0.0564029689455392,12,10.67741935483871,0.3291798108959471,0.19988235483479144,11
AC DeepSeek v4-pro,disagreement_then_random,release,0.51,430,0.5521390374331551,10.96360199491585,10.411462957482694,31,0.3870967741935484,0.08892934678767887,-0.1650422632396067,1,11.0,0.33440687341806735,0.03639800508415014,12,10.612903225806452,0.3301267900932724,0.20144026832375772,11
AC DeepSeek v4-pro,disagreement_then_random,release,0.52,438,0.5414438502673797,10.883282875968822,10.341839025701443,31,0.3870967741935484,0.08892934678767887,-0.15434707607383136,1,10.96774193548387,0.34542749256363464,0.08445905951504784,12,10.580645161290322,0.3400638572176978,0.2388061355888791,11
AC DeepSeek v4-pro,disagreement_then_random,release,0.53,447,0.5294117647058824,10.788580932466866,10.259169167760984,31,0.3548387096774194,0.08735525166275225,-0.174573055028463,1,10.870967741935484,0.3523864431865364,0.08238680946861798,12,10.516129032258064,0.34351430998642934,0.2569598644970803,11
AC DeepSeek v4-pro,disagreement_then_random,release,0.54,455,0.5187165775401069,10.700451221423261,10.181734643883154,31,0.3548387096774194,0.08735525166275225,-0.16387786786268754,1,10.774193548387096,0.3672322444066506,0.07374232696383487,12,10.419354838709678,0.35853403296232605,0.2376201948265244,11
AC DeepSeek v4-pro,disagreement_then_random,release,0.55,464,0.5066844919786097,10.596754767067448,10.09007027508884,31,0.3548387096774194,0.08735525166275225,-0.15184578230119028,1,10.64516129032258,0.3608484240707629,0.04840652325513162,12,10.290322580645162,0.34762960261953013,0.20025230555632234,11
AC DeepSeek v4-pro,disagreement_then_random,release,0.56,472,0.4959893048128342,10.50044289087918,10.004453586066345,31,0.3548387096774194,0.08735525166275225,-0.14115059513541484,1,10.516129032258064,0.3558148840381569,0.015686141378884244,12,10.161290322580646,0.34422040386609637,0.1568367365143004,11
AC DeepSeek v4-pro,disagreement_then_random,release,0.57,481,0.4839572192513369,10.38732808264641,9.903370863395073,31,0.3548387096774194,0.08735525166275225,-0.12911850957391752,1,10.419354838709678,0.36448282272426435,0.032026756063267214,12,10.064516129032258,0.3529765409091498,0.16114526563718456,11
AC DeepSeek v4-pro,disagreement_then_random,release,0.58,489,0.4732620320855615,10.282452030595568,9.809189998510007,31,0.3548387096774194,0.08735525166275225,-0.11842332240814213,1,10.290322580645162,0.38013452171028494,0.007870550049593916,12,9.935483870967742,0.3708040779692698,0.12629387245773493,11
AC DeepSeek v4-pro,disagreement_then_random,release,0.59,497,0.4625668449197861,10.1734105343963,9.710843689476514,31,0.3548387096774194,0.08735525166275225,-0.10772813524236674,1,10.225806451612904,0.3730423522882665,0.05239591721660375,12,9.870967741935484,0.3614247061904925,0.1601240524589702,11
AC DeepSeek v4-pro,disagreement_then_random,release,0.6,506,0.4505347593582888,10.045650064536616,9.595115305178327,31,0.3548387096774194,0.08735525166275225,-0.09569604968086942,1,10.161290322580646,0.36247884385738993,0.11564025804402966,12,9.806451612903226,0.3514007449111439,0.2113363077248991,11
AC DeepSeek v4-pro,disagreement_then_random,release,0.61,514,0.43983957219251335,9.92746292151925,9.487623349326737,31,0.3548387096774194,0.08735525166275225,-0.08500086251509398,1,10.03225806451613,0.34230047470664027,0.10479514299687942,12,9.67741935483871,0.33243027169001943,0.1897960055119725,11
AC DeepSeek v4-pro,disagreement_then_random,release,0.62,523,0.42780748663101603,9.78918495691655,9.361377470285534,31,0.2903225806451613,0.08287246824945245,-0.13748490598585472,1,9.935483870967742,0.34057346915835107,0.1462989140511919,10,9.64516129032258,0.3361655605190459,0.28378382003704594,9
AC DeepSeek v4-pro,disagreement_then_random,release,0.63,531,0.41711229946524064,9.661442881359758,9.244330581894516,31,0.2903225806451613,0.08287246824945245,-0.12678971882007933,1,9.774193548387096,0.3334720488338585,0.11275066702733838,10,9.483870967741936,0.32418953616519003,0.23954038584741966,9
AC DeepSeek v4-pro,disagreement_then_random,release,0.64,540,0.4050802139037433,9.512180474744465,9.107100260840722,31,0.2903225806451613,0.08287246824945245,-0.11475763325858201,1,9.516129032258064,0.310639187517233,0.003948557513599127,10,9.225806451612904,0.295884594690154,0.11870619077218159,9
AC DeepSeek v4-pro,disagreement_then_random,release,0.65,548,0.39438502673796794,9.374462538832077,8.980077512094109,31,0.2903225806451613,0.08287246824945245,-0.10406244609280663,1,9.419354838709678,0.29972816913476036,0.044892299877600905,10,9.129032258064516,0.2923465886961966,0.14895474597040703,9
AC DeepSeek v4-pro,disagreement_then_random,release,0.66,556,0.3836898395721925,9.231901027322042,8.84821118774985,31,0.2903225806451613,0.08287246824945245,-0.09336725892703118,1,9.0,0.3076095835860425,-0.2319010273220421,10,8.709677419354838,0.30477754407124646,-0.1385337683950123,9
AC DeepSeek v4-pro,disagreement_then_random,release,0.67,565,0.3716577540106952,9.065608737152449,8.693950983141754,31,0.2903225806451613,0.08287246824945245,-0.08133517336553386,1,8.774193548387096,0.3269595266766731,-0.29141518876535244,11,8.483870967741936,0.320855602607454,-0.2100800153998179,10
AC DeepSeek v4-pro,disagreement_then_random,release,0.68,573,0.3609625668449198,8.91243047533507,8.55146790849015,31,0.2903225806451613,0.08287246824945245,-0.07063998619975848,1,8.580645161290322,0.34942100665100906,-0.33178531404474754,11,8.290322580645162,0.34138726594381813,-0.26114532784498756,10
AC DeepSeek v4-pro,disagreement_then_random,release,0.69,582,0.34893048128342247,8.733942300383966,8.385011819100542,31,0.2903225806451613,0.08287246824945245,-0.05860790063826116,1,8.258064516129032,0.33750425544265483,-0.47587778425493354,11,7.967741935483871,0.3327431473091001,-0.4172698836166715,10
AC DeepSeek v4-pro,disagreement_then_random,release,0.7,590,0.3382352941176471,8.569696109801331,8.231460815683684,31,0.2903225806451613,0.08287246824945245,-0.04791271347248577,1,8.193548387096774,0.34522660421133483,-0.3761477227045571,11,7.903225806451613,0.3418949052813902,-0.3282350092320714,10
AC DeepSeek v4-pro,disagreement_then_random,release,0.71,599,0.32620320855614976,8.378497295981408,8.052294087425258,31,0.2903225806451613,0.08287246824945245,-0.03588062791098845,1,8.193548387096774,0.3452266042113349,-0.18494890888463367,11,7.903225806451613,0.34812813952076327,-0.149068280973645,10
AC DeepSeek v4-pro,disagreement_then_random,release,0.72,607,0.3155080213903743,8.202719151655717,7.887211130265343,31,0.2903225806451613,0.08287246824945245,-0.025185440745213006,1,8.03225806451613,0.3606561254031919,-0.17046108713958752,10,7.741935483870968,0.36798709051539674,-0.14527564639437518,9
AC DeepSeek v4-pro,disagreement_then_random,release,0.73,615,0.3048128342245989,8.021349896767681,7.7165370625430825,31,0.2903225806451613,0.08287246824945245,-0.014490253579437617,1,7.870967741935484,0.3270655962744923,-0.1503821548321973,9,7.580645161290323,0.3400638572176977,-0.13589190125275952,8
AC DeepSeek v4-pro,disagreement_then_random,release,0.74,624,0.2927807486631016,7.810492980731923,7.517712232068821,31,0.2903225806451613,0.08287246824945245,-0.0024581680179402987,1,7.612903225806452,0.3365780337545882,-0.19758975492547126,9,7.32258064516129,0.35130202296934154,-0.1951315869075314,8
AC DeepSeek v4-pro,disagreement_then_random,release,0.75,632,0.2820855614973262,7.616885316000886,7.3347997545035595,31,0.2903225806451613,0.08287246824945245,0.00823701914783509,1,7.354838709677419,0.32970624624090317,-0.26204660632346677,9,7.064516129032258,0.34991699129619314,-0.27028362547130147,8
AC DeepSeek v4-pro,disagreement_then_random,release,0.76,641,0.2700534759358289,7.391982398307286,7.121928922371457,31,0.2903225806451613,0.08287246824945245,0.02026910470933241,1,7.193548387096774,0.2984524775798807,-0.1984340112105123,9,6.903225806451613,0.3191212352954761,-0.21870311591984404,8
AC DeepSeek v4-pro,disagreement_then_random,release,0.77,649,0.25935828877005346,7.185639072475398,6.926280783705344,31,0.2903225806451613,0.08287246824945245,0.030964291875107852,1,6.903225806451613,0.3257904818826477,-0.28241326602378525,9,6.612903225806452,0.3491230776441729,-0.31337755789889243,8
AC DeepSeek v4-pro,disagreement_then_random,release,0.78,658,0.24732620320855614,6.94612288964764,6.698796686439084,31,0.2903225806451613,0.08287246824945245,0.04299637743660517,1,6.774193548387097,0.3100803829857527,-0.17192934126054293,8,6.483870967741935,0.3339917188527687,-0.21492571869714894,7
AC DeepSeek v4-pro,disagreement_then_random,release,0.79,666,0.23663101604278075,6.726532600512135,6.489901584469354,31,0.25806451612903225,0.07988892740217941,0.0214335000862515,1,6.580645161290323,0.30681924750851713,-0.1458874392218119,8,6.32258064516129,0.3291798108959471,-0.16732093930806435,7
AC DeepSeek v4-pro,disagreement_then_random,release,0.8,674,0.22593582887700533,6.500527435379414,6.274591606502409,31,0.25806451612903225,0.07988892740217941,0.032128687252026916,1,6.419354838709677,0.30681924750851713,-0.0811725966697372,8,6.161290322580645,0.3249376257549853,-0.1133012839217642,7
AC DeepSeek v4-pro,disagreement_then_random,release,0.81,683,0.21390374331550802,6.238456933927612,6.024553190612104,31,0.22580645161290322,0.07633651333031763,0.011902708297395204,1,6.225806451612903,0.3030656177196183,-0.012650482314708889,8,6.0,0.3145230217055593,-0.024553190612103926,7
AC DeepSeek v4-pro,disagreement_then_random,release,0.82,691,0.20320855614973263,5.998426636091141,5.795218079941408,31,0.16129032258064516,0.06715051611181073,-0.04191823356908747,1,6.0,0.30409393002749974,0.0015733639088590934,8,5.838709677419355,0.321611447241665,0.04349159747794662,7
AC DeepSeek v4-pro,disagreement_then_random,release,0.83,700,0.19117647058823528,5.720271968578805,5.5290954979905695,31,0.16129032258064516,0.06715051611181073,-0.029886148007590124,1,5.67741935483871,0.26795560848122824,-0.04285261374009508,8,5.516129032258065,0.28538209716186896,-0.012966465732504595,7
AC DeepSeek v4-pro,disagreement_then_random,release,0.84,708,0.1804812834224599,5.465669033917447,5.285187750494987,31,0.16129032258064516,0.06715051611181073,-0.019190960841814736,1,5.483870967741935,0.2738454463329281,0.018201933824488314,7,5.32258064516129,0.28732019819112664,0.037392894666303356,6
AC DeepSeek v4-pro,disagreement_then_random,release,0.85,717,0.16844919786096257,5.170805724907973,5.002356527047011,31,0.12903225806451613,0.06120537406777507,-0.03941693979644645,1,5.032258064516129,0.23410259201158326,-0.1385476603918443,7,4.903225806451613,0.25125422463543917,-0.09913072059539818,6
AC DeepSeek v4-pro,disagreement_then_random,release,0.86,725,0.15775401069518716,4.9010673939306475,4.74331338323546,31,0.12903225806451613,0.06120537406777507,-0.028721752630671032,1,4.806451612903226,0.23380607182669907,-0.09461578102742152,7,4.67741935483871,0.24707796329195827,-0.06589402839674996,6
AC DeepSeek v4-pro,disagreement_then_random,release,0.87,733,0.14705882352941177,4.624007364096395,4.476948540566982,31,0.12903225806451613,0.06120537406777507,-0.018026565464895644,1,4.67741935483871,0.25563371298269616,0.053411990742315396,7,4.548387096774194,0.27371875400769585,0.07143855620721151,6
AC DeepSeek v4-pro,disagreement_then_random,release,0.88,742,0.13502673796791445,4.303401521295468,4.168374783327554,31,0.0967741935483871,0.053978066228004884,-0.03825254441952736,1,4.419354838709677,0.24439608935323628,0.11595331741420889,6,4.32258064516129,0.24707796329195822,0.15420586183373608,5
AC DeepSeek v4-pro,disagreement_then_random,release,0.89,750,0.12433155080213903,4.01035006529294,3.8860185144908006,31,0.03225806451612903,0.03225806451612904,-0.09207348628601,0,4.032258064516129,0.2431154023408616,0.0219079992231892,5,4.0,0.2409657986707497,0.1139814855091994,5
AC DeepSeek v4-pro,disagreement_then_random,release,0.9,759,0.11229946524064172,3.671417523813899,3.559118058573257,31,0.0,0.0,-0.11229946524064172,0,3.5806451612903225,0.24875688156423664,-0.09077236252357634,5,3.5806451612903225,0.24875688156423664,0.02152710271706537,5
AC DeepSeek v4-pro,disagreement_then_random,release,0.91,767,0.10160427807486631,3.3617727045953245,3.2601684265204582,31,0.0,0.0,-0.10160427807486631,0,3.3870967741935485,0.2349899076068428,0.025324069598223975,5,3.3870967741935485,0.2349899076068428,0.12692834767309025,5
AC DeepSeek v4-pro,disagreement_then_random,release,0.92,776,0.08957219251336898,3.003827074470024,2.9142548819566554,31,0.0,0.0,-0.08957219251336898,0,3.161290322580645,0.22764230663712712,0.15746324811062085,5,3.161290322580645,0.22764230663712712,0.24703544062398963,5
AC DeepSeek v4-pro,disagreement_then_random,release,0.93,784,0.07887700534759358,2.6769704951926467,2.598093489845053,31,0.0,0.0,-0.07887700534759358,0,2.870967741935484,0.23981146485310365,0.19399724674283725,5,2.870967741935484,0.23981146485310365,0.27287425209043104,5
AC DeepSeek v4-pro,disagreement_then_random,release,0.94,792,0.06818181818181818,2.341795509819123,2.273613691637305,31,0.0,0.0,-0.06818181818181818,0,2.4193548387096775,0.21639367524191516,0.07755932889055428,5,2.4193548387096775,0.21639367524191516,0.14574114707237262,5
AC DeepSeek v4-pro,disagreement_then_random,release,0.95,801,0.05614973262032086,1.9546031309632301,1.8984533983429093,31,0.0,0.0,-0.05614973262032086,0,2.032258064516129,0.20469684360070184,0.07765493355289887,5,2.032258064516129,0.20469684360070184,0.13380466617321973,5
AC DeepSeek v4-pro,disagreement_then_random,release,0.96,809,0.045454545454545456,1.6012763480744407,1.5558218026198953,31,0.0,0.0,-0.045454545454545456,0,1.6774193548387097,0.20938772377871975,0.076143006764269,4,1.6774193548387097,0.20938772377871975,0.12159755221881441,4
AC DeepSeek v4-pro,disagreement_then_random,release,0.97,818,0.03342245989304813,1.1932940490194515,1.1598715891264033,31,0.0,0.0,-0.03342245989304813,0,1.1935483870967742,0.18209860757003485,0.0002543380773227799,3,1.1935483870967742,0.18209860757003485,0.03367679797037093,3
AC DeepSeek v4-pro,disagreement_then_random,release,0.98,826,0.022727272727272728,0.8211549185776423,0.7984276458503696,31,0.0,0.0,-0.022727272727272728,0,0.8064516129032258,0.17609476211556363,-0.014703305674416578,1,0.8064516129032258,0.17609476211556363,0.008023967052856129,1
AC DeepSeek v4-pro,disagreement_then_random,release,0.99,835,0.0106951871657754,0.3916296922526019,0.3809345050868265,31,0.0,0.0,-0.0106951871657754,0,0.3225806451612903,0.11719936854570936,-0.0690490470913116,1,0.3225806451612903,0.11719936854570936,-0.05835385992553621,1
AC DeepSeek v4-pro,disagreement_then_random,release,1.0,843,0.0,0.0,0.0,31,0.0,0.0,0.0,0,0.0,0.0,0.0,0,0.0,0.0,0.0,0
DR GPT-5.4 low,random_criterion,release,0.0,0,0.0,0.0,0.0,31,0.0,0.0,0.0,0,0.0,0.0,0.0,0,0.0,0.0,0.0,0
DR GPT-5.4 low,random_criterion,release,0.01,16,0.0,0.019813442287051897,0.019813442287051897,31,0.0,0.0,0.0,0,0.03225806451612903,0.03225806451612904,0.012444622229077135,1,0.03225806451612903,0.03225806451612904,0.012444622229077135,1
DR GPT-5.4 low,random_criterion,release,0.02,32,0.0,0.03962140256428553,0.03962140256428553,31,0.0,0.0,0.0,0,0.06451612903225806,0.044853018526052064,0.024894726467972535,1,0.06451612903225806,0.044853018526052064,0.024894726467972535,1
DR GPT-5.4 low,random_criterion,release,0.03,48,0.0,0.05941802328965783,0.05941802328965783,31,0.0,0.0,0.0,0,0.0967741935483871,0.053978066228004884,0.03735617025872926,1,0.0967741935483871,0.053978066228004884,0.03735617025872926,1
DR GPT-5.4 low,random_criterion,release,0.04,65,0.0,0.08043293147953949,0.08043293147953949,31,0.0,0.0,0.0,0,0.0967741935483871,0.053978066228004884,0.016341262068847603,1,0.0967741935483871,0.053978066228004884,0.016341262068847603,1
DR GPT-5.4 low,random_criterion,release,0.05,81,0.0,0.10018755956906951,0.10018755956906951,31,0.0,0.0,0.0,0,0.12903225806451613,0.06120537406777508,0.028844698495446616,1,0.12903225806451613,0.06120537406777508,0.028844698495446616,1
DR GPT-5.4 low,random_criterion,release,0.06,97,0.0,0.11991272568239118,0.11991272568239118,31,0.0,0.0,0.0,0,0.16129032258064516,0.06715051611181073,0.041377596898253974,1,0.16129032258064516,0.06715051611181073,0.041377596898253974,1
DR GPT-5.4 low,random_criterion,release,0.07,113,0.0,0.13960241280707353,0.13960241280707353,31,0.0,0.0,0.0,0,0.16129032258064516,0.06715051611181073,0.02168790977357163,1,0.16129032258064516,0.06715051611181073,0.02168790977357163,1
DR GPT-5.4 low,random_criterion,release,0.08,129,0.0,0.15925053550584736,0.15925053550584736,31,0.0,0.0,0.0,0,0.22580645161290322,0.07633651333031763,0.06655591610705586,1,0.22580645161290322,0.07633651333031763,0.06655591610705586,1
DR GPT-5.4 low,random_criterion,release,0.09,145,0.0,0.17885092839242187,0.17885092839242187,31,0.0,0.0,0.0,0,0.25806451612903225,0.07988892740217941,0.07921358773661039,1,0.25806451612903225,0.07988892740217941,0.07921358773661039,1
DR GPT-5.4 low,random_criterion,release,0.1,162,0.0,0.1996170478809374,0.1996170478809374,31,0.0,0.0,0.0,0,0.25806451612903225,0.07988892740217941,0.05844746824809485,1,0.25806451612903225,0.07988892740217941,0.05844746824809485,1
DR GPT-5.4 low,random_criterion,release,0.11,178,0.0,0.21909912218953367,0.21909912218953367,31,0.0,0.0,0.0,0,0.25806451612903225,0.07988892740217941,0.03896539393949858,1,0.25806451612903225,0.07988892740217941,0.03896539393949858,1
DR GPT-5.4 low,random_criterion,release,0.12,194,0.0,0.2385139668769042,0.2385139668769042,31,0.0,0.0,0.0,0,0.2903225806451613,0.08287246824945245,0.0518086137682571,1,0.2903225806451613,0.08287246824945245,0.0518086137682571,1
DR GPT-5.4 low,random_criterion,release,0.13,210,0.0,0.25785497325834045,0.25785497325834045,31,0.0,0.0,0.0,0,0.2903225806451613,0.08287246824945245,0.03246760738682086,1,0.2903225806451613,0.08287246824945245,0.03246760738682086,1
DR GPT-5.4 low,random_criterion,release,0.14,226,0.0,0.27711539435893445,0.27711539435893445,31,0.0,0.0,0.0,0,0.2903225806451613,0.08287246824945245,0.013207186286226857,1,0.2903225806451613,0.08287246824945245,0.013207186286226857,1
DR GPT-5.4 low,random_criterion,release,0.15,242,0.0,0.29628833338939553,0.29628833338939553,31,0.0,0.0,0.0,0,0.3225806451612903,0.08534681648595453,0.026292311771894783,1,0.3225806451612903,0.08534681648595453,0.026292311771894783,1
DR GPT-5.4 low,random_criterion,release,0.16,258,0.0,0.31536673222186673,0.31536673222186673,31,0.0,0.0,0.0,0,0.3548387096774194,0.09890135301132832,0.03947197745555264,1,0.3548387096774194,0.09890135301132832,0.03947197745555264,1
DR GPT-5.4 low,random_criterion,release,0.17,275,0.0,0.33552585172431915,0.33552585172431915,31,0.0,0.0,0.0,0,0.3548387096774194,0.09890135301132832,0.019312857953100226,1,0.3548387096774194,0.09890135301132832,0.019312857953100226,1
DR GPT-5.4 low,random_criterion,release,0.18,291,0.0,0.3543862180175327,0.3543862180175327,31,0.0,0.0,0.0,0,0.3870967741935484,0.11049662433260325,0.032710556176015704,1,0.3870967741935484,0.11049662433260325,0.032710556176015704,1
DR GPT-5.4 low,random_criterion,release,0.19,307,0.0,0.3731293039824904,0.3731293039824904,31,0.0,0.0,0.0,0,0.41935483870967744,0.11143437770349778,0.046225534727187045,1,0.41935483870967744,0.11143437770349778,0.046225534727187045,1
DR GPT-5.4 low,random_criterion,release,0.2,323,0.0,0.39174727754789346,0.39174727754789346,31,0.0,0.0,0.0,0,0.41935483870967744,0.11143437770349778,0.027607561161783978,1,0.41935483870967744,0.11143437770349778,0.027607561161783978,1
DR GPT-5.4 low,random_criterion,release,0.21,339,0.0,0.4102320869626989,0.4102320869626989,31,0.0,0.0,0.0,0,0.45161290322580644,0.11205518683968196,0.04138081626310752,1,0.45161290322580644,0.11205518683968196,0.04138081626310752,1
DR GPT-5.4 low,random_criterion,release,0.22,355,0.0,0.4285754492719367,0.4285754492719367,31,0.0,0.0,0.0,0,0.5161290322580645,0.12155770117043078,0.08755358298612781,1,0.5161290322580645,0.12155770117043078,0.08755358298612781,1
DR GPT-5.4 low,random_criterion,release,0.23,371,0.0,0.446768838792526,0.446768838792526,31,0.0,0.0,0.0,0,0.5161290322580645,0.12155770117043078,0.06936019346553851,1,0.5161290322580645,0.12155770117043078,0.06936019346553851,1
DR GPT-5.4 low,random_criterion,release,0.24,388,0.0,0.46592516427422914,0.46592516427422914,31,0.0,0.0,0.0,0,0.4838709677419355,0.11236430518376887,0.017945803467706356,1,0.4838709677419355,0.11236430518376887,0.017945803467706356,1
DR GPT-5.4 low,random_criterion,release,0.25,404,0.0,0.48378120861845003,0.48378120861845003,31,0.0,0.0,0.0,0,0.5161290322580645,0.11236430518376887,0.03234782363961447,1,0.5161290322580645,0.11236430518376887,0.03234782363961447,1
DR GPT-5.4 low,random_criterion,release,0.26,420,0.0,0.5014595393556898,0.5014595393556898,31,0.0,0.0,0.0,0,0.5161290322580645,0.11236430518376887,0.014669492902374737,1,0.5161290322580645,0.11236430518376887,0.014669492902374737,1
DR GPT-5.4 low,random_criterion,release,0.27,436,0.0,0.5189505262144012,0.5189505262144012,31,0.0,0.0,0.0,0,0.5161290322580645,0.11236430518376887,-0.0028214939563366848,1,0.5161290322580645,0.11236430518376887,-0.0028214939563366848,1
DR GPT-5.4 low,random_criterion,release,0.28,452,0.0,0.5362442378537483,0.5362442378537483,31,0.0,0.0,0.0,0,0.5161290322580645,0.11236430518376887,-0.020115205595683805,1,0.5161290322580645,0.11236430518376887,-0.020115205595683805,1
DR GPT-5.4 low,random_criterion,release,0.29,468,0.0,0.5533304303394241,0.5533304303394241,31,0.0,0.0,0.0,0,0.5483870967741935,0.11205518683968196,-0.004943333565230579,1,0.5483870967741935,0.11205518683968196,-0.004943333565230579,1
DR GPT-5.4 low,random_criterion,release,0.3,484,0.0,0.570198535619466,0.570198535619466,31,0.0,0.0,0.0,0,0.5806451612903226,0.11143437770349778,0.010446625670856635,1,0.5806451612903226,0.11143437770349778,0.010446625670856635,1
DR GPT-5.4 low,random_criterion,release,0.31,501,0.0,0.5878697365054976,0.5878697365054976,31,0.0,0.0,0.0,0,0.6451612903225806,0.11866993257050665,0.05729155381708306,1,0.6451612903225806,0.11866993257050665,0.05729155381708306,1
DR GPT-5.4 low,random_criterion,release,0.32,517,0.0,0.6042532123269704,0.6042532123269704,31,0.0,0.0,0.0,0,0.6451612903225806,0.11866993257050665,0.04090807799561025,1,0.6451612903225806,0.11866993257050665,0.04090807799561025,1
DR GPT-5.4 low,random_criterion,release,0.33,533,0.0,0.6203840990695826,0.6203840990695826,31,0.0,0.0,0.0,0,0.6451612903225806,0.12740914618149357,0.024777191252998043,1,0.6451612903225806,0.12740914618149357,0.024777191252998043,1
DR GPT-5.4 low,random_criterion,release,0.34,549,0.0,0.6362503934478805,0.6362503934478805,31,0.0,0.0,0.0,0,0.6451612903225806,0.12740914618149357,0.008910896874700147,1,0.6451612903225806,0.12740914618149357,0.008910896874700147,1
DR GPT-5.4 low,random_criterion,release,0.35,565,0.0,0.6518397097175779,0.6518397097175779,31,0.0,0.0,0.0,0,0.6774193548387096,0.1260405872007966,0.025579645121131755,1,0.6774193548387096,0.1260405872007966,0.025579645121131755,1
DR GPT-5.4 low,random_criterion,release,0.36,581,0.0,0.6671392681513723,0.6671392681513723,31,0.0,0.0,0.0,0,0.7419354838709677,0.13887212293301454,0.0747962157195955,1,0.7419354838709677,0.13887212293301454,0.0747962157195955,1
DR GPT-5.4 low,random_criterion,release,0.37,598,0.0,0.6830628050863254,0.6830628050863254,31,0.0,0.0,0.0,0,0.7419354838709677,0.13090045413792,0.05887267878464231,1,0.7419354838709677,0.13090045413792,0.05887267878464231,1
DR GPT-5.4 low,random_criterion,release,0.38,614,0.0,0.6977226296711263,0.6977226296711263,31,0.0,0.0,0.0,0,0.7741935483870968,0.1287631602573996,0.07647091871597045,1,0.7741935483870968,0.1287631602573996,0.07647091871597045,1
DR GPT-5.4 low,random_criterion,release,0.39,630,0.0,0.7120509866793975,0.7120509866793975,31,0.0,0.0,0.0,0,0.7741935483870968,0.1287631602573996,0.06214256170769927,1,0.7741935483870968,0.1287631602573996,0.06214256170769927,1
DR GPT-5.4 low,random_criterion,release,0.4,646,0.0,0.7260333773223154,0.7260333773223154,31,0.0,0.0,0.0,0,0.7741935483870968,0.1287631602573996,0.04816017106478132,1,0.7741935483870968,0.1287631602573996,0.04816017106478132,1
DR GPT-5.4 low,random_criterion,release,0.41,662,0.0,0.7396548504868626,0.7396548504868626,31,0.0,0.0,0.0,0,0.7741935483870968,0.1287631602573996,0.03453869790023412,1,0.7741935483870968,0.1287631602573996,0.03453869790023412,1
DR GPT-5.4 low,random_criterion,release,0.42,678,0.0,0.7528999912116443,0.7528999912116443,31,0.0,0.0,0.0,0,0.7741935483870968,0.1287631602573996,0.02129355717545245,1,0.7741935483870968,0.1287631602573996,0.02129355717545245,1
DR GPT-5.4 low,random_criterion,release,0.43,694,0.0,0.7657529091627048,0.7657529091627048,31,0.0,0.0,0.0,0,0.7741935483870968,0.1287631602573996,0.008440639224391977,1,0.7741935483870968,0.1287631602573996,0.008440639224391977,1
DR GPT-5.4 low,random_criterion,release,0.44,711,0.0,0.7789610476653552,0.7789610476653552,31,0.0,0.0,0.0,0,0.7741935483870968,0.1287631602573996,-0.00476749927825848,1,0.7741935483870968,0.1287631602573996,-0.00476749927825848,1
DR GPT-5.4 low,random_criterion,release,0.45,727,0.0,0.790952725824137,0.790952725824137,31,0.0,0.0,0.0,0,0.8709677419354839,0.12041090476704877,0.08001501611134687,1,0.8709677419354839,0.12041090476704877,0.08001501611134687,1
DR GPT-5.4 low,random_criterion,release,0.46,743,0.0,0.8025004389355023,0.8025004389355023,31,0.0,0.0,0.0,0,0.8387096774193549,0.11450476999547646,0.0362092384838526,1,0.8387096774193549,0.11450476999547646,0.0362092384838526,1
DR GPT-5.4 low,random_criterion,release,0.47,759,0.0,0.8135862469589501,0.8135862469589501,31,0.0,0.0,0.0,0,0.8387096774193549,0.11450476999547646,0.025123430460404772,1,0.8387096774193549,0.11450476999547646,0.025123430460404772,1
DR GPT-5.4 low,random_criterion,release,0.48,775,0.0,0.8241916761402412,0.8241916761402412,31,0.0,0.0,0.0,0,0.8387096774193549,0.11450476999547646,0.014518001279113624,1,0.8387096774193549,0.11450476999547646,0.014518001279113624,1
DR GPT-5.4 low,random_criterion,release,0.49,791,0.0,0.8342977074872142,0.8342977074872142,31,0.0,0.0,0.0,0,0.9032258064516129,0.11690303591334954,0.06892809896439867,1,0.9032258064516129,0.11690303591334954,0.06892809896439867,1
DR GPT-5.4 low,random_criterion,release,0.5,808,0.0,0.8444662680577243,0.8444662680577243,31,0.0,0.0,0.0,0,0.9032258064516129,0.11690303591334954,0.05875953839388859,1,0.9032258064516129,0.11690303591334954,0.05875953839388859,1
DR GPT-5.4 low,random_criterion,release,0.51,824,0.0,0.8534798313162915,0.8534798313162915,31,0.0,0.0,0.0,0,0.9032258064516129,0.11690303591334954,0.04974597513532142,1,0.9032258064516129,0.11690303591334954,0.04974597513532142,1
DR GPT-5.4 low,random_criterion,release,0.52,840,0.0,0.8619322383394191,0.8619322383394191,31,0.0,0.0,0.0,0,0.8709677419354839,0.12041090476704877,0.009035503596064753,1,0.8709677419354839,0.12041090476704877,0.009035503596064753,1
DR GPT-5.4 low,random_criterion,release,0.53,856,0.0,0.8698021366003712,0.8698021366003712,31,0.0,0.0,0.0,0,0.8709677419354839,0.12041090476704877,0.0011656053351126738,1,0.8709677419354839,0.12041090476704877,0.0011656053351126738,1
DR GPT-5.4 low,random_criterion,release,0.54,872,0.0,0.8770675699933115,0.8770675699933115,31,0.0,0.0,0.0,0,0.8709677419354839,0.12041090476704877,-0.006099828057827605,1,0.8709677419354839,0.12041090476704877,-0.006099828057827605,1
DR GPT-5.4 low,random_criterion,release,0.55,888,0.0,0.8837059673091203,0.8837059673091203,31,0.0,0.0,0.0,0,0.8709677419354839,0.12041090476704877,-0.012738225373636447,1,0.8709677419354839,0.12041090476704877,-0.012738225373636447,1
DR GPT-5.4 low,random_criterion,release,0.56,904,0.0,0.8896941307112123,0.8896941307112123,31,0.0,0.0,0.0,0,0.8709677419354839,0.12041090476704877,-0.01872638877572841,1,0.8709677419354839,0.12041090476704877,-0.01872638877572841,1
DR GPT-5.4 low,random_criterion,release,0.57,921,0.0,0.8953174184036126,0.8953174184036126,31,0.0,0.0,0.0,0,0.9032258064516129,0.12576508832011568,0.007908388048000314,1,0.9032258064516129,0.12576508832011568,0.007908388048000314,1
DR GPT-5.4 low,random_criterion,release,0.58,937,0.0,0.8998884685826359,0.8998884685826359,31,0.0,0.0,0.0,0,0.9032258064516129,0.12576508832011568,0.0033373378689769417,1,0.9032258064516129,0.12576508832011568,0.0033373378689769417,1
DR GPT-5.4 low,random_criterion,release,0.59,953,0.0,0.9037342224355783,0.9037342224355783,31,0.0,0.0,0.0,0,0.9032258064516129,0.12576508832011568,-0.000508415983965449,1,0.9032258064516129,0.12576508832011568,-0.000508415983965449,1
DR GPT-5.4 low,random_criterion,release,0.6,969,0.0,0.9068288179462545,0.9068288179462545,31,0.0,0.0,0.0,0,0.8709677419354839,0.12903225806451615,-0.0358610760107706,1,0.8709677419354839,0.12903225806451615,-0.0358610760107706,1
DR GPT-5.4 low,random_criterion,release,0.61,985,0.0,0.9091457081298349,0.9091457081298349,31,0.0,0.0,0.0,0,0.8709677419354839,0.12903225806451615,-0.03817796619435099,1,0.8709677419354839,0.12903225806451615,-0.03817796619435099,1
DR GPT-5.4 low,random_criterion,release,0.62,1001,0.0,0.9106576495086625,0.9106576495086625,31,0.0,0.0,0.0,0,0.8709677419354839,0.12903225806451615,-0.039689907573178584,1,0.8709677419354839,0.12903225806451615,-0.039689907573178584,1
DR GPT-5.4 low,random_criterion,release,0.63,1017,0.0,0.9113366905880695,0.9113366905880695,31,0.0,0.0,0.0,0,0.9032258064516129,0.12576508832011568,-0.008110884136456664,1,0.9032258064516129,0.12576508832011568,-0.008110884136456664,1
DR GPT-5.4 low,random_criterion,release,0.64,1034,0.0,0.9111134781133773,0.9111134781133773,31,0.0,0.0,0.0,0,0.8709677419354839,0.12041090476704877,-0.04014573617789341,1,0.8709677419354839,0.12041090476704877,-0.04014573617789341,1
DR GPT-5.4 low,random_criterion,release,0.65,1050,0.0,0.9099832954500084,0.9099832954500084,31,0.0,0.0,0.0,0,0.8709677419354839,0.12041090476704877,-0.03901555351452457,1,0.8709677419354839,0.12041090476704877,-0.03901555351452457,1
DR GPT-5.4 low,random_criterion,release,0.66,1066,0.0,0.9079300856967847,0.9079300856967847,31,0.0,0.0,0.0,0,0.9032258064516129,0.12576508832011568,-0.004704279245171805,1,0.9032258064516129,0.12576508832011568,-0.004704279245171805,1
DR GPT-5.4 low,random_criterion,release,0.67,1082,0.0,0.9049229025344139,0.9049229025344139,31,0.0,0.0,0.0,0,0.9354838709677419,0.13063520471817155,0.030560968433328006,1,0.9354838709677419,0.13063520471817155,0.030560968433328006,1
DR GPT-5.4 low,random_criterion,release,0.68,1098,0.0,0.9009300332854157,0.9009300332854157,31,0.0,0.0,0.0,0,0.9032258064516129,0.12576508832011568,0.0022957731661972236,1,0.9032258064516129,0.12576508832011568,0.0022957731661972236,1
DR GPT-5.4 low,random_criterion,release,0.69,1114,0.0,0.8959189873899374,0.8959189873899374,31,0.0,0.0,0.0,0,0.8709677419354839,0.12903225806451615,-0.024951245454453486,1,0.8709677419354839,0.12903225806451615,-0.024951245454453486,1
DR GPT-5.4 low,random_criterion,release,0.7,1130,0.0,0.8898564848815712,0.8898564848815712,31,0.0,0.0,0.0,0,0.8709677419354839,0.12903225806451615,-0.018888742946087334,1,0.8709677419354839,0.12903225806451615,-0.018888742946087334,1
DR GPT-5.4 low,random_criterion,release,0.71,1147,0.0,0.8822248569931456,0.8822248569931456,31,0.0,0.0,0.0,0,0.9032258064516129,0.12576508832011568,0.02100094945846731,1,0.9032258064516129,0.12576508832011568,0.02100094945846731,1
DR GPT-5.4 low,random_criterion,release,0.72,1163,0.0,0.8738851818679929,0.8738851818679929,31,0.0,0.0,0.0,0,0.9032258064516129,0.12576508832011568,0.029340624583619968,1,0.9032258064516129,0.12576508832011568,0.029340624583619968,1
DR GPT-5.4 low,random_criterion,release,0.73,1179,0.0,0.8643870985946203,0.8643870985946203,31,0.0,0.0,0.0,0,0.9354838709677419,0.12212706120000591,0.07109677237312162,1,0.9354838709677419,0.12212706120000591,0.07109677237312162,1
DR GPT-5.4 low,random_criterion,release,0.74,1195,0.0,0.8536940017369713,0.8536940017369713,31,0.0,0.0,0.0,0,0.9032258064516129,0.12576508832011568,0.04953180471464158,1,0.9032258064516129,0.12576508832011568,0.04953180471464158,1
DR GPT-5.4 low,random_criterion,release,0.75,1211,0.0,0.8417684381112565,0.8417684381112565,31,0.0,0.0,0.0,0,0.9032258064516129,0.12576508832011568,0.06145736834035642,1,0.9032258064516129,0.12576508832011568,0.06145736834035642,1
DR GPT-5.4 low,random_criterion,release,0.76,1227,0.0,0.8285720952617697,0.8285720952617697,31,0.0,0.0,0.0,0,0.8709677419354839,0.12041090476704877,0.042395646673714205,1,0.8709677419354839,0.12041090476704877,0.042395646673714205,1
DR GPT-5.4 low,random_criterion,release,0.77,1244,0.0,0.8131147411815828,0.8131147411815828,31,0.0,0.0,0.0,0,0.8709677419354839,0.12041090476704877,0.057853000753901096,1,0.8709677419354839,0.12041090476704877,0.057853000753901096,1
DR GPT-5.4 low,random_criterion,release,0.78,1260,0.0,0.7971726804114097,0.7971726804114097,31,0.0,0.0,0.0,0,0.7419354838709677,0.12241074813555018,-0.0552371965404419,1,0.7419354838709677,0.12241074813555018,-0.0552371965404419,1
DR GPT-5.4 low,random_criterion,release,0.79,1276,0.0,0.779837042271986,0.779837042271986,31,0.0,0.0,0.0,0,0.7419354838709677,0.12241074813555018,-0.037901558401018276,1,0.7419354838709677,0.12241074813555018,-0.037901558401018276,1
DR GPT-5.4 low,random_criterion,release,0.8,1292,0.0,0.7610659050099282,0.7610659050099282,31,0.0,0.0,0.0,0,0.7096774193548387,0.11540996012902144,-0.051388485655089466,1,0.7096774193548387,0.11540996012902144,-0.051388485655089466,1
DR GPT-5.4 low,random_criterion,release,0.81,1308,0.0,0.7408164292587567,0.7408164292587567,31,0.0,0.0,0.0,0,0.7096774193548387,0.11540996012902144,-0.031139009903917936,1,0.7096774193548387,0.11540996012902144,-0.031139009903917936,1
DR GPT-5.4 low,random_criterion,release,0.82,1324,0.0,0.7190448465147155,0.7190448465147155,31,0.0,0.0,0.0,0,0.7096774193548387,0.11540996012902144,-0.009367427159876707,1,0.7096774193548387,0.11540996012902144,-0.009367427159876707,1
DR GPT-5.4 low,random_criterion,release,0.83,1340,0.0,0.6957064476125872,0.6957064476125872,31,0.0,0.0,0.0,0,0.7741935483870968,0.12012249500016293,0.0784871007745096,1,0.7741935483870968,0.12012249500016293,0.0784871007745096,1
DR GPT-5.4 low,random_criterion,release,0.84,1357,0.0,0.6691415430100676,0.6691415430100676,31,0.0,0.0,0.0,0,0.7419354838709677,0.12241074813555018,0.07279394086090019,1,0.7419354838709677,0.12241074813555018,0.07279394086090019,1
DR GPT-5.4 low,random_criterion,release,0.85,1373,0.0,0.6424262998208761,0.6424262998208761,31,0.0,0.0,0.0,0,0.7419354838709677,0.12241074813555018,0.09950918405009168,1,0.7419354838709677,0.12241074813555018,0.09950918405009168,1
DR GPT-5.4 low,random_criterion,release,0.86,1389,0.0,0.6140013461050471,0.6140013461050471,31,0.0,0.0,0.0,0,0.7419354838709677,0.12241074813555018,0.12793413776592066,1,0.7419354838709677,0.12241074813555018,0.12793413776592066,1
DR GPT-5.4 low,random_criterion,release,0.87,1405,0.0,0.5838180327546603,0.5838180327546603,31,0.0,0.0,0.0,0,0.7096774193548387,0.12437844078211832,0.12585938660017848,1,0.7096774193548387,0.12437844078211832,0.12585938660017848,1
DR GPT-5.4 low,random_criterion,release,0.88,1421,0.0,0.5518267116591564,0.5518267116591564,31,0.0,0.0,0.0,0,0.6774193548387096,0.11719936854570936,0.1255926431795532,0,0.6774193548387096,0.11719936854570936,0.1255926431795532,0
DR GPT-5.4 low,random_criterion,release,0.89,1437,0.0,0.517976724181155,0.517976724181155,31,0.0,0.0,0.0,0,0.6129032258064516,0.1198333911032691,0.09492650162529659,0,0.6129032258064516,0.1198333911032691,0.09492650162529659,0
DR GPT-5.4 low,random_criterion,release,0.9,1454,0.0,0.4799167414815644,0.4799167414815644,31,0.0,0.0,0.0,0,0.5483870967741935,0.1212720187515844,0.06847035529262913,0,0.5483870967741935,0.1212720187515844,0.06847035529262913,0
DR GPT-5.4 low,random_criterion,release,0.91,1470,0.0,0.4420688801915491,0.4420688801915491,31,0.0,0.0,0.0,0,0.5161290322580645,0.12155770117043078,0.0740601520665154,0,0.5161290322580645,0.12155770117043078,0.0740601520665154,0
DR GPT-5.4 low,random_criterion,release,0.92,1486,0.0,0.40220080328031327,0.40220080328031327,31,0.0,0.0,0.0,0,0.4838709677419355,0.12155770117043078,0.08167016446162223,0,0.4838709677419355,0.12155770117043078,0.08167016446162223,0
DR GPT-5.4 low,random_criterion,release,0.93,1502,0.0,0.3602576283397432,0.3602576283397432,31,0.0,0.0,0.0,0,0.41935483870967744,0.12069862537980457,0.05909721036993426,0,0.41935483870967744,0.12069862537980457,0.05909721036993426,0
DR GPT-5.4 low,random_criterion,release,0.94,1518,0.0,0.31618340409372503,0.31618340409372503,31,0.0,0.0,0.0,0,0.41935483870967744,0.12069862537980457,0.1031714346159524,0,0.41935483870967744,0.12069862537980457,0.1031714346159524,0
DR GPT-5.4 low,random_criterion,release,0.95,1534,0.0,0.2699210988739613,0.2699210988739613,31,0.0,0.0,0.0,0,0.3548387096774194,0.1092337642941961,0.08491761080345805,0,0.3548387096774194,0.1092337642941961,0.08491761080345805,0
DR GPT-5.4 low,random_criterion,release,0.96,1550,0.0,0.22141258909578898,0.22141258909578898,31,0.0,0.0,0.0,0,0.22580645161290322,0.08931853616040941,0.004393862517114239,0,0.22580645161290322,0.08931853616040941,0.004393862517114239,0
DR GPT-5.4 low,random_criterion,release,0.97,1567,0.0,0.16734485743322125,0.16734485743322125,31,0.0,0.0,0.0,0,0.12903225806451613,0.06120537406777507,-0.038312599368705125,0,0.12903225806451613,0.06120537406777507,-0.038312599368705125,0
DR GPT-5.4 low,random_criterion,release,0.98,1583,0.0,0.11401525245399946,0.11401525245399946,31,0.0,0.0,0.0,0,0.0967741935483871,0.053978066228004884,-0.017241058905612366,0,0.0967741935483871,0.053978066228004884,-0.017241058905612366,0
DR GPT-5.4 low,random_criterion,release,0.99,1599,0.0,0.05825452597639935,0.05825452597639935,31,0.0,0.0,0.0,0,0.06451612903225806,0.044853018526052064,0.006261603055858711,0,0.06451612903225806,0.044853018526052064,0.006261603055858711,0
DR GPT-5.4 low,random_criterion,release,1.0,1615,0.0,0.0,0.0,31,0.0,0.0,0.0,0,0.0,0.0,0.0,0,0.0,0.0,0.0,0
DR GPT-5.4 low,disagreement_then_random,release,0.0,0,0.0,0.0,0.0,31,0.0,0.0,0.0,0,0.0,0.0,0.0,0,0.0,0.0,0.0,0
DR GPT-5.4 low,disagreement_then_random,release,0.01,16,0.0,0.0,0.0,31,0.0,0.0,0.0,0,0.0,0.0,0.0,0,0.0,0.0,0.0,0
DR GPT-5.4 low,disagreement_then_random,release,0.02,32,0.0,0.0,0.0,31,0.0,0.0,0.0,0,0.0,0.0,0.0,0,0.0,0.0,0.0,0
DR GPT-5.4 low,disagreement_then_random,release,0.03,48,0.0,0.0,0.0,31,0.0,0.0,0.0,0,0.0,0.0,0.0,0,0.0,0.0,0.0,0
DR GPT-5.4 low,disagreement_then_random,release,0.04,65,0.0,0.0,0.0,31,0.0,0.0,0.0,0,0.0,0.0,0.0,0,0.0,0.0,0.0,0
DR GPT-5.4 low,disagreement_then_random,release,0.05,81,0.0,0.0,0.0,31,0.0,0.0,0.0,0,0.0,0.0,0.0,0,0.0,0.0,0.0,0
DR GPT-5.4 low,disagreement_then_random,release,0.06,97,0.0,0.0,0.0,31,0.0,0.0,0.0,0,0.0,0.0,0.0,0,0.0,0.0,0.0,0
DR GPT-5.4 low,disagreement_then_random,release,0.07,113,0.0,0.0,0.0,31,0.0,0.0,0.0,0,0.0,0.0,0.0,0,0.0,0.0,0.0,0
DR GPT-5.4 low,disagreement_then_random,release,0.08,129,0.0,0.0,0.0,31,0.0,0.0,0.0,0,0.0,0.0,0.0,0,0.0,0.0,0.0,0
DR GPT-5.4 low,disagreement_then_random,release,0.09,145,0.0,0.0,0.0,31,0.0,0.0,0.0,0,0.0,0.0,0.0,0,0.0,0.0,0.0,0
DR GPT-5.4 low,disagreement_then_random,release,0.1,162,0.0,0.0,0.0,31,0.0,0.0,0.0,0,0.0,0.0,0.0,0,0.0,0.0,0.0,0
DR GPT-5.4 low,disagreement_then_random,release,0.11,178,0.0,0.0,0.0,31,0.0,0.0,0.0,0,0.0,0.0,0.0,0,0.0,0.0,0.0,0
DR GPT-5.4 low,disagreement_then_random,release,0.12,194,0.0,0.0,0.0,31,0.0,0.0,0.0,0,0.0,0.0,0.0,0,0.0,0.0,0.0,0
DR GPT-5.4 low,disagreement_then_random,release,0.13,210,0.0,1.0,1.0,31,0.0,0.0,0.0,0,1.0,0.0,0.0,1,1.0,0.0,0.0,1
DR GPT-5.4 low,disagreement_then_random,release,0.14,226,0.0,1.0,1.0,31,0.0,0.0,0.0,0,1.0,0.0,0.0,1,1.0,0.0,0.0,1
DR GPT-5.4 low,disagreement_then_random,release,0.15,242,0.0,1.0,1.0,31,0.0,0.0,0.0,0,1.0,0.0,0.0,1,1.0,0.0,0.0,1
DR GPT-5.4 low,disagreement_then_random,release,0.16,258,0.0,1.0,1.0,31,0.0,0.0,0.0,0,1.0,0.0,0.0,1,1.0,0.0,0.0,1
DR GPT-5.4 low,disagreement_then_random,release,0.17,275,0.0,2.0,2.0,31,0.0,0.0,0.0,0,2.0,0.0,0.0,2,2.0,0.0,0.0,2
DR GPT-5.4 low,disagreement_then_random,release,0.18,291,0.0,2.0,2.0,31,0.0,0.0,0.0,0,2.0,0.0,0.0,2,2.0,0.0,0.0,2
DR GPT-5.4 low,disagreement_then_random,release,0.19,307,0.0,2.0,2.0,31,0.0,0.0,0.0,0,2.0,0.0,0.0,2,2.0,0.0,0.0,2
DR GPT-5.4 low,disagreement_then_random,release,0.2,323,0.0,2.0,2.0,31,0.0,0.0,0.0,0,2.0,0.0,0.0,2,2.0,0.0,0.0,2
DR GPT-5.4 low,disagreement_then_random,release,0.21,339,0.0,1.9998371594258004,1.9998371594258004,31,0.0,0.0,0.0,0,2.0,0.0,0.0001628405741995742,2,2.0,0.0,0.0001628405741995742,2
DR GPT-5.4 low,disagreement_then_random,release,0.22,355,0.0,1.9993675221305303,1.9993675221305303,31,0.0,0.0,0.0,0,2.0,0.0,0.0006324778694697386,2,2.0,0.0,0.0006324778694697386,2
DR GPT-5.4 low,disagreement_then_random,release,0.23,371,0.0,1.9985902577625243,1.9985902577625243,31,0.0,0.0,0.0,0,2.0,0.0,0.0014097422374756974,2,2.0,0.0,0.0014097422374756974,2
DR GPT-5.4 low,disagreement_then_random,release,0.24,388,0.0,1.9974257754161344,1.9974257754161344,31,0.0,0.0,0.0,0,2.0,0.0,0.002574224583865581,2,2.0,0.0,0.002574224583865581,2
DR GPT-5.4 low,disagreement_then_random,release,0.25,404,0.0,1.9960089899580613,1.9960089899580613,31,0.0,0.0,0.0,0,2.0,0.0,0.003991010041938692,2,2.0,0.0,0.003991010041938692,2
DR GPT-5.4 low,disagreement_then_random,release,0.26,420,0.0,1.9942785176268034,1.9942785176268034,31,0.0,0.0,0.0,0,2.0,0.0,0.005721482373196585,2,2.0,0.0,0.005721482373196585,2
DR GPT-5.4 low,disagreement_then_random,release,0.27,436,0.0,1.9922312313533244,1.9922312313533244,31,0.0,0.0,0.0,0,2.0,0.0,0.007768768646675639,2,2.0,0.0,0.007768768646675639,2
DR GPT-5.4 low,disagreement_then_random,release,0.28,452,0.0,1.9898634387227738,1.9898634387227738,31,0.0,0.0,0.0,0,2.0,0.0,0.010136561277226175,2,2.0,0.0,0.010136561277226175,2
DR GPT-5.4 low,disagreement_then_random,release,0.29,468,0.0,1.987170881974486,1.987170881974486,31,0.0,0.0,0.0,0,2.0,0.0,0.012829118025514008,2,2.0,0.0,0.012829118025514008,2
DR GPT-5.4 low,disagreement_then_random,release,0.3,484,0.0,1.9841487380019813,1.9841487380019813,31,0.0,0.0,0.0,0,2.0,0.0,0.015851261998018673,2,2.0,0.0,0.015851261998018673,2
DR GPT-5.4 low,disagreement_then_random,release,0.31,501,0.0,1.9805705432520735,1.9805705432520735,31,0.0,0.0,0.0,0,2.0,0.0,0.01942945674792651,2,2.0,0.0,0.01942945674792651,2
DR GPT-5.4 low,disagreement_then_random,release,0.32,517,0.0,1.9768509754463386,1.9768509754463386,31,0.0,0.0,0.0,0,2.0,0.0,0.023149024553661413,2,2.0,0.0,0.023149024553661413,2
DR GPT-5.4 low,disagreement_then_random,release,0.33,533,0.0,1.9727835328043175,1.9727835328043175,31,0.0,0.0,0.0,0,2.0,0.0,0.027216467195682492,2,2.0,0.0,0.027216467195682492,2
DR GPT-5.4 low,disagreement_then_random,release,0.34,549,0.0,1.9683610955021593,1.9683610955021593,31,0.0,0.0,0.0,0,2.0,0.0,0.03163890449784068,2,2.0,0.0,0.03163890449784068,2
DR GPT-5.4 low,disagreement_then_random,release,0.35,565,0.0,1.9635759783701987,1.9635759783701987,31,0.0,0.0,0.0,0,2.0,0.0,0.036424021629801295,2,2.0,0.0,0.036424021629801295,2
DR GPT-5.4 low,disagreement_then_random,release,0.36,581,0.0,1.9584199308929553,1.9584199308929553,31,0.0,0.0,0.0,0,2.0,0.0,0.041580069107044704,2,2.0,0.0,0.041580069107044704,2
DR GPT-5.4 low,disagreement_then_random,release,0.37,598,0.0,1.9525253302215875,1.9525253302215875,31,0.0,0.0,0.0,0,1.967741935483871,0.03225806451612904,0.015216605262283522,2,1.967741935483871,0.03225806451612904,0.015216605262283522,2
DR GPT-5.4 low,disagreement_then_random,release,0.38,614,0.0,1.9465757642701,1.9465757642701,31,0.0,0.0,0.0,0,1.967741935483871,0.03225806451612904,0.021166171213770957,2,1.967741935483871,0.03225806451612904,0.021166171213770957,2
DR GPT-5.4 low,disagreement_then_random,release,0.39,630,0.0,1.9402264839211976,1.9402264839211976,31,0.0,0.0,0.0,0,1.935483870967742,0.044853018526052064,-0.004742612953455572,2,1.935483870967742,0.044853018526052064,-0.004742612953455572,2
DR GPT-5.4 low,disagreement_then_random,release,0.4,646,0.0,1.9334669419420287,1.9334669419420287,31,0.0,0.0,0.0,0,1.903225806451613,0.053978066228004884,-0.030241135490415738,2,1.903225806451613,0.053978066228004884,-0.030241135490415738,2
DR GPT-5.4 low,disagreement_then_random,release,0.41,662,0.0,1.9262860257539276,1.9262860257539276,31,0.0,0.0,0.0,0,1.903225806451613,0.053978066228004884,-0.02306021930231461,2,1.903225806451613,0.053978066228004884,-0.02306021930231461,2
DR GPT-5.4 low,disagreement_then_random,release,0.42,678,0.0,1.9186720574324136,1.9186720574324136,31,0.0,0.0,0.0,0,1.903225806451613,0.053978066228004884,-0.015446250980800658,2,1.903225806451613,0.053978066228004884,-0.015446250980800658,2
DR GPT-5.4 low,disagreement_then_random,release,0.43,694,0.0,1.9106127937071924,1.9106127937071924,31,0.0,0.0,0.0,0,1.903225806451613,0.053978066228004884,-0.0073869872555794025,2,1.903225806451613,0.053978066228004884,-0.0073869872555794025,2
DR GPT-5.4 low,disagreement_then_random,release,0.44,711,0.0,1.9015475777283064,1.9015475777283064,31,0.0,0.0,0.0,0,1.903225806451613,0.053978066228004884,0.0016782287233065851,2,1.903225806451613,0.053978066228004884,0.0016782287233065851,2
DR GPT-5.4 low,disagreement_then_random,release,0.45,727,0.0,1.892528807665107,1.892528807665107,31,0.0,0.0,0.0,0,1.903225806451613,0.053978066228004884,0.010696998786505985,2,1.903225806451613,0.053978066228004884,0.010696998786505985,2
DR GPT-5.4 low,disagreement_then_random,release,0.46,743,0.0,1.8830237303344475,1.8830237303344475,31,0.0,0.0,0.0,0,1.8709677419354838,0.06120537406777509,-0.012055988398963713,2,1.8709677419354838,0.06120537406777509,-0.012055988398963713,2
DR GPT-5.4 low,disagreement_then_random,release,0.47,759,0.0,1.8730178057486617,1.8730178057486617,31,0.0,0.0,0.0,0,1.8709677419354838,0.06120537406777509,-0.0020500638131779603,2,1.8709677419354838,0.06120537406777509,-0.0020500638131779603,2
DR GPT-5.4 low,disagreement_then_random,release,0.48,775,0.0,1.862495928574269,1.862495928574269,31,0.0,0.0,0.0,0,1.8709677419354838,0.06120537406777509,0.00847181336121472,2,1.8709677419354838,0.06120537406777509,0.00847181336121472,2
DR GPT-5.4 low,disagreement_then_random,release,0.49,791,0.0,1.8514424281319748,1.8514424281319748,31,0.0,0.0,0.0,0,1.8709677419354838,0.06120537406777509,0.01952531380350897,2,1.8709677419354838,0.06120537406777509,0.01952531380350897,2
DR GPT-5.4 low,disagreement_then_random,release,0.5,808,0.0,1.8390974122699002,1.8390974122699002,31,0.0,0.0,0.0,0,1.8387096774193548,0.06715051611181073,-0.0003877348505454403,2,1.8387096774193548,0.06715051611181073,-0.0003877348505454403,2
DR GPT-5.4 low,disagreement_then_random,release,0.51,824,0.0,1.8268955298159115,1.8268955298159115,31,0.0,0.0,0.0,0,1.8387096774193548,0.06715051611181073,0.011814147603443237,2,1.8387096774193548,0.06715051611181073,0.011814147603443237,2
DR GPT-5.4 low,disagreement_then_random,release,0.52,840,0.0,1.8141105157902049,1.8141105157902049,31,0.0,0.0,0.0,0,1.8064516129032258,0.07213122508063838,-0.007658902886979124,2,1.8064516129032258,0.07213122508063838,-0.007658902886979124,2
DR GPT-5.4 low,disagreement_then_random,release,0.53,856,0.0,1.800724402796114,1.800724402796114,31,0.0,0.0,0.0,0,1.7419354838709677,0.07988892740217941,-0.05878891892514626,2,1.7419354838709677,0.07988892740217941,-0.05878891892514626,2
DR GPT-5.4 low,disagreement_then_random,release,0.54,872,0.0,1.7867186580911583,1.7867186580911583,31,0.0,0.0,0.0,0,1.7419354838709677,0.07988892740217941,-0.044783174220190514,2,1.7419354838709677,0.07988892740217941,-0.044783174220190514,2
DR GPT-5.4 low,disagreement_then_random,release,0.55,888,0.0,1.7720741835870422,1.7720741835870422,31,0.0,0.0,0.0,0,1.7419354838709677,0.07988892740217941,-0.030138699716074413,2,1.7419354838709677,0.07988892740217941,-0.030138699716074413,2
DR GPT-5.4 low,disagreement_then_random,release,0.56,904,0.0,1.7567713158496558,1.7567713158496558,31,0.0,0.0,0.0,0,1.7419354838709677,0.07988892740217941,-0.014835831978688097,2,1.7419354838709677,0.07988892740217941,-0.014835831978688097,2
DR GPT-5.4 low,disagreement_then_random,release,0.57,921,0.0,1.739767978972201,1.739767978972201,31,0.0,0.0,0.0,0,1.7096774193548387,0.08287246824945245,-0.030090559617362178,2,1.7096774193548387,0.08287246824945245,-0.030090559617362178,2
DR GPT-5.4 low,disagreement_then_random,release,0.58,937,0.0,1.7230426562388144,1.7230426562388144,31,0.0,0.0,0.0,0,1.7096774193548387,0.08287246824945245,-0.013365236883975617,2,1.7096774193548387,0.08287246824945245,-0.013365236883975617,2
DR GPT-5.4 low,disagreement_then_random,release,0.59,953,0.0,1.7055952041567217,1.7055952041567217,31,0.0,0.0,0.0,0,1.7096774193548387,0.08287246824945245,0.004082215198117023,2,1.7096774193548387,0.08287246824945245,0.004082215198117023,2
DR GPT-5.4 low,disagreement_then_random,release,0.6,969,0.0,1.6874036625744415,1.6874036625744415,31,0.0,0.0,0.0,0,1.7096774193548387,0.08287246824945245,0.022273756780397225,2,1.7096774193548387,0.08287246824945245,0.022273756780397225,2
DR GPT-5.4 low,disagreement_then_random,release,0.61,985,0.0,1.6684455059946783,1.6684455059946783,31,0.0,0.0,0.0,0,1.6774193548387097,0.08534681648595453,0.008973848844031407,2,1.6774193548387097,0.08534681648595453,0.008973848844031407,2
DR GPT-5.4 low,disagreement_then_random,release,0.62,1001,0.0,1.6486976435743217,1.6486976435743217,31,0.0,0.0,0.0,0,1.6774193548387097,0.08534681648595453,0.02872171126438805,2,1.6774193548387097,0.08534681648595453,0.02872171126438805,2
DR GPT-5.4 low,disagreement_then_random,release,0.63,1017,0.0,1.6281364191244476,1.6281364191244476,31,0.0,0.0,0.0,0,1.6774193548387097,0.08534681648595453,0.04928293571426212,2,1.6774193548387097,0.08534681648595453,0.04928293571426212,2
DR GPT-5.4 low,disagreement_then_random,release,0.64,1034,0.0,1.6053718124285137,1.6053718124285137,31,0.0,0.0,0.0,0,1.6774193548387097,0.08534681648595453,0.07204754241019606,2,1.6774193548387097,0.08534681648595453,0.07204754241019606,2
DR GPT-5.4 low,disagreement_then_random,release,0.65,1050,0.0,1.5830558999096458,1.5830558999096458,31,0.0,0.0,0.0,0,1.6129032258064515,0.10029439842030984,0.02984732589680572,2,1.6129032258064515,0.10029439842030984,0.02984732589680572,2
DR GPT-5.4 low,disagreement_then_random,release,0.66,1066,0.0,1.5598506614342034,1.5598506614342034,31,0.0,0.0,0.0,0,1.6129032258064515,0.10029439842030984,0.053052564372248145,2,1.6129032258064515,0.10029439842030984,0.053052564372248145,2
DR GPT-5.4 low,disagreement_then_random,release,0.67,1082,0.0,1.5357301440958913,1.5357301440958913,31,0.0,0.0,0.0,0,1.6129032258064515,0.10029439842030984,0.07717308171056025,2,1.6129032258064515,0.10029439842030984,0.07717308171056025,2
DR GPT-5.4 low,disagreement_then_random,release,0.68,1098,0.0,1.5106678296425988,1.5106678296425988,31,0.0,0.0,0.0,0,1.5161290322580645,0.10234842180035093,0.005461202615465677,2,1.5161290322580645,0.10234842180035093,0.005461202615465677,2
DR GPT-5.4 low,disagreement_then_random,release,0.69,1114,0.0,1.4846366344764013,1.4846366344764013,31,0.0,0.0,0.0,0,1.5161290322580645,0.10234842180035093,0.03149239778166324,2,1.5161290322580645,0.10234842180035093,0.03149239778166324,2
DR GPT-5.4 low,disagreement_then_random,release,0.7,1130,0.0,1.4576089096535592,1.4576089096535592,31,0.0,0.0,0.0,0,1.4516129032258065,0.10200895677962515,-0.005996006427752665,2,1.4516129032258065,0.10200895677962515,-0.005996006427752665,2
DR GPT-5.4 low,disagreement_then_random,release,0.71,1147,0.0,1.4277684829527706,1.4277684829527706,31,0.0,0.0,0.0,0,1.4193548387096775,0.10132661496249246,-0.008413644243093099,2,1.4193548387096775,0.10132661496249246,-0.008413644243093099,2
DR GPT-5.4 low,disagreement_then_random,release,0.72,1163,0.0,1.3985956768992525,1.3985956768992525,31,0.0,0.0,0.0,0,1.4193548387096775,0.10132661496249246,0.02075916181042503,2,1.4193548387096775,0.10132661496249246,0.02075916181042503,2
DR GPT-5.4 low,disagreement_then_random,release,0.73,1179,0.0,1.3683381494504132,1.3683381494504132,31,0.0,0.0,0.0,0,1.4193548387096775,0.10132661496249246,0.05101668925926428,2,1.4193548387096775,0.10132661496249246,0.05101668925926428,2
DR GPT-5.4 low,disagreement_then_random,release,0.74,1195,0.0,1.3369659549451423,1.3369659549451423,31,0.0,0.0,0.0,0,1.3870967741935485,0.10029439842030984,0.05013081924840623,1,1.3870967741935485,0.10029439842030984,0.05013081924840623,1
DR GPT-5.4 low,disagreement_then_random,release,0.75,1211,0.0,1.3044485823765148,1.3044485823765148,31,0.0,0.0,0.0,0,1.3870967741935485,0.10029439842030984,0.08264819181703364,1,1.3870967741935485,0.10029439842030984,0.08264819181703364,1
DR GPT-5.4 low,disagreement_then_random,release,0.76,1227,0.0,1.2707549553917912,1.2707549553917912,31,0.0,0.0,0.0,0,1.3548387096774193,0.1092337642941961,0.08408375428562809,1,1.3548387096774193,0.1092337642941961,0.08408375428562809,1
DR GPT-5.4 low,disagreement_then_random,release,0.77,1244,0.0,1.2336312490027055,1.2336312490027055,31,0.0,0.0,0.0,0,1.3548387096774193,0.1092337642941961,0.12120746067471377,1,1.3548387096774193,0.1092337642941961,0.12120746067471377,1
DR GPT-5.4 low,disagreement_then_random,release,0.78,1260,0.0,1.197411034017121,1.197411034017121,31,0.0,0.0,0.0,0,1.3225806451612903,0.11719936854570936,0.12516961114416936,1,1.3225806451612903,0.11719936854570936,0.12516961114416936,1
DR GPT-5.4 low,disagreement_then_random,release,0.79,1276,0.0,1.1599158764366997,1.1599158764366997,31,0.0,0.0,0.0,0,1.3225806451612903,0.11719936854570936,0.16266476872459057,1,1.3225806451612903,0.11719936854570936,0.16266476872459057,1
DR GPT-5.4 low,disagreement_then_random,release,0.8,1292,0.0,1.1211124031913318,1.1211124031913318,31,0.0,0.0,0.0,0,1.2903225806451613,0.11540996012902144,0.1692101774538295,1,1.2903225806451613,0.11540996012902144,0.1692101774538295,1
DR GPT-5.4 low,disagreement_then_random,release,0.81,1308,0.0,1.0809666758650913,1.0809666758650913,31,0.0,0.0,0.0,0,1.2580645161290323,0.1132865994930402,0.17709784026394093,1,1.2580645161290323,0.1132865994930402,0.17709784026394093,1
DR GPT-5.4 low,disagreement_then_random,release,0.82,1324,0.0,1.0394441906962386,1.0394441906962386,31,0.0,0.0,0.0,0,1.064516129032258,0.13063520471817155,0.025071938336019395,1,1.064516129032258,0.13063520471817155,0.025071938336019395,1
DR GPT-5.4 low,disagreement_then_random,release,0.83,1340,0.0,0.9965098785772191,0.9965098785772191,31,0.0,0.0,0.0,0,1.064516129032258,0.13063520471817155,0.06800625045503894,1,1.064516129032258,0.13063520471817155,0.06800625045503894,1
DR GPT-5.4 low,disagreement_then_random,release,0.84,1357,0.0,0.9493053606540647,0.9493053606540647,31,0.0,0.0,0.0,0,1.032258064516129,0.13507362363391145,0.08295270386206433,1,1.032258064516129,0.13507362363391145,0.08295270386206433,1
DR GPT-5.4 low,disagreement_then_random,release,0.85,1373,0.0,0.903345982251931,0.903345982251931,31,0.0,0.0,0.0,0,0.967741935483871,0.12686349422582907,0.06439595323194003,1,0.967741935483871,0.12686349422582907,0.06439595323194003,1
DR GPT-5.4 low,disagreement_then_random,release,0.86,1389,0.0,0.8558638609092706,0.8558638609092706,31,0.0,0.0,0.0,0,0.9354838709677419,0.1221270612000059,0.0796200100584713,1,0.9354838709677419,0.1221270612000059,0.0796200100584713,1
DR GPT-5.4 low,disagreement_then_random,release,0.87,1405,0.0,0.8068216308011575,0.8068216308011575,31,0.0,0.0,0.0,0,0.8709677419354839,0.12041090476704877,0.06414611113432633,1,0.8709677419354839,0.12041090476704877,0.06414611113432633,1
DR GPT-5.4 low,disagreement_then_random,release,0.88,1421,0.0,0.7561813607568522,0.7561813607568522,31,0.0,0.0,0.0,0,0.8709677419354839,0.12041090476704877,0.11478638117863171,1,0.8709677419354839,0.12041090476704877,0.11478638117863171,1
DR GPT-5.4 low,disagreement_then_random,release,0.89,1437,0.0,0.7039045542597999,0.7039045542597999,31,0.0,0.0,0.0,0,0.8064516129032258,0.1174949538034214,0.10254705864342584,1,0.8064516129032258,0.1174949538034214,0.10254705864342584,1
DR GPT-5.4 low,disagreement_then_random,release,0.9,1454,0.0,0.6465235874950646,0.6465235874950646,31,0.0,0.0,0.0,0,0.7419354838709677,0.11328659949304021,0.0954118963759032,0,0.7419354838709677,0.11328659949304021,0.0954118963759032,0
DR GPT-5.4 low,disagreement_then_random,release,0.91,1470,0.0,0.5907474269120105,0.5907474269120105,31,0.0,0.0,0.0,0,0.6451612903225806,0.11866993257050665,0.054413863410570085,0,0.6451612903225806,0.11866993257050665,0.054413863410570085,0
DR GPT-5.4 low,disagreement_then_random,release,0.92,1486,0.0,0.5332133174457856,0.5332133174457856,31,0.0,0.0,0.0,0,0.6129032258064516,0.1198333911032691,0.07968990836066603,0,0.6129032258064516,0.1198333911032691,0.07968990836066603,0
DR GPT-5.4 low,disagreement_then_random,release,0.93,1502,0.0,0.4738804658624647,0.4738804658624647,31,0.0,0.0,0.0,0,0.5161290322580645,0.12155770117043078,0.04224856639559982,0,0.5161290322580645,0.12155770117043078,0.04224856639559982,0
DR GPT-5.4 low,disagreement_then_random,release,0.94,1518,0.0,0.4127075135823066,0.4127075135823066,31,0.0,0.0,0.0,0,0.45161290322580644,0.1212720187515844,0.03890538964349982,0,0.45161290322580644,0.1212720187515844,0.03890538964349982,0
DR GPT-5.4 low,disagreement_then_random,release,0.95,1534,0.0,0.34965253667975693,0.34965253667975693,31,0.0,0.0,0.0,0,0.41935483870967744,0.12069862537980457,0.0697023020299205,0,0.41935483870967744,0.12069862537980457,0.0697023020299205,0
DR GPT-5.4 low,disagreement_then_random,release,0.96,1550,0.0,0.28467304588344655,0.28467304588344655,31,0.0,0.0,0.0,0,0.3225806451612903,0.10763435489240601,0.03790759927784376,0,0.3225806451612903,0.10763435489240601,0.03790759927784376,0
DR GPT-5.4 low,disagreement_then_random,release,0.97,1567,0.0,0.21347547325156602,0.21347547325156602,31,0.0,0.0,0.0,0,0.1935483870967742,0.08575226682742748,-0.01992708615479183,0,0.1935483870967742,0.08575226682742748,-0.01992708615479183,0
DR GPT-5.4 low,disagreement_then_random,release,0.98,1583,0.0,0.1443900649664287,0.1443900649664287,31,0.0,0.0,0.0,0,0.12903225806451613,0.06120537406777507,-0.015357806901912574,0,0.12903225806451613,0.06120537406777507,-0.015357806901912574,0
DR GPT-5.4 low,disagreement_then_random,release,0.99,1599,0.0,0.07324650254548715,0.07324650254548715,31,0.0,0.0,0.0,0,0.06451612903225806,0.044853018526052064,-0.008730373513229084,0,0.06451612903225806,0.044853018526052064,-0.008730373513229084,0
DR GPT-5.4 low,disagreement_then_random,release,1.0,1615,0.0,0.0,0.0,31,0.0,0.0,0.0,0,0.0,0.0,0.0,0,0.0,0.0,0.0,0
JB GPT-5.4,random_criterion,release,0.0,0,0.0,0.0,0.0,31,0.0,0.0,0.0,0,0.0,0.0,0.0,0,0.0,0.0,0.0,0
JB GPT-5.4,random_criterion,release,0.01,235,1.1396199658561956,1.2647073590585245,0.12508739320232887,31,1.2258064516129032,0.15868869517740444,0.08618648575670762,0,1.5161290322580645,0.24038932464236382,0.25142167319954,2,0.2903225806451613,0.2789903007798665,0.16523518744283244,2
JB GPT-5.4,random_criterion,release,0.02,470,2.2198678723722076,2.537556487525865,0.3176886151536573,31,2.096774193548387,0.21925994152214742,-0.12309367882382061,1,2.7419354838709675,0.3039798448874773,0.2043789963451026,3,0.6451612903225806,0.369679858874647,0.3274726751689233,2
JB GPT-5.4,random_criterion,release,0.03,705,3.244807020966087,3.8186722348219067,0.5738652138558198,31,3.032258064516129,0.238651547702818,-0.21254895644995786,1,4.096774193548387,0.3053460533212705,0.27810195872648036,5,1.064516129032258,0.4298924193279403,0.4906509151764382,4
JB GPT-5.4,random_criterion,release,0.04,939,4.214024265351403,5.102664912910527,0.8886406475591233,31,3.935483870967742,0.30030623750040736,-0.2785403943836613,3,5.258064516129032,0.3500161038860001,0.15539960321850543,5,1.3225806451612903,0.515119981376494,0.43393999760216695,2
JB GPT-5.4,random_criterion,release,0.05,1174,5.139034613331396,6.400614139803383,1.2615795264719871,31,5.161290322580645,0.39918404463543117,0.022255709249249023,3,6.387096774193548,0.3953422890284782,-0.013517365609835075,5,1.2258064516129032,0.5842183960088657,-0.035773074859083875,2
JB GPT-5.4,random_criterion,release,0.06,1409,6.018499889849383,7.707146254624064,1.688646364774681,31,6.129032258064516,0.4561218840217968,0.11053236821513313,6,7.870967741935484,0.4062467481659655,0.1638214873114201,5,1.7419354838709677,0.622115264249153,0.05328911909628675,-1
JB GPT-5.4,random_criterion,release,0.07,1644,6.855042256885619,9.022346319471225,2.1673040625856066,31,7.096774193548387,0.5233367687915678,0.24173193666276838,7,9.419354838709678,0.4319851489591541,0.3970085192384527,8,2.3225806451612905,0.7526113632084782,0.15527658257568389,1
JB GPT-5.4,random_criterion,release,0.08,1879,7.651031473417563,10.346288510139438,2.695257036721875,31,8.161290322580646,0.5145136009645649,0.5102588491630833,7,10.516129032258064,0.41444604235734683,0.16984052211862632,8,2.3548387096774195,0.7369632358271373,-0.3404183270444556,1
JB GPT-5.4,random_criterion,release,0.09,2114,8.408616450732898,11.679035740197827,3.270419289464929,31,8.67741935483871,0.4959775766137438,0.26880290410581154,8,12.03225806451613,0.5047811640568037,0.3532223243183026,9,3.3548387096774195,0.7669915914033122,0.0844194202124906,1
JB GPT-5.4,random_criterion,release,0.1,2349,9.129752325718414,13.020639280885593,3.890886955167179,31,9.258064516129032,0.4972348094967147,0.12831219041061814,9,13.193548387096774,0.5687552052720986,0.17290910621118094,11,3.935483870967742,0.8346469009017388,0.0445969158005628,2
JB GPT-5.4,random_criterion,release,0.11,2584,9.816223690564426,14.371138375278397,4.554914684713971,31,9.774193548387096,0.5073856191234003,-0.04203014217732992,10,14.516129032258064,0.5808243451122982,0.14499065697966707,13,4.741935483870968,0.8333992343002382,0.187020799156997,3
JB GPT-5.4,random_criterion,release,0.12,2818,10.46695175094329,15.724756145414176,5.257804394470886,31,10.516129032258064,0.4970254915293268,0.04917728131477439,11,15.709677419354838,0.6120537406777509,-0.01507872605933791,13,5.193548387096774,0.8668560853863915,-0.0642560073741123,2
JB GPT-5.4,random_criterion,release,0.13,3053,11.088993728363933,17.093075949505202,6.004082221141269,31,11.129032258064516,0.4561218840217968,0.04003852970058297,14,17.096774193548388,0.6992389698880198,0.003698244043185639,14,5.967741935483871,0.905756822461749,-0.03634028565739822,0
JB GPT-5.4,random_criterion,release,0.14,3288,11.680881761035865,18.47033291039495,6.789451149359087,31,11.516129032258064,0.4611135837073456,-0.16475272877780078,15,18.483870967741936,0.7227054423721119,0.013538057346984544,16,6.967741935483871,0.8974083006052173,0.17829078612478444,1
JB GPT-5.4,random_criterion,release,0.15,3523,12.243891892561459,19.85651417881531,7.612622286253851,31,12.096774193548388,0.5253873915537062,-0.14711769901307115,17,20.129032258064516,0.7588076887904238,0.2725180792492061,17,8.03225806451613,0.9069431950626308,0.41963577826227905,0
JB GPT-5.4,random_criterion,release,0.16,3758,12.779204920410645,21.25159279520979,8.472387874799143,31,12.838709677419354,0.5248589655798654,0.05950475700870861,17,21.451612903225808,0.7589448103207044,0.20002010801601955,18,8.612903225806452,0.8745842875514693,0.14051535100730916,1
JB GPT-5.4,random_criterion,release,0.17,3993,13.287915817802656,22.655527225080867,9.367611407278211,31,13.096774193548388,0.48048998000065174,-0.19114162425426784,17,23.032258064516128,0.8091996191215997,0.3767308394352611,19,9.935483870967742,0.8858936122332238,0.5678724636895307,2
JB GPT-5.4,random_criterion,release,0.18,4228,13.771041884548003,24.068260871599,10.297218987050998,31,13.258064516129032,0.5286780875838938,-0.5129773684189711,17,24.322580645161292,0.7970201178964048,0.2543197735622904,20,11.064516129032258,0.934333738664286,0.7672971419812598,3
JB GPT-5.4,random_criterion,release,0.19,4463,14.229529816866846,25.489721562054648,11.260191745187802,31,13.64516129032258,0.5633013042306059,-0.5843685265442655,15,25.419354838709676,0.7770556415061481,-0.0703667233449714,22,11.774193548387096,0.9271411457419225,0.5140018031992941,7
JB GPT-5.4,random_criterion,release,0.2,4697,14.662461084117986,26.913717314741564,12.251256230623579,31,13.870967741935484,0.5787304152312206,-0.7914933421825019,18,26.451612903225808,0.7617731292068178,-0.46210441151575665,25,12.580645161290322,0.9202316136086087,0.32938893066674346,7
JB GPT-5.4,random_criterion,release,0.21,4932,15.074356316400015,28.35231445329881,13.277958136898794,31,14.548387096774194,0.5581049149402573,-0.5259692196258214,18,28.032258064516128,0.7984984173505124,-0.3200563887826817,27,13.483870967741936,0.9468350990649675,0.2059128308431415,9
JB GPT-5.4,random_criterion,release,0.22,5167,15.464084443179166,29.799323612918748,14.335239169739582,31,14.806451612903226,0.5649614219177179,-0.65763283027594,19,29.677419354838708,0.7779032982639157,-0.1219042580800398,29,14.870967741935484,0.9466885528484783,0.535728572195902,10
JB GPT-5.4,random_criterion,release,0.23,5402,15.832364225404959,31.254604601155012,15.422240375750054,31,15.290322580645162,0.6120537406777509,-0.5420416447597969,17,30.838709677419356,0.7884881057373988,-0.4158949237356566,31,15.548387096774194,0.9681361204362612,0.12614672102414026,14
JB GPT-5.4,random_criterion,release,0.24,5637,16.179867843897487,32.71799855291302,16.538130709015537,31,15.903225806451612,0.6414949588043145,-0.2766420374458747,17,32.354838709677416,0.8520038203467963,-0.3631598432356071,32,16.451612903225808,0.9824685933609719,-0.0865178057897289,15
JB GPT-5.4,random_criterion,release,0.25,5872,16.507224159693187,34.189327171929506,17.68210301223632,31,16.451612903225808,0.6604636847519861,-0.05561125646737963,17,33.74193548387097,0.8871456487025078,-0.4473916880585378,35,17.29032258064516,1.031955600848597,-0.39178043159115816,18
JB GPT-5.4,random_criterion,release,0.26,6107,16.815021627969436,35.66839191361626,18.853370285646825,31,16.548387096774192,0.6701608050927944,-0.26663453119524405,17,35.516129032258064,0.9238430343587567,-0.15226288135819743,37,18.967741935483872,1.0101462376487893,0.11437164983704662,20
JB GPT-5.4,random_criterion,release,0.27,6341,17.10262155873193,37.148631634098344,20.046010075366414,31,17.06451612903226,0.6719182679926898,-0.03810542969966946,16,36.74193548387097,0.9332193577898655,-0.4066961502273756,38,19.677419354838708,1.0849776735963588,-0.36859072052770614,22
JB GPT-5.4,random_criterion,release,0.28,6576,17.372995564761354,38.64245710169554,21.269461536934188,31,17.612903225806452,0.6841955001923968,0.2399076610450983,16,38.32258064516129,0.930241148957258,-0.3198764565342529,40,20.70967741935484,1.1520841781400517,-0.5597841175793477,24
JB GPT-5.4,random_criterion,release,0.29,6811,17.625356633045506,40.14329356391692,22.517936930871414,31,18.161290322580644,0.7260095295348216,0.5359336895351383,16,39.935483870967744,0.8931465266136799,-0.2078096929491764,44,21.774193548387096,1.1738271908675988,-0.7437433824843183,28
JB GPT-5.4,random_criterion,release,0.3,7046,17.860155566137582,41.65085202184007,23.79069645570249,31,18.451612903225808,0.6828761276819473,0.5914573370882259,16,41.67741935483871,0.9394428648345723,0.02656733299863845,48,23.225806451612904,1.1892978658877114,-0.5648900040895874,32
JB GPT-5.4,random_criterion,release,0.31,7281,18.077813660504884,43.16481803927483,25.087004378769944,31,18.806451612903224,0.6774705561807457,0.7286379523983406,17,43.25806451612903,0.929756288954532,0.09324647685420473,52,24.451612903225808,1.1975231693966353,-0.6353914755441359,35
JB GPT-5.4,random_criterion,release,0.32,7516,18.27872437436415,44.68485042987801,26.406126055513862,31,18.70967741935484,0.6445696211670164,0.43095304499069087,18,44.935483870967744,0.8979492572187557,0.2506334410897324,54,26.225806451612904,1.1892978658877111,-0.18031960390095847,36
JB GPT-5.4,random_criterion,release,0.33,7751,18.463254874989012,46.2105798325039,27.74732495751489,31,18.70967741935484,0.6462356645727622,0.2464225443658279,18,46.70967741935484,0.9323268940621665,0.49909758685093664,55,28.0,1.201253825254335,0.25267504248510875,37
JB GPT-5.4,random_criterion,release,0.34,7986,18.63174748046817,47.74160716470754,29.109859684239368,31,18.774193548387096,0.6199370023827774,0.14244606791892522,17,48.483870967741936,0.8498842017794365,0.7422638030343975,56,29.70967741935484,1.0214827388549954,0.5998177351154723,39
JB GPT-5.4,random_criterion,release,0.35,8220,18.7839037852149,49.27095655021313,30.48705276499823,31,18.774193548387096,0.5711894351214066,-0.009710236827803698,17,49.87096774193548,0.8266292943562396,0.6000111917223521,58,31.096774193548388,1.0588641090934134,0.6097214285501593,41
JB GPT-5.4,random_criterion,release,0.36,8455,18.921319848254377,50.81123736017376,31.889917511919386,31,18.870967741935484,0.6488069041633614,-0.05035210631889342,17,51.193548387096776,0.7765644699554731,0.3823110269230128,59,32.32258064516129,1.0227383617053005,0.43266313324190264,42
JB GPT-5.4,random_criterion,release,0.37,8690,19.043587828586848,52.35542519686956,33.31183736828271,31,19.032258064516128,0.7101171658099384,-0.011329764070719506,17,52.61290322580645,0.7073765242073371,0.2574780289368874,62,33.58064516129032,0.9834919065307988,0.2688077930076105,45
JB GPT-5.4,random_criterion,release,0.38,8925,19.1509634331988,53.90298395264022,34.752020519441416,31,19.225806451612904,0.7824825085397472,0.07484301841410357,18,54.58064516129032,0.6570939500892116,0.6776612086501004,63,35.354838709677416,0.9952018081363166,0.6028181902360004,45
JB GPT-5.4,random_criterion,release,0.39,9160,19.243683513109247,55.45333783231145,36.2096543192022,31,19.419354838709676,0.735832778964543,0.17567132560042964,18,56.483870967741936,0.7197236144281031,1.0305331354304883,64,37.064516129032256,0.9412134513556601,0.8548618098300551,46
JB GPT-5.4,random_criterion,release,0.4,9395,19.32196707313202,57.005868811084724,37.68390173795271,31,19.451612903225808,0.7589448103207044,0.12964583009378927,18,57.74193548387097,0.8045138008606405,0.7360666727862437,67,38.29032258064516,1.0055689540069215,0.6064208426924509,49
JB GPT-5.4,random_criterion,release,0.41,9630,19.386016230400244,58.559913870573595,39.17389764017335,31,19.29032258064516,0.7231852309414382,-0.09569364975508421,17,59.38709677419355,0.8107840614562433,0.8271829036199563,67,40.096774193548384,1.0608931505081016,0.9228765533750334,50
JB GPT-5.4,random_criterion,release,0.42,9865,19.436017125241356,60.1147619927248,40.678744867483445,31,19.741935483870968,0.6909051907873863,0.3059183586296115,16,60.74193548387097,0.8217052056683991,0.6271734911461664,66,41.0,0.9683152423679753,0.3212551325165549,50
JB GPT-5.4,random_criterion,release,0.43,10099,19.472016244309277,61.66303538582602,42.19101914151675,31,19.516129032258064,0.7446886738432369,0.04411278794878726,15,62.483870967741936,0.8549300012117391,0.8208355819159152,66,42.96774193548387,1.0186263900524437,0.7767227939671244,51
JB GPT-5.4,random_criterion,release,0.44,10334,19.494477489600264,63.21715305450957,43.72267556490931,31,19.70967741935484,0.726152844462265,0.2151999297545757,15,64.25806451612904,0.8385442351300603,1.0409114616194657,68,44.54838709677419,0.9857464937010493,0.8257115318648829,53
JB GPT-5.4,random_criterion,release,0.45,10569,19.503360905244175,64.76962241169963,45.26626150645545,31,19.838709677419356,0.747895648798348,0.33534877217518044,17,65.58064516129032,0.794841153466429,0.8110227495906912,70,45.74193548387097,1.0665669394934363,0.47567397741551787,53
JB GPT-5.4,random_criterion,release,0.46,10804,19.498797030087992,66.31950497992315,46.82070794983516,31,19.967741935483872,0.6994373636981938,0.46894490539587963,16,67.03225806451613,0.8731156311205134,0.7127530845929755,72,47.064516129032256,1.070559580208535,0.24380817919709585,56
JB GPT-5.4,random_criterion,release,0.47,11039,19.480904354823593,67.86579476744014,48.38489041261654,31,20.06451612903226,0.6424674944640714,0.5836117742086664,15,68.45161290322581,0.8894104724780285,0.5858181357856722,74,48.38709677419355,1.0355793343594404,0.0022063615770093747,59
JB GPT-5.4,random_criterion,release,0.48,11274,19.449789997578822,69.40741324638782,49.957623248809,31,19.677419354838708,0.6629797459956196,0.22762935725988598,17,69.51612903225806,0.8809464213529021,0.10871578587024544,75,49.83870967741935,1.015044650952354,-0.11891357138964764,58
JB GPT-5.4,random_criterion,release,0.49,11509,19.405550346023624,70.94320386969699,51.53765352367336,31,19.612903225806452,0.6403584670748814,0.20735287978282813,17,70.90322580645162,0.9382606175644509,-0.03997806324537123,79,51.29032258064516,1.0034280472429284,-0.2473309430282029,62
JB GPT-5.4,random_criterion,release,0.5,11744,19.348271667167282,72.4719260792996,53.123654412132325,31,19.516129032258064,0.6373179145263417,0.1678573650907822,18,72.16129032258064,1.0328963080638502,-0.31063575671896615,78,52.645161290322584,1.0841461504229648,-0.47849312180974124,60
JB GPT-5.4,random_criterion,release,0.51,11978,19.27835694718686,73.98579906708125,54.70744211989438,31,19.483870967741936,0.5881828545722533,0.20551402055507495,17,73.61290322580645,1.0662742080649796,-0.37289584127479714,80,54.12903225806452,1.1242602686114178,-0.5784098618298614,63
JB GPT-5.4,random_criterion,release,0.52,12213,19.195276133793676,75.49633833613422,56.30106220234054,31,19.29032258064516,0.6445696211670164,0.09504644685148378,19,75.3225806451613,1.15039693642775,-0.17375769097291993,81,56.03225806451613,1.3021767309548675,-0.2688041378244108,62
JB GPT-5.4,random_criterion,release,0.53,12448,19.09935977048285,76.99552150100897,57.89616173052612,31,19.096774193548388,0.6262275492675741,-0.0025855769344609314,20,76.96774193548387,1.1560815082398253,-0.027779565525094085,82,57.87096774193548,1.334200203806116,-0.025193988590636707,62
JB GPT-5.4,random_criterion,release,0.54,12683,18.990659162124317,78.48170036070262,59.4910411985783,31,18.870967741935484,0.6779823569307685,-0.11969142018883261,20,78.3225806451613,1.0997429775718943,-0.15911971554132265,84,59.45161290322581,1.3074136906297344,-0.03942829535249359,64
JB GPT-5.4,random_criterion,release,0.55,12918,18.869218090070706,79.95310303581876,61.08388494574805,31,18.774193548387096,0.6470938796448947,-0.09502454168361041,19,79.93548387096774,1.1292165748167138,-0.01761916485101267,86,61.16129032258065,1.3765288854431077,0.07740537683259419,67
JB GPT-5.4,random_criterion,release,0.56,13153,18.735073248095294,81.407823539029,62.672750290933706,31,18.451612903225808,0.6061312354392369,-0.2834603448694857,19,81.12903225806451,1.189327030713933,-0.2787912809644837,87,62.67741935483871,1.4137474769373253,0.004669063905005544,68
JB GPT-5.4,random_criterion,release,0.57,13388,18.58825465209245,82.8438102842905,64.25555563219805,31,18.29032258064516,0.5887722753580672,-0.2979320714472884,19,82.70967741935483,1.1924435455964433,-0.13413286493566545,88,64.41935483870968,1.3454616616239043,0.1637992065116265,69
JB GPT-5.4,random_criterion,release,0.58,13622,18.429491387449673,84.25287961224073,65.82338822479106,31,18.06451612903226,0.5772301005403504,-0.3649752584174131,18,83.80645161290323,1.1494920382019609,-0.44642799933750155,89,65.74193548387096,1.300097384222969,-0.08145274092009913,71
JB GPT-5.4,random_criterion,release,0.59,13857,18.257444239845164,85.64470152419592,67.38725728435077,31,17.870967741935484,0.6077314338293179,-0.38647649790967975,16,84.96774193548387,1.216803383952989,-0.6769595887120516,89,67.09677419354838,1.3443268601432214,-0.29048309080238255,73
JB GPT-5.4,random_criterion,release,0.6,14092,18.072776995441007,87.01063906062996,68.93786206518895,31,17.677419354838708,0.6465576287202327,-0.39535764060229894,16,85.93548387096774,1.255470167569901,-1.0751551896622118,89,68.25806451612904,1.411906163636599,-0.6797975490599129,73
JB GPT-5.4,random_criterion,release,0.61,14327,17.87549657544599,88.34791816833568,70.47242159288969,31,17.419354838709676,0.600670223424101,-0.4561417367363134,18,87.45161290322581,1.263923495096446,-0.8963052651098735,92,70.03225806451613,1.3323791243911862,-0.4401635283735601,74
JB GPT-5.4,random_criterion,release,0.62,14562,17.665604899145645,89.65354075452146,71.98793585537581,31,17.161290322580644,0.6171331119260967,-0.504314576565001,18,88.51612903225806,1.3965171483664576,-1.1374117222633942,91,71.35483870967742,1.434257057010514,-0.633097145698386,73
JB GPT-5.4,random_criterion,release,0.63,14797,17.443099149093673,90.92426340884326,73.48116425974959,31,16.741935483870968,0.6186487911108985,-0.7011636652227047,17,89.93548387096774,1.4065403937649301,-0.9887795378755158,91,73.19354838709677,1.466778603870202,-0.28761587265282174,74
JB GPT-5.4,random_criterion,release,0.64,15032,17.20797201401855,92.1565736580798,74.94860164406124,31,16.161290322580644,0.6292114440126214,-1.0466816914379073,17,91.6774193548387,1.4015253570293031,-0.47915430324108854,92,75.51612903225806,1.425475561273889,0.5675273881968224,75
JB GPT-5.4,random_criterion,release,0.65,15267,16.960211909885075,93.3466634045958,76.38645149471073,31,15.935483870967742,0.644138974971512,-1.024728038917333,18,93.03225806451613,1.3315718506633487,-0.3144053400796736,92,77.09677419354838,1.420551792464666,0.7103226988376576,74
JB GPT-5.4,random_criterion,release,0.66,15501,16.70093812545037,94.48563658147691,77.78469845602655,31,15.741935483870968,0.6703678045742075,-0.9590026415794028,17,93.58064516129032,1.3462606064704437,-0.9049914201865903,100,77.83870967741936,1.4354174202331202,0.05401122139281256,83
JB GPT-5.4,random_criterion,release,0.67,15736,16.427915171069124,95.57875231877105,79.15083714770194,31,15.419354838709678,0.6668400745683293,-1.0085603323594459,17,94.64516129032258,1.3460802410190413,-0.9335910284484754,103,79.2258064516129,1.3878967435635519,0.07496930391096157,86
JB GPT-5.4,random_criterion,release,0.68,15971,16.14220085738117,96.61615423609366,80.4739533787125,31,15.258064516129032,0.6557729444708476,-0.8841363412521375,17,95.41935483870968,1.2170599101257265,-1.1967993973839839,104,80.16129032258064,1.255608299815978,-0.3126630561318535,87
JB GPT-5.4,random_criterion,release,0.69,16206,15.843768312453085,97.59251579497126,81.74874748251818,31,14.903225806451612,0.6364465172095166,-0.9405425060014725,17,96.25806451612904,1.2546410547265467,-1.3344512788422236,104,81.35483870967742,1.2274182951120856,-0.39390877284076,87
JB GPT-5.4,random_criterion,release,0.7,16441,15.532587183092993,98.50202276932224,82.96943558622925,31,14.774193548387096,0.6504087671170328,-0.7583936347058966,17,97.03225806451613,1.1863777626159184,-1.46976470480611,104,82.25806451612904,1.226032803096988,-0.7113710701002134,87
JB GPT-5.4,random_criterion,release,0.71,16676,15.2086237335766,99.3383180445437,84.1296943109671,31,14.580645161290322,0.5880059131229032,-0.6279785722862776,17,98.3225806451613,1.234266223852193,-1.0157373993824024,107,83.74193548387096,1.2589189268485024,-0.3877588270961354,90
JB GPT-5.4,random_criterion,release,0.72,16911,14.871840925579248,100.0944385219293,85.22259759635006,31,14.387096774193548,0.6129032258064516,-0.4847441513856996,17,98.87096774193549,1.3613259945384777,-1.2234707799938178,109,84.48387096774194,1.4247210387141407,-0.73872662860812,92
JB GPT-5.4,random_criterion,release,0.73,17146,14.522198479942409,100.76274272455169,86.24054424460928,31,13.903225806451612,0.5648386175641494,-0.6189726734907968,17,99.25806451612904,1.3238650988153045,-1.5046782084226464,110,85.35483870967742,1.3776623391231337,-0.8857055349318586,93
JB GPT-5.4,random_criterion,release,0.74,17380,14.16122306932437,101.332609581387,87.17138651206264,31,13.419354838709678,0.5579806015597331,-0.741868230614692,15,99.96774193548387,1.307121824638682,-1.3648676459031321,110,86.54838709677419,1.3156123801447557,-0.6229994152884473,95
JB GPT-5.4,random_criterion,release,0.75,17615,13.785782961538573,101.79968307863751,88.01390011709894,31,13.129032258064516,0.5970211636598716,-0.6567507034740565,15,100.35483870967742,1.3436816596049281,-1.4448443689600907,112,87.2258064516129,1.4063677591654746,-0.7880936654860449,97
JB GPT-5.4,random_criterion,release,0.76,17850,13.397343514595857,102.15108966813898,88.75374615354312,31,12.741935483870968,0.5956251652639135,-0.6554080307248888,13,100.45161290322581,1.3574475650202467,-1.6994767649131717,111,87.70967741935483,1.4158804004432537,-1.0440687341882864,98
JB GPT-5.4,random_criterion,release,0.77,18085,12.995851784326172,102.3755017873917,89.37965000306552,31,12.225806451612904,0.5749421240987033,-0.7700453327132681,12,100.7741935483871,1.301537285781004,-1.6013082390045952,114,88.54838709677419,1.289193054002803,-0.8312629062913288,102
JB GPT-5.4,random_criterion,release,0.78,18320,12.581251655828899,102.46033874199006,89.87908708616116,31,11.709677419354838,0.5587881441832655,-0.8715742364740606,10,101.25806451612904,1.3678078701900092,-1.202274225861018,114,89.54838709677419,1.3988003382910132,-0.33069998938697154,104
JB GPT-5.4,random_criterion,release,0.79,18555,12.15348382016711,102.39158694766718,90.23810312750007,31,11.290322580645162,0.5607091293301605,-0.8631612395219488,11,101.51612903225806,1.377914091101392,-0.8754579154091147,114,90.2258064516129,1.3994696978893257,-0.012296675887171205,103
JB GPT-5.4,random_criterion,release,0.8,18790,11.712485743880556,102.15358770902597,90.4411019651454,31,10.580645161290322,0.5303157784143718,-1.1318405825902342,10,101.16129032258064,1.3694805342718699,-0.9922973864453297,113,90.58064516129032,1.37627688007962,0.1395431961449134,103
JB GPT-5.4,random_criterion,release,0.81,19024,11.260153066341633,101.73101611863693,90.4708630522953,31,10.129032258064516,0.5220759543551604,-1.1311208082771174,9,101.06451612903226,1.371707580260464,-0.6664999896046737,113,90.93548387096774,1.4019460237419814,0.46462081867244365,104
JB GPT-5.4,random_criterion,release,0.82,19259,10.792550862915837,101.10058443935452,90.30803357643869,31,9.774193548387096,0.5116065302183441,-1.0183573145287408,9,100.06451612903226,1.2657060453639697,-1.036068310322264,111,90.29032258064517,1.302762613310237,-0.017710995793521533,102
JB GPT-5.4,random_criterion,release,0.83,19494,10.311511449742323,100.24139558583656,89.92988413609423,31,9.419354838709678,0.4989757111514668,-0.8921566110326449,6,99.29032258064517,1.3093489709447923,-0.9510730051913896,109,89.87096774193549,1.3613259945384777,-0.058916394158742946,103
JB GPT-5.4,random_criterion,release,0.84,19729,9.8169590950639,99.12817840103796,89.31121930597405,31,8.741935483870968,0.4972348094967148,-1.0750236111929325,6,98.87096774193549,1.3317802262134157,-0.2572106591024692,107,90.12903225806451,1.346234841456873,0.8178129520904633,101
JB GPT-5.4,random_criterion,release,0.85,19964,9.308814728965512,97.73216962355377,88.42335489458826,31,8.258064516129032,0.45429312202747546,-1.0507502128364798,5,97.61290322580645,1.3437849125085735,-0.1192663977473245,102,89.35483870967742,1.3388716057009362,0.931483815089166,97
JB GPT-5.4,random_criterion,release,0.86,20199,8.786995971490086,96.02049557057904,87.23349959908896,31,7.67741935483871,0.4408864403424487,-1.1095766166513759,4,96.70967741935483,1.2505427195044496,0.6891818487757888,97,89.03225806451613,1.2360915431942874,1.79875846542717,93
JB GPT-5.4,random_criterion,release,0.87,20434,8.251417198230643,93.9554256222707,85.70400842404005,31,7.354838709677419,0.4809229189501758,-0.8965784885532235,4,95.03225806451613,1.168110201539812,1.0768324422454327,94,87.6774193548387,1.138181058573301,1.97341093079865,90
JB GPT-5.4,random_criterion,release,0.88,20669,7.701989655609866,91.49346900223861,83.79147934662875,31,6.806451612903226,0.4850880750063376,-0.8955380427066402,4,92.38709677419355,1.216974407409612,0.8936277719549395,93,85.58064516129032,1.209971290469312,1.7891658146615725,89
JB GPT-5.4,random_criterion,release,0.89,20903,7.141048617467518,88.59768625097053,81.45663763350301,31,6.258064516129032,0.49939262450465044,-0.8829841013384856,4,89.58064516129032,1.257899079279592,0.9829589103197947,90,83.3225806451613,1.2626879477043549,1.8659430116582882,86
JB GPT-5.4,random_criterion,release,0.9,21138,6.5637056627692045,85.18502412612325,78.62131846335404,31,5.838709677419355,0.4569576206639952,-0.7249959853498495,4,87.58064516129032,1.2081926371614566,2.3956210351670677,86,81.74193548387096,1.226032803096988,3.1206170205169173,82
JB GPT-5.4,random_criterion,release,0.91,21373,5.972231537183788,81.19858374919808,75.22635221201429,31,5.419354838709677,0.45145926726176683,-0.5528766984741109,4,83.74193548387096,1.110039950783022,2.543351734672882,80,78.3225806451613,1.153197608498031,3.0962284331470045,76
JB GPT-5.4,random_criterion,release,0.92,21608,5.366527682670178,76.55832355687645,71.19179587420626,31,4.612903225806452,0.42673408242977273,-0.7536244568637258,4,79.3225806451613,1.0780179909267316,2.7642570882848503,73,74.70967741935483,1.1063779404295013,3.517881545148569,69
JB GPT-5.4,random_criterion,release,0.93,21843,4.746494330017919,71.1700519998586,66.42355766984068,31,4.225806451612903,0.3815916790287609,-0.520687878405016,4,73.06451612903226,1.1518432949262665,1.894464129173656,66,68.83870967741936,1.090621578904994,2.4151520075786834,62
JB GPT-5.4,random_criterion,release,0.94,22078,4.112031314762268,64.92251155712293,60.81048024236066,31,3.7096774193548385,0.377295264960347,-0.4023538954074293,4,67.0,1.1685852120617746,2.077488442877069,60,63.29032258064516,1.0936704978290825,2.4798423382844987,56
JB GPT-5.4,random_criterion,release,0.95,22313,3.4630391099551243,57.683823814064965,54.22078470410984,31,2.967741935483871,0.34230047470664027,-0.4952971744712533,4,58.806451612903224,1.1114452035585713,1.1226277988382591,52,55.83870967741935,1.0717253441621408,1.6179249733095133,48
JB GPT-5.4,random_criterion,release,0.96,22548,2.7994201167149013,49.29715470390943,46.49773458719453,31,2.5483870967741935,0.2999595301642969,-0.2510330199407078,4,50.16129032258065,0.9925494209883986,0.8641356186712201,41,47.61290322580645,1.013539968343509,1.1151686386119195,37
JB GPT-5.4,random_criterion,release,0.97,22782,2.12399812702424,39.61992697122221,37.49592884419798,31,1.967741935483871,0.26020616709254496,-0.15625619154036885,4,39.774193548387096,1.2134636088214994,0.1542665771648828,33,37.806451612903224,1.2720480098793776,0.31052276870524764,29
JB GPT-5.4,random_criterion,release,0.98,23017,1.4309120035238594,28.34654883456983,26.915636831045973,31,1.3225806451612903,0.24707796329195822,-0.10833135836256913,3,28.419354838709676,0.9295324221133829,0.07280600413984573,17,27.096774193548388,0.9428335680331175,0.1811373625024153,14
JB GPT-5.4,random_criterion,release,0.99,23252,0.7229359912328461,15.247295660990886,14.52435966975804,31,0.7741935483870968,0.17785869357535772,0.05125755715425062,0,15.548387096774194,0.777144912072415,0.30109143578330766,8,14.774193548387096,0.7797293125834365,0.24983387862905637,8
JB GPT-5.4,random_criterion,release,1.0,23487,0.0,0.0,0.0,31,0.0,0.0,0.0,0,0.0,0.0,0.0,0,0.0,0.0,0.0,0
JB GPT-5.4,disagreement_then_random,release,0.0,0,0.0,0.0,0.0,31,0.0,0.0,0.0,0,0.0,0.0,0.0,0,0.0,0.0,0.0,0
JB GPT-5.4,disagreement_then_random,release,0.01,235,0.0,0.0,0.0,31,0.0,0.0,0.0,0,0.0,0.0,0.0,0,0.0,0.0,0.0,0
JB GPT-5.4,disagreement_then_random,release,0.02,470,0.0,0.0,0.0,31,0.0,0.0,0.0,0,0.0,0.0,0.0,0,0.0,0.0,0.0,0
JB GPT-5.4,disagreement_then_random,release,0.03,705,0.0,0.0,0.0,31,0.0,0.0,0.0,0,0.0,0.0,0.0,0,0.0,0.0,0.0,0
JB GPT-5.4,disagreement_then_random,release,0.04,939,0.0,0.0,0.0,31,0.0,0.0,0.0,0,0.0,0.0,0.0,0,0.0,0.0,0.0,0
JB GPT-5.4,disagreement_then_random,release,0.05,1174,0.0,0.0,0.0,31,0.0,0.0,0.0,0,0.0,0.0,0.0,0,0.0,0.0,0.0,0
JB GPT-5.4,disagreement_then_random,release,0.06,1409,1.0,0.0,-1.0,31,1.0,0.0,0.0,1,0.0,0.0,0.0,0,-1.0,0.0,0.0,-1
JB GPT-5.4,disagreement_then_random,release,0.07,1644,1.0,0.0,-1.0,31,1.0,0.0,0.0,1,0.0,0.0,0.0,0,-1.0,0.0,0.0,-1
JB GPT-5.4,disagreement_then_random,release,0.08,1879,1.0,0.0,-1.0,31,1.0,0.0,0.0,1,0.0,0.0,0.0,0,-1.0,0.0,0.0,-1
JB GPT-5.4,disagreement_then_random,release,0.09,2114,1.0,0.0,-1.0,31,1.0,0.0,0.0,1,0.0,0.0,0.0,0,-1.0,0.0,0.0,-1
JB GPT-5.4,disagreement_then_random,release,0.1,2349,1.0,0.0,-1.0,31,1.0,0.0,0.0,1,0.0,0.0,0.0,0,-1.0,0.0,0.0,-1
JB GPT-5.4,disagreement_then_random,release,0.11,2584,1.0,0.0,-1.0,31,1.0,0.0,0.0,1,0.0,0.0,0.0,0,-1.0,0.0,0.0,-1
JB GPT-5.4,disagreement_then_random,release,0.12,2818,2.0,0.0,-2.0,31,2.0,0.0,0.0,2,0.0,0.0,0.0,0,-2.0,0.0,0.0,-2
JB GPT-5.4,disagreement_then_random,release,0.13,3053,3.0,0.0,-3.0,31,3.0,0.0,0.0,3,0.0,0.0,0.0,0,-3.0,0.0,0.0,-3
JB GPT-5.4,disagreement_then_random,release,0.14,3288,3.0,0.0,-3.0,31,3.0,0.0,0.0,3,0.0,0.0,0.0,0,-3.0,0.0,0.0,-3
JB GPT-5.4,disagreement_then_random,release,0.15,3523,4.0,0.0,-4.0,31,4.0,0.0,0.0,4,0.0,0.0,0.0,0,-4.0,0.0,0.0,-4
JB GPT-5.4,disagreement_then_random,release,0.16,3758,4.0,0.0,-4.0,31,4.0,0.0,0.0,4,0.0,0.0,0.0,0,-4.0,0.0,0.0,-4
JB GPT-5.4,disagreement_then_random,release,0.17,3993,4.0,0.0,-4.0,31,4.0,0.0,0.0,4,0.0,0.0,0.0,0,-4.0,0.0,0.0,-4
JB GPT-5.4,disagreement_then_random,release,0.18,4228,5.0,1.0,-4.0,31,5.0,0.0,0.0,5,1.0,0.0,0.0,1,-4.0,0.0,0.0,-4
JB GPT-5.4,disagreement_then_random,release,0.19,4463,5.855126178136363,3.221567125777522,-2.633559052358841,31,6.096774193548387,0.19318963166860825,0.2416480154120242,5,3.3548387096774195,0.22503709178985326,0.13327158389989746,4,-2.7419354838709675,0.307496802800002,-0.10837643151212673,-1
JB GPT-5.4,disagreement_then_random,release,0.2,4697,7.141311326936871,5.175859152626585,-1.9654521743102862,31,7.225806451612903,0.31008038298575274,0.08449512467603171,6,5.161290322580645,0.2862316311185615,-0.014568830045940118,9,-2.064516129032258,0.4067587165457578,-0.09906395472197183,3
JB GPT-5.4,disagreement_then_random,release,0.21,4932,8.347374351870195,7.15027989551216,-1.1970944563580357,31,8.419354838709678,0.3555223131644788,0.07198048683948244,7,7.193548387096774,0.3292851652948347,0.04326849158461421,11,-1.2258064516129032,0.5281529540174156,-0.02871199525486756,4
JB GPT-5.4,disagreement_then_random,release,0.22,5167,9.47482161590542,9.1361636123418,-0.3386580035636193,31,9.67741935483871,0.45764026999237717,0.20259773893329047,8,8.903225806451612,0.35425171389141535,-0.2329378058901881,11,-0.7741935483870968,0.5578562604770617,-0.43553554482347745,3
JB GPT-5.4,disagreement_then_random,release,0.23,5402,10.52990524076712,11.133154673243478,0.6032494324763586,31,11.064516129032258,0.4682051840231665,0.5346108882651386,11,11.35483870967742,0.4110003194326106,0.22168403643394186,11,0.2903225806451613,0.604985645234656,-0.31292685183119734,0
JB GPT-5.4,disagreement_then_random,release,0.24,5637,11.518076588331143,13.140880262743705,1.6228036744125625,31,12.161290322580646,0.5207454833992795,0.6432137342495032,12,13.612903225806452,0.4944366172777149,0.4720229630627468,14,1.4516129032258065,0.7867706004934997,-0.17119077118675596,2
JB GPT-5.4,disagreement_then_random,release,0.25,5872,12.444106700475679,15.158949142046717,2.7148424415710384,31,13.451612903225806,0.526376760438694,1.0075062027501271,12,15.451612903225806,0.51187765187501,0.29266376117908877,14,2.0,0.834730012368303,-0.7148424415710384,2
JB GPT-5.4,disagreement_then_random,release,0.26,6107,13.312187119304074,17.186950369406823,3.874763250102749,31,13.870967741935484,0.5422809958498801,0.55878062263141,13,17.483870967741936,0.5900081423566739,0.2969205983351131,16,3.6129032258064515,0.8733539593987667,-0.2618600242962974,3
JB GPT-5.4,disagreement_then_random,release,0.27,6341,14.122661422992755,19.215762259748523,5.093100836755768,31,14.580645161290322,0.5241976840200796,0.45798373829756756,13,19.612903225806452,0.7043298032391048,0.39714096605792903,21,5.032258064516129,0.9610521462894807,-0.06084277223963941,8
JB GPT-5.4,disagreement_then_random,release,0.28,6576,14.885718148432302,21.262272371184064,6.376554222751762,31,15.258064516129032,0.4885082448000236,0.37234636769673024,12,21.516129032258064,0.7589905119923998,0.25385666107399985,21,6.258064516129032,0.9537337401880485,-0.1184897066227304,9
JB GPT-5.4,disagreement_then_random,release,0.29,6811,15.600689471736388,23.317352365919234,7.716662894182846,31,15.96774193548387,0.47628461484623874,0.36705246374748235,15,23.387096774193548,0.8173882079425442,0.06974440827431394,23,7.419354838709677,0.9387410850896221,-0.2973080554731693,8
JB GPT-5.4,disagreement_then_random,release,0.3,7046,16.27016893747721,25.380498821642508,9.1103298841653,31,16.322580645161292,0.478319407329844,0.0524117076840831,17,25.70967741935484,0.818066890536224,0.3291785977123318,26,9.387096774193548,0.854686535451082,0.2767668900282487,9
JB GPT-5.4,disagreement_then_random,release,0.31,7281,16.896476954308564,27.45118144061173,10.554704486303166,31,17.29032258064516,0.5549262246559996,0.3938456263365957,18,28.06451612903226,0.8537526068487322,0.6133346884205295,27,10.774193548387096,0.8369294589040394,0.21948906208393026,9
JB GPT-5.4,disagreement_then_random,release,0.32,7516,17.481696281904814,29.528841419956194,12.04714513805138,31,17.774193548387096,0.5157929012994176,0.29249726648228247,19,29.967741935483872,0.9721762207705469,0.4389005155276777,28,12.193548387096774,0.8840514688937173,0.14640324904539348,9
JB GPT-5.4,disagreement_then_random,release,0.33,7751,18.027702059815102,31.612889741836952,13.58518768202185,31,17.806451612903224,0.5592224918152559,-0.22125044691187767,18,32.096774193548384,0.9336652697486344,0.48388445171143246,31,14.290322580645162,0.9334794989853898,0.7051348986233119,13
JB GPT-5.4,disagreement_then_random,release,0.34,7986,18.536187297925206,33.702705375482665,15.166518077557459,31,18.161290322580644,0.556673634996399,-0.3748969753445621,18,33.935483870967744,0.8846790121627284,0.23277849548507845,35,15.774193548387096,0.8904628220543395,0.607675470829637,17
JB GPT-5.4,disagreement_then_random,release,0.35,8220,19.006748202596558,35.78870892450058,16.781960721904024,31,18.35483870967742,0.5339010159493728,-0.6519094929191382,20,35.83870967741935,0.9123958466923194,0.05000075291876982,37,17.483870967741936,0.9191756097697328,0.7019102458379116,17
JB GPT-5.4,disagreement_then_random,release,0.36,8455,19.44479276512459,37.88804115828707,18.443248393162484,31,18.93548387096774,0.5466131967116102,-0.5093088941568489,21,38.096774193548384,0.9008417076109151,0.20873303526131082,39,19.161290322580644,0.9159245569175554,0.7180419294181597,18
JB GPT-5.4,disagreement_then_random,release,0.37,8690,19.84949987013472,39.99106922748753,20.141569357352807,31,19.64516129032258,0.6126768116037474,-0.20433857981214132,19,39.96774193548387,0.9245561224644732,-0.023327292003656908,42,20.322580645161292,0.9417292453552696,0.1810112878084844,23
JB GPT-5.4,disagreement_then_random,release,0.38,8925,20.222022718624086,42.09702415826828,21.875001439644198,31,19.870967741935484,0.6603061125954427,-0.3510549766886015,18,41.96774193548387,0.9520593084531807,-0.12928222278441126,43,22.096774193548388,0.9642589652493893,0.22177275390419027,25
JB GPT-5.4,disagreement_then_random,release,0.39,9160,20.563414287962242,44.20509432372879,23.641680035766544,31,20.225806451612904,0.6982461552883459,-0.33760783634933844,19,44.03225806451613,0.9699616121078638,-0.17283625921265866,45,23.806451612903224,1.0238230639714103,0.16477157713667978,26
JB GPT-5.4,disagreement_then_random,release,0.4,9395,20.874637746684577,46.31442290016565,25.439785153481075,31,20.677419354838708,0.7264393894958953,-0.19721839184586898,19,46.193548387096776,1.030105282059197,-0.12087451306887687,47,25.516129032258064,1.0105582059520697,0.07634387877698856,28
JB GPT-5.4,disagreement_then_random,release,0.41,9630,21.15657557947584,48.42410515201306,27.26752957253722,31,21.419354838709676,0.7387495880658744,0.2627792592338345,18,48.12903225806452,1.032526846727302,-0.29507289394854297,49,26.70967741935484,1.1742703507908412,-0.557852153182381,31
JB GPT-5.4,disagreement_then_random,release,0.42,9865,21.410037623424373,50.53318552800906,29.123147904584684,31,21.741935483870968,0.8282222728196755,0.3318978604465954,18,50.54838709677419,0.9681361204362613,0.015201568765135676,55,28.806451612903224,1.181778643864408,-0.31669629168145974,37
JB GPT-5.4,disagreement_then_random,release,0.43,10099,21.634865392642077,52.63169149210523,30.996826099463156,31,21.838709677419356,0.8126642420512339,0.20384428477727923,18,52.70967741935484,1.007705312346517,0.07798592724960685,60,30.870967741935484,1.206382609722381,-0.12585835752767238,42
JB GPT-5.4,disagreement_then_random,release,0.44,10334,21.83366327761606,54.73649614984833,32.90283287223227,31,22.258064516129032,0.7258183989458745,0.42440123851297074,19,55.064516129032256,0.9693534968591431,0.328019979183928,64,32.806451612903224,1.1671298817798565,-0.09638125932904273,45
JB GPT-5.4,disagreement_then_random,release,0.45,10569,22.00604373498295,56.837500020112,34.83145628512905,31,22.322580645161292,0.6931106395476697,0.3165369101783426,21,57.54838709677419,0.9714623824917777,0.7108870766621891,67,35.225806451612904,1.097122019482346,0.39435016648385357,46
JB GPT-5.4,disagreement_then_random,release,0.46,10804,22.152590027174465,58.93351102412844,36.78092099695398,31,22.419354838709676,0.7210717733031823,0.2667648115352108,21,59.74193548387097,0.9216251913927065,0.8084244597425254,69,37.32258064516129,1.0014903912746593,0.5416596482073075,48
JB GPT-5.4,disagreement_then_random,release,0.47,11039,22.273841493643395,61.023268160751265,38.74942666710787,31,22.322580645161292,0.6564601991459817,0.04873915151789632,21,61.774193548387096,0.8892544629219298,0.7509253876358315,69,39.45161290322581,1.0041191610704672,0.7021862361179387,48
JB GPT-5.4,disagreement_then_random,release,0.48,11274,22.370297687960406,63.10543696317063,40.73513927521023,31,22.64516129032258,0.7026040459386831,0.2748636023621742,21,63.483870967741936,0.82939408864769,0.3784340045713037,72,40.83870967741935,0.9617376457958609,0.10357040220912239,51
JB GPT-5.4,disagreement_then_random,release,0.49,11509,22.44242213073235,65.17860456352754,42.73618243279519,31,22.64516129032258,0.7683922428797639,0.20273915959023014,21,65.70967741935483,0.7622738316253899,0.5310728558272899,75,43.064516129032256,1.0212110498445763,0.3283336962370669,54
JB GPT-5.4,disagreement_then_random,release,0.5,11744,22.49064572326055,67.24127431757778,44.75062859431723,31,23.0,0.7506269780756977,0.509354276739451,22,68.0,0.7773680436375149,0.7587256824222237,76,45.0,0.966091783079296,0.24937140568277272,54
JB GPT-5.4,disagreement_then_random,release,0.51,11978,22.515313899672627,69.2831619751,46.76784807542737,31,22.741935483870968,0.7577098232208302,0.226621584198341,22,69.80645161290323,0.8876928593586665,0.5232896378032308,79,47.064516129032256,1.0420569854920765,0.2966680536048827,57
JB GPT-5.4,disagreement_then_random,release,0.52,12213,22.517010953529436,71.32004337411233,48.803032420582895,31,22.483870967741936,0.7167293812148595,-0.03313998578749988,21,71.96774193548387,0.9280385964440099,0.6476985613715414,80,49.483870967741936,1.0684839704665425,0.6808385471590412,59
JB GPT-5.4,disagreement_then_random,release,0.53,12448,22.49593250119716,73.34138058675386,50.8454480855567,31,22.64516129032258,0.7669915914033122,0.14922878912542004,20,73.90322580645162,0.9405498720117088,0.5618452196977586,80,51.25806451612903,1.1349461092179656,0.412616430572335,60
JB GPT-5.4,disagreement_then_random,release,0.54,12683,22.45240761142352,75.34527767086306,52.89287005943953,31,22.580645161290324,0.7811959311848451,0.12823754986680314,19,75.93548387096774,0.9377799038738289,0.5902062001046886,81,53.354838709677416,1.1458652992734724,0.46196865023788547,62
JB GPT-5.4,disagreement_then_random,release,0.55,12918,22.38674584179023,77.32971919440894,54.94297335261871,31,22.806451612903224,0.8183636371833072,0.41970577111299434,21,78.06451612903226,0.9615572985694553,0.7347969346233185,84,55.25806451612903,1.2648836420075347,0.3150911635103242,63
JB GPT-5.4,disagreement_then_random,release,0.56,13153,22.299239239009072,79.29256069610145,56.99332145709238,31,22.741935483870968,0.8098423342310949,0.44269624486189585,21,79.70967741935483,1.000208094893523,0.4171167232533861,86,56.96774193548387,1.2097132611177641,-0.025579521608506184,65
JB GPT-5.4,disagreement_then_random,release,0.57,13388,22.190164172412636,81.23151806976475,59.04135389735211,31,22.64516129032258,0.7355027350910369,0.4549971179099437,20,81.2258064516129,0.9259806512520855,-0.005711618151849507,90,58.58064516129032,1.0981648362750192,-0.46070873606178964,70
JB GPT-5.4,disagreement_then_random,release,0.58,13622,22.0603826103546,83.13607619233557,61.075693581980964,31,22.419354838709676,0.7135767751843897,0.3589722283550749,21,82.6774193548387,0.9982641889360974,-0.4586568374968607,91,60.25806451612903,1.1358931325012076,-0.8176290658519321,70
JB GPT-5.4,disagreement_then_random,release,0.59,13857,21.909034360845705,85.01992254042369,63.110888179577984,31,21.774193548387096,0.7104590026526694,-0.13484081245860935,22,84.48387096774194,1.0347416359693196,-0.5360515726817567,94,62.70967741935484,1.1141258672808447,-0.40121076022314384,72
JB GPT-5.4,disagreement_then_random,release,0.6,14092,21.736867800285363,86.87208091976797,65.1352131194826,31,21.677419354838708,0.6805865540685555,-0.059448445446655285,22,86.3225806451613,1.0700086390709365,-0.5495002746066717,95,64.64516129032258,1.1709277519164523,-0.49005182916002354,73
JB GPT-5.4,disagreement_then_random,release,0.61,14327,21.54411206538849,88.68957557417052,67.14546350878203,31,21.322580645161292,0.717503282783234,-0.22153142022719763,23,87.90322580645162,1.1142815214536541,-0.7863497677189031,98,66.58064516129032,1.1974652382755218,-0.564818347491709,75
JB GPT-5.4,disagreement_then_random,release,0.62,14562,21.33098769740884,90.46921523918674,69.1382275417779,31,21.06451612903226,0.7108006750999265,-0.2664715683765806,23,89.80645161290323,1.12011842196396,-0.6627636262835068,100,68.74193548387096,1.2356424839929845,-0.39629205790693334,77
JB GPT-5.4,disagreement_then_random,release,0.63,14797,21.097707711804087,92.20757152828428,71.10986381648019,31,21.0,0.7361626748694665,-0.09770771180408744,23,91.80645161290323,1.0507747831074126,-0.4011199153810452,103,70.80645161290323,1.179045864328769,-0.3034122035769542,80
JB GPT-5.4,disagreement_then_random,release,0.64,15032,20.84447857049541,93.90095432366091,73.0564757531655,31,20.70967741935484,0.7291083793164468,-0.13480115114057156,22,93.0,1.0944630931948285,-0.9009543236609119,104,72.29032258064517,1.233225989272612,-0.7661531725203332,82
JB GPT-5.4,disagreement_then_random,release,0.65,15267,20.571501063406217,95.545383673712,74.97388261030578,31,20.29032258064516,0.7142084096714134,-0.2811784827610566,22,94.7741935483871,1.0941778250036853,-0.7711901253248925,105,74.48387096774194,1.236428230564757,-0.490011642563843,83
JB GPT-5.4,disagreement_then_random,release,0.66,15501,20.280257066122623,97.1299059178535,76.84964885173088,31,19.838709677419356,0.7019125549702294,-0.4415473887032668,20,96.06451612903226,1.130168399166779,-1.0653897888212498,106,76.2258064516129,1.1847686380188418,-0.6238424001179794,86
JB GPT-5.4,disagreement_then_random,release,0.67,15736,19.968448400179113,98.66342037570074,78.69497197552163,31,19.741935483870968,0.6606737225008962,-0.2265129163081454,20,97.35483870967742,1.1468033055905853,-1.308581666023315,107,77.61290322580645,1.2301564017660944,-1.0820687497151766,87
JB GPT-5.4,disagreement_then_random,release,0.68,15971,19.637466492764727,100.13397847483739,80.49651198207266,31,19.322580645161292,0.6805865540685555,-0.31488584760343485,21,98.87096774193549,1.146046908799817,-1.263010732901904,109,79.54838709677419,1.1894145209018112,-0.9481248852984692,88
JB GPT-5.4,disagreement_then_random,release,0.69,16206,19.28749666474068,101.53606915336927,82.24857248862858,31,18.967741935483872,0.6807394318857812,-0.3197547292568075,22,100.29032258064517,1.2616711467545323,-1.2457465727241015,109,81.3225806451613,1.2929811321579854,-0.9259918434672869,87
JB GPT-5.4,disagreement_then_random,release,0.7,16441,18.918721810539243,102.86367416101751,83.94495235047827,31,18.193548387096776,0.6466112738253837,-0.7251734234424667,21,101.80645161290323,1.1890353502605666,-1.0572225481142823,108,83.61290322580645,1.228406975532656,-0.33204912467182623,87
JB GPT-5.4,disagreement_then_random,release,0.71,16676,18.53132285050949,104.11020221326184,85.57887936275236,31,17.451612903225808,0.6287702790546061,-1.079709947283682,22,103.25806451612904,1.239118436141593,-0.8521376971328039,110,85.80645161290323,1.2762675376307775,0.227572250150871,88
JB GPT-5.4,disagreement_then_random,release,0.72,16911,18.12547912738375,105.26841246442626,87.1429333370425,31,16.93548387096774,0.6168520219038051,-1.1899952564160081,20,104.03225806451613,1.311228489859338,-1.2361543999101343,114,87.09677419354838,1.3688978682024453,-0.046159143494122645,94
JB GPT-5.4,disagreement_then_random,release,0.73,17146,17.701368750534083,106.33032537443101,88.62895662389693,31,16.677419354838708,0.6193772397382653,-1.0239493956953751,19,105.45161290322581,1.334278194523746,-0.8787124712052048,118,88.7741935483871,1.2798770752629172,0.14523692449017744,99
JB GPT-5.4,disagreement_then_random,release,0.74,17380,17.26108866850144,107.28328334283687,90.02219467433542,31,16.322580645161292,0.6158953562391711,-0.9385080233401482,19,106.38709677419355,1.2134350241163891,-0.8961865686433157,119,90.06451612903226,1.1377543282934452,0.04232145469683246,100
JB GPT-5.4,disagreement_then_random,release,0.75,17615,16.8010516628688,108.12568155117344,91.32462988830464,31,15.96774193548387,0.5874747690171069,-0.8333097273849308,19,107.25806451612904,1.2260328030969883,-0.8676170350444039,117,91.29032258064517,1.191541468770688,-0.03430730765947487,98
JB GPT-5.4,disagreement_then_random,release,0.76,17850,16.323276912516118,108.84232869346229,92.51905178094617,31,15.580645161290322,0.6303680330515703,-0.7426317512257956,18,107.80645161290323,1.2105444921171111,-1.035877080559061,118,92.2258064516129,1.17015730715254,-0.2932453293332742,100
JB GPT-5.4,disagreement_then_random,release,0.77,18085,15.827940106885949,109.42106239102196,93.59312228413602,31,15.161290322580646,0.6171331119260965,-0.666649784305303,18,108.64516129032258,1.3396744806805165,-0.7759011006993859,122,93.48387096774194,1.3221609614744998,-0.10925131639407937,104
JB GPT-5.4,disagreement_then_random,release,0.78,18320,15.31521675055061,109.84824961026781,94.53303285971721,31,14.548387096774194,0.5971954340105528,-0.7668296537764157,17,108.87096774193549,1.3526095332458958,-0.9772818683323266,123,94.3225806451613,1.311968968271713,-0.21045221455591445,106
JB GPT-5.4,disagreement_then_random,release,0.79,18555,14.785282257686283,110.1085544733765,95.32327221569022,31,13.870967741935484,0.5915933205797386,-0.9143145157507995,15,109.29032258064517,1.291988172311034,-0.8182318927313332,122,95.41935483870968,1.2337321588939005,0.09608262301945558,107
JB GPT-5.4,disagreement_then_random,release,0.8,18790,14.23831201343538,110.18466395724477,95.94635194380939,31,13.612903225806452,0.5711287058208128,-0.6254087876289276,14,109.58064516129032,1.3090045413792004,-0.6040187959544454,122,95.96774193548387,1.295553911485368,0.02138999167448219,108
JB GPT-5.4,disagreement_then_random,release,0.81,19024,13.676916156562058,110.05796879674458,96.38105264018252,31,12.96774193548387,0.5801072777461671,-0.7091742210781877,12,109.2258064516129,1.2595524699502407,-0.8321623451316782,121,96.25806451612904,1.2172308975398922,-0.12298812405347803,109
JB GPT-5.4,disagreement_then_random,release,0.82,19259,13.096471198773997,109.70516972028106,96.60869852150707,31,12.096774193548388,0.5253873915537063,-0.9996970052256096,10,109.09677419354838,1.4129621434173278,-0.6083955267326786,123,97.0,1.4035285793735304,0.3913014784929345,113
JB GPT-5.4,disagreement_then_random,release,0.83,19494,12.499515881413162,109.10092804292772,96.60141216151456,31,11.516129032258064,0.5243961560473921,-0.9833868491550977,10,108.93548387096774,1.360688854537398,-0.16544417195997596,122,97.41935483870968,1.4148020823995568,0.8179426771951199,112
JB GPT-5.4,disagreement_then_random,release,0.84,19729,11.886225490171164,108.21612519080361,96.32989970063244,31,10.741935483870968,0.5163306057991446,-1.1442900063001957,9,108.38709677419355,1.4418308398198338,0.17097158338994234,121,97.64516129032258,1.49734416289095,1.315261589690138,112
JB GPT-5.4,disagreement_then_random,release,0.85,19964,11.256775154956085,107.0173064851029,95.76053133014682,31,10.096774193548388,0.48272265175298673,-1.1600009614076967,9,106.87096774193549,1.4231133033454726,-0.14633874316741924,118,96.7741935483871,1.485202768401483,1.0136622182402846,109
JB GPT-5.4,disagreement_then_random,release,0.86,20199,10.611339748334215,105.46590519880927,94.85456545047505,31,9.580645161290322,0.4655305530284592,-1.030694587043893,7,104.80645161290323,1.4107264618595532,-0.6594535859060358,115,95.2258064516129,1.4529981443048892,0.37124100113784664,108
JB GPT-5.4,disagreement_then_random,release,0.87,20434,9.950093761510347,103.51731366967229,93.56721990816195,31,8.838709677419354,0.4865873573472822,-1.111384084090993,6,103.16129032258064,1.528297087451588,-0.35602334709165007,110,94.3225806451613,1.5439003093159198,0.75536073699935,104
JB GPT-5.4,disagreement_then_random,release,0.88,20669,9.273211158910355,101.1197694117729,91.84655825286254,31,8.193548387096774,0.4080358271185006,-1.079662771813581,5,101.38709677419355,1.4779216876213668,0.2673273624206587,105,93.19354838709677,1.4740911943009174,1.3469901342342325,100
JB GPT-5.4,disagreement_then_random,release,0.89,20903,8.583843882716987,98.22656035269178,89.64271646997479,31,7.580645161290323,0.4514592672617668,-1.0031987214266644,4,99.12903225806451,1.386371403234808,0.9024719053727353,96,91.54838709677419,1.3383015312528004,1.905670626799406,92
JB GPT-5.4,disagreement_then_random,release,0.9,21138,7.876271690146625,94.74287409375464,86.86660240360801,31,6.774193548387097,0.4653815117078383,-1.1020781417595282,4,96.0,1.4487666241264656,1.2571259062453635,94,89.2258064516129,1.447065757413319,2.3592040480048837,90
JB GPT-5.4,disagreement_then_random,release,0.91,21373,7.153579133023279,90.59760254516912,83.44402341214584,31,6.096774193548387,0.47372883380453096,-1.0568049394748922,4,91.64516129032258,1.393184938666219,1.0475587451534523,87,85.54838709677419,1.3887711824327795,2.1043636846283533,83
JB GPT-5.4,disagreement_then_random,release,0.92,21608,6.415936225546779,85.69403249274394,79.27809626719717,31,5.548387096774194,0.441986497330413,-0.8675491287725849,4,88.45161290322581,1.2398740047655548,2.7575804104818644,84,82.90322580645162,1.215805267646927,3.625129539254445,80
JB GPT-5.4,disagreement_then_random,release,0.93,21843,5.663511440270613,79.91825692769552,74.25474548742491,31,4.838709677419355,0.41503147747846014,-0.8248017628512576,4,82.87096774193549,1.1252162855258654,2.952710814239964,75,78.03225806451613,1.091988293063938,3.7775125770912155,71
JB GPT-5.4,disagreement_then_random,release,0.94,22078,4.896471452889432,73.13576016335043,68.239288710461,31,4.290322580645161,0.3829527284539381,-0.6061488722442707,4,75.51612903225806,1.2329446941367084,2.380368868907638,67,71.2258064516129,1.2045698624778933,2.9865177411519,63
JB GPT-5.4,disagreement_then_random,release,0.95,22313,4.114980871378932,65.18728377872986,61.07230290735093,31,3.5806451612903225,0.35248486141026414,-0.5343357100886093,4,67.35483870967742,1.219508438866325,2.16755493094756,59,63.774193548387096,1.1242294158206598,2.701890641036165,55
JB GPT-5.4,disagreement_then_random,release,0.96,22548,3.319201950186841,55.88381735295701,52.56461540277017,31,2.6774193548387095,0.3158436280247824,-0.6417825953481313,4,57.25806451612903,1.0306775534647556,1.3742471631720221,45,54.58064516129032,0.9823979807477093,2.0160297585201477,41
JB GPT-5.4,disagreement_then_random,release,0.97,22782,2.5127704170937197,45.05054351434498,42.53777309725126,31,2.161290322580645,0.28245001153900423,-0.3514800945130747,4,45.354838709677416,0.9700331300148446,0.3042951953324362,36,43.193548387096776,0.9939811932609013,0.6557752898455149,32
JB GPT-5.4,disagreement_then_random,release,0.98,23017,1.6889497803463414,32.327889086716965,30.638939306370624,31,1.4516129032258065,0.27371875400769585,-0.23733687712053486,4,32.483870967741936,0.9238430343587565,0.1559818810249709,23,31.032258064516128,0.9787899826000238,0.39331875814550443,19
JB GPT-5.4,disagreement_then_random,release,0.99,23252,0.8513097333413129,17.438677223249385,16.587367489908072,31,0.8064516129032258,0.19354838709677422,-0.04485812043808712,0,17.774193548387096,0.8721616667481146,0.3355163251377107,9,16.967741935483872,0.8998014965890873,0.3803744455758,9
JB GPT-5.4,disagreement_then_random,release,1.0,23487,0.0,0.0,0.0,31,0.0,0.0,0.0,0,0.0,0.0,0.0,0,0.0,0.0,0.0,0
JB GPT-5.4-mini,random_criterion,release,0.0,0,0.0,0.0,0.0,31,0.0,0.0,0.0,0,0.0,0.0,0.0,0,0.0,0.0,0.0,0
JB GPT-5.4-mini,random_criterion,release,0.01,235,1.8613248737804804,0.8315347547869504,-1.02979011899353,31,2.161290322580645,0.2501473724489522,0.2999654488001646,0,0.6451612903225806,0.14329747310931337,-0.18637346446436975,1,-1.5161290322580645,0.2964701574926762,-0.4863389132645346,1
JB GPT-5.4-mini,random_criterion,release,0.02,470,3.609112058729356,1.6853848670354432,-1.923727191693913,31,3.935483870967742,0.3177050903805196,0.32637181223838585,1,1.4838709677419355,0.2014515483354322,-0.20151389929350771,3,-2.4516129032258065,0.37912947735120883,-0.5278857115318936,2
JB GPT-5.4-mini,random_criterion,release,0.03,705,5.252393125368138,2.561630894260671,-2.690762231107467,31,5.548387096774194,0.40384898081619347,0.2959939714060562,3,2.4516129032258065,0.24903560084669396,-0.11001799103486443,4,-3.096774193548387,0.47372883380453096,-0.4060119624409202,1
JB GPT-5.4-mini,random_criterion,release,0.04,939,6.792977099904889,3.456470463262514,-3.3365066366423752,31,6.806451612903226,0.49821046388028195,0.013474512998336685,7,3.096774193548387,0.27181128300568896,-0.35969626971412705,4,-3.7096774193548385,0.5626235556289794,-0.3731707827124633,-3
JB GPT-5.4-mini,random_criterion,release,0.05,1174,8.251434598352702,4.377609840162847,-3.873824758189855,31,8.32258064516129,0.5274958018977697,0.07114604680858783,9,3.903225806451613,0.3257904818826477,-0.4743840337112344,4,-4.419354838709677,0.5824940694670405,-0.5455300805198222,-5
JB GPT-5.4-mini,random_criterion,release,0.06,1409,9.627703295207285,5.321319275333976,-4.306384019873309,31,9.64516129032258,0.6213900253858093,0.017457995115295333,12,5.032258064516129,0.3694921564716479,-0.28906121081784697,4,-4.612903225806452,0.728346808794666,-0.3065192059331432,-8
JB GPT-5.4-mini,random_criterion,release,0.07,1644,10.927851663998009,6.2876330617850265,-4.6402186022129825,31,10.870967741935484,0.6504620946100194,-0.056883922062525016,14,6.161290322580645,0.44017780912040483,-0.12634273920438144,4,-4.709677419354839,0.8739891837463348,-0.06945881714185642,-10
JB GPT-5.4-mini,random_criterion,release,0.08,1879,12.157351151006353,7.276572850078663,-4.880778300927689,31,12.225806451612904,0.6651213446074152,0.06845530060655136,13,7.096774193548387,0.5233367687915677,-0.17979865653027627,5,-5.129032258064516,0.9735666999852411,-0.24825395713682674,-8
JB GPT-5.4-mini,random_criterion,release,0.09,2114,13.321128470957218,8.28814721595537,-5.0329812550018485,31,13.483870967741936,0.7182280581619213,0.16274249678471797,13,8.129032258064516,0.5952173823263047,-0.1591149578908535,5,-5.354838709677419,1.0437199672807786,-0.3218574546755706,-8
JB GPT-5.4-mini,random_criterion,release,0.1,2349,14.423614771638281,9.322351222682427,-5.101263548955854,31,14.67741935483871,0.7888839220855928,0.253804583200429,14,9.258064516129032,0.6639208106935708,-0.06428670655339452,8,-5.419354838709677,1.1290629796127474,-0.3180912897538226,-6
JB GPT-5.4-mini,random_criterion,release,0.11,2584,15.468791603361424,10.379165976632189,-5.0896256267292355,31,15.774193548387096,0.8446029510887705,0.30540194502567175,15,10.096774193548388,0.715954643108454,-0.282391783083801,10,-5.67741935483871,1.1826588386118175,-0.5877937281094745,-5
JB GPT-5.4-mini,random_criterion,release,0.12,2818,16.45612398653534,11.453917245935529,-5.00220674059981,31,16.677419354838708,0.7847841930250137,0.2212953683033696,18,11.193548387096774,0.7597670198056256,-0.2603688588387545,10,-5.483870967741935,1.1499144126561203,-0.481664227142125,-8
JB GPT-5.4-mini,random_criterion,release,0.13,3053,17.397247527098436,12.555742965315194,-4.841504561783243,31,17.516129032258064,0.794972059753743,0.11888150515962792,21,12.258064516129032,0.744828394662599,-0.2976784491861615,11,-5.258064516129032,1.1244762144440865,-0.4165599543457894,-10
JB GPT-5.4-mini,random_criterion,release,0.14,3288,18.29070907211246,13.680034730173096,-4.610674341939363,31,17.93548387096774,0.7991063340105902,-0.35522520114471945,23,13.548387096774194,0.7840324626774613,-0.1316476333989023,12,-4.387096774193548,1.1562615131468312,0.2235775677458154,-11
JB GPT-5.4-mini,random_criterion,release,0.15,3523,19.13908954098159,14.826713244037451,-4.312376296944139,31,18.70967741935484,0.9403654613140927,-0.4294121216267506,23,15.0,0.8230548917531015,0.1732867559625486,12,-3.7096774193548385,1.2760772791401949,0.6026988775893005,-11
JB GPT-5.4-mini,random_criterion,release,0.16,3758,19.944703346537253,15.995682864878132,-3.9490204816591206,31,19.838709677419356,0.9914654887942377,-0.10599366911789687,23,16.225806451612904,0.8226755163507139,0.23012358673477173,12,-3.6129032258064515,1.3064582503481996,0.33611725585266905,-11
JB GPT-5.4-mini,random_criterion,release,0.17,3993,20.709626436522832,17.186831076666717,-3.522795359856115,31,20.967741935483872,0.9743857960276928,0.2581154989610397,24,17.483870967741936,0.8498842017794366,0.2970398910752188,13,-3.4838709677419355,1.2511250573473627,0.03892439211417953,-11
JB GPT-5.4-mini,random_criterion,release,0.18,4228,21.43572178950038,18.400027937498706,-3.0356938520016747,31,21.419354838709676,1.00083211996924,-0.016366950790704493,24,18.741935483870968,0.809842334231095,0.34190754637226206,17,-2.6774193548387095,1.3451522652542707,0.3582744971629652,-7
JB GPT-5.4-mini,random_criterion,release,0.19,4463,22.124662522865393,19.635125500903072,-2.4895370219623203,31,21.580645161290324,0.9856761159125256,-0.5440173615750687,21,19.741935483870968,0.8045138008606405,0.10680998296789568,19,-1.8387096774193548,1.344120429667108,0.6508273445429655,-2
JB GPT-5.4-mini,random_criterion,release,0.2,4697,22.77524638569982,20.886563195516363,-1.8886831901834569,31,22.387096774193548,0.9107215848239073,-0.3881496115062717,22,20.903225806451612,0.824823003117896,0.016662610935249234,21,-1.4838709677419355,1.308262385097969,0.4048122224415214,-1
JB GPT-5.4-mini,random_criterion,release,0.21,4932,23.394383384247075,22.164851952704588,-1.2295314315424868,31,23.64516129032258,0.8986828917883454,0.25077790607550554,22,22.096774193548388,0.8504961723374167,-0.06807775915619985,25,-1.5483870967741935,1.2707111798249375,-0.3188556652317067,3
JB GPT-5.4-mini,random_criterion,release,0.22,5167,23.980439620866893,23.464484196537505,-0.5159554243293876,31,23.70967741935484,0.9018422583229189,-0.27076220151205277,25,23.70967741935484,0.8603494518665598,0.2451932228173348,26,0.0,1.2767566435627897,0.5159554243293876,1
JB GPT-5.4-mini,random_criterion,release,0.23,5402,24.53451812027423,24.78523359444259,0.25071547416835926,31,24.548387096774192,0.9191378729079795,0.01386897649996044,24,25.096774193548388,0.9631431951840879,0.3115405991057969,28,0.5483870967741935,1.356655208276955,0.29767162260583424,4
JB GPT-5.4-mini,random_criterion,release,0.24,5637,25.05761723269326,26.12685237847796,1.069235145784699,31,25.129032258064516,0.9409923102354787,0.07141502537125533,23,26.483870967741936,0.9737092009666813,0.35701858926397634,29,1.3548387096774193,1.3202707339636082,0.28560356389272035,6
JB GPT-5.4-mini,random_criterion,release,0.25,5872,25.550642681654253,27.489070518368575,1.9384278367143217,31,26.06451612903226,0.9977776206989575,0.5138734473780069,23,27.806451612903224,1.0111415403922948,0.3173810945346496,32,1.7419354838709677,1.4217721351054575,-0.19649235284335398,9
JB GPT-5.4-mini,random_criterion,release,0.26,6107,26.014418265993466,28.871594835372353,2.857176569378886,31,26.64516129032258,1.0661440794083974,0.6307430243291137,23,29.258064516129032,1.0441519087103208,0.3864696807566794,33,2.6129032258064515,1.4078714348644128,-0.2442733435724347,10
JB GPT-5.4-mini,random_criterion,release,0.27,6341,26.447902484802828,30.268098034378664,3.8201955495758355,31,26.93548387096774,1.0233147529443125,0.4875813861649121,24,30.548387096774192,1.0684515070709537,0.28028906239552853,35,3.6129032258064515,1.347779870475041,-0.207292323769384,11
JB GPT-5.4-mini,random_criterion,release,0.28,6576,26.855485306328312,31.690174906350663,4.834689600022351,31,27.580645161290324,0.9535155028013719,0.725159854962012,24,32.0,1.045214388668454,0.3098250936493372,37,4.419354838709677,1.3629302663220693,-0.4153347613126739,13
JB GPT-5.4-mini,random_criterion,release,0.29,6811,27.23588492531434,33.13153127347058,5.895646348156237,31,28.193548387096776,1.0810382850975666,0.9576634617824347,25,33.38709677419355,1.047965175645281,0.2555655007229731,40,5.193548387096774,1.539039887022649,-0.7020979610594633,15
JB GPT-5.4-mini,random_criterion,release,0.3,7046,27.58968192924468,34.591771213355685,7.002089284111005,31,28.548387096774192,1.0774708634909205,0.9587051675295122,25,34.61290322580645,1.0459110545818069,0.021132012450763682,43,6.064516129032258,1.5380028132243297,-0.9375731550787467,18
JB GPT-5.4-mini,random_criterion,release,0.31,7281,27.917412353799623,36.07047011118384,8.153057757384214,31,28.870967741935484,0.9624586967636932,0.9535553881358609,24,36.25806451612903,1.0635381626990024,0.18759440494519453,46,7.387096774193548,1.461092108373114,-0.7659609831906664,22
JB GPT-5.4-mini,random_criterion,release,0.32,7516,28.219572647348247,37.56717327263185,9.3476006252836,31,29.0,0.9204954252775999,0.7804273526517527,26,38.03225806451613,1.0477665657362398,0.46508479188428,47,9.03225806451613,1.3323791243911862,-0.3153425607674709,21
JB GPT-5.4-mini,random_criterion,release,0.33,7751,28.496623996034497,39.08139442341636,10.584770427381866,31,29.129032258064516,0.8929134812015947,0.6324082620300189,26,39.83870967741935,1.007602044453129,0.7573152540029895,50,10.709677419354838,1.2727022714681577,0.12490699197297239,24
JB GPT-5.4-mini,random_criterion,release,0.34,7986,28.748996081177523,40.612614084946316,11.863618003768792,31,29.129032258064516,0.87711886062508,0.38003617688699265,26,41.645161290322584,1.0498831344045116,1.032547205376268,51,12.516129032258064,1.3033216189627852,0.6525110284892719,25
JB GPT-5.4-mini,random_criterion,release,0.35,8220,28.976170617216017,42.153657992987426,13.17748737577141,31,29.612903225806452,0.8239394217147079,0.6367326085904352,25,43.193548387096776,1.0548600833058688,1.0398903941093494,52,13.580645161290322,1.2519010864327842,0.40315778551891235,27
JB GPT-5.4-mini,random_criterion,release,0.36,8455,29.18046397851609,43.71710832528962,14.536644346773532,31,29.806451612903224,0.8531023143755526,0.6259876343871333,24,44.61290322580645,1.072307750877075,0.895794900516826,55,14.806451612903226,1.2838277401270803,0.2698072661296944,31
JB GPT-5.4-mini,random_criterion,release,0.37,8690,29.361207023258633,45.29578392516024,15.934576901901604,31,29.741935483870968,0.8372609489492803,0.38072846061233534,26,45.774193548387096,1.0582087496761148,0.47840962322685954,58,16.032258064516128,1.2421658772471955,0.0976811626145242,32
JB GPT-5.4-mini,random_criterion,release,0.38,8925,29.51873188056121,46.889013533202615,17.370281652641406,31,29.967741935483872,0.9093112967181426,0.4490100549226632,26,47.38709677419355,1.0071544278924207,0.4980832409909368,58,17.419354838709676,1.2406850289111548,0.04907318606827005,32
JB GPT-5.4-mini,random_criterion,release,0.39,9160,29.653351522043113,48.49608227726502,18.842730755221904,31,30.258064516129032,0.807182464529583,0.6047129940859186,26,49.225806451612904,1.0188647249677254,0.7297241743478864,59,18.967741935483872,1.1954068646170803,0.12501118026196778,33
JB GPT-5.4-mini,random_criterion,release,0.4,9395,29.76536128785823,50.11622902427424,20.35086773641601,31,30.193548387096776,0.8077838458329203,0.4281870992385457,25,50.74193548387097,1.0472367551640995,0.6257064595967279,59,20.548387096774192,1.2562435125194233,0.19751936035818218,34
JB GPT-5.4-mini,random_criterion,release,0.41,9630,29.855040188756906,51.74864350104618,21.893603312289276,31,30.258064516129032,0.7717704014468474,0.4030243273721261,26,52.58064516129032,1.0273404368671264,0.8320016602441385,61,22.322580645161292,1.2854747642045985,0.4289773328720159,35
JB GPT-5.4-mini,random_criterion,release,0.42,9865,29.92265201522134,53.39246316180498,23.46981114658364,31,30.580645161290324,0.8214518926461947,0.6579931460689821,27,54.225806451612904,1.069327672825117,0.8333432898079209,61,23.64516129032258,1.3595922752968357,0.17535014373893887,34
JB GPT-5.4-mini,random_criterion,release,0.43,10099,29.96829729754589,55.03970931333419,25.0714120157883,31,30.548387096774192,0.922640798099147,0.5800897992283005,26,55.806451612903224,1.0517975957611037,0.7667422995690316,61,25.258064516129032,1.4217721351054575,0.1866525003407311,35
JB GPT-5.4-mini,random_criterion,release,0.44,10334,29.992601397889302,56.70348695006832,26.710885552179015,31,31.06451612903226,0.9649062396603179,1.0719147311429573,26,57.38709677419355,1.0469386188935987,0.6836098241252344,64,26.322580645161292,1.4122254966108763,-0.3883049070177229,38
JB GPT-5.4-mini,random_criterion,release,0.45,10569,29.995546304464977,58.37573740455374,28.380191100088762,31,31.258064516129032,0.9880661485142331,1.2625182116640552,28,58.87096774193548,1.0511048314188176,0.4952303373817415,67,27.612903225806452,1.4551927185341889,-0.7672878742823102,39
JB GPT-5.4-mini,random_criterion,release,0.46,10804,29.97734311090245,60.05535202064828,30.07800890974583,31,31.129032258064516,1.0007974621172697,1.1516891471620667,29,60.354838709677416,1.0771810952834595,0.29948668902913766,70,29.225806451612904,1.452257921210638,-0.8522024581329255,41
JB GPT-5.4-mini,random_criterion,release,0.47,11039,29.93819120062634,61.741149456026875,31.802958255400537,31,30.806451612903224,0.8973309944672778,0.8682604122768858,28,62.096774193548384,1.0819683762095758,0.35562473752150936,72,31.29032258064516,1.3679853709108203,-0.5126356747553764,44
JB GPT-5.4-mini,random_criterion,release,0.48,11274,29.878278676791997,63.43187039894519,33.5535917221532,31,30.548387096774192,0.8648931933281809,0.6701084199821956,29,63.354838709677416,1.0364832881719461,-0.07703168926777693,73,32.806451612903224,1.3004708451203273,-0.7471401092499761,44
JB GPT-5.4-mini,random_criterion,release,0.49,11509,29.797782735377066,65.12617178394943,35.32838904857236,31,30.322580645161292,0.8287665362195832,0.5247979097842261,29,65.61290322580645,1.0832819700196001,0.48673144185701744,76,35.29032258064516,1.3711258605845231,-0.038066467927201586,47
JB GPT-5.4-mini,random_criterion,release,0.5,11744,29.6968699923462,66.82262045178425,37.125750459438045,31,30.161290322580644,0.8283897765675344,0.46442033023444296,31,67.19354838709677,1.0938924824195473,0.37092793531252255,76,37.03225806451613,1.4100132470724789,-0.09349239492191685,45
JB GPT-5.4-mini,random_criterion,release,0.51,11978,29.576255119284347,68.51246559355538,38.93621047427103,31,30.193548387096776,0.8313990732542212,0.6172932678124283,32,68.70967741935483,1.0371523756395835,0.19721182579945662,78,38.516129032258064,1.379473927888669,-0.4200814420129646,46
JB GPT-5.4-mini,random_criterion,release,0.52,12213,29.43505302183684,70.20852144989004,40.77346842805321,31,30.06451612903226,0.8410636939952407,0.62946310719542,33,70.58064516129032,1.0511378305501786,0.37212371140027756,80,40.516129032258064,1.4179122678942528,-0.2573393957951424,47
JB GPT-5.4-mini,random_criterion,release,0.53,12448,29.2738727012986,71.90181914785325,42.627946446554645,31,29.806451612903224,0.7848283900342017,0.5325789116046238,33,72.41935483870968,1.0952234451141531,0.5175356908564339,82,42.61290322580645,1.4017480786617513,-0.015043220748196973,49
JB GPT-5.4-mini,random_criterion,release,0.54,12683,29.09284114934603,73.59048884127542,44.49764769192939,31,29.70967741935484,0.883776778593358,0.616836270008811,32,73.90322580645162,1.0829617282028,0.31273696517619953,83,44.193548387096776,1.4726315811657333,-0.3040993048326115,51
JB GPT-5.4-mini,random_criterion,release,0.55,12918,28.89207600944345,75.27252813307818,46.38045212363473,31,29.483870967741936,0.8486180641489206,0.591794958298486,31,75.51612903225806,1.1080069947975473,0.24360089917988148,86,46.03225806451613,1.4704866219408366,-0.34819405911860457,55
JB GPT-5.4-mini,random_criterion,release,0.56,13153,28.671685784419886,76.94579078534365,48.27410500092376,31,29.193548387096776,0.8429586334557914,0.5218626026768902,31,76.80645161290323,1.0800431640505297,-0.13933917244041538,85,47.61290322580645,1.370721040421999,-0.6612017751173127,54
JB GPT-5.4-mini,random_criterion,release,0.57,13388,28.431770040810665,78.60797422720421,50.17620418639355,31,28.806451612903224,0.8222959659192776,0.3746815720925589,31,78.58064516129032,1.106942115171619,-0.027329065913889394,86,49.774193548387096,1.3204020871952529,-0.40201063800645187,55
JB GPT-5.4-mini,random_criterion,release,0.58,13622,28.173564287074573,80.24962264678258,52.076058359708014,31,28.483870967741936,0.7561517850442911,0.3103066806673631,30,80.09677419354838,1.1550309205093343,-0.15284845323419916,88,51.61290322580645,1.3699363609384045,-0.4631551339015658,58
JB GPT-5.4-mini,random_criterion,release,0.59,13857,27.894943670135127,81.88211877381177,53.98717510367664,31,27.93548387096774,0.8097995024270598,0.04054020083261278,29,81.70967741935483,1.1558114483159756,-0.17244135445693587,89,53.774193548387096,1.320402087195253,-0.2129815552895451,60
JB GPT-5.4-mini,random_criterion,release,0.6,14092,27.597044369218406,83.4955563665607,55.8985119973423,31,27.677419354838708,0.7611353952070389,0.08037498562030265,30,83.12903225806451,1.1992308785072685,-0.36652410849619343,89,55.45161290322581,1.3534811426862785,-0.446899094116489,59
JB GPT-5.4-mini,random_criterion,release,0.61,14327,27.27993230618523,85.08685384343507,57.806921537249835,31,27.35483870967742,0.7117272449301478,0.07490640349218936,33,85.09677419354838,1.2411881566611347,0.009920350113318932,92,57.74193548387097,1.3099846029920772,-0.06498605337886687,59
JB GPT-5.4-mini,random_criterion,release,0.62,14562,26.94366552013454,86.65268683905586,59.709021318921316,31,26.93548387096774,0.7633196935499705,-0.008181649166800753,34,86.48387096774194,1.2494049919276076,-0.1688158713139245,92,59.54838709677419,1.279985475117034,-0.16063422214712375,58
JB GPT-5.4-mini,random_criterion,release,0.63,14797,26.588294395141418,88.18946448871968,61.60117009357826,31,26.225806451612904,0.7947538706293497,-0.36248794352851377,31,87.96774193548387,1.2229735232785317,-0.22172255323580714,94,61.74193548387097,1.239118436141593,0.14076539029270663,63
JB GPT-5.4-mini,random_criterion,release,0.64,15032,26.213861895553165,89.69330286847035,63.47944097291719,31,25.29032258064516,0.79540825844761,-0.9235393149080053,31,89.70967741935483,1.2591117780601018,0.016374550884478367,97,64.41935483870968,1.265569015250501,0.9399138657924908,66
JB GPT-5.4-mini,random_criterion,release,0.65,15267,25.820403809194172,91.15999518862098,65.3395913794268,31,24.516129032258064,0.7330463286008123,-1.3042747769361078,30,91.29032258064517,1.3142670784588033,0.13032739202418497,95,66.7741935483871,1.3179567743163487,1.4346021689602964,65
JB GPT-5.4-mini,random_criterion,release,0.66,15501,25.409744338490146,92.57900971795954,67.1692653794694,31,24.129032258064516,0.7401568207617577,-1.28071208042563,28,92.70967741935483,1.3773853588008398,0.13066770139529638,99,68.58064516129032,1.3171933288987825,1.4113797818209264,71
JB GPT-5.4-mini,random_criterion,release,0.67,15736,24.97839570528866,93.95753589465491,68.97914018936625,31,23.903225806451612,0.7639101995156482,-1.0751698988370464,27,93.96774193548387,1.3650663625348682,0.010206040828961704,104,70.06451612903226,1.2605984957409901,1.085375939666008,77
JB GPT-5.4-mini,random_criterion,release,0.68,15971,24.528088288958212,95.28402520272581,70.7559369137676,31,23.548387096774192,0.7359270500275094,-0.9797011921840202,27,95.19354838709677,1.2888432379953187,-0.09047681562904586,106,71.64516129032258,1.1855295872978684,0.8892243765549779,79
JB GPT-5.4-mini,random_criterion,release,0.69,16206,24.058831790135955,96.55260035314505,72.4937685630091,31,23.129032258064516,0.6858664334121062,-0.9297995320714385,26,96.54838709677419,1.3423128088212648,-0.004213256370860563,107,73.41935483870968,1.1591377900116495,0.9255862757005815,81
JB GPT-5.4-mini,random_criterion,release,0.7,16441,23.57063006783797,97.75684412491128,74.18621405707331,31,22.677419354838708,0.7114835277552692,-0.893210712999263,25,97.35483870967742,1.3104611246992035,-0.4020054152338588,108,74.6774193548387,1.2060662946294771,0.49120529776539,83
JB GPT-5.4-mini,random_criterion,release,0.71,16676,23.063481429373077,98.88973681740558,75.82625538803251,31,22.419354838709676,0.6388399997380789,-0.6441265906634008,25,98.6774193548387,1.2626879477043549,-0.21231746256687245,113,76.25806451612904,1.2021197603154294,0.43180912809653194,88
JB GPT-5.4-mini,random_criterion,release,0.72,16911,22.53737892700899,99.94358479071656,77.40620586370757,31,21.93548387096774,0.6458061293544362,-0.6018950560412506,24,99.45161290322581,1.3147948118074322,-0.4919718874907488,114,77.51612903225806,1.3033216189627852,0.10992316855049467,90
JB GPT-5.4-mini,random_criterion,release,0.73,17146,21.992310660915358,100.90993856910035,78.91762790818498,31,21.322580645161292,0.6531760235908577,-0.669730015754066,23,100.41935483870968,1.2790909015830974,-0.49058373039066794,117,79.09677419354838,1.227248727066086,0.1791462853634016,94
JB GPT-5.4-mini,random_criterion,release,0.74,17380,21.43070054704243,101.77601758293169,80.34531703588925,31,20.580645161290324,0.6405209464957077,-0.8500553857521069,20,101.45161290322581,1.1921235319526708,-0.3244046797058786,115,80.87096774193549,1.1290322580645162,0.5256507060462354,95
JB GPT-5.4-mini,random_criterion,release,0.75,17615,20.847727708864056,102.53900466889189,81.69127696002784,31,19.870967741935484,0.6683987212008626,-0.9767599669285723,20,102.09677419354838,1.1970886176534448,-0.4422304753435071,116,82.2258064516129,1.1646307988697673,0.5345294915850616,96
JB GPT-5.4-mini,random_criterion,release,0.76,17850,20.24572692112615,103.18364824764369,82.93792132651754,31,19.129032258064516,0.6303130055072246,-1.116694663061633,18,102.29032258064517,1.2288586787932,-0.8933256669985212,115,83.16129032258064,1.1622158796686042,0.22336899606310112,97
JB GPT-5.4-mini,random_criterion,release,0.77,18085,19.624669626429966,103.6973809177289,84.07271129129894,31,18.548387096774192,0.5789101917041765,-1.0762825296557743,17,103.2258064516129,1.232804022499556,-0.47157446611601017,118,84.6774193548387,1.1908134897020317,0.6047080635397606,101
JB GPT-5.4-mini,random_criterion,release,0.78,18320,18.98452390305673,104.06623523859838,85.08171133554166,31,17.774193548387096,0.5768093131161609,-1.2103303546696331,14,103.64516129032258,1.3460802410190411,-0.42107394827580436,118,85.87096774193549,1.4132566946282448,0.7892564063938323,104
JB GPT-5.4-mini,random_criterion,release,0.79,18555,18.325254793213066,104.27464455888128,85.94938976566822,31,17.225806451612904,0.5636091023543508,-1.0994483416001621,15,103.87096774193549,1.3526095332458958,-0.40367681694579005,118,86.64516129032258,1.4199412278438492,0.6957715246543614,103
JB GPT-5.4-mini,random_criterion,release,0.8,18790,17.646824633096145,104.30520914188173,86.65838450878559,31,16.35483870967742,0.5802268505141579,-1.291985923418725,14,103.74193548387096,1.3384051992130825,-0.5632736580107718,118,87.38709677419355,1.480829046608427,0.7287122654079639,104
JB GPT-5.4-mini,random_criterion,release,0.81,19024,16.95220276580305,104.13957841839637,87.18737565259332,31,15.903225806451612,0.5927062749861085,-1.0489769593514389,12,103.80645161290323,1.3177198903145382,-0.3331268054931371,117,87.90322580645162,1.4303581314908123,0.7158501538582982,105
JB GPT-5.4-mini,random_criterion,release,0.82,19259,16.23541032293826,103.7544772673015,87.51906694436323,31,15.193548387096774,0.5649614219177179,-1.041861935841487,11,103.09677419354838,1.271993472889926,-0.6577030737531118,114,87.90322580645162,1.400733171085754,0.384158862088384,103
JB GPT-5.4-mini,random_criterion,release,0.83,19494,15.499331103086996,103.12542802125776,87.62609691817076,31,14.451612903225806,0.57331090793368,-1.0477181998611904,8,102.25806451612904,1.286796256721657,-0.8673635051287221,112,87.80645161290323,1.4393990344231515,0.1803546947324719,104
JB GPT-5.4-mini,random_criterion,release,0.84,19729,14.743919932399539,102.22440069352383,87.4804807611243,31,13.64516129032258,0.5458511890966475,-1.0987586420769588,7,101.74193548387096,1.3927367210118373,-0.4824652096528723,111,88.09677419354838,1.504369863230833,0.6162934324240865,104
JB GPT-5.4-mini,random_criterion,release,0.85,19964,13.96913057842121,101.01953780345139,87.05040722503017,31,13.0,0.4907751165796443,-0.9691305784212094,6,100.90322580645162,1.4586448554838198,-0.11631199699976946,108,87.90322580645162,1.464530339564423,0.8528185814214453,102
JB GPT-5.4-mini,random_criterion,release,0.86,20199,13.174916073184367,99.47449784557178,86.29958177238741,31,12.387096774193548,0.5301195226455783,-0.7878192989908186,5,99.74193548387096,1.3615043403083444,0.2674376382991852,102,87.35483870967742,1.4491735776892405,1.055256937290011,97
JB GPT-5.4-mini,random_criterion,release,0.87,20434,12.361229031724417,97.5476675703576,85.18643853863318,31,11.838709677419354,0.590419523152359,-0.5225193543050626,5,98.3225806451613,1.289650362531997,0.7749130748036919,98,86.48387096774194,1.4479284184038126,1.2974324291087527,93
JB GPT-5.4-mini,random_criterion,release,0.88,20669,11.528021964902047,95.19121468266918,83.66319271776713,31,10.774193548387096,0.5823749622028433,-0.7538284165149509,5,95.83870967741936,1.3352916593276531,0.6474949947501756,97,85.06451612903226,1.483917717823633,1.4013234112651247,92
JB GPT-5.4-mini,random_criterion,release,0.89,20903,10.678917934101145,92.36315059086384,81.68423265676269,31,9.838709677419354,0.6083589316049737,-0.840208256681791,5,92.96774193548387,1.374486313404786,0.604591344620033,94,83.12903225806451,1.4974831468948595,1.444799601301824,89
JB GPT-5.4-mini,random_criterion,release,0.9,21138,9.806613016438037,88.97561948159125,79.16900646515322,31,9.258064516129032,0.5641012300205683,-0.5485485003090051,6,91.09677419354838,1.3176672436419785,2.121154711957132,91,81.83870967741936,1.4081916827868275,2.6697032122661426,85
JB GPT-5.4-mini,random_criterion,release,0.91,21373,8.914648192220477,84.96534515960884,76.05069696738836,31,8.516129032258064,0.5918278007001545,-0.3985191599624134,7,87.58064516129032,1.143259059202307,2.615300001681476,85,79.06451612903226,1.233872724715876,3.0138191616438945,78
JB GPT-5.4-mini,random_criterion,release,0.92,21608,8.002978522192267,80.24562508762958,72.24264656543731,31,7.387096774193548,0.53817177446203,-0.6158817479987189,7,83.19354838709677,1.1133784243383609,2.947923299467192,78,75.80645161290323,1.2299308091726395,3.5638050474659195,71
JB GPT-5.4-mini,random_criterion,release,0.93,21843,7.071560396906746,74.71489886571405,67.6433384688073,31,6.903225806451613,0.49155193932388236,-0.16833459045513344,7,76.70967741935483,1.2445092727114269,1.994778553640785,70,69.80645161290323,1.3250436023166317,2.163113144095931,63
JB GPT-5.4-mini,random_criterion,release,0.94,22078,6.120351788285186,68.25378277164958,62.1334309833644,31,5.903225806451613,0.4714535717792287,-0.2171259818335729,8,70.03225806451613,1.1037413119937096,1.7784752928665455,63,64.12903225806451,1.1674270353049965,1.995601274700114,55
JB GPT-5.4-mini,random_criterion,release,0.95,22313,5.149312485741628,60.721469147362995,55.572156661621364,31,4.806451612903226,0.43851988304429496,-0.3428608728384024,8,61.45161290322581,1.1040869430442977,0.7301437558628123,54,56.645161290322584,1.1598557447351863,1.07300462870122,46
JB GPT-5.4-mini,random_criterion,release,0.96,22548,4.158404315163132,51.951352303205255,47.79294798804212,31,4.161290322580645,0.4124325274072657,0.0028860074175129924,8,52.41935483870968,1.0136426312932119,0.46800253550442505,44,48.25806451612903,1.1602444513799797,0.4651165280869094,36
JB GPT-5.4-mini,random_criterion,release,0.97,22782,3.1519348893272703,41.79249927008823,38.64056438076096,31,3.064516129032258,0.36200007090526176,-0.08741876029501228,8,41.903225806451616,1.0859363322291138,0.11072653636338714,38,38.83870967741935,1.2040226252594521,0.19814529665839586,30
JB GPT-5.4-mini,random_criterion,release,0.98,23017,2.121268496949167,29.92371284690151,27.802444349952342,31,2.3225806451612905,0.3388376614320157,0.20131214821212362,5,30.06451612903226,0.8512299562587002,0.14080328213075077,24,27.741935483870968,0.9847959691918547,-0.06050886608137418,19
JB GPT-5.4-mini,random_criterion,release,0.99,23252,1.0706329532192431,16.104692129120593,15.03405917590135,31,1.1612903225806452,0.21300095508669908,0.09065736936140212,2,16.516129032258064,0.722705442372112,0.4114369031374707,13,15.35483870967742,0.7945356215875773,0.3207795337760704,11
JB GPT-5.4-mini,random_criterion,release,1.0,23487,0.0,0.0,0.0,31,0.0,0.0,0.0,0,0.0,0.0,0.0,0,0.0,0.0,0.0,0
JB GPT-5.4-mini,disagreement_then_random,release,0.0,0,0.0,0.0,0.0,31,0.0,0.0,0.0,0,0.0,0.0,0.0,0,0.0,0.0,0.0,0
JB GPT-5.4-mini,disagreement_then_random,release,0.01,235,1.0,0.0,-1.0,31,1.0,0.0,0.0,1,0.0,0.0,0.0,0,-1.0,0.0,0.0,-1
JB GPT-5.4-mini,disagreement_then_random,release,0.02,470,1.0,0.0,-1.0,31,1.0,0.0,0.0,1,0.0,0.0,0.0,0,-1.0,0.0,0.0,-1
JB GPT-5.4-mini,disagreement_then_random,release,0.03,705,1.0,0.0,-1.0,31,1.0,0.0,0.0,1,0.0,0.0,0.0,0,-1.0,0.0,0.0,-1
JB GPT-5.4-mini,disagreement_then_random,release,0.04,939,2.0,0.0,-2.0,31,2.0,0.0,0.0,2,0.0,0.0,0.0,0,-2.0,0.0,0.0,-2
JB GPT-5.4-mini,disagreement_then_random,release,0.05,1174,2.0,1.0,-1.0,31,2.0,0.0,0.0,2,1.0,0.0,0.0,1,-1.0,0.0,0.0,-1
JB GPT-5.4-mini,disagreement_then_random,release,0.06,1409,2.0,1.0,-1.0,31,2.0,0.0,0.0,2,1.0,0.0,0.0,1,-1.0,0.0,0.0,-1
JB GPT-5.4-mini,disagreement_then_random,release,0.07,1644,4.0,1.0,-3.0,31,4.0,0.0,0.0,4,1.0,0.0,0.0,1,-3.0,0.0,0.0,-3
JB GPT-5.4-mini,disagreement_then_random,release,0.08,1879,5.0,1.0,-4.0,31,5.0,0.0,0.0,5,1.0,0.0,0.0,1,-4.0,0.0,0.0,-4
JB GPT-5.4-mini,disagreement_then_random,release,0.09,2114,6.0,1.0,-5.0,31,6.0,0.0,0.0,6,1.0,0.0,0.0,1,-5.0,0.0,0.0,-5
JB GPT-5.4-mini,disagreement_then_random,release,0.1,2349,7.0,2.0,-5.0,31,7.0,0.0,0.0,7,2.0,0.0,0.0,2,-5.0,0.0,0.0,-5
JB GPT-5.4-mini,disagreement_then_random,release,0.11,2584,8.0,2.0,-6.0,31,8.0,0.0,0.0,8,2.0,0.0,0.0,2,-6.0,0.0,0.0,-6
JB GPT-5.4-mini,disagreement_then_random,release,0.12,2818,9.0,2.0,-7.0,31,9.0,0.0,0.0,9,2.0,0.0,0.0,2,-7.0,0.0,0.0,-7
JB GPT-5.4-mini,disagreement_then_random,release,0.13,3053,12.0,3.0,-9.0,31,12.0,0.0,0.0,12,3.0,0.0,0.0,3,-9.0,0.0,0.0,-9
JB GPT-5.4-mini,disagreement_then_random,release,0.14,3288,14.0,3.0,-11.0,31,14.0,0.0,0.0,14,3.0,0.0,0.0,3,-11.0,0.0,0.0,-11
JB GPT-5.4-mini,disagreement_then_random,release,0.15,3523,14.0,3.0,-11.0,31,14.0,0.0,0.0,14,3.0,0.0,0.0,3,-11.0,0.0,0.0,-11
JB GPT-5.4-mini,disagreement_then_random,release,0.16,3758,15.0,3.0,-12.0,31,15.0,0.0,0.0,15,3.0,0.0,0.0,3,-12.0,0.0,0.0,-12
JB GPT-5.4-mini,disagreement_then_random,release,0.17,3993,16.0,3.0,-13.0,31,16.0,0.0,0.0,16,3.0,0.0,0.0,3,-13.0,0.0,0.0,-13
JB GPT-5.4-mini,disagreement_then_random,release,0.18,4228,18.0,5.0,-13.0,31,18.0,0.0,0.0,18,5.0,0.0,0.0,5,-13.0,0.0,0.0,-13
JB GPT-5.4-mini,disagreement_then_random,release,0.19,4463,18.679177917532247,6.221567122458902,-12.457610795073345,31,18.806451612903224,0.20435766052825116,0.12727369537097744,18,6.354838709677419,0.22503709178985326,0.13327158721851706,7,-12.451612903225806,0.2814658621650994,0.005997891847538739,-11
JB GPT-5.4-mini,disagreement_then_random,release,0.2,4697,19.68702608223811,8.175858999024735,-11.511167083213374,31,19.838709677419356,0.321611447241665,0.15168359518124674,19,8.161290322580646,0.2862316311185615,-0.01456867644408888,12,-11.67741935483871,0.4053064598499698,-0.16625227162533562,-7
JB GPT-5.4-mini,disagreement_then_random,release,0.21,4932,20.615783162884625,10.150278839566583,-10.465504323318042,31,20.70967741935484,0.37443447935131435,0.09389425647021454,20,10.193548387096774,0.3292851652948347,0.04326954753019052,14,-10.516129032258064,0.5202790147684832,-0.050624708940022245,-6
JB GPT-5.4-mini,disagreement_then_random,release,0.22,5167,21.468221345668336,12.136159755703677,-9.33206158996466,31,21.677419354838708,0.4715271386942086,0.2091980091703718,21,11.903225806451612,0.35425171389141535,-0.23293394925206456,14,-9.774193548387096,0.5636091023543508,-0.44213195842243636,-7
JB GPT-5.4-mini,disagreement_then_random,release,0.23,5402,22.25066184779224,14.133144429135106,-8.117517418657135,31,22.838709677419356,0.47766631218097977,0.588047829627115,23,14.35483870967742,0.4110003194326106,0.2216942805423141,14,-8.483870967741936,0.6061884581191318,-0.3663535490848009,-9
JB GPT-5.4-mini,disagreement_then_random,release,0.24,5637,22.9686225364096,16.14085781390822,-6.8277647225013816,31,23.806451612903224,0.5214111432433147,0.8378290764936231,24,16.612903225806452,0.4944366172777149,0.47204541189823246,17,-7.193548387096774,0.7710059827651085,-0.36578366459539247,-7
JB GPT-5.4-mini,disagreement_then_random,release,0.25,5872,23.626938401704464,18.158905898697675,-5.468032503006789,31,24.774193548387096,0.5261131106548417,1.1472551466826317,24,18.451612903225808,0.5118776518750099,0.2927070045281326,17,-6.32258064516129,0.8077409048741235,-0.8545481421545009,-7
JB GPT-5.4-mini,disagreement_then_random,release,0.26,6107,24.229862410343934,20.186874427177273,-4.042987983166661,31,25.0,0.5660654622275428,0.7701375896560663,25,20.483870967741936,0.5900081423566739,0.2969965405646633,19,-4.516129032258065,0.8611956776156899,-0.47314104909140386,-6
JB GPT-5.4-mini,disagreement_then_random,release,0.27,6341,24.778908640144692,22.2156381032497,-2.5632705368949935,31,25.548387096774192,0.5733109079336802,0.7694784566294999,25,22.612903225806452,0.7043298032391048,0.39726512255675317,24,-2.935483870967742,0.9637912189374863,-0.3722133340727485,-1
JB GPT-5.4-mini,disagreement_then_random,release,0.28,6576,25.282087481842062,24.262079690983366,-1.0200077908586955,31,25.903225806451612,0.6448386289919102,0.6211383246095501,25,24.516129032258064,0.7589905119923998,0.2540493412746976,24,-1.3870967741935485,1.0541035220374215,-0.36708898333485296,-1
JB GPT-5.4-mini,disagreement_then_random,release,0.29,6811,25.73990799667528,26.317066083741043,0.5771580870657615,31,26.35483870967742,0.6451612903225807,0.6149307130021384,28,26.387096774193548,0.8173882079425442,0.07003069045250498,26,0.03225806451612903,1.0549258456003314,-0.5449000225496325,-2
JB GPT-5.4-mini,disagreement_then_random,release,0.3,7046,26.155015401209848,28.38008837866781,2.2250729774579625,31,26.483870967741936,0.6202166942546125,0.3288555665320878,30,28.70967741935484,0.818066890536224,0.3295890406870292,29,2.225806451612903,0.9986115925272426,0.0007334741549405166,-1
JB GPT-5.4-mini,disagreement_then_random,release,0.31,7281,26.529779418356668,30.450610255337928,3.92083083698126,31,26.774193548387096,0.6842461944835933,0.2444141300304281,30,31.06451612903226,0.8537526068487322,0.6139058736943319,30,4.290322580645161,0.9915704372434981,0.36949174366390114,0
JB GPT-5.4-mini,disagreement_then_random,release,0.32,7516,26.866329797540477,32.52806634596511,5.661736548424631,31,26.903225806451612,0.6414949588043146,0.036896008911135425,31,32.96774193548387,0.9721762207705469,0.43967558951876384,31,6.064516129032258,1.0624940064306274,0.40277958060762664,0
JB GPT-5.4-mini,disagreement_then_random,release,0.33,7751,27.166586376783496,34.61186052539741,7.445274148613915,31,26.70967741935484,0.7335193533184257,-0.4569089574286558,30,35.096774193548384,0.9336652697486344,0.48491366815097336,34,8.387096774193548,1.1487978001847543,0.9418226255796327,4
JB GPT-5.4-mini,disagreement_then_random,release,0.34,7986,27.432284606396774,36.70136411286865,9.26907950647188,31,26.838709677419356,0.7003789668389727,-0.5935749289774179,30,36.935483870967744,0.8846790121627284,0.2341197580990908,38,10.096774193548388,1.0799789312059607,0.8276946870765087,8
JB GPT-5.4-mini,disagreement_then_random,release,0.35,8220,27.66407485308677,38.78699128011285,11.12291642702608,31,27.129032258064516,0.653759903782169,-0.5350425950222544,31,38.83870967741935,0.9123958466923194,0.05171839730650163,40,11.709677419354838,1.096616054380447,0.5867609923287578,9
JB GPT-5.4-mini,disagreement_then_random,release,0.36,8455,27.8653622271874,40.88587087464756,13.020508647460158,31,27.483870967741936,0.6253961630321576,-0.3814912594454647,31,41.096774193548384,0.9008417076109151,0.2109033189008258,42,13.612903225806452,1.0822889119524126,0.592394578346294,11
JB GPT-5.4-mini,disagreement_then_random,release,0.37,8690,28.03638829113011,42.98836222920514,14.951973938075028,31,27.967741935483872,0.6516874225461324,-0.06864635564623711,30,42.96774193548387,0.9245561224644732,-0.02062029372126517,45,15.0,1.0736331645599493,0.04802606192497194,15
JB GPT-5.4-mini,disagreement_then_random,release,0.38,8925,28.17833999541331,45.09368654332842,16.915346547915107,31,27.903225806451612,0.656407358947953,-0.27511418896169815,30,44.935483870967744,0.9559496588524656,-0.1582026723606731,46,17.032258064516128,1.06304884214736,0.1169115166010215,16
JB GPT-5.4-mini,disagreement_then_random,release,0.39,9160,28.29230197486593,47.20102181407206,18.908719839206128,31,27.967741935483872,0.6711951641048411,-0.3245600393820567,31,47.0,0.9738516810963534,-0.20102181407205677,48,19.032258064516128,1.1344875883422751,0.12353822530999992,17
JB GPT-5.4-mini,disagreement_then_random,release,0.4,9395,28.379266996670257,49.3095002885127,20.930233291842445,31,28.225806451612904,0.7104590026526694,-0.15346054505735296,30,49.16129032258065,1.0349762598633598,-0.14820996593205393,50,20.93548387096774,1.0953817853317125,0.005250579125295474,20
JB GPT-5.4-mini,disagreement_then_random,release,0.41,9630,28.44014511857493,51.41820574336539,22.978060624790462,31,28.741935483870968,0.7032455358779204,0.3017903652960392,29,51.096774193548384,1.034205152907479,-0.3214315498170066,52,22.35483870967742,1.2053183107858454,-0.6232219151130423,23
JB GPT-5.4-mini,disagreement_then_random,release,0.42,9865,28.47577175837862,53.52617057372719,25.050398815348572,31,28.967741935483872,0.765497759164236,0.4919701771052516,29,53.516129032258064,0.9692819288058242,-0.01004154146912839,58,24.548387096774192,1.2073597869816008,-0.50201171857438,29
JB GPT-5.4-mini,disagreement_then_random,release,0.43,10099,28.486918277642683,55.623415344095314,27.13649706645263,31,28.967741935483872,0.7710959537068658,0.48082365784118863,27,55.67741935483871,1.0068444229311264,0.05400401074339811,63,26.70967741935484,1.2633745120991295,-0.4268196470977905,36
JB GPT-5.4-mini,disagreement_then_random,release,0.44,10334,28.47438435424046,57.72678920904943,29.25240485480897,31,29.29032258064516,0.6959074657111146,0.8159382264047004,27,58.03225806451613,0.9677419354838711,0.30546885546669955,67,28.741935483870968,1.2286610790503147,-0.5104693709380008,40
JB GPT-5.4-mini,disagreement_then_random,release,0.45,10569,28.438722349972032,59.82618392069122,31.38746157071919,31,28.870967741935484,0.6842968850192397,0.4322453919634519,29,60.516129032258064,0.9726042722571008,0.6899451115668427,70,31.64516129032258,1.1635581202212668,0.2576997196033908,41
JB GPT-5.4-mini,disagreement_then_random,release,0.46,10804,28.38053347870197,61.92039294244169,33.53985946373972,31,28.741935483870968,0.6557729444708476,0.3614020051689977,29,62.70967741935484,0.9253811169378564,0.7892844769131528,72,33.96774193548387,1.00159428930118,0.42788247174415517,43
JB GPT-5.4-mini,disagreement_then_random,release,0.47,11039,28.30037320496825,64.00814015118401,35.707766946215756,31,28.516129032258064,0.5771099068689716,0.21575582728981502,29,64.74193548387096,0.8943884099306324,0.7337953326869524,72,36.225806451612904,0.9657685973863188,0.518039505397148,43
JB GPT-5.4-mini,disagreement_then_random,release,0.48,11274,28.19875541430854,66.08807525307684,37.8893198387683,31,28.451612903225808,0.662089734485122,0.2528574889172681,29,66.45161290322581,0.8358097093681195,0.3635376501489702,75,38.0,0.9548968305472835,0.11068016123169855,46
JB GPT-5.4-mini,disagreement_then_random,release,0.49,11509,28.076156199407965,68.15876879585254,40.08261259644458,31,28.193548387096776,0.7483592875812081,0.11739218768881088,29,68.6774193548387,0.7709609933568856,0.5186505589861667,78,40.483870967741936,0.9835977057500951,0.4012583712973594,49
JB GPT-5.4-mini,disagreement_then_random,release,0.5,11744,27.93301730698684,70.21870672716858,42.28568942018174,31,28.35483870967742,0.7355027350910369,0.4218214026905791,30,70.96774193548387,0.7849167765866565,0.7490352083152914,79,42.61290322580645,0.9247811939464776,0.3272138056247087,49
JB GPT-5.4-mini,disagreement_then_random,release,0.51,11978,27.77048613827279,72.25759989302088,44.487113754748094,31,27.838709677419356,0.7719501546579599,0.06822353914656532,30,72.7741935483871,0.8940781008190527,0.516593655366222,82,44.935483870967744,1.0222634425426111,0.4483701162196496,52
JB GPT-5.4-mini,disagreement_then_random,release,0.52,12213,27.58755446113929,74.29117928220579,46.7036248210665,31,27.580645161290324,0.7488689587026287,-0.006909299848967265,29,74.93548387096774,0.9354838709677419,0.6443045887619547,83,47.354838709677416,1.0498831344045116,0.6512138886109184,54
JB GPT-5.4-mini,disagreement_then_random,release,0.53,12448,27.38523093757925,76.30889870277923,48.92366776519998,31,27.548387096774192,0.8003207820274243,0.16315615919494064,28,76.87096774193549,0.950089905744489,0.5620690391562562,83,49.32258064516129,1.1522648075035398,0.3989128799613084,55
JB GPT-5.4-mini,disagreement_then_random,release,0.54,12683,27.163848914128373,78.30884045539754,51.14499154126917,31,27.225806451612904,0.8330662076198881,0.061957537484531144,27,78.87096774193549,0.9409923102354787,0.5621272865379439,84,51.645161290322584,1.143046661854125,0.5001697490534127,57
JB GPT-5.4-mini,disagreement_then_random,release,0.55,12918,26.92372066550297,80.28896586151568,53.36524519601271,31,27.35483870967742,0.8645321776716135,0.43111804417445043,29,80.96774193548387,0.9677419354838711,0.6787760739681943,87,53.61290322580645,1.2578163526950905,0.2476580297937403,58
JB GPT-5.4-mini,disagreement_then_random,release,0.56,13153,26.6651394281255,82.24710549053422,55.581966062408725,31,27.06451612903226,0.8461620931562428,0.39937670090676036,29,82.61290322580645,1.0018020530280751,0.36579773527222414,89,55.54838709677419,1.213577940909078,-0.033578965634532665,60
JB GPT-5.4-mini,disagreement_then_random,release,0.57,13388,26.388381266844775,84.18094826292554,57.792566996080765,31,26.903225806451612,0.7792398263067232,0.5148445396068375,28,84.12903225806451,0.9294951057311798,-0.05191600486102743,93,57.225806451612904,1.109789941781927,-0.5667605444678614,65
JB GPT-5.4-mini,disagreement_then_random,release,0.58,13622,26.09499832748408,86.07997436738582,59.98497603990174,31,26.64516129032258,0.7641825868302471,0.550162962838499,29,85.58064516129032,1.0040500710947384,-0.4993292060954957,94,58.935483870967744,1.1574308626751963,-1.0494921689339947,65
JB GPT-5.4-mini,disagreement_then_random,release,0.59,13857,25.782728936791184,87.95779206251325,62.17506312572206,31,26.0,0.785623511025013,0.21727106320881617,30,87.35483870967742,1.0354453481595836,-0.6029533528358257,97,61.354838709677416,1.1626336316735548,-0.8202244160446455,67
JB GPT-5.4-mini,disagreement_then_random,release,0.6,14092,25.453023251065034,89.80341257583198,64.35038932476695,31,25.903225806451612,0.7337557513242788,0.4502025553865785,30,89.19354838709677,1.0740530761586353,-0.6098641887352159,98,63.29032258064516,1.2050017163126108,-1.0600667441217908,68
JB GPT-5.4-mini,disagreement_then_random,release,0.61,14327,25.106104463775797,91.61382112164671,66.50771665787092,31,25.483870967741936,0.7604059014295547,0.3777665039661393,31,90.7741935483871,1.1184759959829313,-0.8396275732596052,101,65.29032258064517,1.2288586787932003,-1.217394077225748,70
JB GPT-5.4-mini,disagreement_then_random,release,0.62,14562,24.742185844743904,93.38578298037848,68.64359713563458,31,25.032258064516128,0.7383268952379448,0.29007221977222386,31,92.64516129032258,1.1192820155419472,-0.7406216900559031,103,67.61290322580645,1.2646368167116,-1.0306939098281305,72
JB GPT-5.4-mini,disagreement_then_random,release,0.63,14797,24.361471843034607,95.1158211239054,70.7543492808708,31,24.774193548387096,0.7686179153692488,0.41272170535248875,30,94.64516129032258,1.0539718907279623,-0.4706598335828289,106,69.87096774193549,1.1965379588889309,-0.8833815389353106,76
JB GPT-5.4-mini,disagreement_then_random,release,0.64,15032,23.964159092447026,96.80019072529332,72.8360316328463,31,24.322580645161292,0.758304697709409,0.35842155271426535,29,95.83870967741936,1.091607056594831,-0.9614810478739599,107,71.51612903225806,1.2519842038767306,-1.319902600588236,78
JB GPT-5.4-mini,disagreement_then_random,release,0.65,15267,23.550437326282314,98.43485004139869,74.88441271511638,31,23.677419354838708,0.7681665040920611,0.1269820285563945,29,97.61290322580645,1.0931629352084853,-0.8219468155922414,108,73.93548387096774,1.2909407121565097,-0.9489288441486394,79
JB GPT-5.4-mini,disagreement_then_random,release,0.66,15501,23.12235389180118,100.00882232867221,76.88646843687103,31,22.93548387096774,0.7092863047374471,-0.18687002083343884,27,98.90322580645162,1.1305673128292788,-1.1055965222205941,109,75.96774193548387,1.2264853807436678,-0.9187265013871553,82
JB GPT-5.4-mini,disagreement_then_random,release,0.67,15736,22.676427678705682,101.53083743470455,78.85440975599887,31,22.741935483870968,0.6783403876975672,0.06550780516528576,26,100.19354838709677,1.149492038201961,-1.3372890476077828,110,77.45161290322581,1.2833413291280749,-1.402796852773065,84
JB GPT-5.4-mini,disagreement_then_random,release,0.68,15971,22.214627429998114,102.98889943564187,80.77427200564375,31,22.161290322580644,0.6801277144353955,-0.053337107417469554,27,101.70967741935483,1.1474080640071322,-1.2792220162870365,112,79.54838709677419,1.2536730633797284,-1.2258849088695598,85
JB GPT-5.4-mini,disagreement_then_random,release,0.69,16206,21.737122832802957,104.37739389329805,82.6402710604951,31,21.516129032258064,0.6860686942343773,-0.2209938005448926,28,103.09677419354838,1.2541156664167763,-1.2806196997496642,112,81.58064516129032,1.3366417504033243,-1.0596258992047751,84
JB GPT-5.4-mini,disagreement_then_random,release,0.7,16441,21.24408008532143,105.69018454031794,84.44610445499652,31,20.612903225806452,0.6841955001923968,-0.6311768595149765,27,104.61290322580645,1.1792811910841343,-1.0772813145114952,111,84.0,1.268306804577518,-0.4461044549965152,84
JB GPT-5.4-mini,disagreement_then_random,release,0.71,16676,20.735662382406755,106.92054533364607,86.18488295123932,31,19.774193548387096,0.6795154463012991,-0.9614688340196587,28,106.06451612903226,1.2295077114950266,-0.8560292046138187,113,86.29032258064517,1.3199817108435627,0.10543962940585061,85
JB GPT-5.4-mini,disagreement_then_random,release,0.72,16911,20.212030345260004,108.0610816086012,87.8490512633412,31,19.096774193548388,0.6313577087237454,-1.1152561517116162,26,106.83870967741936,1.3035079009074173,-1.22237193118184,117,87.74193548387096,1.4027375247358702,-0.10711577947023443,91
JB GPT-5.4-mini,disagreement_then_random,release,0.73,17146,19.673342398916105,109.10363840517437,89.43029600625826,31,18.677419354838708,0.636501014492419,-0.9959230440773972,23,108.25806451612904,1.3222396623125623,-0.8455738890453262,121,89.58064516129032,1.2999372967081435,0.15034915503206037,98
JB GPT-5.4-mini,disagreement_then_random,release,0.74,17380,19.12214213848151,110.0354530139525,90.913310875471,31,18.225806451612904,0.6233963123023435,-0.896335686868607,23,109.16129032258064,1.2049153579281293,-0.8741626913718648,122,90.93548387096774,1.1574308626751963,0.022172995496745784,99
JB GPT-5.4-mini,disagreement_then_random,release,0.75,17615,18.553872877629512,110.8545136613798,92.30064078375028,31,17.70967741935484,0.5905957414888159,-0.8441954582746725,23,110.0,1.2101719419290211,-0.8545136613797979,120,92.29032258064517,1.1779274202106338,-0.010318203105114776,97
JB GPT-5.4-mini,disagreement_then_random,release,0.76,17850,17.971012216019542,111.54545778174977,93.57444556573023,31,17.35483870967742,0.6599908554217813,-0.6161735063421219,22,110.45161290322581,1.1885101450545872,-1.0938448785239672,121,93.09677419354838,1.1689116698231603,-0.4776713721818453,99
JB GPT-5.4-mini,disagreement_then_random,release,0.77,18085,17.373712643289004,112.0958317396973,94.7221190964083,31,16.870967741935484,0.6779823569307686,-0.5027449013535197,22,111.29032258064517,1.3256717091355457,-0.8055091590521357,125,94.41935483870968,1.3277632525954195,-0.3027642576986267,103
JB GPT-5.4-mini,disagreement_then_random,release,0.78,18320,16.762125667405023,112.4916740166064,95.72954834920137,31,16.161290322580644,0.665746850712369,-0.6008353448243788,20,111.45161290322581,1.3366936497510467,-1.0400611133805882,126,95.29032258064517,1.3167192435837887,-0.43922576855619866,106
JB GPT-5.4-mini,disagreement_then_random,release,0.79,18555,16.13640194236805,112.7172795360384,96.58087759367035,31,15.387096774193548,0.6284943937010351,-0.7493051681745015,18,111.7741935483871,1.292417653972464,-0.9430859876513011,125,96.38709677419355,1.2406011544485231,-0.1937808194767996,107
JB GPT-5.4-mini,disagreement_then_random,release,0.8,18790,15.49669136280365,112.75492191223003,97.25823054942639,31,14.935483870967742,0.6133558034762493,-0.5612074918359085,17,112.09677419354838,1.300417500130042,-0.6581477186816471,125,97.16129032258064,1.2751527626751897,-0.09694022684574577,108
JB GPT-5.4-mini,disagreement_then_random,release,0.81,19024,14.84595329066738,112.5857223958767,97.73976910520932,31,14.193548387096774,0.598239990032967,-0.6524049035706057,15,111.74193548387096,1.2563539515097482,-0.84378691200574,124,97.54838709677419,1.2028985688944076,-0.1913820084351272,109
JB GPT-5.4-mini,disagreement_then_random,release,0.82,19259,14.178773873974166,112.18550905037833,98.00673517640416,31,13.225806451612904,0.5636091023543508,-0.9529674223612616,12,111.58064516129032,1.4109968972999478,-0.6048638890880085,125,98.35483870967742,1.4131094266973878,0.34810353327326027,113
JB GPT-5.4-mini,disagreement_then_random,release,0.83,19494,13.498052591499475,111.5285514233375,98.03049883183803,31,12.64516129032258,0.5517292212140389,-0.8528913011768946,12,111.35483870967742,1.3603829213428236,-0.17371271366008045,124,98.70967741935483,1.4105543395837286,0.6791785875168017,112
JB GPT-5.4-mini,disagreement_then_random,release,0.84,19729,12.803936651820113,110.58511206626162,97.7811754144415,31,11.806451612903226,0.5687552052720986,-0.9974850389168868,11,110.74193548387096,1.445770800806064,0.15682341760934548,123,98.93548387096774,1.5168838203546422,1.1543084565262376,112
JB GPT-5.4-mini,disagreement_then_random,release,0.85,19964,12.09657254339415,109.32106181634975,97.22448927295561,31,11.064516129032258,0.5446424966754586,-1.0320564143618913,11,109.16129032258064,1.4165661754568657,-0.1597714937691137,120,98.09677419354838,1.492169409153066,0.8722849205927758,109
JB GPT-5.4-mini,disagreement_then_random,release,0.86,20199,11.376105966232121,107.6971044125085,96.32099844627638,31,10.483870967741936,0.5305119615809869,-0.892234998490185,9,106.96774193548387,1.4289509430977994,-0.7293624770246225,117,96.48387096774194,1.490378437718778,0.16287252146555886,108
JB GPT-5.4-mini,disagreement_then_random,release,0.87,20434,10.642681741106783,105.6678499727408,95.02516823163401,31,9.67741935483871,0.5254534074352954,-0.9652623862680727,8,105.29032258064517,1.5367844857595279,-0.37752739209562947,112,95.61290322580645,1.5434059663961326,0.5877349941724361,104
JB GPT-5.4-mini,disagreement_then_random,release,0.88,20669,9.89644369736515,103.18070580885438,93.28426211148923,31,9.0,0.4300537600802251,-0.8964436973651502,7,103.41935483870968,1.4816252290842302,0.23864902985529568,108,94.41935483870968,1.478719435498588,1.135092727220453,101
JB GPT-5.4-mini,disagreement_then_random,release,0.89,20903,9.140790586269828,100.18853439859572,91.04774381232589,31,8.32258064516129,0.48279450151921827,-0.8182099411085382,6,101.06451612903226,1.3826384967249166,0.8759817304365356,99,92.74193548387096,1.3567574738589092,1.6941916715450702,93
JB GPT-5.4-mini,disagreement_then_random,release,0.9,21138,8.369404765260988,96.59478138477121,88.22537661951023,31,7.387096774193548,0.4856597759413426,-0.9823079910674402,6,97.83870967741936,1.459928392848153,1.2439282926481496,97,90.45161290322581,1.507571364367577,2.226236283715579,91
JB GPT-5.4-mini,disagreement_then_random,release,0.91,21373,7.585628650080055,92.32782803348637,84.74219938340632,31,6.612903225806452,0.49443661727771493,-0.9727254242736034,6,93.45161290322581,1.4567888605602788,1.1237848697394384,90,86.83870967741936,1.4876529643541592,2.0965102940130436,84
JB GPT-5.4-mini,disagreement_then_random,release,0.92,21608,6.789600594896509,87.29005813091119,80.50045753601468,31,6.032258064516129,0.47402162050356034,-0.75734253038038,6,89.93548387096774,1.332743539342058,2.6454257400565524,87,83.90322580645162,1.3451264790111526,3.402768270436937,81
JB GPT-5.4-mini,disagreement_then_random,release,0.93,21843,5.981457113592554,81.36669969563293,75.38524258204038,31,5.225806451612903,0.45130557899611784,-0.7556506619796508,6,84.25806451612904,1.2251554581502908,2.8913648204961078,78,79.03225806451613,1.2176867465953032,3.6470154824757515,72
JB GPT-5.4-mini,disagreement_then_random,release,0.94,22078,5.161332657780095,74.42244766983862,69.26111501205853,31,4.580645161290323,0.3983141720726879,-0.5806874964897721,6,76.70967741935483,1.2969721135005399,2.2872297495162144,70,72.12903225806451,1.280744017202393,2.8679172460059874,64
JB GPT-5.4-mini,disagreement_then_random,release,0.95,22313,4.329359379170066,66.29737786327954,61.96801848410947,31,3.838709677419355,0.35041227390968444,-0.4906497017507112,6,68.45161290322581,1.2639234950964462,2.154235039946272,60,64.61290322580645,1.200069370176663,2.644884741696977,54
JB GPT-5.4-mini,disagreement_then_random,release,0.96,22548,3.485666876992885,56.801998235221276,53.31633135822839,31,2.870967741935484,0.3303368612504481,-0.6146991350574011,6,57.96774193548387,1.0890302196383106,1.1657437002625954,46,55.096774193548384,1.0639294571061708,1.7804428353199953,40
JB GPT-5.4-mini,disagreement_then_random,release,0.97,22782,2.6340458259172146,45.76218519399896,43.12813936808175,31,2.3548387096774195,0.2916338369115841,-0.2792071162397951,6,45.83870967741935,0.9947137419243901,0.07652448342039264,36,43.483870967741936,1.0368178858783643,0.35573159966018864,30
JB GPT-5.4-mini,disagreement_then_random,release,0.98,23017,1.767340662547735,32.816730215281154,31.04938955273342,31,1.6129032258064515,0.28084901754424413,-0.15443743674128352,6,32.87096774193548,0.9178538964530963,0.05423752665432602,24,31.258064516129032,0.9999653133075393,0.20867496339561242,18
JB GPT-5.4-mini,disagreement_then_random,release,0.99,23252,0.8892865187756487,17.68990302108506,16.80061650230941,31,0.8709677419354839,0.19533228090951557,-0.018318776840164808,1,18.0,0.8243602928775247,0.3100969789149417,10,17.129032258064516,0.8697322978122564,0.3284157557551062,9
JB GPT-5.4-mini,disagreement_then_random,release,1.0,23487,0.0,0.0,0.0,31,0.0,0.0,0.0,0,0.0,0.0,0.0,0,0.0,0.0,0.0,0
JB GPT-5.4 | binary_only,random_criterion,release,0.0,0,0.0,0.0,0.0,31,0.0,0.0,0.0,0,0.0,0.0,0.0,0,0.0,0.0,0.0,0
JB GPT-5.4 | binary_only,random_criterion,release,0.01,202,0.24514390934380328,0.18183747662494812,-0.06330643271885517,31,0.22580645161290322,0.13685937700384793,-0.019337457730900065,0,0.2903225806451613,0.08287246824945246,0.10848510402021319,1,0.06451612903225806,0.1731149401935321,0.12782256175111323,1
JB GPT-5.4 | binary_only,random_criterion,release,0.02,405,0.4826580678292748,0.36886686683758757,-0.11379120099168721,31,0.5483870967741935,0.1661629571791988,0.06572902894491872,0,0.45161290322580644,0.11205518683968196,0.08274603638821887,2,-0.0967741935483871,0.21429975343403201,0.01701700744330012,2
JB GPT-5.4 | binary_only,random_criterion,release,0.03,607,0.7105785331198351,0.5593185307789316,-0.15126000234090353,31,0.6774193548387096,0.1933690925820557,-0.03315917828112547,0,0.7419354838709677,0.12241074813555018,0.18261695309203618,3,0.06451612903225806,0.231570068222784,0.2157761313731616,3
JB GPT-5.4 | binary_only,random_criterion,release,0.04,809,0.9304473842868546,0.7541765110629113,-0.1762708732239433,31,0.8064516129032258,0.19354838709677422,-0.12399577138362883,0,0.967741935483871,0.15015311875020368,0.21356542442095972,3,0.16129032258064516,0.25440960197587553,0.33756119580458843,3
JB GPT-5.4 | binary_only,random_criterion,release,0.05,1011,1.1425925930959848,0.9535146503213374,-0.1890779427746474,31,0.967741935483871,0.2098840999563778,-0.17485065761211382,1,1.2258064516129032,0.17170666045883134,0.2722918012915658,3,0.25806451612903225,0.29317594238714223,0.44714245890367965,2
JB GPT-5.4 | binary_only,random_criterion,release,0.06,1214,1.3483161127103311,1.158428034556722,-0.1898880781536092,31,1.1290322580645162,0.23981146485310365,-0.2192838546458149,2,1.3548387096774193,0.17069363297190907,0.19641067512069732,3,0.22580645161290322,0.3236541278127401,0.41569452976651244,1
JB GPT-5.4 | binary_only,random_criterion,release,0.07,1416,1.545878187413934,1.3669726861555915,-0.17890550125834248,31,1.2903225806451613,0.2462342113800833,-0.25555560676877276,4,1.4838709677419355,0.18474607823582395,0.11689828158634397,3,0.1935483870967742,0.3389400138468051,0.37245388835511667,-1
JB GPT-5.4 | binary_only,random_criterion,release,0.08,1618,1.736576779006059,1.580221422683,-0.15635535632305886,31,1.4838709677419355,0.2265731989860804,-0.2527058112641234,4,1.7741935483870968,0.18956473867560444,0.19397212570409672,3,0.2903225806451613,0.3185773091538928,0.44667793696822017,-1
JB GPT-5.4 | binary_only,random_criterion,release,0.09,1821,1.9215551580434085,1.7993403297548105,-0.12221482828859798,31,1.7096774193548387,0.22809896167307983,-0.21187773868856974,4,2.0,0.22718473369882594,0.2006596702451895,3,0.2903225806451613,0.33822289649606313,0.4125374089337593,-1
JB GPT-5.4 | binary_only,random_criterion,release,0.1,2023,2.099222402144564,2.0222454618373487,-0.07697694030721536,31,2.0,0.23646136786930685,-0.09922240214456401,4,2.225806451612903,0.252768232569803,0.20356098977555437,4,0.22580645161290322,0.3730423522882665,0.3027833919201186,0
JB GPT-5.4 | binary_only,random_criterion,release,0.11,2225,2.27071997049977,2.250078509898748,-0.02064146060102212,31,2.2903225806451615,0.2548182923629871,0.01960261014539144,4,2.4838709677419355,0.2777442458660291,0.23379245784318758,4,0.1935483870967742,0.41844400670808185,0.2141898476977963,0
JB GPT-5.4 | binary_only,random_criterion,release,0.12,2427,2.4362463628766555,2.4829130598663034,0.04666669698964787,31,2.4838709677419355,0.2698903311400244,0.047624604865279974,4,2.7419354838709675,0.2580645161290323,0.25902242400466413,4,0.25806451612903225,0.4224041328800642,0.21139781913938438,0
JB GPT-5.4 | binary_only,random_criterion,release,0.13,2630,2.596762074034502,2.7220123750872007,0.12525030105269863,31,2.6774193548387095,0.28732019819112664,0.08065728080420742,4,2.967741935483871,0.26834366894303774,0.24572956039667027,4,0.2903225806451613,0.44041414621615516,0.16507227959246268,0
JB GPT-5.4 | binary_only,random_criterion,release,0.14,2832,2.7508563107185062,2.965092755412683,0.2142364446941767,31,2.903225806451613,0.2909193388917996,0.15236949573310676,3,3.193548387096774,0.3090719888258964,0.2284556316840911,4,0.2903225806451613,0.47108556487608144,0.07608613595098462,1
JB GPT-5.4 | binary_only,random_criterion,release,0.15,3034,2.899490846578362,3.2133896980450727,0.3138988514667105,31,3.064516129032258,0.296704059033985,0.1650252824538958,3,3.4193548387096775,0.3171587355645726,0.2059651406646048,4,0.3548387096774194,0.48315359007873065,0.04093985821070889,1
JB GPT-5.4 | binary_only,random_criterion,release,0.16,3237,3.0435068138315144,3.4682404346767317,0.42473362084521726,31,3.064516129032258,0.30386571691465897,0.02100931520074356,3,3.838709677419355,0.3314898729978098,0.3704692427426233,5,0.7741935483870968,0.4812834039111811,0.3494599275418795,2
JB GPT-5.4 | binary_only,random_criterion,release,0.17,3439,3.1816189753259336,3.7272010111654765,0.5455820358395429,31,3.2580645161290325,0.3109739882476217,0.07644554080309884,3,4.064516129032258,0.3309662747038261,0.3373151178667815,6,0.8064516129032258,0.48950129293207323,0.26086957706368286,3
JB GPT-5.4 | binary_only,random_criterion,release,0.18,3641,3.314672079695332,3.9915779797386124,0.6769059000432804,31,3.4516129032258065,0.31397112968236446,0.13694082353047454,4,4.225806451612903,0.34922241555417705,0.23422847187429063,8,0.7741935483870968,0.5116065302183442,0.09728764834381631,4
JB GPT-5.4 | binary_only,random_criterion,release,0.19,3844,3.443400344671613,4.2627825396748955,0.8193821950032825,31,3.5806451612903225,0.31375010105258916,0.13724481661870946,4,4.483870967741935,0.3558148840381569,0.22108842806703954,8,0.9032258064516129,0.5171361142542387,0.08384361144833041,4
JB GPT-5.4 | binary_only,random_criterion,release,0.2,4046,3.566638613860471,4.538201416498319,0.9715628026378482,31,3.774193548387097,0.3030656177196185,0.20755493452662588,4,4.741935483870968,0.3766511803900429,0.20373406737264865,8,0.967741935483871,0.5153219496184737,-0.0038208671539772254,4
JB GPT-5.4 | binary_only,random_criterion,release,0.21,4248,3.6851269934588133,4.819211909681066,1.1340849162222524,31,3.967741935483871,0.3359591339963449,0.28261494202505766,4,5.096774193548387,0.3889739430963319,0.2775622838673213,8,1.1290322580645162,0.5200122733950066,-0.005052658157736145,4
JB GPT-5.4 | binary_only,random_criterion,release,0.22,4450,3.79895106346716,5.10586499008134,1.3069139266141798,31,4.161290322580645,0.35041227390968444,0.36233925911348486,5,5.354838709677419,0.40307524070635015,0.24897371959607906,8,1.1935483870967742,0.5649614219177179,-0.11336553951740558,3
JB GPT-5.4 | binary_only,random_criterion,release,0.23,4653,3.9087182190586627,5.399668672488188,1.4909504534295253,31,4.290322580645161,0.3627658043276067,0.38160436158649835,5,5.709677419354839,0.3994446370108971,0.31000874686665103,9,1.4193548387096775,0.5618215259188444,-0.07159561471984777,4
JB GPT-5.4 | binary_only,random_criterion,release,0.24,4855,4.013418048198875,5.6977701450133935,1.6843520968145187,31,4.483870967741935,0.3588241482084165,0.47045291954306023,3,6.064516129032258,0.39331916469186845,0.3667459840188645,9,1.5806451612903225,0.5462958227101045,-0.10370693552419619,6
JB GPT-5.4 | binary_only,random_criterion,release,0.25,5057,4.113666666441064,6.001638795910482,1.8879721294694178,31,4.612903225806452,0.3333680176197113,0.4992365593653876,3,6.354838709677419,0.3895086154354473,0.3531999137669368,10,1.7419354838709677,0.526640278232642,-0.1460366455984501,7
JB GPT-5.4 | binary_only,random_criterion,release,0.26,5260,4.209985721088198,6.312852323406908,2.10286660231871,31,4.806451612903226,0.305573160867224,0.5964658918150283,4,6.774193548387097,0.3787633454672988,0.46134122498018915,11,1.967741935483871,0.47628461484623874,-0.13512466683483915,7
JB GPT-5.4 | binary_only,random_criterion,release,0.27,5462,4.30147872597827,6.628368367748826,2.3268896417705562,31,4.67741935483871,0.301918940820583,0.3759406288604401,2,7.064516129032258,0.35297654090914976,0.4361477612834319,11,2.3870967741935485,0.45596976733121597,0.06020713242299225,9
JB GPT-5.4 | binary_only,random_criterion,release,0.28,5664,4.388677976011832,6.949722165879799,2.5610441898679674,31,4.709677419354839,0.27117247769717184,0.32099944334300723,3,7.580645161290323,0.33044184674849053,0.6309229954105238,11,2.870967741935484,0.41669961715011916,0.30992355206751654,8
JB GPT-5.4 | binary_only,random_criterion,release,0.29,5866,4.4716256159377235,7.276922499615444,2.8052968836777206,31,4.903225806451613,0.271811283005689,0.43160019051388954,3,7.903225806451613,0.36619179036761546,0.626303306836169,11,3.0,0.4729227357386137,0.19470311632227943,8
JB GPT-5.4 | binary_only,random_criterion,release,0.3,6069,4.550738678712656,7.611633022103019,3.0608943433903635,31,5.032258064516129,0.28768213853809843,0.4815193858034732,3,8.258064516129032,0.3650533675390192,0.6464314940260127,11,3.225806451612903,0.49450676505664165,0.16491210822253954,8
JB GPT-5.4 | binary_only,random_criterion,release,0.31,6271,4.625271446200545,7.950547307187126,3.325275860986581,31,5.0,0.28208135789718236,0.37472855379945536,3,8.612903225806452,0.3552295013263347,0.6623559186193262,10,3.6129032258064515,0.4789716119606352,0.2876273648198704,7
JB GPT-5.4 | binary_only,random_criterion,release,0.32,6473,4.69565385898324,8.29528111641253,3.5996272574292902,31,5.258064516129032,0.29682094068477977,0.5624106571457919,3,8.96774193548387,0.37526727670140103,0.6724608190713397,10,3.7096774193548385,0.5041623488031864,0.11005016192554828,7
JB GPT-5.4 | binary_only,random_criterion,release,0.33,6676,4.762230098777761,8.647554902479248,3.8853248037014874,31,5.258064516129032,0.31097398824762174,0.4958344173512712,3,9.290322580645162,0.38013452171028494,0.6427676781659137,10,4.032258064516129,0.5496506631884757,0.14693326081464164,7
JB GPT-5.4 | binary_only,random_criterion,release,0.34,6878,4.824367586635672,9.003857283693648,4.179489697057976,31,5.483870967741935,0.3071582119803376,0.6595033811062629,3,9.580645161290322,0.3928779764826905,0.5767878775966739,10,4.096774193548387,0.5233367687915677,-0.082715503509589,7
JB GPT-5.4 | binary_only,random_criterion,release,0.35,7080,4.88242486206565,9.365856556951153,4.483431694885502,31,5.709677419354839,0.3285469750446058,0.8272525572891887,3,9.903225806451612,0.39987858025348505,0.5373692495004594,9,4.193548387096774,0.5668614873932593,-0.2898833077887284,6
JB GPT-5.4 | binary_only,random_criterion,release,0.36,7282,4.936419726622748,9.733486956395806,4.7970672297730585,31,5.580645161290323,0.3463300481543522,0.6442254346675753,3,10.161290322580646,0.38268090582762326,0.4278033661848397,10,4.580645161290323,0.5560501902549382,-0.2164220684827356,7
JB GPT-5.4 | binary_only,random_criterion,release,0.37,7485,4.986604859578183,10.108529889948993,5.121925030370811,31,5.67741935483871,0.3482277612539574,0.6908144952605273,3,10.548387096774194,0.3734140936383944,0.43985720682520046,10,4.870967741935484,0.5442602466599469,-0.25095728843532683,7
JB GPT-5.4 | binary_only,random_criterion,release,0.38,7687,5.032499213564705,10.487195388820725,5.45469617525602,31,5.645161290322581,0.3548387096774194,0.6126620767578759,3,10.67741935483871,0.39455186713343626,0.1902239660179852,10,5.032258064516129,0.5612656032129375,-0.4224381107398907,7
JB GPT-5.4 | binary_only,random_criterion,release,0.39,7889,5.0743714305637475,10.871206849027104,5.796835418463356,31,5.709677419354839,0.3507091077400486,0.6353059887910915,3,11.064516129032258,0.3794038443952119,0.19330928000515435,10,5.354838709677419,0.5438777279902308,-0.4419967087859371,7
JB GPT-5.4 | binary_only,random_criterion,release,0.4,8092,5.112408673988514,11.262376624106082,6.149967950117568,31,5.806451612903226,0.3693043586671547,0.6940429389147118,3,11.387096774193548,0.37294935905429305,0.12472015008746595,10,5.580645161290323,0.5303157784143718,-0.569322788827245,7
JB GPT-5.4 | binary_only,random_criterion,release,0.41,8294,5.146244393701863,11.656705007559218,6.510460613857354,31,5.806451612903226,0.3835862321598645,0.6602072192013626,4,12.064516129032258,0.3708040779692698,0.4078111214730402,10,6.258064516129032,0.5225408188726862,-0.2523960977283224,6
JB GPT-5.4 | binary_only,random_criterion,release,0.42,8496,5.1760826842389385,12.055941875361672,6.879859191122733,31,5.806451612903226,0.3693043586671547,0.6303689286642875,4,12.35483870967742,0.3725771540124106,0.2988968343157481,10,6.548387096774194,0.492609268872802,-0.3314720943485394,6
JB GPT-5.4 | binary_only,random_criterion,release,0.43,8698,5.201929122375653,12.459902812081111,7.257973689705458,31,5.935483870967742,0.3678928194518503,0.7335547485920886,4,12.935483870967742,0.34683045305072546,0.4755810588866307,12,7.0,0.5368165822799746,-0.25797368970545786,8
JB GPT-5.4 | binary_only,random_criterion,release,0.44,8901,5.223886506323092,12.870415097247,7.646528590923907,31,5.935483870967742,0.3794038443952119,0.7115973646446498,4,13.35483870967742,0.3608484240707629,0.48442361243042065,12,7.419354838709677,0.5303157784143718,-0.22717375221423008,8
JB GPT-5.4 | binary_only,random_criterion,release,0.45,9103,5.241742063324041,13.28320491101017,8.04146284768613,31,5.967741935483871,0.37239091198427127,0.7259998721598304,4,13.741935483870968,0.38231817502968624,0.458730572860798,12,7.774193548387097,0.5823749622028433,-0.2672692992990333,8
JB GPT-5.4 | binary_only,random_criterion,release,0.46,9305,5.25561652481958,13.700031092849544,8.444414568029964,31,6.129032258064516,0.3614247061904925,0.8734157332449364,4,14.064516129032258,0.417198758415682,0.3644850361827139,11,7.935483870967742,0.5790899123661469,-0.5089306970622225,7
JB GPT-5.4 | binary_only,random_criterion,release,0.47,9508,5.265550947241416,14.122706948456335,8.857156001214918,31,6.161290322580645,0.3595001733098073,0.8957393753392289,5,14.32258064516129,0.42600191017339817,0.19987369670495525,11,8.161290322580646,0.6065888657312598,-0.6958656786342718,6
JB GPT-5.4 | binary_only,random_criterion,release,0.48,9710,5.271448781339582,14.54676251814535,9.275313736805767,31,6.129032258064516,0.3523864431865364,0.8575834767249342,5,14.709677419354838,0.43053741956962405,0.16291490120948815,11,8.580645161290322,0.5934665675256905,-0.6946685755154451,6
JB GPT-5.4 | binary_only,random_criterion,release,0.49,9912,5.273369573885409,14.973938235784024,9.700568661898615,31,6.096774193548387,0.335545899972796,0.8234046196629778,5,15.35483870967742,0.4809229189501759,0.3809004738933961,10,9.258064516129032,0.6098964162633955,-0.44250414576958264,5
JB GPT-5.4 | binary_only,random_criterion,release,0.5,10114,5.271313600122083,15.403871725070292,10.13255812494821,31,6.032258064516129,0.34852645560015744,0.7609444643940462,5,15.96774193548387,0.494015521430753,0.5638702104135778,10,9.935483870967742,0.644138974971512,-0.19707425398046752,5
JB GPT-5.4 | binary_only,random_criterion,release,0.51,10317,5.265240955486095,15.838314538315245,10.57307358282915,31,5.935483870967742,0.34371619910758194,0.6702429154816469,5,16.419354838709676,0.5011260300099374,0.5810403003944309,12,10.483870967741936,0.6288254416005784,-0.08920261508721339,7
JB GPT-5.4 | binary_only,random_criterion,release,0.52,10519,5.255210956188297,16.272557845767206,11.01734688957891,31,5.870967741935484,0.34622988038706426,0.6157567857471866,5,17.032258064516128,0.5174043383979239,0.7597002187489217,12,11.161290322580646,0.6493947127051092,0.14394343300173595,7
JB GPT-5.4 | binary_only,random_criterion,release,0.53,10721,5.2412027046122684,16.708274502114104,11.467071797501836,31,5.838709677419355,0.35346753647395157,0.5975069728070865,6,17.451612903225808,0.4882241457676784,0.7433384011117035,12,11.612903225806452,0.6386770926846237,0.14583142830461604,6
JB GPT-5.4 | binary_only,random_criterion,release,0.54,10924,5.22311615041648,17.14712946142751,11.92401331101103,31,5.741935483870968,0.3591140290809606,0.5188193334544877,5,17.64516129032258,0.5027844770034606,0.49803182889506914,13,11.903225806451612,0.6547671977478852,-0.02078750455941858,8
JB GPT-5.4 | binary_only,random_criterion,release,0.55,11126,5.2011281371846145,17.584259630919806,12.383131493735192,31,5.67741935483871,0.3749898830870248,0.47629121765409543,5,18.032258064516128,0.5194783797497273,0.44799843359632163,14,12.35483870967742,0.6583596217918942,-0.028292784057772025,9
JB GPT-5.4 | binary_only,random_criterion,release,0.56,11328,5.175157861564142,18.02124687328074,12.8460890117166,31,5.774193548387097,0.38159167902876096,0.5990356868229547,5,18.35483870967742,0.5237342901316749,0.33359183639667833,15,12.580645161290322,0.6716601059714061,-0.26544385042627816,10
JB GPT-5.4 | binary_only,random_criterion,release,0.57,11531,5.145045370364657,18.459626807049975,13.31458143668532,31,5.67741935483871,0.3862894807721988,0.5323739844740532,5,18.774193548387096,0.5199455666699042,0.3145667413371207,15,13.096774193548388,0.6852592927501105,-0.21780724313693156,10
JB GPT-5.4 | binary_only,random_criterion,release,0.58,11733,5.11108539977815,18.894411399598766,13.783325999820615,31,5.580645161290323,0.40100463502104233,0.4695597615121727,4,19.161290322580644,0.48879217870647257,0.26687892298187776,15,13.580645161290322,0.6796175292953851,-0.20268083853029317,11
JB GPT-5.4 | binary_only,random_criterion,release,0.59,11935,5.073137373866424,19.32704847607856,14.253911102212136,31,5.580645161290323,0.3674211013203462,0.5075077874238989,4,19.612903225806452,0.4856597759413426,0.2858547497278927,15,14.03225806451613,0.6598857362277688,-0.2216530376960062,11
JB GPT-5.4 | binary_only,random_criterion,release,0.6,12137,5.031199023497359,19.756773538916136,14.725574515418778,31,5.580645161290323,0.3817734326370802,0.5494461377929643,4,19.806451612903224,0.513095926470544,0.04967807398708857,15,14.225806451612904,0.6997844175239724,-0.4997680638058739,11
JB GPT-5.4 | binary_only,random_criterion,release,0.61,12340,4.9850305912609265,20.18486700691427,15.199836415653344,31,5.645161290322581,0.39225947934096855,0.6601306990616544,4,20.193548387096776,0.5396521277711948,0.008681380182505194,15,14.548387096774194,0.7329990093399683,-0.6514493188791501,11
JB GPT-5.4 | binary_only,random_criterion,release,0.62,12542,4.935084309846152,20.606233297794493,15.67114898794834,31,5.451612903225806,0.4143623412472623,0.516528593379654,4,20.451612903225808,0.5733109079336801,-0.15462039456868482,15,15.0,0.771815343674368,-0.6711489879483405,11
JB GPT-5.4 | binary_only,random_criterion,release,0.63,12744,4.881139824421145,21.02205688697831,16.140917062557165,31,5.258064516129032,0.4299730972716604,0.3769246917078872,3,20.774193548387096,0.5636091023543508,-0.24786333859121257,15,15.516129032258064,0.7785718490776593,-0.6247880302991007,12
JB GPT-5.4 | binary_only,random_criterion,release,0.64,12947,4.822897298765591,21.433347950146832,16.610450651381242,31,5.096774193548387,0.4309400544837368,0.27387689478279587,3,21.35483870967742,0.5894199574408912,-0.07850924046941188,19,16.258064516129032,0.8018362554202803,-0.3523861352522104,16
JB GPT-5.4 | binary_only,random_criterion,release,0.65,13149,4.760927288006352,21.834983866820732,17.07405657881438,31,4.903225806451613,0.43094005448373685,0.1422985184452612,3,21.516129032258064,0.6149936056000042,-0.31885483456266783,20,16.612903225806452,0.7960621083389076,-0.46115335300792637,17
JB GPT-5.4 | binary_only,random_criterion,release,0.66,13351,4.6949492820614,22.227868662855784,17.532919380794382,31,4.838709677419355,0.4227324688277201,0.1437603953579547,3,21.548387096774192,0.6114300348186383,-0.6794815660815914,20,16.70967741935484,0.7913423309184426,-0.8232419614395425,17
JB GPT-5.4 | binary_only,random_criterion,release,0.67,13553,4.624959484721251,22.61078485367753,17.985825368956277,31,4.806451612903226,0.42355219515277037,0.1814921281819748,3,21.677419354838708,0.6053295499399677,-0.9333654988388211,21,16.870967741935484,0.7644548770889613,-1.1148576270207933,18
JB GPT-5.4 | binary_only,random_criterion,release,0.68,13756,4.550577414825692,22.98423960657155,18.433662191745857,31,4.645161290322581,0.4110003194326106,0.09458387549688929,3,22.225806451612904,0.6285495804591607,-0.7584331549586452,21,17.580645161290324,0.7517351878003161,-0.8530170304555327,18
JB GPT-5.4 | binary_only,random_criterion,release,0.69,13958,4.472531400365312,23.343152767238614,18.8706213668733,31,4.645161290322581,0.42892310035083003,0.17262988995726936,3,22.419354838709676,0.609555088142493,-0.9237979285289377,21,17.774193548387096,0.7672176758861601,-1.0964278184862053,18
JB GPT-5.4 | binary_only,random_criterion,release,0.7,14160,4.390460085448094,23.687896272431203,19.29743618698311,31,4.483870967741935,0.41703244437342796,0.09341088229384109,3,22.580645161290324,0.6130729815847535,-1.1072511111408794,21,18.096774193548388,0.7381389540626363,-1.2006619934347214,18
JB GPT-5.4 | binary_only,random_criterion,release,0.71,14363,4.30392185436375,24.018447547336837,19.714525692973087,31,4.580645161290323,0.42697786084578837,0.27672330692657265,3,23.096774193548388,0.6123370333291979,-0.9216733537884494,22,18.516129032258064,0.7167293812148596,-1.198396660715023,19
JB GPT-5.4 | binary_only,random_criterion,release,0.72,14565,4.2137634491837686,24.329808098094695,20.116044648910925,31,4.580645161290323,0.4036771667344687,0.3668817121065544,3,23.516129032258064,0.6202166942546125,-0.8136790658366309,23,18.93548387096774,0.7108006750999265,-1.1805607779431853,20
JB GPT-5.4 | binary_only,random_criterion,release,0.73,14767,4.119562185173595,24.621770489133628,20.502208303960032,31,4.483870967741935,0.3848501111435115,0.3643087825683402,3,23.838709677419356,0.6832823597985916,-0.7830608117142717,23,19.35483870967742,0.745666169788637,-1.1473695942826119,20
JB GPT-5.4 | binary_only,random_criterion,release,0.74,14969,4.021311103862499,24.892297863723428,20.87098675986093,31,4.451612903225806,0.3646731035112924,0.43030179936330715,3,24.193548387096776,0.6314675769415307,-0.6987494766266522,22,19.741935483870968,0.6940108485648996,-1.129051275989962,19
JB GPT-5.4 | binary_only,random_criterion,release,0.75,15172,3.9184860263321903,25.14032816552892,21.22184213919673,31,4.32258064516129,0.31922990931030526,0.4040946188290997,3,24.677419354838708,0.6726405945279157,-0.4629088106902124,22,20.35483870967742,0.739875588345515,-0.8670034295193112,19
JB GPT-5.4 | binary_only,random_criterion,release,0.76,15374,3.812091694475723,25.36097164925884,21.548879954783118,31,4.258064516129032,0.3406753000678349,0.4459728216533092,3,24.870967741935484,0.671608461658849,-0.49000390732335575,22,20.612903225806452,0.7429632899581645,-0.9359767289766658,19
JB GPT-5.4 | binary_only,random_criterion,release,0.77,15576,3.70162262517701,25.55282320301417,21.85120057783716,31,4.096774193548387,0.32579048188264764,0.3951515683713769,3,25.096774193548388,0.6757788636040122,-0.456049009465783,22,21.0,0.7317676345451075,-0.8512005778371616,19
JB GPT-5.4 | binary_only,random_criterion,release,0.78,15779,3.5864917767290883,25.713607116772913,22.127115340043826,31,3.838709677419355,0.31485369257491813,0.2522179006902667,3,25.06451612903226,0.6524321476210327,-0.649090987740653,21,21.225806451612904,0.7224654286022925,-0.9013088884309219,18
JB GPT-5.4 | binary_only,random_criterion,release,0.79,15981,3.4678228381421463,25.838387934030084,22.370565095887937,31,3.7096774193548385,0.3318036353709366,0.2418545812126922,2,25.387096774193548,0.6453763082556702,-0.45129115983653634,21,21.677419354838708,0.6900009299887664,-0.6931457410492285,19
JB GPT-5.4 | binary_only,random_criterion,release,0.8,16183,3.345047405098853,25.924276799938497,22.579229394839643,31,3.6774193548387095,0.3225806451612903,0.33237194973985673,2,25.612903225806452,0.6336061993200962,-0.3113735741320447,20,21.93548387096774,0.7228014255642972,-0.6437455238719032,18
JB GPT-5.4 | binary_only,random_criterion,release,0.81,16385,3.2181532815950384,25.967000143893415,22.748846862298375,31,3.6129032258064515,0.2957673430133921,0.3947499442114131,2,25.838709677419356,0.637698776420726,-0.12829046647405917,21,22.225806451612904,0.7209755598431099,-0.5230404106854714,19
JB GPT-5.4 | binary_only,random_criterion,release,0.82,16588,3.0864685170794686,25.96150874761389,22.875040230534424,31,3.4193548387096775,0.3068192475085171,0.3328863216302089,3,26.35483870967742,0.6871295867777205,0.3933299620635289,22,22.93548387096774,0.804470685353717,0.0604436404333164,19
JB GPT-5.4 | binary_only,random_criterion,release,0.83,16790,2.9512766487473043,25.90218043727516,22.950903788527857,31,3.3548387096774195,0.28416407155542245,0.40356206093011515,3,26.322580645161292,0.7160030887994191,0.4204002078861322,22,22.967741935483872,0.8340648887468561,0.016838146956015265,19
JB GPT-5.4 | binary_only,random_criterion,release,0.84,16992,2.811924696931847,25.782530044983183,22.970605348051336,31,3.3870967741935485,0.2846519072305255,0.5751720772617013,3,26.193548387096776,0.7175516239173824,0.4110183421135929,23,22.806451612903224,0.8442332588521159,-0.16415373514811193,20
JB GPT-5.4 | binary_only,random_criterion,release,0.85,17195,2.6676765479009523,25.593726482123515,22.92604993422256,31,3.129032258064516,0.27333832470083697,0.4613557101635637,3,25.93548387096774,0.7590819070811761,0.3417573888442256,24,22.806451612903224,0.8606316195674988,-0.11959832131933723,21
JB GPT-5.4 | binary_only,random_criterion,release,0.86,17397,2.5199376008520145,25.32847250568621,22.808534904834197,31,2.903225806451613,0.25549799026912984,0.38328820559959853,3,25.483870967741936,0.7359741810307937,0.15539846205572516,22,22.580645161290324,0.8253695080600212,-0.22788974354387292,19
JB GPT-5.4 | binary_only,random_criterion,release,0.87,17599,2.3679915550242696,24.97516748746026,22.607175932435993,31,2.774193548387097,0.2652232876270254,0.40620199336282736,3,25.06451612903226,0.6391114192174353,0.0893486415719984,22,22.29032258064516,0.7437098931260371,-0.31685335179083296,19
JB GPT-5.4 | binary_only,random_criterion,release,0.88,17802,2.2110385432241313,24.51831737892573,22.3072788357016,31,2.6451612903225805,0.25208117440159317,0.4341227470984492,4,24.548387096774192,0.6765483391600757,0.030069717848462574,22,21.903225806451612,0.7806185012776349,-0.40405302924998665,18
JB GPT-5.4 | binary_only,random_criterion,release,0.89,18004,2.0506087350468647,23.9467645134063,21.896155778359436,31,2.5161290322580645,0.24482149627110036,0.4655202972111998,3,23.903225806451612,0.6596754475875574,-0.04353870695468842,23,21.387096774193548,0.7194343945593108,-0.5090590041658878,20
JB GPT-5.4 | binary_only,random_criterion,release,0.9,18206,1.8859237943048703,23.23968735792947,21.3537635636246,31,2.2903225806451615,0.2548182923629871,0.40439878634029114,3,23.096774193548388,0.6465039791637598,-0.14291316438108126,20,20.806451612903224,0.6869276383275755,-0.547311950721376,17
JB GPT-5.4 | binary_only,random_criterion,release,0.91,18408,1.7169689702929671,22.374268259738216,20.65729928944525,31,2.032258064516129,0.24749876058228573,0.31528909422316187,3,21.677419354838708,0.6597280260316362,-0.6968489048995075,19,19.64516129032258,0.6933608148453122,-1.0121379991226682,16
JB GPT-5.4 | binary_only,random_criterion,release,0.92,18611,1.5428626251242172,21.317057051736565,19.774194426612347,31,1.967741935483871,0.251805826231595,0.42487931035965376,1,20.612903225806452,0.6267811941014368,-0.7041538259301134,17,18.64516129032258,0.6760867589181588,-1.1290331362897668,16
JB GPT-5.4 | binary_only,random_criterion,release,0.93,18813,1.3653087276163454,20.044535828989822,18.679227101373478,31,1.6774193548387097,0.24707796329195822,0.3121106272223644,1,19.258064516129032,0.5846931773923932,-0.7864713128607903,16,17.580645161290324,0.6113165653855709,-1.0985819400831538,15
JB GPT-5.4 | binary_only,random_criterion,release,0.94,19015,1.1834516878654484,18.510721968732547,17.327270280867097,31,1.3225806451612903,0.23365767062366358,0.13912895729584185,1,17.870967741935484,0.5879469208064144,-0.6397542267970628,17,16.548387096774192,0.5733109079336802,-0.7788831840929049,16
JB GPT-5.4 | binary_only,random_criterion,release,0.95,19218,0.9963543087757779,16.65518646386967,15.65883215509389,31,1.1290322580645162,0.23528493585561905,0.13267794928873833,1,16.483870967741936,0.6288254416005783,-0.17131549612773256,14,15.35483870967742,0.6648605433800389,-0.3039934454164701,13
JB GPT-5.4 | binary_only,random_criterion,release,0.96,19420,0.8058597754223324,14.434255718244124,13.628395942821792,31,1.0,0.23186944788008415,0.19414022457766755,1,14.741935483870968,0.5427285543733842,0.30767976562684396,12,13.741935483870968,0.5621918356542627,0.1135395410491764,11
JB GPT-5.4 | binary_only,random_criterion,release,0.97,19622,0.6110629236079191,11.764067553183828,11.153004629575909,31,0.8064516129032258,0.19354838709677422,0.19538868929530662,1,11.870967741935484,0.5322743562185713,0.10690018875165563,9,11.064516129032258,0.5485768172769372,-0.08848850054365087,8
JB GPT-5.4 | binary_only,random_criterion,release,0.98,19824,0.41197698594575977,8.55216487651753,8.14018789057177,31,0.45161290322580644,0.1212720187515844,0.03963591728004667,1,8.451612903225806,0.5243300070523578,-0.10055197329172394,6,8.0,0.5388159060803247,-0.14018789057177017,5
JB GPT-5.4 | binary_only,random_criterion,release,0.99,20027,0.20760701287147135,4.664403376653816,4.4567963637823445,31,0.1935483870967742,0.08575226682742748,-0.014058625774697159,0,4.548387096774194,0.3705233429804052,-0.11601627987962182,3,4.354838709677419,0.39225947934096855,-0.10195765410492541,3
JB GPT-5.4 | binary_only,random_criterion,release,1.0,20229,0.0,0.0,0.0,31,0.0,0.0,0.0,0,0.0,0.0,0.0,0,0.0,0.0,0.0,0
JB GPT-5.4 | binary_only,disagreement_then_random,release,0.0,0,0.0,0.0,0.0,31,0.0,0.0,0.0,0,0.0,0.0,0.0,0,0.0,0.0,0.0,0
JB GPT-5.4 | binary_only,disagreement_then_random,release,0.01,202,1.0,2.0,1.0,31,1.0,0.0,0.0,1,2.0,0.0,0.0,2,1.0,0.0,0.0,1
JB GPT-5.4 | binary_only,disagreement_then_random,release,0.02,405,1.0,4.0,3.0,31,1.0,0.0,0.0,1,4.0,0.0,0.0,4,3.0,0.0,0.0,3
JB GPT-5.4 | binary_only,disagreement_then_random,release,0.03,607,2.0,9.0,7.0,31,2.0,0.0,0.0,2,9.0,0.0,0.0,9,7.0,0.0,0.0,7
JB GPT-5.4 | binary_only,disagreement_then_random,release,0.04,809,6.0,10.0,4.0,31,6.0,0.0,0.0,6,10.0,0.0,0.0,10,4.0,0.0,0.0,4
JB GPT-5.4 | binary_only,disagreement_then_random,release,0.05,1011,6.0,10.0,4.0,31,6.0,0.0,0.0,6,10.0,0.0,0.0,10,4.0,0.0,0.0,4
JB GPT-5.4 | binary_only,disagreement_then_random,release,0.06,1214,9.0,11.0,2.0,31,9.0,0.0,0.0,9,11.0,0.0,0.0,11,2.0,0.0,0.0,2
JB GPT-5.4 | binary_only,disagreement_then_random,release,0.07,1416,11.0,13.0,2.0,31,11.0,0.0,0.0,11,13.0,0.0,0.0,13,2.0,0.0,0.0,2
JB GPT-5.4 | binary_only,disagreement_then_random,release,0.08,1618,13.0,13.0,0.0,31,13.0,0.0,0.0,13,13.0,0.0,0.0,13,0.0,0.0,0.0,0
JB GPT-5.4 | binary_only,disagreement_then_random,release,0.09,1821,14.0,13.0,-1.0,31,14.0,0.0,0.0,14,13.0,0.0,0.0,13,-1.0,0.0,0.0,-1
JB GPT-5.4 | binary_only,disagreement_then_random,release,0.1,2023,15.0,16.0,1.0,31,15.0,0.0,0.0,15,16.0,0.0,0.0,16,1.0,0.0,0.0,1
JB GPT-5.4 | binary_only,disagreement_then_random,release,0.11,2225,15.0,16.0,1.0,31,15.0,0.0,0.0,15,16.0,0.0,0.0,16,1.0,0.0,0.0,1
JB GPT-5.4 | binary_only,disagreement_then_random,release,0.12,2427,21.0,21.0,0.0,31,21.0,0.0,0.0,21,21.0,0.0,0.0,21,0.0,0.0,0.0,0
JB GPT-5.4 | binary_only,disagreement_then_random,release,0.13,2630,21.0,22.0,1.0,31,21.0,0.0,0.0,21,22.0,0.0,0.0,22,1.0,0.0,0.0,1
JB GPT-5.4 | binary_only,disagreement_then_random,release,0.14,2832,21.0,23.0,2.0,31,21.0,0.0,0.0,21,23.0,0.0,0.0,23,2.0,0.0,0.0,2
JB GPT-5.4 | binary_only,disagreement_then_random,release,0.15,3034,23.0,28.0,5.0,31,23.0,0.0,0.0,23,28.0,0.0,0.0,28,5.0,0.0,0.0,5
JB GPT-5.4 | binary_only,disagreement_then_random,release,0.16,3237,25.0,29.0,4.0,31,25.0,0.0,0.0,25,29.0,0.0,0.0,29,4.0,0.0,0.0,4
JB GPT-5.4 | binary_only,disagreement_then_random,release,0.17,3439,28.0,31.0,3.0,31,28.0,0.0,0.0,28,31.0,0.0,0.0,31,3.0,0.0,0.0,3
JB GPT-5.4 | binary_only,disagreement_then_random,release,0.18,3641,29.80883140054851,36.03795516615168,6.229123765603173,31,29.741935483870968,0.07988892740217943,-0.06689591667754158,30,36.0,0.0,-0.03795516615168282,36,6.258064516129032,0.07988892740217943,0.02894075052585876,6
JB GPT-5.4 | binary_only,disagreement_then_random,release,0.19,3844,28.969269178883522,36.211163398629466,7.241894219745944,31,29.0,0.19674775073518588,0.03073082111647807,30,36.096774193548384,0.05397806622800489,-0.11438920508108197,36,7.096774193548387,0.2241103736793639,-0.14512002619755737,6
JB GPT-5.4 | binary_only,disagreement_then_random,release,0.2,4046,28.169326865159952,36.386710902072466,8.217384036912513,31,28.129032258064516,0.2529054202230889,-0.04029460709543642,29,36.41935483870968,0.11143437770349778,0.03264393663721421,38,8.290322580645162,0.2865949462186268,0.07293854373264885,9
JB GPT-5.4 | binary_only,disagreement_then_random,release,0.21,4248,27.402720884096944,36.565383517482026,9.162662633385082,31,27.483870967741936,0.26989033114002436,0.08115008364499232,29,36.774193548387096,0.14450268754694484,0.20881003090507022,38,9.290322580645162,0.3047775440712465,0.12765994726007968,9
JB GPT-5.4 | binary_only,disagreement_then_random,release,0.22,4450,26.667504466341498,36.74711203330337,10.079607566961869,31,26.806451612903224,0.3193385463423118,0.13894714656172624,30,37.0,0.1796053020267749,0.25288796669663327,38,10.193548387096774,0.3750823704193196,0.11394082013490525,8
JB GPT-5.4 | binary_only,disagreement_then_random,release,0.23,4653,25.95841284196757,36.93273891420775,10.974326072240178,31,26.096774193548388,0.34812813952076327,0.1383613515808193,30,37.25806451612903,0.2019674302257875,0.32532560192128557,38,11.161290322580646,0.3964812276225614,0.18696425034046804,8
JB GPT-5.4 | binary_only,disagreement_then_random,release,0.24,4855,25.2806832499503,37.12034558484754,11.839662334897241,31,25.193548387096776,0.3389400138468051,-0.08713486285352445,28,37.41935483870968,0.2062162637036328,0.2990092538621383,38,12.225806451612904,0.37876334546729884,0.38614411671566273,10
JB GPT-5.4 | binary_only,disagreement_then_random,release,0.25,5057,24.629104825213084,37.31073938903249,12.681634563819408,31,24.35483870967742,0.397704129223805,-0.2742661155356636,27,37.645161290322584,0.2520811744015933,0.3344219012900922,38,13.290322580645162,0.46649816094578506,0.608688016825754,11
JB GPT-5.4 | binary_only,disagreement_then_random,release,0.26,5260,23.999077030314787,37.50477219742049,13.505695167105706,31,23.580645161290324,0.4393891007119867,-0.41843186902446305,26,37.806451612903224,0.25576936367570413,0.3016794154827309,39,14.225806451612904,0.5116065302183441,0.7201112845071975,13
JB GPT-5.4 | binary_only,disagreement_then_random,release,0.27,5462,23.395332262677318,37.70041059016526,14.305078327487944,31,23.032258064516128,0.45551311246719617,-0.3630741981611898,25,37.935483870967744,0.2893652076156103,0.23507328080248158,39,14.903225806451612,0.5629317243301988,0.5981474789636678,14
JB GPT-5.4 | binary_only,disagreement_then_random,release,0.28,5664,22.813321080907098,37.89847145713474,15.085150376227642,31,22.451612903225808,0.42965029460057885,-0.36170817768129027,24,38.096774193548384,0.31230960207411707,0.1983027364136447,39,15.64516129032258,0.5339010159493729,0.5600109140949385,15
JB GPT-5.4 | binary_only,disagreement_then_random,release,0.29,5866,22.25173550262903,38.098810997212475,15.847075494583443,31,21.774193548387096,0.38159167902876096,-0.4775419542419357,24,38.29032258064516,0.3285469750446058,0.19151158343268548,39,16.516129032258064,0.4991842113532614,0.6690535376746212,15
JB GPT-5.4 | binary_only,disagreement_then_random,release,0.3,6069,21.706702604568406,38.30228101655468,16.595578411986274,31,21.387096774193548,0.43422757859261524,-0.3196058303748579,23,38.54838709677419,0.3273835988739426,0.24610608021951208,40,17.161290322580644,0.5145136009645648,0.56571191059437,17
JB GPT-5.4 | binary_only,disagreement_then_random,release,0.31,6271,21.182424644451665,38.50670865969021,17.324284015238547,31,20.774193548387096,0.4699798152136856,-0.40823109606456853,22,38.70967741935484,0.34452257253045676,0.20296875966462835,40,17.93548387096774,0.5621301343057089,0.6111998557291933,18
JB GPT-5.4 | binary_only,disagreement_then_random,release,0.32,6473,20.675074792621324,38.7129112056569,18.037836413035578,31,20.193548387096776,0.4132726841700236,-0.48152640552454784,20,38.83870967741935,0.33791509461538016,0.12579847176245096,40,18.64516129032258,0.5379139058442249,0.6073248772870024,20
JB GPT-5.4 | binary_only,disagreement_then_random,release,0.33,6676,20.181226290304178,38.921728258808265,18.740501968504088,31,19.612903225806452,0.42673408242977273,-0.5683230644977257,20,38.903225806451616,0.35727414464163765,-0.018502452356649712,41,19.29032258064516,0.5626235556289794,0.5498206121410725,21
JB GPT-5.4 | binary_only,disagreement_then_random,release,0.34,6878,19.70476948297761,39.13089588520678,19.426126402229173,31,19.387096774193548,0.4007450570663274,-0.3176727087840625,19,39.064516129032256,0.35600979771151986,-0.06637975617452696,40,19.677419354838708,0.5455333717834763,0.25129295260953555,21
JB GPT-5.4 | binary_only,disagreement_then_random,release,0.35,7080,19.242319386099858,39.34121965647982,20.098900270379964,31,19.193548387096776,0.45061333313299234,-0.04877099900308224,18,39.516129032258064,0.36476820668242577,0.17490937577824184,40,20.322580645161292,0.6035505996982483,0.22368037478132763,22
JB GPT-5.4 | binary_only,disagreement_then_random,release,0.36,7282,18.79301655358086,39.552466264925634,20.759449711344775,31,18.870967741935484,0.44659268080204706,0.07795118835462489,18,39.774193548387096,0.3613287229976725,0.22172728346146187,40,20.903225806451612,0.5927062749861085,0.14377609510683698,22
JB GPT-5.4 | binary_only,disagreement_then_random,release,0.37,7485,18.353919159608825,39.76543831524077,21.411519155631947,31,18.741935483870968,0.4519200184624068,0.38801632426214283,18,40.03225806451613,0.34852645560015744,0.26681974927535634,40,21.29032258064516,0.6032056807636882,-0.12119657498678649,22
JB GPT-5.4 | binary_only,disagreement_then_random,release,0.38,7687,17.928590855172025,39.97777370880317,22.049182853631144,31,18.193548387096776,0.44822074735872797,0.26495753192475036,15,40.193548387096776,0.38358623215986454,0.21577467829360586,40,22.0,0.5792096951603469,-0.049182853631144496,25
JB GPT-5.4 | binary_only,disagreement_then_random,release,0.39,7889,17.514125522547072,40.19024178509914,22.676116262552068,31,17.741935483870968,0.47284938595364545,0.22780996132389575,15,40.225806451612904,0.3899536157124521,0.03556466651376411,40,22.483870967741936,0.6008434353919703,-0.19224529481013164,25
JB GPT-5.4 | binary_only,disagreement_then_random,release,0.4,8092,17.107876396329246,40.403598213737716,23.29572181740847,31,17.032258064516128,0.5111317212713056,-0.07561833181311783,13,40.38709677419355,0.38709677419354843,-0.016501439544164498,40,23.35483870967742,0.6248412909833937,0.05911689226894978,27
JB GPT-5.4 | binary_only,disagreement_then_random,release,0.41,8294,16.713214788309248,40.61542844358578,23.90221365527653,31,16.64516129032258,0.5049185755644686,-0.06805349798666782,13,40.61290322580645,0.3953422890284782,-0.0025252177793291253,40,23.967741935483872,0.646718550686151,0.06552828020734225,27
JB GPT-5.4 | binary_only,disagreement_then_random,release,0.42,8496,16.327525094481768,40.82645543073497,24.4989303362532,31,16.225806451612904,0.5095004456599079,-0.1017186428688639,13,40.83870967741935,0.38548049667844275,0.01225424668438535,40,24.612903225806452,0.6552967305459181,0.1139728895532528,27
JB GPT-5.4 | binary_only,disagreement_then_random,release,0.43,8698,15.950254199478962,41.03633228294141,25.086078083462446,31,15.774193548387096,0.48573119124588887,-0.1760606510918663,13,41.096774193548384,0.3632435680066903,0.06044191060697557,41,25.322580645161292,0.5999768754937961,0.23650256169884543,28
JB GPT-5.4 | binary_only,disagreement_then_random,release,0.44,8901,15.579073734001849,41.24572021607078,25.66664648206893,31,15.419354838709678,0.48365586616751777,-0.15971889529217087,13,41.29032258064516,0.3567883875921948,0.044602364574380715,40,25.870967741935484,0.5750024506425028,0.20432125986655336,27
JB GPT-5.4 | binary_only,disagreement_then_random,release,0.45,9103,15.217152581468376,41.452168940048026,26.23501635857965,31,15.096774193548388,0.5002254087815853,-0.12037838791998823,13,41.54838709677419,0.3734140936383944,0.09621815672616663,40,26.451612903225808,0.6149372022793371,0.2165965446461584,27
JB GPT-5.4 | binary_only,disagreement_then_random,release,0.46,9305,14.862187742182275,41.6563073934739,26.794119651291627,31,14.774193548387096,0.5031292987139777,-0.08799419379517914,13,41.774193548387096,0.3672322444066506,0.11788615491319376,40,27.0,0.6028605644882188,0.2058803487083729,27
JB GPT-5.4 | binary_only,disagreement_then_random,release,0.47,9508,14.512043262784811,41.85869665628794,27.34665339350313,31,14.548387096774194,0.492609268872802,0.0363438339893829,13,42.0,0.38799179683158536,0.14130334371206033,39,27.451612903225808,0.6338798598517176,0.1049595097226792,26
JB GPT-5.4 | binary_only,disagreement_then_random,release,0.48,9710,14.16976774486951,42.05688951718064,27.887121772311133,31,14.129032258064516,0.5362994178224622,-0.04073548680499428,13,42.193548387096776,0.3919056141545146,0.13665886991613263,40,28.06451612903226,0.7183246396265093,0.1773943567211269,27
JB GPT-5.4 | binary_only,disagreement_then_random,release,0.49,9912,13.833246587480609,42.25141456409831,28.418167976617703,31,13.67741935483871,0.5743385101537051,-0.15582723264189902,13,42.38709677419355,0.41133775817535695,0.13568221009523995,40,28.70967741935484,0.7692945356317672,0.2915094427371372,27
JB GPT-5.4 | binary_only,disagreement_then_random,release,0.5,10114,13.502129766988508,42.44177079620938,28.939641029220873,31,13.516129032258064,0.5677174970302307,0.01399926526955575,12,42.38709677419355,0.41394358182623997,-0.05467402201583127,40,28.870967741935484,0.7559682753255239,-0.0686732872853888,28
JB GPT-5.4 | binary_only,disagreement_then_random,release,0.51,10317,13.174487758271326,42.628336816585986,29.45384905831466,31,13.290322580645162,0.5372041288944859,0.11583482237383613,12,42.645161290322584,0.4213352739936953,0.016824473736598122,40,29.35483870967742,0.7325729984496965,-0.09901034863723979,28
JB GPT-5.4 | binary_only,disagreement_then_random,release,0.52,10519,12.853240833408258,42.808715749654034,29.955474916245777,31,12.935483870967742,0.5014719921015492,0.08224303755948448,12,42.903225806451616,0.4504593562506112,0.0945100567975814,40,29.967741935483872,0.7383268952379448,0.012267019238095145,28
JB GPT-5.4 | binary_only,disagreement_then_random,release,0.53,10721,12.536476026072274,42.983251872550895,30.446775846478623,31,12.774193548387096,0.49883666260169957,0.23771752231482246,12,43.03225806451613,0.4287613341371374,0.04900619196523337,40,30.258064516129032,0.7346533700016655,-0.18871133034959087,28
JB GPT-5.4 | binary_only,disagreement_then_random,release,0.54,10924,12.222387958470929,43.15214100463317,30.929753046162244,31,12.580645161290322,0.4924684227601667,0.35825720281939333,12,43.41935483870968,0.421911149868818,0.26721383407650734,40,30.838709677419356,0.7064933458483958,-0.09104336874288776,28
JB GPT-5.4 | binary_only,disagreement_then_random,release,0.55,11126,11.913819284404873,43.313062924569984,31.39924364016511,31,12.096774193548388,0.46686978385260175,0.18295490914351475,11,43.41935483870968,0.4319851489591541,0.10629191413969608,40,31.322580645161292,0.6884408077321927,-0.07666299500381868,29
JB GPT-5.4 | binary_only,disagreement_then_random,release,0.56,11328,11.608978055304384,43.466175597177575,31.85719754187319,31,11.838709677419354,0.47991212052519144,0.22973162211497034,11,43.67741935483871,0.39996531240508587,0.211243757661137,39,31.838709677419356,0.6737741145261373,-0.0184878644538351,28
JB GPT-5.4 | binary_only,disagreement_then_random,release,0.57,11531,11.306161590652307,43.611442141640076,32.30528055098777,31,11.483870967741936,0.45642596531158697,0.17770937708962897,11,43.774193548387096,0.4114220746173977,0.16275140674702016,38,32.29032258064516,0.6512082209777648,-0.014957970342607041,27
JB GPT-5.4 | binary_only,disagreement_then_random,release,0.58,11733,11.008147387916935,43.74665538337495,32.738507995458015,31,11.129032258064516,0.4368556649607794,0.12088487014758087,10,44.12903225806452,0.41927211756503024,0.3823768746895695,38,33.0,0.6290460434111186,0.26149200454198507,28
JB GPT-5.4 | binary_only,disagreement_then_random,release,0.59,11935,10.713243482021234,43.871733766628346,33.15849028460711,31,10.870967741935484,0.41411113640983777,0.1577242599142501,10,44.38709677419355,0.4317441978486767,0.515363007565206,37,33.516129032258064,0.582672684712042,0.3576387476509524,27
JB GPT-5.4 | binary_only,disagreement_then_random,release,0.6,12137,10.421270538353461,43.985808497386884,33.56453795903342,31,10.387096774193548,0.39805283961891974,-0.034173764159913134,10,44.516129032258064,0.4347065942689812,0.5303205348711799,38,34.12903225806452,0.5915933205797386,0.5644942990310966,28
JB GPT-5.4 | binary_only,disagreement_then_random,release,0.61,12340,10.13063570299225,44.088430952211006,33.957795249218755,31,10.0,0.4147806778921701,-0.13063570299224914,10,44.61290322580645,0.41910662629449585,0.5244722735954426,38,34.61290322580645,0.5932912018776779,0.6551079765876935,28
JB GPT-5.4 | binary_only,disagreement_then_random,release,0.62,12542,9.84404486083448,44.17760363806288,34.3335587772284,31,9.838709677419354,0.417614253746639,-0.0053351834151254,10,44.83870967741935,0.40981709582341286,0.6611060393564756,37,35.0,0.59748577163965,0.6664412227716028,27
JB GPT-5.4 | binary_only,disagreement_then_random,release,0.63,12744,9.559912893079687,44.252815012528664,34.69290211944897,31,9.419354838709678,0.4294888022834286,-0.14055805437000934,10,44.645161290322584,0.42892310035083003,0.3923462777939193,37,35.225806451612904,0.6094412696207012,0.5329043321639304,27
JB GPT-5.4 | binary_only,disagreement_then_random,release,0.64,12947,9.276712996198489,44.31320459772658,35.03649160152809,31,9.225806451612904,0.4560458320189303,-0.05090654458558497,10,44.54838709677419,0.43709379834720835,0.23518249904761035,39,35.32258064516129,0.63818812201755,0.2860890436331971,29
JB GPT-5.4 | binary_only,disagreement_then_random,release,0.65,13149,8.997106377099835,44.35697488774479,35.35986851064496,31,9.03225806451613,0.45314639797216083,0.035151687416295374,10,44.74193548387097,0.40419238987553774,0.3849605961261773,39,35.70967741935484,0.6138080474480896,0.3498089087098819,29
JB GPT-5.4 | binary_only,disagreement_then_random,release,0.66,13351,8.719572183037963,44.38317664634347,35.66360446330551,31,8.838709677419354,0.41761425374663896,0.1191374943813912,9,44.54838709677419,0.4346267949852855,0.16521045043072036,39,35.70967741935484,0.6412245482376464,0.04607295604932915,30
JB GPT-5.4 | binary_only,disagreement_then_random,release,0.67,13553,8.443997972489871,44.390427848584416,35.94642987609454,31,8.741935483870968,0.4249421008897183,0.2979375113810967,9,44.58064516129032,0.4344671524473066,0.19021731270590436,39,35.83870967741935,0.664129755092353,-0.10772019867518878,30
JB GPT-5.4 | binary_only,disagreement_then_random,release,0.68,13756,8.168927900606695,44.37711937278463,36.20819147217793,31,8.64516129032258,0.44127963264421255,0.476233389715885,9,44.354838709677416,0.4764302453693932,-0.02228066310721033,38,35.70967741935484,0.7096774193548389,-0.49851405282309,29
JB GPT-5.4 | binary_only,disagreement_then_random,release,0.69,13958,7.896973107700567,44.341763553702826,36.44479044600226,31,8.161290322580646,0.4474462163716052,0.2643172148800792,9,44.03225806451613,0.5276930334626717,-0.30950548918669796,38,35.87096774193548,0.707474587079397,-0.573822704066778,29
JB GPT-5.4 | binary_only,disagreement_then_random,release,0.7,14160,7.626681864039036,44.28259750655308,36.655915642514046,31,7.806451612903226,0.4433968460577943,0.17976974886418962,8,44.32258064516129,0.5891256447659076,0.039983138608207014,38,36.516129032258064,0.7271552580690699,-0.1397866102559817,30
JB GPT-5.4 | binary_only,disagreement_then_random,release,0.71,14363,7.356641374005213,44.197229917251846,36.84058854324663,31,7.387096774193548,0.45122871523349006,0.030455400188334814,7,44.193548387096776,0.6449462007048935,-0.003681530155070334,38,36.806451612903224,0.7957134552582013,-0.03413693034340781,31
JB GPT-5.4 | binary_only,disagreement_then_random,release,0.72,14565,7.089431008325736,44.08441366139479,36.99498265306906,31,7.096774193548387,0.45284011446439176,0.007343185222651094,7,43.96774193548387,0.6500353521697206,-0.11667172591091912,39,36.87096774193548,0.8187873744028075,-0.12401491113357821,32
JB GPT-5.4 | binary_only,disagreement_then_random,release,0.73,14767,6.823641065059397,43.941513630634326,37.11787256557493,31,6.870967741935484,0.4561218840217968,0.047326676876086715,7,43.774193548387096,0.6602535801865448,-0.1673200822472296,40,36.903225806451616,0.7888399522991926,-0.21464675912331188,33
JB GPT-5.4 | binary_only,disagreement_then_random,release,0.74,14969,6.559200766717013,43.766021468762204,37.20682070204519,31,6.580645161290323,0.4393891007119867,0.021444394573309822,7,43.61290322580645,0.6762919445856805,-0.15311824295575605,40,37.03225806451613,0.8011871178320894,-0.1745626375290641,33
JB GPT-5.4 | binary_only,disagreement_then_random,release,0.75,15172,6.294744213073121,43.5540298449461,37.25928563187298,31,6.387096774193548,0.45596976733121614,0.09235256112042745,7,43.25806451612903,0.7605427348112391,-0.2959653288170685,40,36.87096774193548,0.8868719167611,-0.38831788993749683,33
JB GPT-5.4 | binary_only,disagreement_then_random,release,0.76,15374,6.03281468526126,43.30454124500696,37.2717265597457,31,6.129032258064516,0.45375834477085364,0.09621757280325571,7,42.935483870967744,0.7519658592555598,-0.36905737403921535,40,36.806451612903224,0.8543618065125177,-0.4652749468424773,33
JB GPT-5.4 | binary_only,disagreement_then_random,release,0.77,15576,5.7720484058384125,43.01317773106405,37.241129325225636,31,6.032258064516129,0.445970901620182,0.2602096586777165,7,42.903225806451616,0.7159546431084538,-0.10995192461243164,42,36.87096774193548,0.8522480524918005,-0.37016158329015525,35
JB GPT-5.4 | binary_only,disagreement_then_random,release,0.78,15779,5.511108498547872,42.67432104269319,37.16321254414532,31,5.67741935483871,0.4408864403424488,0.16631085629083753,7,42.774193548387096,0.7487763170298919,0.09987250569390937,42,37.096774193548384,0.8235183354595185,-0.0664383505969326,35
JB GPT-5.4 | binary_only,disagreement_then_random,release,0.79,15981,5.252515064813747,42.286989683367885,37.034474618554135,31,5.483870967741935,0.40658813204819677,0.23135590292818797,7,42.58064516129032,0.7588533987202136,0.2936554779224352,42,37.096774193548384,0.8364734455929261,0.062299574994248985,35
JB GPT-5.4 | binary_only,disagreement_then_random,release,0.8,16183,4.994932856110254,41.844775786474244,36.84984293036399,31,5.161290322580645,0.3882599012953405,0.16635746647039085,7,41.96774193548387,0.8569561926141033,0.12296614900962766,40,36.806451612903224,0.90686670173014,-0.04339131746076674,33
JB GPT-5.4 | binary_only,disagreement_then_random,release,0.81,16385,4.738317956412909,41.342177712112374,36.60385975569947,31,4.806451612903226,0.3750823704193196,0.06813365649031677,6,41.58064516129032,0.8783834046021148,0.23846744917794638,40,36.774193548387096,0.9060248488359964,0.17033379268762872,34
JB GPT-5.4 | binary_only,disagreement_then_random,release,0.82,16588,4.481365956059306,40.769938488288645,36.28857253222934,31,4.451612903225806,0.3496194849440099,-0.029753052833499716,6,41.03225806451613,0.8669361090270316,0.26231957622748325,39,36.58064516129032,0.9037249005106494,0.2920726290609821,33
JB GPT-5.4 | binary_only,disagreement_then_random,release,0.83,16790,4.226570289052918,40.12650605868822,35.899935769635306,31,4.258064516129032,0.3530747946454742,0.03149422707611382,5,40.516129032258064,0.8123654134910105,0.38962297356984266,34,36.25806451612903,0.816454098210617,0.35812874649372617,29
JB GPT-5.4 | binary_only,disagreement_then_random,release,0.84,16992,3.9726277390979394,39.40100874642491,35.42838100732697,31,4.129032258064516,0.34622988038706426,0.1564045189665766,5,39.45161290322581,0.8624031311379852,0.05060415680090102,34,35.32258064516129,0.8972923389006944,-0.1058003621656809,29
JB GPT-5.4 | binary_only,disagreement_then_random,release,0.85,17195,3.7182546776259384,38.579675388595746,34.86142071096981,31,3.806451612903226,0.3193385463423118,0.08819693527728756,5,39.16129032258065,0.8945435241201322,0.5816149339849019,34,35.354838709677416,0.9510021732580057,0.4934179987076064,29
JB GPT-5.4 | binary_only,disagreement_then_random,release,0.86,17397,3.465927115251131,37.659571715207505,34.19364459995637,31,3.6451612903225805,0.30602687033887543,0.17923417507144945,5,38.45161290322581,0.8599058584099679,0.7920411880183025,34,34.806451612903224,0.9451851441079608,0.6128070129468526,29
JB GPT-5.4 | binary_only,disagreement_then_random,release,0.87,17599,3.2143624055427074,36.62411767032394,33.40975526478123,31,3.5161290322580645,0.32748953112032403,0.30176662671535714,5,37.12903225806452,0.8977174585854867,0.5049145877405792,35,33.61290322580645,1.0092874302655939,0.20314796102521626,30
JB GPT-5.4 | binary_only,disagreement_then_random,release,0.88,17802,2.9622953849938907,35.452289210846786,32.48999382585289,31,3.161290322580645,0.2899639361837966,0.19899493758675435,5,35.935483870967744,0.902726436456444,0.483194660120958,34,32.774193548387096,0.9757375786589418,0.2841997225342041,29
JB GPT-5.4 | binary_only,disagreement_then_random,release,0.89,18004,2.7121863866833684,34.13809719240841,31.425910805725042,31,2.903225806451613,0.29459225953111934,0.19103941976824457,4,34.70967741935484,0.7913423309184426,0.5715802269464305,32,31.806451612903224,0.8718036609862643,0.38054080717818195,28
JB GPT-5.4 | binary_only,disagreement_then_random,release,0.9,18206,2.462771074760861,32.655568565826584,30.192797491065722,31,2.7419354838709675,0.2931759423871423,0.2791644091101064,4,33.03225806451613,0.7397818204485102,0.3766894986895437,31,30.29032258064516,0.8206914844571152,0.09752508957943817,27
JB GPT-5.4 | binary_only,disagreement_then_random,release,0.91,18408,2.2140307202703666,30.980478263359696,28.76644754308933,31,2.5483870967741935,0.2814658621650994,0.3343563765038269,3,31.225806451612904,0.6420894611895259,0.24532818825320746,31,28.677419354838708,0.6946602740106766,-0.08902818825062297,28
JB GPT-5.4 | binary_only,disagreement_then_random,release,0.92,18611,1.9647221016959082,29.074165218131995,27.109443116436086,31,2.4193548387096775,0.2812192866800435,0.4546327370137693,3,28.870967741935484,0.6354101807610392,-0.20319747619651096,28,26.451612903225808,0.7121657256647884,-0.6578302132102785,25
JB GPT-5.4 | binary_only,disagreement_then_random,release,0.93,18813,1.7172866636457906,26.921223780389468,25.203937116743678,31,2.032258064516129,0.28010701091732143,0.31497140087033837,2,26.580645161290324,0.6060167738698207,-0.3405786190991442,25,24.548387096774192,0.7241438544149383,-0.6555500199694855,23
JB GPT-5.4 | binary_only,disagreement_then_random,release,0.94,19015,1.4704818412678993,24.472289696405163,23.001807855137265,31,1.8064516129032258,0.26404363780233714,0.3359697716353265,1,24.06451612903226,0.5846338508053203,-0.40777356737290305,23,22.258064516129032,0.6557729444708477,-0.7437433390082333,22
JB GPT-5.4 | binary_only,disagreement_then_random,release,0.95,19218,1.223079445863815,21.66418924660342,20.441109800739607,31,1.3870967741935485,0.2483382161091972,0.16401732832973348,1,21.64516129032258,0.6002658677919923,-0.01902795628084064,19,20.258064516129032,0.6639208106935708,-0.183045284610575,18
JB GPT-5.4 | binary_only,disagreement_then_random,release,0.96,19420,0.9775077327733448,18.466414959064508,17.488907226291165,31,1.1612903225806452,0.2501473724489522,0.18378258980730044,1,18.741935483870968,0.652485309743559,0.27552052480645983,16,17.580645161290324,0.7029495363407623,0.09173793499915917,15
JB GPT-5.4 | binary_only,disagreement_then_random,release,0.97,19622,0.7325390372490838,14.796525604354756,14.063986567105673,31,0.9032258064516129,0.21429975343403201,0.17068676920252912,1,15.129032258064516,0.5988195116161428,0.3325066537097605,11,14.225806451612904,0.6319617475482231,0.1618198845072314,10
JB GPT-5.4 | binary_only,disagreement_then_random,release,0.98,19824,0.48816766395372285,10.57100162992083,10.082833965967106,31,0.6451612903225806,0.17069363297190907,0.15699362636885777,1,10.67741935483871,0.5315570489501463,0.10641772491788082,8,10.03225806451613,0.553549389677514,-0.050575901450976346,7
JB GPT-5.4 | binary_only,disagreement_then_random,release,0.99,20027,0.2431842393740272,5.6633078776266,5.420123638252573,31,0.2903225806451613,0.11540996012902144,0.047138341271134115,0,5.516129032258065,0.39314274882083083,-0.14717884536853543,4,5.225806451612903,0.44410034083503624,-0.1943171866396698,4
JB GPT-5.4 | binary_only,disagreement_then_random,release,1.0,20229,0.0,0.0,0.0,31,0.0,0.0,0.0,0,0.0,0.0,0.0,0,0.0,0.0,0.0,0
JB GPT-5.4-mini | binary_only,random_criterion,release,0.0,0,0.0,0.0,0.0,31,0.0,0.0,0.0,0,0.0,0.0,0.0,0,0.0,0.0,0.0,0
JB GPT-5.4-mini | binary_only,random_criterion,release,0.01,202,0.23485135387714848,0.16086407048697116,-0.07398728339017732,31,0.2903225806451613,0.08287246824945245,0.05547122676801283,0,0.12903225806451613,0.06120537406777507,-0.03183181242245503,0,-0.16129032258064516,0.10469386188935989,-0.08730303919046783,0
JB GPT-5.4-mini | binary_only,random_criterion,release,0.02,405,0.46136757091358227,0.3247467552311507,-0.13662081568243156,31,0.5161290322580645,0.09123958466923195,0.05476146134448223,0,0.25806451612903225,0.07988892740217941,-0.06668223910211846,1,-0.25806451612903225,0.10336012766191756,-0.12144370044660069,1
JB GPT-5.4-mini | binary_only,random_criterion,release,0.03,607,0.6776535222532136,0.49004578372876095,-0.18760773852445267,31,0.7096774193548387,0.14060964334002174,0.03202389710162512,0,0.5483870967741935,0.13786942300924396,0.05834131304543255,2,-0.16129032258064516,0.17411388062697866,0.026317415943807515,2
JB GPT-5.4-mini | binary_only,random_criterion,release,0.04,809,0.8851712027694163,0.6575754745888052,-0.22759572818061113,31,0.9032258064516129,0.16947000692340253,0.01805460368219658,1,0.8709677419354839,0.14474252619753836,0.2133922673466787,2,-0.03225806451612903,0.20469684360070187,0.1953376636644821,1
JB GPT-5.4-mini | binary_only,random_criterion,release,0.05,1011,1.084231408353096,0.827348478684897,-0.2568829296681989,31,1.096774193548387,0.1875411852096598,0.012542785195291062,2,1.064516129032258,0.19084128332579406,0.23716765034736098,2,-0.03225806451612903,0.26020616709254496,0.2246248651520699,0
JB GPT-5.4-mini | binary_only,random_criterion,release,0.06,1214,1.2760577130919608,1.0002348354601172,-0.27582287763184365,31,1.2258064516129032,0.18956473867560442,-0.05025126147905756,2,1.3548387096774193,0.22503709178985323,0.3546038742173021,2,0.12903225806451613,0.2772442558190679,0.4048551356963598,0
JB GPT-5.4-mini | binary_only,random_criterion,release,0.07,1416,1.4590471548344053,1.1745441388830342,-0.28450301595137106,31,1.3548387096774193,0.1886476324801735,-0.10420844515698602,2,1.5161290322580645,0.2217766373276892,0.3415848933750303,2,0.16129032258064516,0.2824500115390043,0.4457933385320162,0
JB GPT-5.4-mini | binary_only,random_criterion,release,0.08,1618,1.6344378601900897,1.351135326566102,-0.28330253362398783,31,1.5161290322580645,0.19604129333468082,-0.11830882793202524,2,1.6774193548387097,0.22426509263026034,0.32628402827260783,2,0.16129032258064516,0.2862316311185615,0.44459285620463296,0
JB GPT-5.4-mini | binary_only,random_criterion,release,0.09,1821,1.8033047078871824,1.530912533100737,-0.2723921747864455,31,1.6451612903225807,0.22020707310807758,-0.1581434175646017,3,1.8709677419354838,0.2612704094363431,0.3400552088347468,2,0.22580645161290322,0.3672322444066506,0.49819862639934875,-1
JB GPT-5.4-mini | binary_only,random_criterion,release,0.1,2023,1.9642334408742628,1.7121173201341737,-0.25211612074008904,31,1.7419354838709677,0.2173532971344906,-0.22229795700329502,3,2.032258064516129,0.27624156083150814,0.3201407443819553,3,0.2903225806451613,0.3686463129590105,0.5424387013852503,0
JB GPT-5.4-mini | binary_only,random_criterion,release,0.11,2225,2.118310148681588,1.8956421111629294,-0.2226680375186587,31,1.8387096774193548,0.2276423066371271,-0.2796004712622333,3,2.096774193548387,0.2871994500461886,0.20113208238545766,3,0.25806451612903225,0.40152328749263105,0.48073255364769096,0
JB GPT-5.4-mini | binary_only,random_criterion,release,0.12,2427,2.265759233091305,2.081499126537926,-0.1842601065533791,31,2.032258064516129,0.2723212483377293,-0.233501168575176,3,2.193548387096774,0.294827650906696,0.11204926055884812,3,0.16129032258064516,0.4352647796149171,0.34555042913402423,0
JB GPT-5.4-mini | binary_only,random_criterion,release,0.13,2630,2.4074760649118168,2.270637733196925,-0.13683833171489157,31,2.2903225806451615,0.2940029565614516,-0.11715348426665528,3,2.4193548387096775,0.3171587355645726,0.1487171055127523,3,0.12903225806451613,0.4584732388242547,0.2658705897794077,0
JB GPT-5.4-mini | binary_only,random_criterion,release,0.14,2832,2.542266730316375,2.461205869781296,-0.0810608605350791,31,2.4516129032258065,0.27761933277409573,-0.09065382709056857,3,2.5483870967741935,0.3273835988739426,0.08718122699289754,4,0.0967741935483871,0.4575644703612166,0.1778350540834662,1
JB GPT-5.4-mini | binary_only,random_criterion,release,0.15,3034,2.671035547609912,2.654140147536079,-0.016895400073833056,31,2.6129032258064515,0.2730844107354902,-0.058132321803460396,3,2.774193548387097,0.32365412781274006,0.12005340085101812,4,0.16129032258064516,0.44503660401236295,0.1781857226544782,1
JB GPT-5.4-mini | binary_only,random_criterion,release,0.16,3237,2.7945567314641524,2.8504233347224512,0.05586660325829884,31,2.6451612903225805,0.29529787074440794,-0.14939544114157188,3,3.032258064516129,0.33595913399634497,0.18183472979367776,4,0.3870967741935484,0.45832190254720745,0.33123017093524953,1
JB GPT-5.4-mini | binary_only,random_criterion,release,0.17,3439,2.91178370446186,3.048130717912689,0.13634701345082867,31,2.7096774193548385,0.2828181846410322,-0.20210628510702167,3,3.129032258064516,0.33996184315893985,0.08090154015182716,4,0.41935483870967744,0.43446715244730666,0.28300782525884877,1
JB GPT-5.4-mini | binary_only,random_criterion,release,0.18,3641,3.0234991050097317,3.2482313614880343,0.22473225647830253,31,2.6774193548387095,0.2758646106070195,-0.3460797501710222,5,3.161290322580645,0.3379150946153801,-0.08694103890738925,5,0.4838709677419355,0.4347065942689812,0.25913871126363297,0
JB GPT-5.4-mini | binary_only,random_criterion,release,0.19,3844,3.1303667848754553,3.4517405807137314,0.3213737958382761,31,2.870967741935484,0.3067061761033474,-0.2593990429399713,5,3.3225806451612905,0.34199634272770507,-0.12915993555244087,5,0.45161290322580644,0.4656795466482217,0.13023910738753036,0
JB GPT-5.4-mini | binary_only,random_criterion,release,0.2,4046,3.2314758775305834,3.656658883457396,0.42518300592681246,31,3.064516129032258,0.3073839806341057,-0.1669597484983254,5,3.6451612903225805,0.36381605625475316,-0.011497593134815354,5,0.5806451612903226,0.5053992216281481,0.15546215536351016,0
JB GPT-5.4-mini | binary_only,random_criterion,release,0.21,4248,3.32749881734849,3.8639868044028844,0.5364879870543944,31,3.2580645161290325,0.31441272080028915,-0.0694343012194576,5,3.967741935483871,0.3694921564716479,0.10375513108098655,5,0.7096774193548387,0.5392020157006945,0.17318943230044437,0
JB GPT-5.4-mini | binary_only,random_criterion,release,0.22,4450,3.41856030193511,4.073726604500085,0.6551663025649752,31,3.3225806451612905,0.32258064516129037,-0.09597965677381959,5,4.161290322580645,0.3882599012953405,0.08756371808055974,5,0.8387096774193549,0.5488928723917534,0.18354337485437966,0
JB GPT-5.4-mini | binary_only,random_criterion,release,0.23,4653,3.5051922538822384,4.286934894299576,0.7817426404173378,31,3.4838709677419355,0.3174866612791533,-0.02132128614030293,5,4.483870967741935,0.37922095508866055,0.19693607344235886,5,1.0,0.5058794110206737,0.21825735958266224,0
JB GPT-5.4-mini | binary_only,random_criterion,release,0.24,4855,3.58665125373902,4.501509329294726,0.9148580755557063,31,3.6774193548387095,0.31922990931030526,0.09076810109968969,6,4.709677419354839,0.4100709311502118,0.20816809006011283,5,1.032258064516129,0.5297267929786496,0.1173999889604227,-1
JB GPT-5.4-mini | binary_only,random_criterion,release,0.25,5057,3.6634786887781,4.718490129046225,1.0550114402681254,31,3.870967741935484,0.31704935162079007,0.20748905315738408,6,4.806451612903226,0.40005202575296755,0.08796148385700064,5,0.9354838709677419,0.5120808989157273,-0.11952756930038355,-1
JB GPT-5.4-mini | binary_only,random_criterion,release,0.26,5260,3.7361175545024805,4.938962637473458,1.2028450829709776,31,4.064516129032258,0.3073839806341057,0.3283985745297775,6,5.064516129032258,0.40939368720140373,0.1255534915587999,5,1.0,0.4885792437459402,-0.20284508297097759,-1
JB GPT-5.4-mini | binary_only,random_criterion,release,0.27,5462,3.8039427073002736,5.160745218588649,1.3568025112883753,31,4.064516129032258,0.32770129288258826,0.2605734217319844,6,5.225806451612903,0.4140273675940905,0.06506123302425415,5,1.1612903225806452,0.5060850669995006,-0.19551218870773002,-1
JB GPT-5.4-mini | binary_only,random_criterion,release,0.28,5664,3.8674075461549333,5.384905505334724,1.5174979591797908,31,4.096774193548387,0.3572741446416377,0.2293666473934537,5,5.451612903225806,0.419520232066023,0.06670739789108193,5,1.3548387096774193,0.5478175410413879,-0.16265924950237154,0
JB GPT-5.4-mini | binary_only,random_criterion,release,0.29,5866,3.9265911739816413,5.611427687019415,1.6848365130377734,31,4.258064516129032,0.36798709051539674,0.33147334214739077,5,5.709677419354839,0.4126847540300105,0.09824973233542433,5,1.4516129032258065,0.5284155860346501,-0.23322360981196688,0
JB GPT-5.4-mini | binary_only,random_criterion,release,0.3,6069,3.9818295546217195,5.841431157694165,1.8596016030724458,31,4.290322580645161,0.385750346551658,0.30849302602344153,6,5.935483870967742,0.40939368720140373,0.09405271327357667,6,1.6451612903225807,0.5237342901316749,-0.21444031274986508,0
JB GPT-5.4-mini | binary_only,random_criterion,release,0.31,6271,4.0326482978687155,6.072626512828554,2.039978214959839,31,4.258064516129032,0.36209587613941374,0.22541621826031655,6,6.161290322580645,0.3910195501356373,0.08866380975209065,6,1.903225806451613,0.5045062287618671,-0.1367524085082259,0
JB GPT-5.4-mini | binary_only,random_criterion,release,0.32,6473,4.079395149071374,6.306113553820972,2.2267184047495983,31,4.483870967741935,0.36476820668242577,0.40447581867056126,6,6.419354838709677,0.3817734326370801,0.113241284888705,6,1.935483870967742,0.48401431568397585,-0.29123453378185626,0
JB GPT-5.4-mini | binary_only,random_criterion,release,0.33,6676,4.122333157484445,6.543032986741216,2.4206998292567707,31,4.516129032258065,0.3763748067338558,0.39379587477361966,6,6.741935483870968,0.40419238987553774,0.19890249712975194,7,2.225806451612903,0.500987578279153,-0.19489337764386772,1
JB GPT-5.4-mini | binary_only,random_criterion,release,0.34,6878,4.161097279711401,6.781013738402403,2.6199164586910015,31,4.580645161290323,0.37322826924587765,0.41954788157892153,6,6.903225806451613,0.3971804895902293,0.12221206804921003,7,2.3225806451612905,0.478319407329844,-0.29733581352971106,1
JB GPT-5.4-mini | binary_only,random_criterion,release,0.35,7080,4.195963360069307,7.021175428903594,2.825212068834287,31,4.645161290322581,0.36675967665921283,0.44919793025327426,7,7.225806451612903,0.40350527949366133,0.2046310227093091,7,2.5806451612903225,0.4746797302820265,-0.2445669075439647,0
JB GPT-5.4-mini | binary_only,random_criterion,release,0.36,7282,4.226982845335178,7.263470637618204,3.036487792283026,31,4.548387096774194,0.3370929155513066,0.32140425143901563,7,7.451612903225806,0.40117759368123934,0.18814226560760172,7,2.903225806451613,0.4980712016933879,-0.13326198583141302,0
JB GPT-5.4-mini | binary_only,random_criterion,release,0.37,7485,4.254329848954005,7.509060907316737,3.254731058362732,31,4.516129032258065,0.3558148840381569,0.2617991833040598,8,7.741935483870968,0.414697044323845,0.23287457655423083,7,3.225806451612903,0.5240653275771114,-0.028924606749828996,-1
JB GPT-5.4-mini | binary_only,random_criterion,release,0.38,7687,4.277781390620585,7.7554667596779066,3.4776853690573217,31,4.645161290322581,0.36381605625475316,0.36737989970199614,8,7.935483870967742,0.44705844767377995,0.18001711128983544,7,3.2903225806451615,0.5451517464329706,-0.18736278841216025,-1
JB GPT-5.4-mini | binary_only,random_criterion,release,0.39,7889,4.297525590836795,8.003826543045411,3.7063009522086166,31,4.67741935483871,0.37211137416533235,0.3798937640019151,8,8.03225806451613,0.45314639797216083,0.02843152147071848,7,3.3548387096774195,0.5379139058442249,-0.35146224253119707,-1
JB GPT-5.4-mini | binary_only,random_criterion,release,0.4,8092,4.313675076167156,8.255310104985183,3.941635028818027,31,4.67741935483871,0.3513020229693415,0.3637442786715539,8,8.258064516129032,0.49070443534984315,0.0027544111438491115,7,3.5806451612903225,0.5713108743563541,-0.36098986752770434,-1
JB GPT-5.4-mini | binary_only,random_criterion,release,0.41,8294,4.326111236982379,8.507358283526552,4.181247046544173,31,4.645161290322581,0.369679858874647,0.3190500533402023,8,8.64516129032258,0.48537400964655564,0.13780300679602853,7,4.0,0.5698518954918892,-0.1812470465441729,-1
JB GPT-5.4-mini | binary_only,random_criterion,release,0.42,8496,4.334961466520456,8.761116024974745,4.426154558454289,31,4.645161290322581,0.3949911856829927,0.3101998238021251,8,8.903225806451612,0.47599322013260814,0.14210978147686681,7,4.258064516129032,0.6010165974404451,-0.16809004232525737,-1
JB GPT-5.4-mini | binary_only,random_criterion,release,0.43,8698,4.340263240188257,9.016485381147962,4.676222140959705,31,4.548387096774194,0.3676098612101781,0.2081238565859369,8,9.193548387096774,0.48950129293207323,0.17706300594881164,8,4.645161290322581,0.6056159880149297,-0.031060850637124382,0
JB GPT-5.4-mini | binary_only,random_criterion,release,0.44,8901,4.342053079835719,9.274634399668244,4.932581319832525,31,4.548387096774194,0.3646731035112924,0.20633401693847464,8,9.548387096774194,0.46103835512642116,0.27375269710594985,8,5.0,0.5717357085490704,0.06741868016747521,0
JB GPT-5.4-mini | binary_only,random_criterion,release,0.45,9103,4.3403488770832945,9.532902269500676,5.1925533924173815,31,4.451612903225806,0.3676098612101781,0.11126402614251152,8,9.709677419354838,0.4641874583951952,0.1767751498541621,8,5.258064516129032,0.5865293252034559,0.06551112371165058,0
JB GPT-5.4-mini | binary_only,random_criterion,release,0.46,9305,4.33520269956677,9.792429570973034,5.457226871406265,31,4.580645161290323,0.3555223131644788,0.24544246172355333,9,9.96774193548387,0.467166869332143,0.17531236451083565,7,5.387096774193548,0.5804659221561586,-0.07013009721271679,-2
JB GPT-5.4-mini | binary_only,random_criterion,release,0.47,9508,4.326597731768247,10.054370594996865,5.727772863228617,31,4.580645161290323,0.3494210066510091,0.2540474295220756,9,10.32258064516129,0.46924120118627566,0.26821005016442534,7,5.741935483870968,0.57914980686001,0.014162620642350632,-2
JB GPT-5.4-mini | binary_only,random_criterion,release,0.48,9710,4.314652355334934,10.31599353478579,6.001341179450856,31,4.419354838709677,0.34321125363278415,0.10470248337474342,9,10.67741935483871,0.45528461327425424,0.36142582005292034,7,6.258064516129032,0.5641012300205683,0.25672333667817604,-2
JB GPT-5.4-mini | binary_only,random_criterion,release,0.49,9912,4.29936570319356,10.578422909061723,6.279057205868163,31,4.387096774193548,0.3582436827732835,0.08773107099998789,9,11.0,0.45907808504876707,0.42157709093827656,6,6.612903225806452,0.5786105332174577,0.33384601993828866,-3
JB GPT-5.4-mini | binary_only,random_criterion,release,0.5,10114,4.280770666801353,10.841482022756946,6.5607113559555925,31,4.354838709677419,0.3867381851641114,0.07406804287606583,9,11.32258064516129,0.4669440729427136,0.4810986224043443,6,6.967741935483871,0.6125635731199036,0.4070305795282785,-3
JB GPT-5.4-mini | binary_only,random_criterion,release,0.51,10317,4.25878366909134,11.106284933074676,6.847501263983336,31,4.354838709677419,0.3867381851641114,0.09605504058607917,8,11.67741935483871,0.4715271386942086,0.5711344217640342,7,7.32258064516129,0.6176387515946389,0.4750793811779541,-1
JB GPT-5.4-mini | binary_only,random_criterion,release,0.52,10519,4.233654258731097,11.370015254988916,7.136360996257819,31,4.225806451612903,0.3430090673097099,-0.00784780711819355,8,11.935483870967742,0.46358927843226705,0.5654686159788263,7,7.709677419354839,0.590595741488816,0.5733164230970198,-1
JB GPT-5.4-mini | binary_only,random_criterion,release,0.53,10721,4.205315106515682,11.633753281186817,7.428438174671134,31,4.258064516129032,0.3278071224648344,0.05274940961334984,9,12.129032258064516,0.42689661684146707,0.4952789768776995,7,7.870967741935484,0.5915933205797385,0.44252956726434967,-2
JB GPT-5.4-mini | binary_only,random_criterion,release,0.54,10924,4.173635449831774,11.898561488542068,7.7249260387102945,31,4.161290322580645,0.33148987299780985,-0.012345127251128574,9,12.193548387096774,0.4409651068504068,0.29498689855470595,7,8.03225806451613,0.5782507380537099,0.3073320258058354,-2
JB GPT-5.4-mini | binary_only,random_criterion,release,0.55,11126,4.138960934264858,12.16156972684726,8.022608792582401,31,4.129032258064516,0.3303368612504481,-0.009928676200342323,9,12.419354838709678,0.4369350571767843,0.25778511186241815,7,8.290322580645162,0.5664329974652009,0.26771378806276047,-2
JB GPT-5.4-mini | binary_only,random_criterion,release,0.56,11328,4.10117710136531,12.423802541267497,8.322625439902186,31,3.935483870967742,0.32107173978427733,-0.16569323039756778,10,12.709677419354838,0.4255130954281587,0.28587487808734124,9,8.774193548387096,0.5749421240987034,0.4515681084849099,-1
JB GPT-5.4-mini | binary_only,random_criterion,release,0.57,11531,4.06010829501139,12.686246707368735,8.626138412357346,31,3.935483870967742,0.3341993606004313,-0.12462442404364804,10,12.806451612903226,0.41586638372860185,0.12020490553449115,9,8.870967741935484,0.5768694443973372,0.2448293295781383,-1
JB GPT-5.4-mini | binary_only,random_criterion,release,0.58,11733,4.016193998407383,12.945988392519364,8.929794394111982,31,3.774193548387097,0.32365412781274006,-0.24200045002028592,10,13.0,0.40692922953440247,0.054011607480635604,9,9.225806451612904,0.587887922570271,0.2960120575009224,-1
JB GPT-5.4-mini | binary_only,random_criterion,release,0.59,11935,3.9692747819451824,13.203970581956982,9.2346958000118,31,3.838709677419355,0.32493762575498525,-0.13056510452582737,10,13.161290322580646,0.41761425374663896,-0.04268025937633624,9,9.32258064516129,0.5854638759582261,0.08788484514949069,-1
JB GPT-5.4-mini | binary_only,random_criterion,release,0.6,12137,3.9193865737741063,13.459812420426587,9.54042584665248,31,3.870967741935484,0.3237612803161931,-0.04841883183862228,10,13.32258064516129,0.42347029392505847,-0.13723177526529717,9,9.451612903225806,0.6043546450062968,-0.08881294342667445,-1
JB GPT-5.4-mini | binary_only,random_criterion,release,0.61,12340,3.866297264539638,13.714349356987594,9.848052092447956,31,3.903225806451613,0.3018040335125884,0.03692854191197492,10,13.516129032258064,0.4196029042970091,-0.19822032472952955,9,9.612903225806452,0.6004969614936398,-0.23514886664150403,-1
JB GPT-5.4-mini | binary_only,random_criterion,release,0.62,12542,3.8105673990447193,13.964627033410308,10.154059634365588,31,3.935483870967742,0.3073839806341057,0.12491647192302269,10,13.741935483870968,0.419850823316747,-0.22269154953933956,9,9.806451612903226,0.6176949082298956,-0.3476080214623618,-1
JB GPT-5.4-mini | binary_only,random_criterion,release,0.63,12744,3.751980798964845,14.21142473053802,10.459443931573176,31,3.935483870967742,0.3309662747038261,0.18350307200289695,9,13.935483870967742,0.4494572207350755,-0.27594085957027836,9,10.0,0.644246663507744,-0.4594439315731762,0
JB GPT-5.4-mini | binary_only,random_criterion,release,0.64,12947,3.6902654672643678,14.45541233219133,10.765146864926962,31,3.774193548387097,0.3334720488338585,0.0839280811227292,8,14.451612903225806,0.48822414576767836,-0.0037994289655234326,10,10.67741935483871,0.6758301892307602,-0.08772751008825175,2
JB GPT-5.4-mini | binary_only,random_criterion,release,0.65,13149,3.626069376834498,14.69361841675218,11.067549039917683,31,3.6451612903225805,0.3231178322863811,0.01909191348808248,8,14.64516129032258,0.45801907998190583,-0.048457126429600095,10,11.0,0.6358467388206196,-0.06754903991768302,2
JB GPT-5.4-mini | binary_only,random_criterion,release,0.66,13351,3.5591361064391993,14.926641315180449,11.36750520874125,31,3.6451612903225805,0.3163922538126253,0.0860251838833812,8,14.67741935483871,0.47606608553221336,-0.24922196034173894,10,11.03225806451613,0.646718550686151,-0.3352471442251197,2
JB GPT-5.4-mini | binary_only,random_criterion,release,0.67,13553,3.489507210949628,15.15381326934784,11.66430605839821,31,3.5161290322580645,0.32418953616519003,0.026621821308436378,8,14.903225806451612,0.4383616582933228,-0.25058746289622746,12,11.387096774193548,0.6319068587873128,-0.2772092842046625,4
JB GPT-5.4-mini | binary_only,random_criterion,release,0.68,13756,3.4168608099209683,15.37548100171739,11.95862019179642,31,3.3548387096774195,0.3095205695972652,-0.06202210024354882,7,15.290322580645162,0.43796584633153346,-0.0851584210722276,12,11.935483870967742,0.6357376274103234,-0.023136320828678336,5
JB GPT-5.4-mini | binary_only,random_criterion,release,0.69,13958,3.341956236281066,15.588662489172629,12.246706252891563,31,3.032258064516129,0.3092963605351755,-0.30969817176493697,6,15.548387096774194,0.42965029460057885,-0.04027539239843492,13,12.516129032258064,0.6390028652600972,0.2694227793665007,7
JB GPT-5.4-mini | binary_only,random_criterion,release,0.7,14160,3.264486545030752,15.793596352398158,12.529109807367405,31,2.870967741935484,0.2848955118170273,-0.3935188030952679,5,15.709677419354838,0.42803262961515204,-0.08391893304331965,14,12.838709677419354,0.6083589316049737,0.3095998700519491,9
JB GPT-5.4-mini | binary_only,random_criterion,release,0.71,14363,3.184094917508853,15.99027176915125,12.806176851642396,31,2.870967741935484,0.29961242162353746,-0.3131271755733689,5,16.06451612903226,0.48623080468172314,0.07424435988101052,13,13.193548387096774,0.6482720702548382,0.38737153545437764,8
JB GPT-5.4-mini | binary_only,random_criterion,release,0.72,14565,3.1016199248411755,16.175694920529374,13.074074995688198,31,2.870967741935484,0.27333832470083697,-0.23065218290569156,5,16.096774193548388,0.512960705509843,-0.07892072698098573,15,13.225806451612904,0.648753440613836,0.15173145592470583,10
JB GPT-5.4-mini | binary_only,random_criterion,release,0.73,14767,3.0167190820004173,16.349696324755364,13.332977242754946,31,2.774193548387097,0.26113761633529403,-0.2425255336133203,5,16.387096774193548,0.5178064141004088,0.037400449438184324,16,13.612903225806452,0.6181439776517929,0.2799259830515055,11
JB GPT-5.4-mini | binary_only,random_criterion,release,0.74,14969,2.9294407132502287,16.5109880702801,13.581547357029871,31,2.7419354838709675,0.262198078023696,-0.18750522937926117,4,16.741935483870968,0.5427285543733842,0.23094741359086868,18,14.0,0.6221710168382552,0.41845264297012896,14
JB GPT-5.4-mini | binary_only,random_criterion,release,0.75,15172,2.839384827271511,16.658827780736274,13.819442953464764,31,2.7096774193548385,0.26312247602895117,-0.12970740791667268,4,16.870967741935484,0.5674730546089827,0.21213996119920964,18,14.161290322580646,0.6393827234785906,0.3418473691158823,14
JB GPT-5.4-mini | binary_only,random_criterion,release,0.76,15374,2.7474891836713984,16.790150599103846,14.042661415432448,31,2.6129032258064515,0.2395220121648136,-0.13458595786494687,4,16.93548387096774,0.6009588823015556,0.145333271863894,18,14.32258064516129,0.6465576287202327,0.27991922972884176,14
JB GPT-5.4-mini | binary_only,random_criterion,release,0.77,15576,2.653367160966429,16.903922958378658,14.250555797412229,31,2.5161290322580645,0.2658763870832899,-0.13723812870836438,4,17.225806451612904,0.6076743564463483,0.32188349323424603,18,14.709677419354838,0.6445696211670164,0.4591216219426091,14
JB GPT-5.4-mini | binary_only,random_criterion,release,0.78,15779,2.556588974483143,16.998531268587325,14.441942294104182,31,2.2903225806451615,0.2505630150049687,-0.2662663938379817,2,17.29032258064516,0.568328143110845,0.2917913120578355,18,15.0,0.5920621879571454,0.558057705895818,16
JB GPT-5.4-mini | binary_only,random_criterion,release,0.79,15981,2.4581615270840094,17.070735872301654,14.612574345217645,31,2.3225806451612905,0.2556337129826961,-0.1355808819227189,2,17.258064516129032,0.5735528623263605,0.18732864382737802,16,14.935483870967742,0.5937587285080537,0.3229095257500969,14
JB GPT-5.4-mini | binary_only,random_criterion,release,0.8,16183,2.357667555764871,17.11843522223424,14.760767666469368,31,2.225806451612903,0.2441120728838392,-0.13186110415196817,2,17.322580645161292,0.5553011326311982,0.20414542292705207,14,15.096774193548388,0.5798680582400174,0.3360065270790198,12
JB GPT-5.4-mini | binary_only,random_criterion,release,0.81,16385,2.2551621106265114,17.138632798658378,14.883470688031867,31,2.096774193548387,0.24254403750316875,-0.15838791707812439,2,17.387096774193548,0.5767491755657586,0.24846397553517008,13,15.290322580645162,0.5996299008861777,0.4068518926132949,11
JB GPT-5.4-mini | binary_only,random_criterion,release,0.82,16588,2.1501792219281946,17.127744350739196,14.977565128811001,31,1.967741935483871,0.238651547702818,-0.18243728644432355,2,17.225806451612904,0.5461688214709804,0.09806210087370815,13,15.258064516129032,0.5901844835239559,0.2804993873180308,11
JB GPT-5.4-mini | binary_only,random_criterion,release,0.83,16790,2.0438102275807712,17.081872125296627,15.038061897715856,31,1.967741935483871,0.2431154023408616,-0.07606829209690025,2,17.225806451612904,0.555925417406906,0.1439343263162769,14,15.258064516129032,0.6116569105350986,0.2200026184131758,12
JB GPT-5.4-mini | binary_only,random_criterion,release,0.84,16992,1.9356003723807798,16.99640468268112,15.060804310300341,31,1.935483870967742,0.2406777342537569,-0.00011650141303776174,2,17.193548387096776,0.529595818370892,0.1971437044156552,14,15.258064516129032,0.6028030258992557,0.19726020582869097,12
JB GPT-5.4-mini | binary_only,random_criterion,release,0.85,17195,1.8250591888830254,16.86515769999611,15.040098511113085,31,1.7741935483870968,0.21607285419782188,-0.05086564049592868,2,17.032258064516128,0.6037229852683933,0.1671003645200173,15,15.258064516129032,0.6622992565582418,0.21796600501594732,13
JB GPT-5.4-mini | binary_only,random_criterion,release,0.86,17397,1.7133351145529252,16.6830401627582,14.969705048205274,31,1.6774193548387097,0.1988520646119025,-0.035915759714215456,1,16.806451612903224,0.5855231184451937,0.1234114501450243,14,15.129032258064516,0.6199929508511358,0.1593272098592422,13
JB GPT-5.4-mini | binary_only,random_criterion,release,0.87,17599,1.5999477737810608,16.442026312167023,14.842078538385962,31,1.5483870967741935,0.20655239475589834,-0.051560677006867284,1,16.516129032258064,0.6202166942546125,0.07410272009104091,14,14.96774193548387,0.6195452216352394,0.12566339709790775,13
JB GPT-5.4-mini | binary_only,random_criterion,release,0.88,17802,1.4843844445518006,16.131533157009308,14.647148712457508,31,1.4516129032258065,0.20127929388038868,-0.032771541325994136,1,16.225806451612904,0.6041250269717903,0.09427329460359601,13,14.774193548387096,0.6005547210245283,0.12704483592958837,12
JB GPT-5.4-mini | binary_only,random_criterion,release,0.89,18004,1.3678449177201486,15.744038380490698,14.37619346277055,31,1.3548387096774193,0.1997223185054485,-0.01300620804272934,1,15.838709677419354,0.5700344720637203,0.09467129692865583,13,14.483870967741936,0.571492984824037,0.10767750497138628,12
JB GPT-5.4-mini | binary_only,random_criterion,release,0.9,18206,1.2498253094141565,15.265626116415623,14.015800807001467,31,1.2903225806451613,0.19780270602265668,0.04049727123100477,1,15.64516129032258,0.5298577352110236,0.379535173906957,13,14.35483870967742,0.5318832176308667,0.3390379026759529,12
JB GPT-5.4-mini | binary_only,random_criterion,release,0.91,18408,1.1303875123476488,14.681283060589942,13.550895548242293,31,1.1935483870967742,0.17609476211556363,0.06316087474912546,1,14.806451612903226,0.5130959264705441,0.1251685523132835,13,13.612903225806452,0.5094323624838627,0.062007677564158925,12
JB GPT-5.4-mini | binary_only,random_criterion,release,0.92,18611,1.0089924947225808,13.969171354807148,12.960178860084568,31,1.1290322580645162,0.15890712431751539,0.12003976334193545,1,13.806451612903226,0.47160069413318567,-0.16271974190392235,13,12.67741935483871,0.45764026999237717,-0.282759505245858,12
JB GPT-5.4-mini | binary_only,random_criterion,release,0.93,18813,0.8868989951902143,13.114604879838033,12.227705884647818,31,1.064516129032258,0.16021144543818644,0.1776171338420437,1,13.064516129032258,0.4248604675970834,-0.05008875080577546,13,12.0,0.39349550147037177,-0.22770588464781838,12
JB GPT-5.4-mini | binary_only,random_criterion,release,0.94,19015,0.7635749303987873,12.088384853278463,11.324809922879675,31,0.9032258064516129,0.1340425121913757,0.13965087605282556,0,12.129032258064516,0.39004255484366035,0.04064740478605344,12,11.225806451612904,0.3759137324376055,-0.09900347126677111,12
JB GPT-5.4-mini | binary_only,random_criterion,release,0.95,19218,0.6384638603688164,10.852515688950039,10.214051828581223,31,0.8064516129032258,0.13455905557815623,0.16798775253440934,0,10.806451612903226,0.3750823704193196,-0.04606407604681273,11,10.0,0.3501151884184551,-0.21405182858122274,11
JB GPT-5.4-mini | binary_only,random_criterion,release,0.96,19420,0.5128612493565836,9.38118329546424,8.868322046107656,31,0.7096774193548387,0.14060964334002174,0.19681616999825513,0,9.709677419354838,0.41528212560043914,0.3284941238905983,11,9.0,0.40692922953440247,0.1316779538923445,11
JB GPT-5.4-mini | binary_only,random_criterion,release,0.97,19622,0.3862160130221546,7.623124583308545,7.23690857028639,31,0.6451612903225806,0.13558623884858595,0.25894527730042605,0,8.161290322580646,0.3964812276225614,0.5381657392721007,9,7.516129032258065,0.4221577133357788,0.2792204619716747,9
JB GPT-5.4-mini | binary_only,random_criterion,release,0.98,19824,0.2585902105837705,5.523111396120349,5.264521185536578,31,0.41935483870967744,0.12930079583275195,0.16076462812590692,0,5.806451612903226,0.37220457676520724,0.2833402167828769,8,5.387096774193548,0.37867175718268875,0.12257558865696971,8
JB GPT-5.4-mini | binary_only,random_criterion,release,0.99,20027,0.1294068865133564,3.0008178601687376,2.8714109736553812,31,0.16129032258064516,0.06715051611181073,0.031883436067288745,0,3.3870967741935485,0.2884046565580804,0.38627891402481085,5,3.225806451612903,0.28852490032255357,0.3543954779575218,5
JB GPT-5.4-mini | binary_only,random_criterion,release,1.0,20229,0.0,0.0,0.0,31,0.0,0.0,0.0,0,0.0,0.0,0.0,0,0.0,0.0,0.0,0
JB GPT-5.4-mini | binary_only,disagreement_then_random,release,0.0,0,0.0,0.0,0.0,31,0.0,0.0,0.0,0,0.0,0.0,0.0,0,0.0,0.0,0.0,0
JB GPT-5.4-mini | binary_only,disagreement_then_random,release,0.01,202,0.0,0.0,0.0,31,0.0,0.0,0.0,0,0.0,0.0,0.0,0,0.0,0.0,0.0,0
JB GPT-5.4-mini | binary_only,disagreement_then_random,release,0.02,405,1.0,1.0,0.0,31,1.0,0.0,0.0,1,1.0,0.0,0.0,1,0.0,0.0,0.0,0
JB GPT-5.4-mini | binary_only,disagreement_then_random,release,0.03,607,1.0,2.0,1.0,31,1.0,0.0,0.0,1,2.0,0.0,0.0,2,1.0,0.0,0.0,1
JB GPT-5.4-mini | binary_only,disagreement_then_random,release,0.04,809,1.0,2.0,1.0,31,1.0,0.0,0.0,1,2.0,0.0,0.0,2,1.0,0.0,0.0,1
JB GPT-5.4-mini | binary_only,disagreement_then_random,release,0.05,1011,1.0,2.0,1.0,31,1.0,0.0,0.0,1,2.0,0.0,0.0,2,1.0,0.0,0.0,1
JB GPT-5.4-mini | binary_only,disagreement_then_random,release,0.06,1214,2.0,2.0,0.0,31,2.0,0.0,0.0,2,2.0,0.0,0.0,2,0.0,0.0,0.0,0
JB GPT-5.4-mini | binary_only,disagreement_then_random,release,0.07,1416,3.0,2.0,-1.0,31,3.0,0.0,0.0,3,2.0,0.0,0.0,2,-1.0,0.0,0.0,-1
JB GPT-5.4-mini | binary_only,disagreement_then_random,release,0.08,1618,3.0,2.0,-1.0,31,3.0,0.0,0.0,3,2.0,0.0,0.0,2,-1.0,0.0,0.0,-1
JB GPT-5.4-mini | binary_only,disagreement_then_random,release,0.09,1821,4.0,2.0,-2.0,31,4.0,0.0,0.0,4,2.0,0.0,0.0,2,-2.0,0.0,0.0,-2
JB GPT-5.4-mini | binary_only,disagreement_then_random,release,0.1,2023,4.0,2.0,-2.0,31,4.0,0.0,0.0,4,2.0,0.0,0.0,2,-2.0,0.0,0.0,-2
JB GPT-5.4-mini | binary_only,disagreement_then_random,release,0.11,2225,4.0,2.0,-2.0,31,4.0,0.0,0.0,4,2.0,0.0,0.0,2,-2.0,0.0,0.0,-2
JB GPT-5.4-mini | binary_only,disagreement_then_random,release,0.12,2427,4.0,2.0,-2.0,31,4.0,0.0,0.0,4,2.0,0.0,0.0,2,-2.0,0.0,0.0,-2
JB GPT-5.4-mini | binary_only,disagreement_then_random,release,0.13,2630,5.0,2.0,-3.0,31,5.0,0.0,0.0,5,2.0,0.0,0.0,2,-3.0,0.0,0.0,-3
JB GPT-5.4-mini | binary_only,disagreement_then_random,release,0.14,2832,5.0,2.0,-3.0,31,5.0,0.0,0.0,5,2.0,0.0,0.0,2,-3.0,0.0,0.0,-3
JB GPT-5.4-mini | binary_only,disagreement_then_random,release,0.15,3034,5.0,3.0,-2.0,31,5.0,0.0,0.0,5,3.0,0.0,0.0,3,-2.0,0.0,0.0,-2
JB GPT-5.4-mini | binary_only,disagreement_then_random,release,0.16,3237,6.0,3.0,-3.0,31,6.0,0.0,0.0,6,3.0,0.0,0.0,3,-3.0,0.0,0.0,-3
JB GPT-5.4-mini | binary_only,disagreement_then_random,release,0.17,3439,6.0,4.0,-2.0,31,6.0,0.0,0.0,6,4.0,0.0,0.0,4,-2.0,0.0,0.0,-2
JB GPT-5.4-mini | binary_only,disagreement_then_random,release,0.18,3641,5.975807481705343,5.037955240781047,-0.937852240924296,31,5.935483870967742,0.044853018526052064,-0.040323610737600823,6,5.0,0.0,-0.03795524078104684,5,-0.9354838709677419,0.044853018526052064,0.002368369956554095,-1
JB GPT-5.4-mini | binary_only,disagreement_then_random,release,0.19,3844,5.870541438597244,5.211177126398028,-0.6593643121992159,31,5.903225806451613,0.11690303591334954,0.0326843678543689,6,5.096774193548387,0.053978066228004884,-0.1144029328496412,5,-0.8064516129032258,0.1174949538034214,-0.14708730070400988,-1
JB GPT-5.4-mini | binary_only,disagreement_then_random,release,0.2,4046,5.771751159396129,5.386796461103133,-0.38495469829299633,31,5.741935483870968,0.17331518888996808,-0.02981567552516129,6,5.419354838709677,0.11143437770349779,0.03255837760654412,7,-0.3225806451612903,0.20418785770663456,0.06237405313170602,1
JB GPT-5.4-mini | binary_only,disagreement_then_random,release,0.21,4248,5.678475280085864,5.565653719580801,-0.11282156050506309,31,5.612903225806452,0.20571103730869886,-0.06557205427941248,6,5.774193548387097,0.14450268754694487,0.20853982880629562,7,0.16129032258064516,0.2369010237206437,0.2741118830857082,1
JB GPT-5.4-mini | binary_only,disagreement_then_random,release,0.22,4450,5.590305812541554,5.747741046031327,0.15743523348977284,31,5.516129032258065,0.2491748435754079,-0.07417678028348895,7,6.0,0.1796053020267749,0.25225895396867326,7,0.4838709677419355,0.31063918751723296,0.32643573425216266,0
JB GPT-5.4-mini | binary_only,disagreement_then_random,release,0.23,4653,5.506451478111994,5.933972666055432,0.4275211879434382,31,5.483870967741935,0.23127030101851512,-0.022580510370058704,7,6.258064516129032,0.2019674302257875,0.3240918500736001,7,0.7741935483870968,0.33023184237599296,0.34667236044365857,0
JB GPT-5.4-mini | binary_only,disagreement_then_random,release,0.24,4855,5.427365772126146,6.1224991225612655,0.6951333504351194,31,5.290322580645161,0.23733986514101324,-0.1370431914809851,6,6.419354838709677,0.2062162637036328,0.29685571614841155,7,1.1290322580645162,0.33678408093259843,0.43389890762939687,1
JB GPT-5.4-mini | binary_only,disagreement_then_random,release,0.25,5057,5.352270644918749,6.314211543215416,0.9619408982966666,31,5.193548387096774,0.25153017664023136,-0.15872225782197535,6,6.67741935483871,0.24268700482327782,0.36320781162329396,7,1.4838709677419355,0.4012640450546556,0.5219300694452689,1
JB GPT-5.4-mini | binary_only,disagreement_then_random,release,0.26,5260,5.2804842171938855,6.510060245151477,1.2295760279575916,31,5.0,0.254000254000381,-0.2804842171938855,6,6.838709677419355,0.2501473724489522,0.3286494322678779,8,1.8387096774193548,0.39918404463543117,0.6091336494617632,2
JB GPT-5.4-mini | binary_only,disagreement_then_random,release,0.27,5462,5.212391963488552,6.708089152010011,1.4956971885214587,31,5.064516129032258,0.25793007250639943,-0.14787583445629426,5,6.967741935483871,0.2839198393903551,0.25965278347386,8,1.903225806451613,0.4182781877965944,0.40752861793015427,3
JB GPT-5.4-mini | binary_only,disagreement_then_random,release,0.28,5664,5.147326748380489,6.909224376471231,1.7618976280907424,31,4.774193548387097,0.2692469682913745,-0.3731331999933918,5,7.129032258064516,0.30670617610334744,0.2198078815932849,8,2.3548387096774195,0.43637900833769944,0.5929410815866771,3
JB GPT-5.4-mini | binary_only,disagreement_then_random,release,0.29,5866,5.084998950925083,7.113430403327005,2.0284314524019216,31,4.774193548387097,0.28097249480567,-0.3108054025379863,5,7.32258064516129,0.32258064516129037,0.2091502418342852,8,2.5483870967741935,0.46798288195285725,0.5199556443722719,3
JB GPT-5.4-mini | binary_only,disagreement_then_random,release,0.3,6069,5.0248428387000414,7.321700178020586,2.2968573393205443,31,4.806451612903226,0.25576936367570413,-0.21839122579681547,5,7.580645161290323,0.32386839736802925,0.25894498326973725,9,2.774193548387097,0.4465150057547943,0.4773362090665527,4
JB GPT-5.4-mini | binary_only,disagreement_then_random,release,0.31,6271,4.9671890153270555,7.531935943999473,2.5647469286724176,31,4.709677419354839,0.25900366745897124,-0.2575115959722165,5,7.774193548387097,0.3461296836318516,0.2422576043876239,9,3.064516129032258,0.463589278432267,0.4997692003598404,4
JB GPT-5.4-mini | binary_only,disagreement_then_random,release,0.32,6473,4.911487824909771,7.745105062058141,2.8336172371483705,31,4.580645161290323,0.22130693689785697,-0.3308426636194479,5,7.903225806451613,0.3418949052813902,0.15812074439347157,9,3.3225806451612905,0.42092345171368967,0.48896340801291993,4
JB GPT-5.4-mini | binary_only,disagreement_then_random,release,0.33,6676,4.857241475109196,7.962227227977591,3.1049857528683953,31,4.580645161290323,0.24875688156423664,-0.27659631381887273,6,7.967741935483871,0.3606561254031919,0.0055147075062800255,10,3.3870967741935485,0.44883940983035064,0.2821110213251532,4
JB GPT-5.4-mini | binary_only,disagreement_then_random,release,0.34,6878,4.804761581466895,8.181100091163795,3.3763385096969003,31,4.580645161290323,0.25725680048228244,-0.22411642017657218,6,8.161290322580646,0.36247884385738993,-0.019809768583149534,10,3.5806451612903225,0.4538347801027815,0.2043066515934222,4
JB GPT-5.4-mini | binary_only,disagreement_then_random,release,0.35,7080,4.753566994962899,8.402716821262114,3.6491498262992152,31,4.67741935483871,0.2797352695313394,-0.07614764012418895,6,8.612903225806452,0.3671377795190667,0.2101864045443378,10,3.935483870967742,0.4494572207350755,0.28633404466852674,4
JB GPT-5.4-mini | binary_only,disagreement_then_random,release,0.36,7282,4.7034594068643045,8.62700141875877,3.9235420118944653,31,4.483870967741935,0.2698903311400244,-0.21958843912236947,6,8.870967741935484,0.37313532234635494,0.24396632317671418,10,4.387096774193548,0.4606620279433724,0.46355476229908277,4
JB GPT-5.4-mini | binary_only,disagreement_then_random,release,0.37,7485,4.654009945306133,8.855000283572666,4.200990338266533,31,4.580645161290323,0.2614031350783488,-0.07336478401581026,6,9.161290322580646,0.3595001733098073,0.3062900390079797,10,4.580645161290323,0.4393891007119867,0.37965482302378994,4
JB GPT-5.4-mini | binary_only,disagreement_then_random,release,0.38,7687,4.6055285420841185,9.084376389816518,4.478847847732399,31,4.580645161290323,0.23995606026259567,-0.024883380793795595,6,9.419354838709678,0.3789464556280881,0.3349784488931604,10,4.838709677419355,0.41243252740726566,0.359861829686956,4
JB GPT-5.4-mini | binary_only,disagreement_then_random,release,0.39,7889,4.557603254401982,9.316148482880326,4.758545228478344,31,4.709677419354839,0.26717779665611174,0.15207416495285653,6,9.516129032258064,0.3848501111435115,0.19998054937773801,10,4.806451612903226,0.40273087905381894,0.047906384424882376,4
JB GPT-5.4-mini | binary_only,disagreement_then_random,release,0.4,8092,4.509843088715789,9.55137464630273,5.04153155758694,31,4.548387096774194,0.27371875400769585,0.03854400805840452,6,9.67741935483871,0.38068160933572526,0.12604470853598038,10,5.129032258064516,0.37885491161041507,0.08750070047757585,4
JB GPT-5.4-mini | binary_only,disagreement_then_random,release,0.41,8294,4.462570945097968,9.787622272890456,5.325051327792488,31,4.32258064516129,0.27973526953133937,-0.13999029993667822,6,9.935483870967742,0.38781295755182277,0.14786159807728616,10,5.612903225806452,0.3898646562917182,0.2878518980139644,4
JB GPT-5.4-mini | binary_only,disagreement_then_random,release,0.42,8496,4.415412686386122,10.025920998161553,5.610508311775431,31,4.516129032258065,0.30007514378592043,0.10071634587194289,6,10.161290322580646,0.37415646831482746,0.13536932441909322,10,5.645161290322581,0.38394776497542205,0.034652978547150326,4
JB GPT-5.4-mini | binary_only,disagreement_then_random,release,0.43,8698,4.368238940149507,10.266137961409205,5.897899021259698,31,4.483870967741935,0.3071582119803376,0.11563202759242763,6,10.451612903225806,0.3557173871507155,0.18547494181660085,11,5.967741935483871,0.3809548585222442,0.06984291422417321,5
JB GPT-5.4-mini | binary_only,disagreement_then_random,release,0.44,8901,4.32069385424496,10.509332659419405,6.1886388051744445,31,4.548387096774194,0.31052750705792803,0.2276932425292335,5,10.67741935483871,0.35130202296934154,0.168086695419305,10,6.129032258064516,0.3702423951252876,-0.05960654710992852,5
JB GPT-5.4-mini | binary_only,disagreement_then_random,release,0.45,9103,4.273132196859968,10.752955478545843,6.479823281685875,31,4.387096774193548,0.32020631573106384,0.11396457733358023,5,10.96774193548387,0.3665704789800457,0.21478645693802711,10,6.580645161290323,0.3817734326370801,0.10082187960444777,5
JB GPT-5.4-mini | binary_only,disagreement_then_random,release,0.46,9305,4.225214577244308,10.99803630877782,6.772821731533512,31,4.387096774193548,0.31683047044066504,0.16188219694924033,5,11.225806451612904,0.35834049230964693,0.2277701428350838,10,6.838709677419355,0.3712714978926014,0.06588794588584257,5
JB GPT-5.4-mini | binary_only,disagreement_then_random,release,0.47,9508,4.176601851050924,11.245622386829732,7.069020535778808,31,4.387096774193548,0.3064799081447711,0.2104949231426243,5,11.483870967741936,0.3876340357625756,0.23824858091220413,10,7.096774193548387,0.4156995366271106,0.027753657769578943,5
JB GPT-5.4-mini | binary_only,disagreement_then_random,release,0.48,9710,4.127681101782848,11.493086299475662,7.365405197692814,31,4.290322580645161,0.33822289649606313,0.16264147886231317,5,11.741935483870968,0.39340734296103863,0.248849184395306,11,7.451612903225806,0.47255587296077395,0.08620770553299195,6
JB GPT-5.4-mini | binary_only,disagreement_then_random,release,0.49,9912,4.078129176858708,11.74144448995923,7.663315313100522,31,4.258064516129032,0.32780712246483446,0.17993533927032423,5,12.0,0.40956310317687433,0.25855551004076993,11,7.741935483870968,0.4840859737368793,0.0786201707704457,6
JB GPT-5.4-mini | binary_only,disagreement_then_random,release,0.5,10114,4.027867468519914,11.990483250026154,7.96261578150624,31,4.258064516129032,0.33750425544265483,0.23019704760911797,5,12.064516129032258,0.4223220090078231,0.07403287900610422,11,7.806451612903226,0.49169304796445923,-0.15616416860301374,6
JB GPT-5.4-mini | binary_only,disagreement_then_random,release,0.51,10317,3.976568599414762,12.241210314306503,8.264641714891741,31,4.129032258064516,0.33678408093259843,0.15246365864975386,5,12.387096774193548,0.4267340824297726,0.14588645988704485,11,8.258064516129032,0.49506758946716106,-0.0065771987627094575,6
JB GPT-5.4-mini | binary_only,disagreement_then_random,release,0.52,10519,3.9246707912800187,12.490910989802469,8.56624019852245,31,4.064516129032258,0.3529765409091498,0.13984533775223928,5,12.709677419354838,0.45245696851672856,0.21876642955236925,11,8.64516129032258,0.5298577352110238,0.07892109180012952,6
JB GPT-5.4-mini | binary_only,disagreement_then_random,release,0.53,10721,3.871861865611026,12.74055956424512,8.868697698634094,31,4.0,0.3592106040535498,0.12813813438897403,5,12.870967741935484,0.4393101519914299,0.13040817769036472,12,8.870967741935484,0.5501552771696115,0.0022700433013902455,7
JB GPT-5.4-mini | binary_only,disagreement_then_random,release,0.54,10924,3.817816802179807,12.991111525204895,9.173294723025087,31,3.935483870967742,0.34057346915835107,0.11766706878793487,5,13.290322580645162,0.4428489108281893,0.29921105544026716,12,9.35483870967742,0.5339010159493729,0.18154398665233273,7
JB GPT-5.4-mini | binary_only,disagreement_then_random,release,0.55,11126,3.7630164659585073,13.23980076519205,9.476784299233543,31,3.935483870967742,0.3374014674836873,0.17246740500923474,5,13.419354838709678,0.4393891007119867,0.1795540735176271,12,9.483870967741936,0.5345502938445772,0.0070866685083927905,7
JB GPT-5.4-mini | binary_only,disagreement_then_random,release,0.56,11328,3.7071503525275693,13.487545773868918,9.78039542134135,31,4.032258064516129,0.34230047470664027,0.3251077119885597,5,13.709677419354838,0.41528212560043914,0.2221316454859199,11,9.67741935483871,0.5335760807260732,-0.1029760665026398,6
JB GPT-5.4-mini | binary_only,disagreement_then_random,release,0.57,11531,3.649891304992013,13.73522401869856,10.085332713706546,31,3.870967741935484,0.3303368612504481,0.2210764369434708,5,14.0,0.4325468462415932,0.2647759813014403,11,10.129032258064516,0.5559878073310581,0.04369954435797041,6
JB GPT-5.4-mini | binary_only,disagreement_then_random,release,0.58,11733,3.5917652193774305,13.980030964319777,10.388265744942347,31,3.774193548387097,0.330231842375993,0.18242832900966643,5,14.451612903225806,0.4346267949852856,0.47158193890602895,11,10.67741935483871,0.561080173241505,0.2891536098963634,6
JB GPT-5.4-mini | binary_only,disagreement_then_random,release,0.59,11935,3.5324587231464286,14.222801158296907,10.690342435150479,31,3.7419354838709675,0.32780712246483446,0.2094767607245389,5,14.838709677419354,0.4302956577800956,0.6159085191224474,10,11.096774193548388,0.5493981823927985,0.40643175839790935,5
JB GPT-5.4-mini | binary_only,disagreement_then_random,release,0.6,12137,3.471941502792468,14.46311706396978,10.991175561177311,31,3.5806451612903225,0.3068192475085171,0.10870365849785468,4,15.064516129032258,0.43733180206664063,0.6013990650624788,11,11.483870967741936,0.5405512275007334,0.49269540656462496,7
JB GPT-5.4-mini | binary_only,disagreement_then_random,release,0.61,12340,3.4098779796024807,14.701697153003526,11.291819173401045,31,3.4516129032258065,0.28146586216509933,0.04173492362332576,4,15.225806451612904,0.41918938009652557,0.5241092986093783,11,11.774193548387096,0.5073856191234003,0.4823743749860512,7
JB GPT-5.4-mini | binary_only,disagreement_then_random,release,0.62,12542,3.3468561604911957,14.935705524736841,11.588849364245645,31,3.4193548387096775,0.2887652376406303,0.07249867821848177,4,15.516129032258064,0.37922095508866055,0.580423507521223,11,12.096774193548388,0.49373459134182446,0.507924829302743,7
JB GPT-5.4-mini | binary_only,disagreement_then_random,release,0.63,12744,3.2825532357007403,15.165803526447702,11.883250290746961,31,3.2580645161290325,0.29682094068477977,-0.02448871957170784,4,15.580645161290322,0.41159065568352465,0.41484163484262027,11,12.32258064516129,0.5375913961288947,0.439330354414329,7
JB GPT-5.4-mini | binary_only,disagreement_then_random,release,0.64,12947,3.2166240424942227,15.3925323424907,12.175908299996477,31,3.129032258064516,0.2772442558190679,-0.08759178442970672,4,15.64516129032258,0.4238796418156349,0.25262894783188017,13,12.516129032258064,0.5325349556741934,0.3402207322615869,9
JB GPT-5.4-mini | binary_only,disagreement_then_random,release,0.65,13149,3.149703768779599,15.613045078100724,12.463341309321125,31,3.032258064516129,0.2839198393903551,-0.11744570426346979,4,15.903225806451612,0.40255858776077735,0.2901807283508884,13,12.870967741935484,0.5241315099765136,0.40762643261435905,9
JB GPT-5.4-mini | binary_only,disagreement_then_random,release,0.66,13351,3.081459249741209,15.827807271117688,12.746348021376479,31,3.0,0.26639771383306554,-0.08145924974120922,4,15.870967741935484,0.4088850181039042,0.043160470817795726,13,12.870967741935484,0.5342906773679503,0.12461972055900539,9
JB GPT-5.4-mini | binary_only,disagreement_then_random,release,0.67,13553,3.0118813902230537,16.036097669878405,13.024216279655352,31,2.967741935483871,0.264306237208663,-0.04413945473918268,4,16.032258064516128,0.4002253960864594,-0.003839605362276899,13,13.064516129032258,0.5306427100639531,0.04029984937690578,9
JB GPT-5.4-mini | binary_only,disagreement_then_random,release,0.68,13756,2.940609047350912,16.23810541131254,13.297496363961628,31,2.935483870967742,0.24945309586040265,-0.005125176383169894,4,16.032258064516128,0.43622000705410535,-0.2058473467964106,13,13.096774193548388,0.5532986879483159,-0.2007221704132398,9
JB GPT-5.4-mini | binary_only,disagreement_then_random,release,0.69,13958,2.868339906708198,16.43097646328838,13.562636556580184,31,2.967741935483871,0.238651547702818,0.09940202877567295,4,16.096774193548388,0.45045935625061106,-0.33420226973999334,13,13.129032258064516,0.5342906773679503,-0.43360429851566806,9
JB GPT-5.4-mini | binary_only,disagreement_then_random,release,0.7,14160,2.7947238076567076,16.614781370339934,13.820057562683226,31,2.903225806451613,0.2425440375031688,0.10850199879490541,3,16.612903225806452,0.47672137295254624,-0.0018781445334816738,13,13.709677419354838,0.5720996010491866,-0.11038014332838841,10
JB GPT-5.4-mini | binary_only,disagreement_then_random,release,0.71,14363,2.7193858714569292,16.789316359375153,14.069930487918224,31,2.7419354838709675,0.25386365799480426,0.0225496124140383,2,16.903225806451612,0.5253873915537063,0.113909447076459,14,14.161290322580646,0.6240636412844626,0.09135983466242159,12
JB GPT-5.4-mini | binary_only,disagreement_then_random,release,0.72,14565,2.6430697727613452,16.951714319803767,14.308644547042421,31,2.6451612903225805,0.2434005817964888,0.0020915175612352677,2,16.838709677419356,0.5228062701566976,-0.11300464238441066,15,14.193548387096774,0.6246192041482341,-0.11509615994564726,13
JB GPT-5.4-mini | binary_only,disagreement_then_random,release,0.73,14767,2.565410874065145,17.101597599289462,14.536186725224317,31,2.5483870967741935,0.23112027161510404,-0.017023777290951614,2,16.93548387096774,0.49932316311972513,-0.16611372832172222,16,14.387096774193548,0.589655301813392,-0.14908995103076883,14
JB GPT-5.4-mini | binary_only,disagreement_then_random,release,0.74,14969,2.4864139373933045,17.23756599175258,14.751152054359274,31,2.4193548387096775,0.22611346256585577,-0.06705909868362703,2,17.096774193548388,0.5129607055098429,-0.14079179820419085,16,14.67741935483871,0.6245636701001895,-0.07373269952056383,14
JB GPT-5.4-mini | binary_only,disagreement_then_random,release,0.75,15172,2.405684262422924,17.358618305094247,14.952934042671323,31,2.225806451612903,0.22580645161290325,-0.1798778108100212,2,17.258064516129032,0.5407436972335552,-0.10055378896521461,16,15.03225806451613,0.636664478351937,0.07932402184480658,14
JB GPT-5.4-mini | binary_only,disagreement_then_random,release,0.76,15374,2.324024921714628,17.46181900578379,15.137794084069164,31,2.096774193548387,0.22885802853540604,-0.2272507281662408,1,17.193548387096776,0.5416409850098,-0.2682706186870156,16,15.096774193548388,0.6245081311138098,-0.041019890520775704,15
JB GPT-5.4-mini | binary_only,disagreement_then_random,release,0.77,15576,2.2410505086869374,17.54586241828849,15.304811909601552,31,2.129032258064516,0.22115014840003375,-0.11201825062242143,1,17.451612903225808,0.5243300070523578,-0.09424951506268187,18,15.32258064516129,0.6035505996982483,0.01776873555973779,17
JB GPT-5.4-mini | binary_only,disagreement_then_random,release,0.78,15779,2.156350774639299,17.608823628711523,15.452472854072223,31,2.064516129032258,0.19639483968741286,-0.09183464560704113,1,17.677419354838708,0.5629933378283671,0.06859572612718523,18,15.612903225806452,0.6022849312389466,0.16043037173422903,17
JB GPT-5.4-mini | binary_only,disagreement_then_random,release,0.79,15981,2.0707715829991518,17.647619590398772,15.57684800739962,31,2.0,0.1912044449926472,-0.07077158299915176,1,17.806451612903224,0.5687552052720986,0.15883202250445194,19,15.806451612903226,0.6018240282204274,0.22960360550360548,18
JB GPT-5.4-mini | binary_only,disagreement_then_random,release,0.8,16183,1.9839113026591337,17.659844351146848,15.675933048487714,31,1.8387096774193548,0.17411388062697866,-0.14520162523977898,1,17.677419354838708,0.6331133122759792,0.017575003691860047,18,15.838709677419354,0.6526979149332168,0.16277662893164013,17
JB GPT-5.4-mini | binary_only,disagreement_then_random,release,0.81,16385,1.8957832932924628,17.642357365334963,15.7465740720425,31,1.6774193548387097,0.16321433084740022,-0.21836393845375301,1,17.870967741935484,0.673207593099019,0.2286103766005212,18,16.193548387096776,0.6726921596009746,0.4469743150542751,17
JB GPT-5.4-mini | binary_only,disagreement_then_random,release,0.82,16588,1.8059562371996214,17.591245223552093,15.785288986352471,31,1.5483870967741935,0.15956061764773805,-0.2575691404254279,1,17.967741935483872,0.636664478351937,0.3764967119317788,17,16.419354838709676,0.6200488942711325,0.6340658523572049,16
JB GPT-5.4-mini | binary_only,disagreement_then_random,release,0.83,16790,1.7153302816418763,17.502913233744287,15.787582952102412,31,1.5161290322580645,0.1529000498740081,-0.19920124938381178,1,18.032258064516128,0.5801072777461671,0.5293448307718407,13,16.516129032258064,0.5620067112864793,0.7285460801556525,12
JB GPT-5.4-mini | binary_only,disagreement_then_random,release,0.84,16992,1.6234818740182546,17.372513980208858,15.749032106190603,31,1.4838709677419355,0.14569793278240278,-0.1396109062763191,1,17.774193548387096,0.5951591048128418,0.40167956817823836,13,16.29032258064516,0.585108295071518,0.5412904744545575,12
JB GPT-5.4-mini | binary_only,disagreement_then_random,release,0.85,17195,1.529963934507734,17.19364921090225,15.663685276394517,31,1.3870967741935485,0.15846996496292937,-0.14286716031418556,1,17.870967741935484,0.5824345188796062,0.677318531033233,13,16.483870967741936,0.5972535128275158,0.8201856913474188,12
JB GPT-5.4-mini | binary_only,disagreement_then_random,release,0.86,17397,1.435715094029753,16.961820719505802,15.526105625476049,31,1.3225806451612903,0.16321433084740022,-0.11313444886846269,1,17.677419354838708,0.5724632622371228,0.7155986353329062,14,16.35483870967742,0.5930573003500077,0.8287330842013709,13
JB GPT-5.4-mini | binary_only,disagreement_then_random,release,0.87,17599,1.3402954336546038,16.669025621930142,15.32873018827554,31,1.3548387096774193,0.17069363297190907,0.014543276022815466,1,17.29032258064516,0.5795688950058248,0.6212969587150177,15,15.935483870967742,0.6255070783763006,0.6067536826922026,14
JB GPT-5.4-mini | binary_only,disagreement_then_random,release,0.88,17802,1.2432423622981414,16.304830134228663,15.06158777193052,31,1.1612903225806452,0.1473549893602228,-0.0819520397174962,1,16.903225806451612,0.6158390355078349,0.5983956722229493,14,15.741935483870968,0.6508352647150732,0.6803477119404473,13
JB GPT-5.4-mini | binary_only,disagreement_then_random,release,0.89,18004,1.14553095649293,15.862870080538395,14.717339124045465,31,1.096774193548387,0.14922623878994035,-0.0487567629445429,0,16.64516129032258,0.6109192564017975,0.7822912097841854,13,15.548387096774194,0.6253406979827796,0.8310479727287294,13
JB GPT-5.4-mini | binary_only,disagreement_then_random,release,0.9,18206,1.046705209474364,15.329854416060174,14.28314920658581,31,1.032258064516129,0.15015311875020365,-0.01444714495823507,0,16.032258064516128,0.5801072777461672,0.7024036484559542,12,15.0,0.5865884600854132,0.7168507934141903,12
JB GPT-5.4-mini | binary_only,disagreement_then_random,release,0.91,18408,0.9467847642616871,14.691969032589462,13.745184268327774,31,0.967741935483871,0.15015311875020365,0.02095717122218388,0,15.35483870967742,0.5154565511486832,0.6628696770879579,12,14.387096774193548,0.5157256488183573,0.6419125058657738,12
JB GPT-5.4-mini | binary_only,disagreement_then_random,release,0.92,18611,0.8452869986553999,13.928705200350343,13.083418201694943,31,0.9032258064516129,0.1562658247276125,0.057938807796212966,0,14.258064516129032,0.4972348094967147,0.3293593157786887,12,13.35483870967742,0.5070436919876439,0.2714205079824765,12
JB GPT-5.4-mini | binary_only,disagreement_then_random,release,0.93,18813,0.7432322785015187,13.0278943109616,12.28466203246008,31,0.8064516129032258,0.1496903961745794,0.06321933440170702,0,13.0,0.4683533267840397,-0.027894310961599444,12,12.193548387096774,0.4916930479644592,-0.0911136453633059,12
JB GPT-5.4-mini | binary_only,disagreement_then_random,release,0.94,19015,0.640143833699639,11.962574995473656,11.322431161774016,31,0.7741935483870968,0.15176153775808474,0.13404971468745774,0,12.096774193548388,0.4052208709017344,0.13419919807473235,11,11.32258064516129,0.41318874536867656,0.0001494833872737189,11
JB GPT-5.4-mini | binary_only,disagreement_then_random,release,0.95,19218,0.5355246352220936,10.69767810532164,10.162153470099545,31,0.6451612903225806,0.12740914618149357,0.10963665510048703,0,10.709677419354838,0.3350286406858047,0.011999314033198871,10,10.064516129032258,0.3309662747038261,-0.09763734106728705,10
JB GPT-5.4-mini | binary_only,disagreement_then_random,release,0.96,19420,0.4304265078698975,9.21130529760065,8.780878789730751,31,0.6451612903225806,0.12740914618149357,0.21473478245268313,0,9.258064516129032,0.3591140290809606,0.04675921852838272,8,8.612903225806452,0.35522950132633463,-0.16797556392429946,8
JB GPT-5.4-mini | binary_only,disagreement_then_random,release,0.97,19622,0.3243577461012324,7.456219476344987,7.131861730243755,31,0.5483870967741935,0.1212720187515844,0.2240293506729611,0,7.870967741935484,0.35542473602165986,0.4147482655904966,7,7.32258064516129,0.3573712168196663,0.190718914917535,7
JB GPT-5.4-mini | binary_only,disagreement_then_random,release,0.98,19824,0.21733964903443898,5.381931742536722,5.164592093502283,31,0.45161290322580644,0.11205518683968196,0.23427325419136746,0,5.870967741935484,0.3204228908763729,0.4890359993987623,6,5.419354838709677,0.3524848614102642,0.25476274520739395,6
JB GPT-5.4-mini | binary_only,disagreement_then_random,release,0.99,20027,0.10885695284774072,2.9136376339777286,2.804780681129988,31,0.1935483870967742,0.08575226682742748,0.08469143424903347,0,3.161290322580645,0.30794767811958557,0.24765268860291645,3,2.967741935483871,0.3229030646772181,0.16296125435388298,3
JB GPT-5.4-mini | binary_only,disagreement_then_random,release,1.0,20229,0.0,0.0,0.0,31,0.0,0.0,0.0,0,0.0,0.0,0.0,0,0.0,0.0,0.0,0
