dataset,permutation,policy,task_order,budget_share,budget_cap,expected_introduced_fp,expected_delayed_ff,expected_delta,reference_pass,initial_ff,susceptible
DR Gemini 3.1 Pro,0,random_criterion,release,0.05,81,0.0,0.047668811214566044,0.047668811214566044,25,1,0
DR Gemini 3.1 Pro,0,random_criterion,release,0.2,323,0.0,0.16009913258983893,0.16009913258983893,25,1,0
DR Gemini 3.1 Pro,0,random_criterion,release,0.5,808,0.0,0.2501547987616099,0.2501547987616099,25,1,0
DR Gemini 3.1 Pro,0,random_criterion,release,0.84,1357,0.0,0.1343146845903299,0.1343146845903299,25,1,0
DR Gemini 3.1 Pro,0,random_criterion,release,0.95,1534,0.0,0.04766881121456601,0.04766881121456601,25,1,0
DR Gemini 3.1 Pro,0,disagreement_then_random,release,0.05,81,0.0,0.0,0.0,25,1,0
DR Gemini 3.1 Pro,0,disagreement_then_random,release,0.2,323,0.0,0.9992266047950503,0.9992266047950503,25,1,0
DR Gemini 3.1 Pro,0,disagreement_then_random,release,0.5,808,0.0,0.6241299303944315,0.6241299303944315,25,1,0
DR Gemini 3.1 Pro,0,disagreement_then_random,release,0.84,1357,0.0,0.19953596287703013,0.19953596287703013,25,1,0
DR Gemini 3.1 Pro,0,disagreement_then_random,release,0.95,1534,0.0,0.06264501160092806,0.06264501160092806,25,1,0
DR Gemini 3.1 Pro,1,random_criterion,release,0.05,81,0.0,0.09782359668375339,0.09782359668375339,27,2,0
DR Gemini 3.1 Pro,1,random_criterion,release,0.2,323,0.0,0.36003748241260874,0.36003748241260874,27,2,0
DR Gemini 3.1 Pro,1,random_criterion,release,0.5,808,0.0,0.7349265602803764,0.7349265602803764,27,2,0
DR Gemini 3.1 Pro,1,random_criterion,release,0.84,1357,0.0,0.6232648242396994,0.6232648242396994,27,2,0
DR Gemini 3.1 Pro,1,random_criterion,release,0.95,1534,0.0,0.2635014237998454,0.2635014237998454,27,2,0
DR Gemini 3.1 Pro,1,disagreement_then_random,release,0.05,81,0.0,0.0,0.0,27,2,0
DR Gemini 3.1 Pro,1,disagreement_then_random,release,0.2,323,0.0,0.0007733952049497894,0.0007733952049497894,27,2,0
DR Gemini 3.1 Pro,1,disagreement_then_random,release,0.5,808,0.0,0.3684640027180326,0.3684640027180326,27,2,0
DR Gemini 3.1 Pro,1,disagreement_then_random,release,0.84,1357,0.0,0.47246719368531975,0.47246719368531975,27,2,0
DR Gemini 3.1 Pro,1,disagreement_then_random,release,0.95,1534,0.0,0.21409330148680805,0.21409330148680805,27,2,0
DR Gemini 3.1 Pro,2,random_criterion,release,0.05,81,0.04530458003219451,0.09770185361150363,0.05239727357930912,26,2,1
DR Gemini 3.1 Pro,2,random_criterion,release,0.2,323,0.1281388593759963,0.35215853839352046,0.22401967901752415,26,2,1
DR Gemini 3.1 Pro,2,random_criterion,release,0.5,808,0.12499985604578895,0.6254645402390407,0.5004646841932519,26,2,1
DR Gemini 3.1 Pro,2,random_criterion,release,0.84,1357,0.02140041781755412,0.38154363595343566,0.3601432181358815,26,2,1
DR Gemini 3.1 Pro,2,random_criterion,release,0.95,1534,0.002364231182371534,0.14064220246132653,0.138277971278955,26,2,1
DR Gemini 3.1 Pro,2,disagreement_then_random,release,0.05,81,0.0,1.0,1.0,26,2,1
DR Gemini 3.1 Pro,2,disagreement_then_random,release,0.2,323,0.0007733952049497294,1.0007733952049498,1.0,26,2,1
DR Gemini 3.1 Pro,2,disagreement_then_random,release,0.5,808,0.14657421096660206,1.0936765962948862,0.9471023853282842,26,2,1
DR Gemini 3.1 Pro,2,disagreement_then_random,release,0.84,1357,0.031820419314877973,0.5192259343595784,0.4874055150447004,26,2,1
DR Gemini 3.1 Pro,2,disagreement_then_random,release,0.95,1534,0.003641584106223598,0.18017713862929452,0.17653555452307093,26,2,1
DR Gemini 3.1 Pro,3,random_criterion,release,0.05,81,0.0,0.09533762242913209,0.09533762242913209,26,2,0
DR Gemini 3.1 Pro,3,random_criterion,release,0.2,323,0.0,0.32019826517967787,0.32019826517967787,26,2,0
DR Gemini 3.1 Pro,3,random_criterion,release,0.5,808,0.0,0.5003095975232198,0.5003095975232198,26,2,0
DR Gemini 3.1 Pro,3,random_criterion,release,0.84,1357,0.0,0.2686293691806598,0.2686293691806598,26,2,0
DR Gemini 3.1 Pro,3,random_criterion,release,0.95,1534,0.0,0.09533762242913202,0.09533762242913202,26,2,0
DR Gemini 3.1 Pro,3,disagreement_then_random,release,0.05,81,0.0,0.0,0.0,26,2,0
DR Gemini 3.1 Pro,3,disagreement_then_random,release,0.2,323,0.0,1.0,1.0,26,2,0
DR Gemini 3.1 Pro,3,disagreement_then_random,release,0.5,808,0.0,0.8589032633446587,0.8589032633446587,26,2,0
DR Gemini 3.1 Pro,3,disagreement_then_random,release,0.84,1357,0.0,0.35938094861830416,0.35938094861830416,26,2,0
DR Gemini 3.1 Pro,3,disagreement_then_random,release,0.95,1534,0.0,0.12141107511511118,0.12141107511511118,26,2,0
DR Gemini 3.1 Pro,4,random_criterion,release,0.05,81,0.0,0.09770185361150363,0.09770185361150363,30,2,0
DR Gemini 3.1 Pro,4,random_criterion,release,0.2,323,0.0,0.35215853839352046,0.35215853839352046,30,2,0
DR Gemini 3.1 Pro,4,random_criterion,release,0.5,808,0.0,0.6254645402390407,0.6254645402390407,30,2,0
DR Gemini 3.1 Pro,4,random_criterion,release,0.84,1357,0.0,0.38154363595343566,0.38154363595343566,30,2,0
DR Gemini 3.1 Pro,4,random_criterion,release,0.95,1534,0.0,0.14064220246132653,0.14064220246132653,30,2,0
DR Gemini 3.1 Pro,4,disagreement_then_random,release,0.05,81,0.0,0.0,0.0,30,2,0
DR Gemini 3.1 Pro,4,disagreement_then_random,release,0.2,323,0.0,1.9992266047950502,1.9992266047950502,30,2,0
DR Gemini 3.1 Pro,4,disagreement_then_random,release,0.5,808,0.0,1.4830331937390904,1.4830331937390904,30,2,0
DR Gemini 3.1 Pro,4,disagreement_then_random,release,0.84,1357,0.0,0.5589169114953343,0.5589169114953343,30,2,0
DR Gemini 3.1 Pro,4,disagreement_then_random,release,0.95,1534,0.0,0.18405608671603924,0.18405608671603924,30,2,0
DR Gemini 3.1 Pro,5,random_criterion,release,0.05,81,0.0,0.09533762242913209,0.09533762242913209,26,2,0
DR Gemini 3.1 Pro,5,random_criterion,release,0.2,323,0.0,0.32019826517967787,0.32019826517967787,26,2,0
DR Gemini 3.1 Pro,5,random_criterion,release,0.5,808,0.0,0.5003095975232198,0.5003095975232198,26,2,0
DR Gemini 3.1 Pro,5,random_criterion,release,0.84,1357,0.0,0.2686293691806598,0.2686293691806598,26,2,0
DR Gemini 3.1 Pro,5,random_criterion,release,0.95,1534,0.0,0.09533762242913202,0.09533762242913202,26,2,0
DR Gemini 3.1 Pro,5,disagreement_then_random,release,0.05,81,0.0,0.0,0.0,26,2,0
DR Gemini 3.1 Pro,5,disagreement_then_random,release,0.2,323,0.0,1.0,1.0,26,2,0
DR Gemini 3.1 Pro,5,disagreement_then_random,release,0.5,808,0.0,0.8589032633446587,0.8589032633446587,26,2,0
DR Gemini 3.1 Pro,5,disagreement_then_random,release,0.84,1357,0.0,0.35938094861830416,0.35938094861830416,26,2,0
DR Gemini 3.1 Pro,5,disagreement_then_random,release,0.95,1534,0.0,0.12141107511511118,0.12141107511511118,26,2,0
DR Gemini 3.1 Pro,6,random_criterion,release,0.05,81,0.0,0.09781771853917567,0.09781771853917567,29,2,0
DR Gemini 3.1 Pro,6,random_criterion,release,0.2,323,0.0,0.35852283597518514,0.35852283597518514,29,2,0
DR Gemini 3.1 Pro,6,random_criterion,release,0.5,808,0.0,0.6880420115969512,0.6880420115969512,29,2,0
DR Gemini 3.1 Pro,6,random_criterion,release,0.84,1357,0.0,0.4764560624280705,0.4764560624280705,29,2,0
DR Gemini 3.1 Pro,6,random_criterion,release,0.95,1534,0.0,0.18369841623882155,0.18369841623882155,29,2,0
DR Gemini 3.1 Pro,6,disagreement_then_random,release,0.05,81,0.0,0.0,0.0,29,2,0
DR Gemini 3.1 Pro,6,disagreement_then_random,release,0.2,323,0.0,1.0,1.0,29,2,0
DR Gemini 3.1 Pro,6,disagreement_then_random,release,0.5,808,0.0,0.8589032633446587,0.8589032633446587,29,2,0
DR Gemini 3.1 Pro,6,disagreement_then_random,release,0.84,1357,0.0,0.35938094861830416,0.35938094861830416,29,2,0
DR Gemini 3.1 Pro,6,disagreement_then_random,release,0.95,1534,0.0,0.12141107511511118,0.12141107511511118,29,2,0
DR Gemini 3.1 Pro,7,random_criterion,release,0.05,81,0.0,0.0,0.0,25,0,0
DR Gemini 3.1 Pro,7,random_criterion,release,0.2,323,0.0,0.0,0.0,25,0,0
DR Gemini 3.1 Pro,7,random_criterion,release,0.5,808,0.0,0.0,0.0,25,0,0
DR Gemini 3.1 Pro,7,random_criterion,release,0.84,1357,0.0,0.0,0.0,25,0,0
DR Gemini 3.1 Pro,7,random_criterion,release,0.95,1534,0.0,0.0,0.0,25,0,0
DR Gemini 3.1 Pro,7,disagreement_then_random,release,0.05,81,0.0,0.0,0.0,25,0,0
DR Gemini 3.1 Pro,7,disagreement_then_random,release,0.2,323,0.0,0.0,0.0,25,0,0
DR Gemini 3.1 Pro,7,disagreement_then_random,release,0.5,808,0.0,0.0,0.0,25,0,0
DR Gemini 3.1 Pro,7,disagreement_then_random,release,0.84,1357,0.0,0.0,0.0,25,0,0
DR Gemini 3.1 Pro,7,disagreement_then_random,release,0.95,1534,0.0,0.0,0.0,25,0,0
DR Gemini 3.1 Pro,8,random_criterion,release,0.05,81,0.0,0.09533762242913209,0.09533762242913209,24,2,0
DR Gemini 3.1 Pro,8,random_criterion,release,0.2,323,0.0,0.32019826517967787,0.32019826517967787,24,2,0
DR Gemini 3.1 Pro,8,random_criterion,release,0.5,808,0.0,0.5003095975232198,0.5003095975232198,24,2,0
DR Gemini 3.1 Pro,8,random_criterion,release,0.84,1357,0.0,0.2686293691806598,0.2686293691806598,24,2,0
DR Gemini 3.1 Pro,8,random_criterion,release,0.95,1534,0.0,0.09533762242913202,0.09533762242913202,24,2,0
DR Gemini 3.1 Pro,8,disagreement_then_random,release,0.05,81,0.0,0.0,0.0,24,2,0
DR Gemini 3.1 Pro,8,disagreement_then_random,release,0.2,323,0.0,0.0015467904098994587,0.0015467904098994587,24,2,0
DR Gemini 3.1 Pro,8,disagreement_then_random,release,0.5,808,0.0,0.4695466659004547,0.4695466659004547,24,2,0
DR Gemini 3.1 Pro,8,disagreement_then_random,release,0.84,1357,0.0,0.3196899714825483,0.3196899714825483,24,2,0
DR Gemini 3.1 Pro,8,disagreement_then_random,release,0.95,1534,0.0,0.11753212702836646,0.11753212702836646,24,2,0
DR Gemini 3.1 Pro,9,random_criterion,release,0.05,81,0.047668811214566044,0.09533762242913209,0.047668811214566044,26,2,1
DR Gemini 3.1 Pro,9,random_criterion,release,0.2,323,0.1600991325898389,0.32019826517967787,0.16009913258983896,26,2,1
DR Gemini 3.1 Pro,9,random_criterion,release,0.5,808,0.2501547987616099,0.5003095975232198,0.2501547987616099,26,2,1
DR Gemini 3.1 Pro,9,random_criterion,release,0.84,1357,0.13431468459032994,0.2686293691806598,0.13431468459032989,26,2,1
DR Gemini 3.1 Pro,9,random_criterion,release,0.95,1534,0.04766881121456605,0.09533762242913202,0.04766881121456597,26,2,1
DR Gemini 3.1 Pro,9,disagreement_then_random,release,0.05,81,0.0,0.0,0.0,26,2,1
DR Gemini 3.1 Pro,9,disagreement_then_random,release,0.2,323,0.0007733952049497294,0.0015467904098994587,0.0007733952049497294,26,2,1
DR Gemini 3.1 Pro,9,disagreement_then_random,release,0.5,808,0.23477333295022734,0.4695466659004547,0.23477333295022734,26,2,1
DR Gemini 3.1 Pro,9,disagreement_then_random,release,0.84,1357,0.15984498574127418,0.3196899714825483,0.15984498574127412,26,2,1
DR Gemini 3.1 Pro,9,disagreement_then_random,release,0.95,1534,0.05876606351418331,0.11753212702836646,0.058766063514183155,26,2,1
DR Gemini 3.1 Pro,10,random_criterion,release,0.05,81,0.0,0.0,0.0,25,0,0
DR Gemini 3.1 Pro,10,random_criterion,release,0.2,323,0.0,0.0,0.0,25,0,0
DR Gemini 3.1 Pro,10,random_criterion,release,0.5,808,0.0,0.0,0.0,25,0,0
DR Gemini 3.1 Pro,10,random_criterion,release,0.84,1357,0.0,0.0,0.0,25,0,0
DR Gemini 3.1 Pro,10,random_criterion,release,0.95,1534,0.0,0.0,0.0,25,0,0
DR Gemini 3.1 Pro,10,disagreement_then_random,release,0.05,81,0.0,0.0,0.0,25,0,0
DR Gemini 3.1 Pro,10,disagreement_then_random,release,0.2,323,0.0,0.0,0.0,25,0,0
DR Gemini 3.1 Pro,10,disagreement_then_random,release,0.5,808,0.0,0.0,0.0,25,0,0
DR Gemini 3.1 Pro,10,disagreement_then_random,release,0.84,1357,0.0,0.0,0.0,25,0,0
DR Gemini 3.1 Pro,10,disagreement_then_random,release,0.95,1534,0.0,0.0,0.0,25,0,0
DR Gemini 3.1 Pro,11,random_criterion,release,0.05,81,0.047668811214566044,0.14785637078363556,0.10018755956906952,32,3,1
DR Gemini 3.1 Pro,11,random_criterion,release,0.2,323,0.1600991325898389,0.5518464101377325,0.3917472775478936,32,3,1
DR Gemini 3.1 Pro,11,random_criterion,release,0.5,808,0.2501547987616099,1.0946210668193341,0.8444662680577242,32,3,1
DR Gemini 3.1 Pro,11,random_criterion,release,0.84,1357,0.13431468459032994,0.8034562276003976,0.6691415430100677,32,3,1
DR Gemini 3.1 Pro,11,random_criterion,release,0.95,1534,0.04766881121456605,0.3175899100885271,0.26992109887396104,32,3,1
DR Gemini 3.1 Pro,11,disagreement_then_random,release,0.05,81,0.0,1.0,1.0,32,3,1
DR Gemini 3.1 Pro,11,disagreement_then_random,release,0.2,323,0.0007733952049497294,1.0007733952049496,0.9999999999999999,32,3,1
DR Gemini 3.1 Pro,11,disagreement_then_random,release,0.5,808,0.23477333295022734,1.0936765962948862,0.8589032633446589,32,3,1
DR Gemini 3.1 Pro,11,disagreement_then_random,release,0.84,1357,0.15984498574127418,0.5192259343595786,0.3593809486183045,32,3,1
DR Gemini 3.1 Pro,11,disagreement_then_random,release,0.95,1534,0.05876606351418331,0.1801771386292943,0.12141107511511098,32,3,1
DR Gemini 3.1 Pro,12,random_criterion,release,0.05,81,0.04305621377749503,0.10018782786612493,0.0571316140886299,28,3,1
DR Gemini 3.1 Pro,12,random_criterion,release,0.2,323,0.10254288374381838,0.39199775562645134,0.28945487188263297,28,3,1
DR Gemini 3.1 Pro,12,random_criterion,release,0.5,808,0.06242238468787848,0.8600815029961975,0.7976591183083189,28,3,1
DR Gemini 3.1 Pro,12,random_criterion,release,0.84,1357,0.003398577519413061,0.7361790910124753,0.7327805134930622,28,3,1
DR Gemini 3.1 Pro,12,random_criterion,release,0.95,1534,0.00011586492767205408,0.3088060038320397,0.30869013890436764,28,3,1
DR Gemini 3.1 Pro,12,disagreement_then_random,release,0.05,81,0.0,1.0,1.0,28,3,1
DR Gemini 3.1 Pro,12,disagreement_then_random,release,0.2,323,0.0007733952049497294,2.0,1.9992266047950502,28,3,1
DR Gemini 3.1 Pro,12,disagreement_then_random,release,0.5,808,0.09146685257993384,1.8514971964571232,1.7600303438771894,28,3,1
DR Gemini 3.1 Pro,12,disagreement_then_random,release,0.84,1357,0.006314749879541675,1.031384105180654,1.0250693553011123,28,3,1
DR Gemini 3.1 Pro,12,disagreement_then_random,release,0.95,1534,0.0002230117398384994,0.39814938820284773,0.3979263764630092,28,3,1
DR Gemini 3.1 Pro,13,random_criterion,release,0.05,81,0.0,0.0,0.0,26,1,0
DR Gemini 3.1 Pro,13,random_criterion,release,0.2,323,0.0,0.0,0.0,26,1,0
DR Gemini 3.1 Pro,13,random_criterion,release,0.5,808,0.0,0.0,0.0,26,1,0
DR Gemini 3.1 Pro,13,random_criterion,release,0.84,1357,0.0,0.0,0.0,26,1,0
DR Gemini 3.1 Pro,13,random_criterion,release,0.95,1534,0.0,0.0,0.0,26,1,0
DR Gemini 3.1 Pro,13,disagreement_then_random,release,0.05,81,0.0,0.0,0.0,26,1,0
DR Gemini 3.1 Pro,13,disagreement_then_random,release,0.2,323,0.0,0.0,0.0,26,1,0
DR Gemini 3.1 Pro,13,disagreement_then_random,release,0.5,808,0.0,0.0,0.0,26,1,0
DR Gemini 3.1 Pro,13,disagreement_then_random,release,0.84,1357,0.0,0.0,0.0,26,1,0
DR Gemini 3.1 Pro,13,disagreement_then_random,release,0.95,1534,0.0,0.0,0.0,26,1,0
DR Gemini 3.1 Pro,14,random_criterion,release,0.05,81,0.0,0.09770185361150363,0.09770185361150363,28,2,0
DR Gemini 3.1 Pro,14,random_criterion,release,0.2,323,0.0,0.35215853839352046,0.35215853839352046,28,2,0
DR Gemini 3.1 Pro,14,random_criterion,release,0.5,808,0.0,0.6254645402390407,0.6254645402390407,28,2,0
DR Gemini 3.1 Pro,14,random_criterion,release,0.84,1357,0.0,0.38154363595343566,0.38154363595343566,28,2,0
DR Gemini 3.1 Pro,14,random_criterion,release,0.95,1534,0.0,0.14064220246132653,0.14064220246132653,28,2,0
DR Gemini 3.1 Pro,14,disagreement_then_random,release,0.05,81,0.0,0.0,0.0,28,2,0
DR Gemini 3.1 Pro,14,disagreement_then_random,release,0.2,323,0.0,1.0,1.0,28,2,0
DR Gemini 3.1 Pro,14,disagreement_then_random,release,0.5,808,0.0,0.9471023853282841,0.9471023853282841,28,2,0
DR Gemini 3.1 Pro,14,disagreement_then_random,release,0.84,1357,0.0,0.48740551504470053,0.48740551504470053,28,2,0
DR Gemini 3.1 Pro,14,disagreement_then_random,release,0.95,1534,0.0,0.1765355545230709,0.1765355545230709,28,2,0
DR Gemini 3.1 Pro,15,random_criterion,release,0.05,81,0.09533762242913209,0.0,-0.09533762242913209,20,0,2
DR Gemini 3.1 Pro,15,random_criterion,release,0.2,323,0.3201982651796778,0.0,-0.3201982651796778,20,0,2
DR Gemini 3.1 Pro,15,random_criterion,release,0.5,808,0.5003095975232198,0.0,-0.5003095975232198,20,0,2
DR Gemini 3.1 Pro,15,random_criterion,release,0.84,1357,0.2686293691806599,0.0,-0.2686293691806599,20,0,2
DR Gemini 3.1 Pro,15,random_criterion,release,0.95,1534,0.0953376224291321,0.0,-0.0953376224291321,20,0,2
DR Gemini 3.1 Pro,15,disagreement_then_random,release,0.05,81,1.0,0.0,-1.0,20,0,2
DR Gemini 3.1 Pro,15,disagreement_then_random,release,0.2,323,1.0,0.0,-1.0,20,0,2
DR Gemini 3.1 Pro,15,disagreement_then_random,release,0.5,808,0.8589032633446589,0.0,-0.8589032633446589,20,0,2
DR Gemini 3.1 Pro,15,disagreement_then_random,release,0.84,1357,0.35938094861830433,0.0,-0.35938094861830433,20,0,2
DR Gemini 3.1 Pro,15,disagreement_then_random,release,0.95,1534,0.12141107511511137,0.0,-0.12141107511511137,20,0,2
DR Gemini 3.1 Pro,16,random_criterion,release,0.05,81,0.0,0.05003304239693758,0.05003304239693758,28,1,0
DR Gemini 3.1 Pro,16,random_criterion,release,0.2,323,0.0,0.19205940580368153,0.19205940580368153,28,1,0
DR Gemini 3.1 Pro,16,random_criterion,release,0.5,808,0.0,0.37530974147743085,0.37530974147743085,28,1,0
DR Gemini 3.1 Pro,16,random_criterion,release,0.84,1357,0.0,0.24722895136310574,0.24722895136310574,28,1,0
DR Gemini 3.1 Pro,16,random_criterion,release,0.95,1534,0.0,0.09297339124676052,0.09297339124676052,28,1,0
DR Gemini 3.1 Pro,16,disagreement_then_random,release,0.05,81,0.0,0.0,0.0,28,1,0
DR Gemini 3.1 Pro,16,disagreement_then_random,release,0.2,323,0.0,0.0007733952049497294,0.0007733952049497294,28,1,0
DR Gemini 3.1 Pro,16,disagreement_then_random,release,0.5,808,0.0,0.3229724549338526,0.3229724549338526,28,1,0
DR Gemini 3.1 Pro,16,disagreement_then_random,release,0.84,1357,0.0,0.2878695521676703,0.2878695521676703,28,1,0
DR Gemini 3.1 Pro,16,disagreement_then_random,release,0.95,1534,0.0,0.11389054292214296,0.11389054292214296,28,1,0
DR Gemini 3.1 Pro,17,random_criterion,release,0.05,81,0.0,0.09533762242913209,0.09533762242913209,23,2,0
DR Gemini 3.1 Pro,17,random_criterion,release,0.2,323,0.0,0.32019826517967787,0.32019826517967787,23,2,0
DR Gemini 3.1 Pro,17,random_criterion,release,0.5,808,0.0,0.5003095975232198,0.5003095975232198,23,2,0
DR Gemini 3.1 Pro,17,random_criterion,release,0.84,1357,0.0,0.2686293691806598,0.2686293691806598,23,2,0
DR Gemini 3.1 Pro,17,random_criterion,release,0.95,1534,0.0,0.09533762242913202,0.09533762242913202,23,2,0
DR Gemini 3.1 Pro,17,disagreement_then_random,release,0.05,81,0.0,0.0,0.0,23,2,0
DR Gemini 3.1 Pro,17,disagreement_then_random,release,0.2,323,0.0,0.0007733952049497894,0.0007733952049497894,23,2,0
DR Gemini 3.1 Pro,17,disagreement_then_random,release,0.5,808,0.0,0.2347733329502273,0.2347733329502273,23,2,0
DR Gemini 3.1 Pro,17,disagreement_then_random,release,0.84,1357,0.0,0.15984498574127404,0.15984498574127404,23,2,0
DR Gemini 3.1 Pro,17,disagreement_then_random,release,0.95,1534,0.0,0.05876606351418312,0.05876606351418312,23,2,0
DR Gemini 3.1 Pro,18,random_criterion,release,0.05,81,0.09533762242913209,0.05015479814201283,-0.045182824287119255,27,1,2
DR Gemini 3.1 Pro,18,random_criterion,release,0.2,323,0.3201982651796778,0.19998785388055815,-0.12021041129911966,27,1,2
DR Gemini 3.1 Pro,18,random_criterion,release,0.5,808,0.5003095975232198,0.4925648215906085,-0.007744775932611303,27,1,2
DR Gemini 3.1 Pro,18,random_criterion,release,0.84,1357,0.2686293691806599,0.545280012178428,0.27665064299776815,27,1,2
DR Gemini 3.1 Pro,18,random_criterion,release,0.95,1534,0.0953376224291321,0.2527841475019369,0.1574465250728048,27,1,2
DR Gemini 3.1 Pro,18,disagreement_then_random,release,0.05,81,0.0,1.0,1.0,27,1,2
DR Gemini 3.1 Pro,18,disagreement_then_random,release,0.2,323,0.9992266047950503,1.0,0.0007733952049496784,27,1,2
DR Gemini 3.1 Pro,18,disagreement_then_random,release,0.5,808,0.6241299303944315,0.9925939331124641,0.3684640027180326,27,1,2
DR Gemini 3.1 Pro,18,disagreement_then_random,release,0.84,1357,0.19953596287703015,0.6720031565623498,0.47246719368531964,27,1,2
DR Gemini 3.1 Pro,18,disagreement_then_random,release,0.95,1534,0.06264501160092807,0.2767383130877362,0.21409330148680816,27,1,2
DR Gemini 3.1 Pro,19,random_criterion,release,0.05,81,0.0,0.047668811214566044,0.047668811214566044,23,1,0
DR Gemini 3.1 Pro,19,random_criterion,release,0.2,323,0.0,0.16009913258983893,0.16009913258983893,23,1,0
DR Gemini 3.1 Pro,19,random_criterion,release,0.5,808,0.0,0.2501547987616099,0.2501547987616099,23,1,0
DR Gemini 3.1 Pro,19,random_criterion,release,0.84,1357,0.0,0.1343146845903299,0.1343146845903299,23,1,0
DR Gemini 3.1 Pro,19,random_criterion,release,0.95,1534,0.0,0.04766881121456601,0.04766881121456601,23,1,0
DR Gemini 3.1 Pro,19,disagreement_then_random,release,0.05,81,0.0,0.0,0.0,23,1,0
DR Gemini 3.1 Pro,19,disagreement_then_random,release,0.2,323,0.0,0.0007733952049497294,0.0007733952049497294,23,1,0
DR Gemini 3.1 Pro,19,disagreement_then_random,release,0.5,808,0.0,0.23477333295022734,0.23477333295022734,23,1,0
DR Gemini 3.1 Pro,19,disagreement_then_random,release,0.84,1357,0.0,0.15984498574127415,0.15984498574127415,23,1,0
DR Gemini 3.1 Pro,19,disagreement_then_random,release,0.95,1534,0.0,0.05876606351418323,0.05876606351418323,23,1,0
DR Gemini 3.1 Pro,20,random_criterion,release,0.05,81,0.0,0.047668811214566044,0.047668811214566044,22,1,0
DR Gemini 3.1 Pro,20,random_criterion,release,0.2,323,0.0,0.16009913258983893,0.16009913258983893,22,1,0
DR Gemini 3.1 Pro,20,random_criterion,release,0.5,808,0.0,0.2501547987616099,0.2501547987616099,22,1,0
DR Gemini 3.1 Pro,20,random_criterion,release,0.84,1357,0.0,0.1343146845903299,0.1343146845903299,22,1,0
DR Gemini 3.1 Pro,20,random_criterion,release,0.95,1534,0.0,0.04766881121456601,0.04766881121456601,22,1,0
DR Gemini 3.1 Pro,20,disagreement_then_random,release,0.05,81,0.0,0.0,0.0,22,1,0
DR Gemini 3.1 Pro,20,disagreement_then_random,release,0.2,323,0.0,0.9992266047950503,0.9992266047950503,22,1,0
DR Gemini 3.1 Pro,20,disagreement_then_random,release,0.5,808,0.0,0.6241299303944315,0.6241299303944315,22,1,0
DR Gemini 3.1 Pro,20,disagreement_then_random,release,0.84,1357,0.0,0.19953596287703013,0.19953596287703013,22,1,0
DR Gemini 3.1 Pro,20,disagreement_then_random,release,0.95,1534,0.0,0.06264501160092806,0.06264501160092806,22,1,0
DR Gemini 3.1 Pro,21,random_criterion,release,0.05,81,0.047668811214566044,0.09770185361150363,0.05003304239693759,25,2,1
DR Gemini 3.1 Pro,21,random_criterion,release,0.2,323,0.1600991325898389,0.35215853839352046,0.19205940580368155,25,2,1
DR Gemini 3.1 Pro,21,random_criterion,release,0.5,808,0.2501547987616099,0.6254645402390407,0.37530974147743085,25,2,1
DR Gemini 3.1 Pro,21,random_criterion,release,0.84,1357,0.13431468459032994,0.38154363595343566,0.24722895136310571,25,2,1
DR Gemini 3.1 Pro,21,random_criterion,release,0.95,1534,0.04766881121456605,0.14064220246132653,0.09297339124676048,25,2,1
DR Gemini 3.1 Pro,21,disagreement_then_random,release,0.05,81,0.0,0.0,0.0,25,2,1
DR Gemini 3.1 Pro,21,disagreement_then_random,release,0.2,323,0.9992266047950503,1.0,0.0007733952049496784,25,2,1
DR Gemini 3.1 Pro,21,disagreement_then_random,release,0.5,808,0.6241299303944315,0.8589032633446587,0.23477333295022718,25,2,1
DR Gemini 3.1 Pro,21,disagreement_then_random,release,0.84,1357,0.19953596287703015,0.35938094861830416,0.159844985741274,25,2,1
DR Gemini 3.1 Pro,21,disagreement_then_random,release,0.95,1534,0.06264501160092807,0.12141107511511118,0.058766063514183106,25,2,1
DR Gemini 3.1 Pro,22,random_criterion,release,0.05,81,0.0,0.047668811214566044,0.047668811214566044,28,1,0
DR Gemini 3.1 Pro,22,random_criterion,release,0.2,323,0.0,0.16009913258983893,0.16009913258983893,28,1,0
DR Gemini 3.1 Pro,22,random_criterion,release,0.5,808,0.0,0.2501547987616099,0.2501547987616099,28,1,0
DR Gemini 3.1 Pro,22,random_criterion,release,0.84,1357,0.0,0.1343146845903299,0.1343146845903299,28,1,0
DR Gemini 3.1 Pro,22,random_criterion,release,0.95,1534,0.0,0.04766881121456601,0.04766881121456601,28,1,0
DR Gemini 3.1 Pro,22,disagreement_then_random,release,0.05,81,0.0,0.0,0.0,28,1,0
DR Gemini 3.1 Pro,22,disagreement_then_random,release,0.2,323,0.0,0.0,0.0,28,1,0
DR Gemini 3.1 Pro,22,disagreement_then_random,release,0.5,808,0.0,0.0,0.0,28,1,0
DR Gemini 3.1 Pro,22,disagreement_then_random,release,0.84,1357,0.0,0.0,0.0,28,1,0
DR Gemini 3.1 Pro,22,disagreement_then_random,release,0.95,1534,0.0,0.0,0.0,28,1,0
DR Gemini 3.1 Pro,23,random_criterion,release,0.05,81,0.09297339124676055,0.05003304239693758,-0.042940348849822965,28,1,2
DR Gemini 3.1 Pro,23,random_criterion,release,0.2,323,0.2882379919658352,0.19205940580368153,-0.09617858616215369,28,1,2
DR Gemini 3.1 Pro,23,random_criterion,release,0.5,808,0.37515465480739885,0.37530974147743085,0.00015508667003200083,28,1,2
DR Gemini 3.1 Pro,23,random_criterion,release,0.84,1357,0.15571510240788405,0.24722895136310574,0.09151384895522169,28,1,2
DR Gemini 3.1 Pro,23,random_criterion,release,0.95,1534,0.05003304239693759,0.09297339124676052,0.04294034884982293,28,1,2
DR Gemini 3.1 Pro,23,disagreement_then_random,release,0.05,81,0.0,0.0,0.0,28,1,2
DR Gemini 3.1 Pro,23,disagreement_then_random,release,0.2,323,0.9992266047950502,0.0007733952049497294,-0.9984532095901005,28,1,2
DR Gemini 3.1 Pro,23,disagreement_then_random,release,0.5,808,0.6241299303944315,0.3229724549338526,-0.3011574754605789,28,1,2
DR Gemini 3.1 Pro,23,disagreement_then_random,release,0.84,1357,0.19953596287703018,0.2878695521676703,0.08833358929064011,28,1,2
DR Gemini 3.1 Pro,23,disagreement_then_random,release,0.95,1534,0.06264501160092809,0.11389054292214296,0.05124553132121487,28,1,2
DR Gemini 3.1 Pro,24,random_criterion,release,0.05,81,0.047668811214566044,0.09770185361150363,0.05003304239693759,26,2,1
DR Gemini 3.1 Pro,24,random_criterion,release,0.2,323,0.1600991325898389,0.35215853839352046,0.19205940580368155,26,2,1
DR Gemini 3.1 Pro,24,random_criterion,release,0.5,808,0.2501547987616099,0.6254645402390407,0.37530974147743085,26,2,1
DR Gemini 3.1 Pro,24,random_criterion,release,0.84,1357,0.13431468459032994,0.38154363595343566,0.24722895136310571,26,2,1
DR Gemini 3.1 Pro,24,random_criterion,release,0.95,1534,0.04766881121456605,0.14064220246132653,0.09297339124676048,26,2,1
DR Gemini 3.1 Pro,24,disagreement_then_random,release,0.05,81,0.0,1.0,1.0,26,2,1
DR Gemini 3.1 Pro,24,disagreement_then_random,release,0.2,323,0.0007733952049497294,1.0007733952049498,1.0,26,2,1
DR Gemini 3.1 Pro,24,disagreement_then_random,release,0.5,808,0.23477333295022734,1.0936765962948862,0.8589032633446589,26,2,1
DR Gemini 3.1 Pro,24,disagreement_then_random,release,0.84,1357,0.15984498574127418,0.5192259343595784,0.3593809486183043,26,2,1
DR Gemini 3.1 Pro,24,disagreement_then_random,release,0.95,1534,0.05876606351418331,0.18017713862929452,0.1214110751151112,26,2,1
DR Gemini 3.1 Pro,25,random_criterion,release,0.05,81,0.047668811214566044,0.14537066482606967,0.09770185361150363,28,3,1
DR Gemini 3.1 Pro,25,random_criterion,release,0.2,323,0.1600991325898389,0.5122576709833594,0.3521585383935205,28,3,1
DR Gemini 3.1 Pro,25,random_criterion,release,0.5,808,0.2501547987616099,0.8756193390006506,0.6254645402390406,28,3,1
DR Gemini 3.1 Pro,25,random_criterion,release,0.84,1357,0.13431468459032994,0.5158583205437655,0.38154363595343554,28,3,1
DR Gemini 3.1 Pro,25,random_criterion,release,0.95,1534,0.04766881121456605,0.18831101367589254,0.14064220246132647,28,3,1
DR Gemini 3.1 Pro,25,disagreement_then_random,release,0.05,81,0.0,0.0,0.0,28,3,1
DR Gemini 3.1 Pro,25,disagreement_then_random,release,0.2,323,0.0,0.9999999999999999,0.9999999999999999,28,3,1
DR Gemini 3.1 Pro,25,disagreement_then_random,release,0.5,808,0.0,0.9471023853282842,0.9471023853282842,28,3,1
DR Gemini 3.1 Pro,25,disagreement_then_random,release,0.84,1357,0.0,0.48740551504470053,0.48740551504470053,28,3,1
DR Gemini 3.1 Pro,25,disagreement_then_random,release,0.95,1534,0.0,0.1765355545230709,0.1765355545230709,28,3,1
DR Gemini 3.1 Pro,26,random_criterion,release,0.05,81,0.0,0.10030370546662247,0.10030370546662247,27,2,0
DR Gemini 3.1 Pro,26,random_criterion,release,0.2,323,0.0,0.3984115572659044,0.3984115572659044,27,2,0
DR Gemini 3.1 Pro,26,random_criterion,release,0.5,808,0.0,0.9304520344259498,0.9304520344259498,27,2,0
DR Gemini 3.1 Pro,26,random_criterion,release,0.84,1357,0.0,0.8874213900161686,0.8874213900161686,27,2,0
DR Gemini 3.1 Pro,26,random_criterion,release,0.95,1534,0.0,0.38881375252619255,0.38881375252619255,27,2,0
DR Gemini 3.1 Pro,26,disagreement_then_random,release,0.05,81,0.0,1.0,1.0,27,2,0
DR Gemini 3.1 Pro,26,disagreement_then_random,release,0.2,323,0.0,1.9992266047950502,1.9992266047950502,27,2,0
DR Gemini 3.1 Pro,26,disagreement_then_random,release,0.5,808,0.0,1.6167238635068957,1.6167238635068957,27,2,0
DR Gemini 3.1 Pro,26,disagreement_then_random,release,0.84,1357,0.0,0.87153911943938,0.87153911943938,27,2,0
DR Gemini 3.1 Pro,26,disagreement_then_random,release,0.95,1534,0.0,0.33938332468866417,0.33938332468866417,27,2,0
DR Gemini 3.1 Pro,27,random_criterion,release,0.05,81,0.047668811214566044,0.047668811214566044,0.0,25,1,1
DR Gemini 3.1 Pro,27,random_criterion,release,0.2,323,0.1600991325898389,0.16009913258983893,2.7755575615628914e-17,25,1,1
DR Gemini 3.1 Pro,27,random_criterion,release,0.5,808,0.2501547987616099,0.2501547987616099,0.0,25,1,1
DR Gemini 3.1 Pro,27,random_criterion,release,0.84,1357,0.13431468459032994,0.1343146845903299,-2.7755575615628914e-17,25,1,1
DR Gemini 3.1 Pro,27,random_criterion,release,0.95,1534,0.04766881121456605,0.04766881121456601,-4.163336342344337e-17,25,1,1
DR Gemini 3.1 Pro,27,disagreement_then_random,release,0.05,81,1.0,0.0,-1.0,25,1,1
DR Gemini 3.1 Pro,27,disagreement_then_random,release,0.2,323,0.9992266047950503,0.0007733952049497294,-0.9984532095901006,25,1,1
DR Gemini 3.1 Pro,27,disagreement_then_random,release,0.5,808,0.6241299303944315,0.23477333295022734,-0.3893565974442042,25,1,1
DR Gemini 3.1 Pro,27,disagreement_then_random,release,0.84,1357,0.19953596287703015,0.15984498574127415,-0.039690977135756006,25,1,1
DR Gemini 3.1 Pro,27,disagreement_then_random,release,0.95,1534,0.06264501160092807,0.05876606351418323,-0.0038789480867448406,25,1,1
DR Gemini 3.1 Pro,28,random_criterion,release,0.05,81,0.047668811214566044,0.10006608479387516,0.052397273579309116,33,3,1
DR Gemini 3.1 Pro,28,random_criterion,release,0.2,323,0.1600991325898389,0.38411881160736305,0.22401967901752415,33,3,1
DR Gemini 3.1 Pro,28,random_criterion,release,0.5,808,0.2501547987616099,0.7506194829548618,0.5004646841932519,33,3,1
DR Gemini 3.1 Pro,28,random_criterion,release,0.84,1357,0.13431468459032994,0.4944579027262115,0.36014321813588157,33,3,1
DR Gemini 3.1 Pro,28,random_criterion,release,0.95,1534,0.04766881121456605,0.18594678249352103,0.13827797127895497,33,3,1
DR Gemini 3.1 Pro,28,disagreement_then_random,release,0.05,81,0.0,1.0,1.0,33,3,1
DR Gemini 3.1 Pro,28,disagreement_then_random,release,0.2,323,0.0007733952049497294,1.0007733952049498,1.0,33,3,1
DR Gemini 3.1 Pro,28,disagreement_then_random,release,0.5,808,0.23477333295022734,1.1818757182785113,0.9471023853282841,33,3,1
DR Gemini 3.1 Pro,28,disagreement_then_random,release,0.84,1357,0.15984498574127418,0.6472505007859746,0.4874055150447004,33,3,1
DR Gemini 3.1 Pro,28,disagreement_then_random,release,0.95,1534,0.05876606351418331,0.23530161803725402,0.1765355545230707,33,3,1
DR Gemini 3.1 Pro,29,random_criterion,release,0.05,81,0.09533762242913209,0.04766881121456605,-0.04766881121456604,29,2,2
DR Gemini 3.1 Pro,29,random_criterion,release,0.2,323,0.3201982651796778,0.1600991325898389,-0.1600991325898389,29,2,2
DR Gemini 3.1 Pro,29,random_criterion,release,0.5,808,0.5003095975232198,0.25015479876160984,-0.25015479876160995,29,2,2
DR Gemini 3.1 Pro,29,random_criterion,release,0.84,1357,0.2686293691806599,0.13431468459033002,-0.13431468459032986,29,2,2
DR Gemini 3.1 Pro,29,random_criterion,release,0.95,1534,0.0953376224291321,0.04766881121456601,-0.04766881121456609,29,2,2
DR Gemini 3.1 Pro,29,disagreement_then_random,release,0.05,81,1.0,0.0,-1.0,29,2,2
DR Gemini 3.1 Pro,29,disagreement_then_random,release,0.2,323,1.9984532095901006,0.0007733952049497894,-1.9976798143851509,29,2,2
DR Gemini 3.1 Pro,29,disagreement_then_random,release,0.5,808,1.248259860788863,0.2347733329502273,-1.0134865278386358,29,2,2
DR Gemini 3.1 Pro,29,disagreement_then_random,release,0.84,1357,0.3990719257540603,0.15984498574127404,-0.23922694001278627,29,2,2
DR Gemini 3.1 Pro,29,disagreement_then_random,release,0.95,1534,0.12529002320185614,0.05876606351418312,-0.06652395968767302,29,2,2
DR Gemini 3.1 Pro,30,random_criterion,release,0.05,81,0.09533762242913209,0.14537066482606967,0.05003304239693758,29,3,2
DR Gemini 3.1 Pro,30,random_criterion,release,0.2,323,0.3201982651796778,0.5122576709833594,0.19205940580368158,29,3,2
DR Gemini 3.1 Pro,30,random_criterion,release,0.5,808,0.5003095975232198,0.8756193390006506,0.3753097414774308,29,3,2
DR Gemini 3.1 Pro,30,random_criterion,release,0.84,1357,0.2686293691806599,0.5158583205437655,0.24722895136310558,29,3,2
DR Gemini 3.1 Pro,30,random_criterion,release,0.95,1534,0.0953376224291321,0.18831101367589254,0.09297339124676043,29,3,2
DR Gemini 3.1 Pro,30,disagreement_then_random,release,0.05,81,0.0,0.0,0.0,29,3,2
DR Gemini 3.1 Pro,30,disagreement_then_random,release,0.2,323,0.0007733952049497294,0.002320185614849188,0.0015467904098994585,29,3,2
DR Gemini 3.1 Pro,30,disagreement_then_random,release,0.5,808,0.23477333295022734,0.7043199988506821,0.46954666590045474,29,3,2
DR Gemini 3.1 Pro,30,disagreement_then_random,release,0.84,1357,0.15984498574127418,0.47953495722382256,0.3196899714825484,29,3,2
DR Gemini 3.1 Pro,30,disagreement_then_random,release,0.95,1534,0.05876606351418331,0.1762981905425498,0.11753212702836649,29,3,2
DR Gemini 3.1 Pro,31,random_criterion,release,0.05,81,0.047668811214566044,0.0,-0.047668811214566044,26,0,1
DR Gemini 3.1 Pro,31,random_criterion,release,0.2,323,0.1600991325898389,0.0,-0.1600991325898389,26,0,1
DR Gemini 3.1 Pro,31,random_criterion,release,0.5,808,0.2501547987616099,0.0,-0.2501547987616099,26,0,1
DR Gemini 3.1 Pro,31,random_criterion,release,0.84,1357,0.13431468459032994,0.0,-0.13431468459032994,26,0,1
DR Gemini 3.1 Pro,31,random_criterion,release,0.95,1534,0.04766881121456605,0.0,-0.04766881121456605,26,0,1
DR Gemini 3.1 Pro,31,disagreement_then_random,release,0.05,81,0.0,0.0,0.0,26,0,1
DR Gemini 3.1 Pro,31,disagreement_then_random,release,0.2,323,0.0007733952049497294,0.0,-0.0007733952049497294,26,0,1
DR Gemini 3.1 Pro,31,disagreement_then_random,release,0.5,808,0.23477333295022734,0.0,-0.23477333295022734,26,0,1
DR Gemini 3.1 Pro,31,disagreement_then_random,release,0.84,1357,0.15984498574127418,0.0,-0.15984498574127418,26,0,1
DR Gemini 3.1 Pro,31,disagreement_then_random,release,0.95,1534,0.05876606351418331,0.0,-0.05876606351418331,26,0,1
DR Gemini 3.1 Pro,32,random_criterion,release,0.05,81,0.0,0.1477348960084412,0.1477348960084412,25,3,0
DR Gemini 3.1 Pro,32,random_criterion,release,0.2,323,0.0,0.544217944197202,0.544217944197202,25,3,0
DR Gemini 3.1 Pro,32,random_criterion,release,0.5,808,0.0,1.0007742817164715,1.0007742817164715,25,3,0
DR Gemini 3.1 Pro,32,random_criterion,release,0.84,1357,0.0,0.6287725873165415,0.6287725873165415,25,3,0
DR Gemini 3.1 Pro,32,random_criterion,release,0.95,1534,0.0,0.23361559370808704,0.23361559370808704,25,3,0
DR Gemini 3.1 Pro,32,disagreement_then_random,release,0.05,81,0.0,0.0,0.0,25,3,0
DR Gemini 3.1 Pro,32,disagreement_then_random,release,0.2,323,0.0,1.9992266047950504,1.9992266047950504,25,3,0
DR Gemini 3.1 Pro,32,disagreement_then_random,release,0.5,808,0.0,1.4830331937390904,1.4830331937390904,25,3,0
DR Gemini 3.1 Pro,32,disagreement_then_random,release,0.84,1357,0.0,0.5589169114953343,0.5589169114953343,25,3,0
DR Gemini 3.1 Pro,32,disagreement_then_random,release,0.95,1534,0.0,0.18405608671603924,0.18405608671603924,25,3,0
DR Gemini 3.1 Pro,33,random_criterion,release,0.05,81,0.0,0.09533762242913209,0.09533762242913209,24,2,0
DR Gemini 3.1 Pro,33,random_criterion,release,0.2,323,0.0,0.32019826517967787,0.32019826517967787,24,2,0
DR Gemini 3.1 Pro,33,random_criterion,release,0.5,808,0.0,0.5003095975232198,0.5003095975232198,24,2,0
DR Gemini 3.1 Pro,33,random_criterion,release,0.84,1357,0.0,0.2686293691806598,0.2686293691806598,24,2,0
DR Gemini 3.1 Pro,33,random_criterion,release,0.95,1534,0.0,0.09533762242913202,0.09533762242913202,24,2,0
DR Gemini 3.1 Pro,33,disagreement_then_random,release,0.05,81,0.0,0.0,0.0,24,2,0
DR Gemini 3.1 Pro,33,disagreement_then_random,release,0.2,323,0.0,1.0,1.0,24,2,0
DR Gemini 3.1 Pro,33,disagreement_then_random,release,0.5,808,0.0,0.8589032633446587,0.8589032633446587,24,2,0
DR Gemini 3.1 Pro,33,disagreement_then_random,release,0.84,1357,0.0,0.35938094861830416,0.35938094861830416,24,2,0
DR Gemini 3.1 Pro,33,disagreement_then_random,release,0.95,1534,0.0,0.12141107511511118,0.12141107511511118,24,2,0
DR Gemini 3.1 Pro,34,random_criterion,release,0.05,81,0.047668811214566044,0.047668811214566044,0.0,26,1,1
DR Gemini 3.1 Pro,34,random_criterion,release,0.2,323,0.1600991325898389,0.16009913258983893,2.7755575615628914e-17,26,1,1
DR Gemini 3.1 Pro,34,random_criterion,release,0.5,808,0.2501547987616099,0.2501547987616099,0.0,26,1,1
DR Gemini 3.1 Pro,34,random_criterion,release,0.84,1357,0.13431468459032994,0.1343146845903299,-2.7755575615628914e-17,26,1,1
DR Gemini 3.1 Pro,34,random_criterion,release,0.95,1534,0.04766881121456605,0.04766881121456601,-4.163336342344337e-17,26,1,1
DR Gemini 3.1 Pro,34,disagreement_then_random,release,0.05,81,0.0,0.0,0.0,26,1,1
DR Gemini 3.1 Pro,34,disagreement_then_random,release,0.2,323,0.0007733952049497294,0.0007733952049497294,0.0,26,1,1
DR Gemini 3.1 Pro,34,disagreement_then_random,release,0.5,808,0.23477333295022734,0.23477333295022734,0.0,26,1,1
DR Gemini 3.1 Pro,34,disagreement_then_random,release,0.84,1357,0.15984498574127418,0.15984498574127415,-2.7755575615628914e-17,26,1,1
DR Gemini 3.1 Pro,34,disagreement_then_random,release,0.95,1534,0.05876606351418331,0.05876606351418323,-7.632783294297951e-17,26,1,1
DR Gemini 3.1 Pro,35,random_criterion,release,0.05,81,0.047668811214566044,0.14537066482606967,0.09770185361150363,27,3,1
DR Gemini 3.1 Pro,35,random_criterion,release,0.2,323,0.1600991325898389,0.5122576709833594,0.3521585383935205,27,3,1
DR Gemini 3.1 Pro,35,random_criterion,release,0.5,808,0.2501547987616099,0.8756193390006506,0.6254645402390406,27,3,1
DR Gemini 3.1 Pro,35,random_criterion,release,0.84,1357,0.13431468459032994,0.5158583205437655,0.38154363595343554,27,3,1
DR Gemini 3.1 Pro,35,random_criterion,release,0.95,1534,0.04766881121456605,0.18831101367589254,0.14064220246132647,27,3,1
DR Gemini 3.1 Pro,35,disagreement_then_random,release,0.05,81,0.0,0.0,0.0,27,3,1
DR Gemini 3.1 Pro,35,disagreement_then_random,release,0.2,323,0.0007733952049497294,1.9992266047950504,1.9984532095901006,27,3,1
DR Gemini 3.1 Pro,35,disagreement_then_random,release,0.5,808,0.23477333295022734,1.4830331937390904,1.248259860788863,27,3,1
DR Gemini 3.1 Pro,35,disagreement_then_random,release,0.84,1357,0.15984498574127418,0.5589169114953343,0.39907192575406014,27,3,1
DR Gemini 3.1 Pro,35,disagreement_then_random,release,0.95,1534,0.05876606351418331,0.18405608671603924,0.12529002320185592,27,3,1
DR Gemini 3.1 Pro,36,random_criterion,release,0.05,81,0.09297339124676055,0.14785076093611324,0.054877369689352695,29,3,2
DR Gemini 3.1 Pro,36,random_criterion,release,0.2,323,0.2882379919658352,0.5505822417788667,0.2623442498130315,29,3,2
DR Gemini 3.1 Pro,36,random_criterion,release,0.5,808,0.37515465480739885,1.063351753074382,0.688197098266983,29,3,2
DR Gemini 3.1 Pro,36,random_criterion,release,0.84,1357,0.15571510240788405,0.7236850137911763,0.5679699113832923,29,3,2
DR Gemini 3.1 Pro,36,random_criterion,release,0.95,1534,0.05003304239693759,0.27667180748558184,0.22663876508864425,29,3,2
DR Gemini 3.1 Pro,36,disagreement_then_random,release,0.05,81,0.0,0.0,0.0,29,3,2
DR Gemini 3.1 Pro,36,disagreement_then_random,release,0.2,323,0.9992266047950502,1.9992266047950504,1.0000000000000002,29,3,2
DR Gemini 3.1 Pro,36,disagreement_then_random,release,0.5,808,0.6241299303944315,1.4830331937390904,0.8589032633446588,29,3,2
DR Gemini 3.1 Pro,36,disagreement_then_random,release,0.84,1357,0.19953596287703018,0.5589169114953343,0.3593809486183041,29,3,2
DR Gemini 3.1 Pro,36,disagreement_then_random,release,0.95,1534,0.06264501160092809,0.18405608671603924,0.12141107511511115,29,3,2
DR Gemini 3.1 Pro,37,random_criterion,release,0.05,81,0.0,0.09782360935657888,0.09782360935657888,27,2,0
DR Gemini 3.1 Pro,37,random_criterion,release,0.2,323,0.0,0.36008698647039705,0.36008698647039705,27,2,0
DR Gemini 3.1 Pro,37,random_criterion,release,0.5,808,0.0,0.7427196203522184,0.7427196203522184,27,2,0
DR Gemini 3.1 Pro,37,random_criterion,release,0.84,1357,0.0,0.679594696768758,0.679594696768758,27,2,0
DR Gemini 3.1 Pro,37,random_criterion,release,0.95,1534,0.0,0.3004529587165028,0.3004529587165028,27,2,0
DR Gemini 3.1 Pro,37,disagreement_then_random,release,0.05,81,0.0,0.0,0.0,27,2,0
DR Gemini 3.1 Pro,37,disagreement_then_random,release,0.2,323,0.0,1.0,1.0,27,2,0
DR Gemini 3.1 Pro,37,disagreement_then_random,release,0.5,808,0.0,0.9989684755323213,0.9989684755323213,27,2,0
DR Gemini 3.1 Pro,37,disagreement_then_random,release,0.84,1357,0.0,0.7902857924356668,0.7902857924356668,27,2,0
DR Gemini 3.1 Pro,37,disagreement_then_random,release,0.95,1534,0.0,0.3648802354286165,0.3648802354286165,27,2,0
DR Gemini 3.1 Pro,38,random_criterion,release,0.05,81,0.09297339124676055,0.09533762242913209,0.002364231182371543,26,2,2
DR Gemini 3.1 Pro,38,random_criterion,release,0.2,323,0.2882379919658352,0.32019826517967787,0.03196027321384265,26,2,2
DR Gemini 3.1 Pro,38,random_criterion,release,0.5,808,0.37515465480739885,0.5003095975232198,0.12515494271582095,26,2,2
DR Gemini 3.1 Pro,38,random_criterion,release,0.84,1357,0.15571510240788405,0.2686293691806598,0.11291426677277577,26,2,2
DR Gemini 3.1 Pro,38,random_criterion,release,0.95,1534,0.05003304239693759,0.09533762242913202,0.04530458003219443,26,2,2
DR Gemini 3.1 Pro,38,disagreement_then_random,release,0.05,81,0.0,0.0,0.0,26,2,2
DR Gemini 3.1 Pro,38,disagreement_then_random,release,0.2,323,0.9992266047950503,1.0,0.0007733952049496784,26,2,2
DR Gemini 3.1 Pro,38,disagreement_then_random,release,0.5,808,0.6241299303944315,0.8589032633446587,0.23477333295022718,26,2,2
DR Gemini 3.1 Pro,38,disagreement_then_random,release,0.84,1357,0.19953596287703015,0.35938094861830416,0.159844985741274,26,2,2
DR Gemini 3.1 Pro,38,disagreement_then_random,release,0.95,1534,0.06264501160092807,0.12141107511511118,0.058766063514183106,26,2,2
DR Gemini 3.1 Pro,39,random_criterion,release,0.05,81,0.04305621377749503,0.0,-0.04305621377749503,25,0,1
DR Gemini 3.1 Pro,39,random_criterion,release,0.2,323,0.10254288374381838,0.0,-0.10254288374381838,25,0,1
DR Gemini 3.1 Pro,39,random_criterion,release,0.5,808,0.06242238468787848,0.0,-0.06242238468787848,25,0,1
DR Gemini 3.1 Pro,39,random_criterion,release,0.84,1357,0.003398577519413061,0.0,-0.003398577519413061,25,0,1
DR Gemini 3.1 Pro,39,random_criterion,release,0.95,1534,0.00011586492767205408,0.0,-0.00011586492767205408,25,0,1
DR Gemini 3.1 Pro,39,disagreement_then_random,release,0.05,81,0.0,0.0,0.0,25,0,1
DR Gemini 3.1 Pro,39,disagreement_then_random,release,0.2,323,0.0,0.0,0.0,25,0,1
DR Gemini 3.1 Pro,39,disagreement_then_random,release,0.5,808,0.0,0.0,0.0,25,0,1
DR Gemini 3.1 Pro,39,disagreement_then_random,release,0.84,1357,0.0,0.0,0.0,25,0,1
DR Gemini 3.1 Pro,39,disagreement_then_random,release,0.95,1534,0.0,0.0,0.0,25,0,1
DR Gemini 3.1 Pro,40,random_criterion,release,0.05,81,0.0,0.05015479814201283,0.05015479814201283,28,2,0
DR Gemini 3.1 Pro,40,random_criterion,release,0.2,323,0.0,0.19998785388055812,0.19998785388055812,28,2,0
DR Gemini 3.1 Pro,40,random_criterion,release,0.5,808,0.0,0.49256482159060844,0.49256482159060844,28,2,0
DR Gemini 3.1 Pro,40,random_criterion,release,0.84,1357,0.0,0.5452800121784283,0.5452800121784283,28,2,0
DR Gemini 3.1 Pro,40,random_criterion,release,0.95,1534,0.0,0.2527841475019368,0.2527841475019368,28,2,0
DR Gemini 3.1 Pro,40,disagreement_then_random,release,0.05,81,0.0,0.0,0.0,28,2,0
DR Gemini 3.1 Pro,40,disagreement_then_random,release,0.2,323,0.0,0.0007733952049497294,0.0007733952049497294,28,2,0
DR Gemini 3.1 Pro,40,disagreement_then_random,release,0.5,808,0.0,0.3748385451378899,0.3748385451378899,28,2,0
DR Gemini 3.1 Pro,40,disagreement_then_random,release,0.84,1357,0.0,0.5907498295586368,0.5907498295586368,28,2,0
DR Gemini 3.1 Pro,40,disagreement_then_random,release,0.95,1534,0.0,0.3022352238276884,0.3022352238276884,28,2,0
DR Gemini 3.1 Pro,41,random_criterion,release,0.05,81,0.0,0.047668811214566044,0.047668811214566044,21,1,0
DR Gemini 3.1 Pro,41,random_criterion,release,0.2,323,0.0,0.16009913258983893,0.16009913258983893,21,1,0
DR Gemini 3.1 Pro,41,random_criterion,release,0.5,808,0.0,0.2501547987616099,0.2501547987616099,21,1,0
DR Gemini 3.1 Pro,41,random_criterion,release,0.84,1357,0.0,0.1343146845903299,0.1343146845903299,21,1,0
DR Gemini 3.1 Pro,41,random_criterion,release,0.95,1534,0.0,0.04766881121456601,0.04766881121456601,21,1,0
DR Gemini 3.1 Pro,41,disagreement_then_random,release,0.05,81,0.0,0.0,0.0,21,1,0
DR Gemini 3.1 Pro,41,disagreement_then_random,release,0.2,323,0.0,0.0,0.0,21,1,0
DR Gemini 3.1 Pro,41,disagreement_then_random,release,0.5,808,0.0,0.0,0.0,21,1,0
DR Gemini 3.1 Pro,41,disagreement_then_random,release,0.84,1357,0.0,0.0,0.0,21,1,0
DR Gemini 3.1 Pro,41,disagreement_then_random,release,0.95,1534,0.0,0.0,0.0,21,1,0
DR Gemini 3.1 Pro,42,random_criterion,release,0.05,81,0.047668811214566044,0.09770185361150363,0.05003304239693759,25,2,1
DR Gemini 3.1 Pro,42,random_criterion,release,0.2,323,0.1600991325898389,0.35215853839352046,0.19205940580368155,25,2,1
DR Gemini 3.1 Pro,42,random_criterion,release,0.5,808,0.2501547987616099,0.6254645402390407,0.37530974147743085,25,2,1
DR Gemini 3.1 Pro,42,random_criterion,release,0.84,1357,0.13431468459032994,0.38154363595343566,0.24722895136310571,25,2,1
DR Gemini 3.1 Pro,42,random_criterion,release,0.95,1534,0.04766881121456605,0.14064220246132653,0.09297339124676048,25,2,1
DR Gemini 3.1 Pro,42,disagreement_then_random,release,0.05,81,0.0,0.0,0.0,25,2,1
DR Gemini 3.1 Pro,42,disagreement_then_random,release,0.2,323,0.0007733952049497294,1.9992266047950502,1.9984532095901004,25,2,1
DR Gemini 3.1 Pro,42,disagreement_then_random,release,0.5,808,0.23477333295022734,1.4830331937390904,1.248259860788863,25,2,1
DR Gemini 3.1 Pro,42,disagreement_then_random,release,0.84,1357,0.15984498574127418,0.5589169114953343,0.39907192575406014,25,2,1
DR Gemini 3.1 Pro,42,disagreement_then_random,release,0.95,1534,0.05876606351418331,0.18405608671603924,0.12529002320185592,25,2,1
DR Gemini 3.1 Pro,43,random_criterion,release,0.05,81,0.047668811214566044,0.0,-0.047668811214566044,25,0,1
DR Gemini 3.1 Pro,43,random_criterion,release,0.2,323,0.1600991325898389,0.0,-0.1600991325898389,25,0,1
DR Gemini 3.1 Pro,43,random_criterion,release,0.5,808,0.2501547987616099,0.0,-0.2501547987616099,25,0,1
DR Gemini 3.1 Pro,43,random_criterion,release,0.84,1357,0.13431468459032994,0.0,-0.13431468459032994,25,0,1
DR Gemini 3.1 Pro,43,random_criterion,release,0.95,1534,0.04766881121456605,0.0,-0.04766881121456605,25,0,1
DR Gemini 3.1 Pro,43,disagreement_then_random,release,0.05,81,0.0,0.0,0.0,25,0,1
DR Gemini 3.1 Pro,43,disagreement_then_random,release,0.2,323,0.9992266047950503,0.0,-0.9992266047950503,25,0,1
DR Gemini 3.1 Pro,43,disagreement_then_random,release,0.5,808,0.6241299303944315,0.0,-0.6241299303944315,25,0,1
DR Gemini 3.1 Pro,43,disagreement_then_random,release,0.84,1357,0.19953596287703015,0.0,-0.19953596287703015,25,0,1
DR Gemini 3.1 Pro,43,disagreement_then_random,release,0.95,1534,0.06264501160092807,0.0,-0.06264501160092807,25,0,1
DR Gemini 3.1 Pro,44,random_criterion,release,0.05,81,0.04530458003219451,0.05003304239693758,0.004728462364743072,27,1,1
DR Gemini 3.1 Pro,44,random_criterion,release,0.2,323,0.1281388593759963,0.19205940580368153,0.06392054642768522,27,1,1
DR Gemini 3.1 Pro,44,random_criterion,release,0.5,808,0.12499985604578895,0.37530974147743085,0.2503098854316419,27,1,1
DR Gemini 3.1 Pro,44,random_criterion,release,0.84,1357,0.02140041781755412,0.24722895136310574,0.22582853354555163,27,1,1
DR Gemini 3.1 Pro,44,random_criterion,release,0.95,1534,0.002364231182371534,0.09297339124676052,0.09060916006438899,27,1,1
DR Gemini 3.1 Pro,44,disagreement_then_random,release,0.05,81,0.0,0.0,0.0,27,1,1
DR Gemini 3.1 Pro,44,disagreement_then_random,release,0.2,323,0.9984532095901005,0.0007733952049497294,-0.9976798143851509,27,1,1
DR Gemini 3.1 Pro,44,disagreement_then_random,release,0.5,808,0.3893565974442042,0.23477333295022734,-0.15458326449397686,27,1,1
DR Gemini 3.1 Pro,44,disagreement_then_random,release,0.84,1357,0.039690977135756,0.15984498574127415,0.12015400860551814,27,1,1
DR Gemini 3.1 Pro,44,disagreement_then_random,release,0.95,1534,0.003878948086744772,0.05876606351418323,0.05488711542743846,27,1,1
DR Gemini 3.1 Pro,45,random_criterion,release,0.05,81,0.047668811214566044,0.047668811214566044,0.0,25,1,1
DR Gemini 3.1 Pro,45,random_criterion,release,0.2,323,0.1600991325898389,0.16009913258983893,2.7755575615628914e-17,25,1,1
DR Gemini 3.1 Pro,45,random_criterion,release,0.5,808,0.2501547987616099,0.2501547987616099,0.0,25,1,1
DR Gemini 3.1 Pro,45,random_criterion,release,0.84,1357,0.13431468459032994,0.1343146845903299,-2.7755575615628914e-17,25,1,1
DR Gemini 3.1 Pro,45,random_criterion,release,0.95,1534,0.04766881121456605,0.04766881121456601,-4.163336342344337e-17,25,1,1
DR Gemini 3.1 Pro,45,disagreement_then_random,release,0.05,81,0.0,0.0,0.0,25,1,1
DR Gemini 3.1 Pro,45,disagreement_then_random,release,0.2,323,0.0007733952049497294,0.0007733952049497294,0.0,25,1,1
DR Gemini 3.1 Pro,45,disagreement_then_random,release,0.5,808,0.23477333295022734,0.23477333295022734,0.0,25,1,1
DR Gemini 3.1 Pro,45,disagreement_then_random,release,0.84,1357,0.15984498574127418,0.15984498574127415,-2.7755575615628914e-17,25,1,1
DR Gemini 3.1 Pro,45,disagreement_then_random,release,0.95,1534,0.05876606351418331,0.05876606351418323,-7.632783294297951e-17,25,1,1
DR Gemini 3.1 Pro,46,random_criterion,release,0.05,81,0.0,0.14537066482606967,0.14537066482606967,28,3,0
DR Gemini 3.1 Pro,46,random_criterion,release,0.2,323,0.0,0.5122576709833594,0.5122576709833594,28,3,0
DR Gemini 3.1 Pro,46,random_criterion,release,0.5,808,0.0,0.8756193390006506,0.8756193390006506,28,3,0
DR Gemini 3.1 Pro,46,random_criterion,release,0.84,1357,0.0,0.5158583205437655,0.5158583205437655,28,3,0
DR Gemini 3.1 Pro,46,random_criterion,release,0.95,1534,0.0,0.18831101367589254,0.18831101367589254,28,3,0
DR Gemini 3.1 Pro,46,disagreement_then_random,release,0.05,81,0.0,0.0,0.0,28,3,0
DR Gemini 3.1 Pro,46,disagreement_then_random,release,0.2,323,0.0,0.9999999999999999,0.9999999999999999,28,3,0
DR Gemini 3.1 Pro,46,disagreement_then_random,release,0.5,808,0.0,0.9471023853282842,0.9471023853282842,28,3,0
DR Gemini 3.1 Pro,46,disagreement_then_random,release,0.84,1357,0.0,0.48740551504470053,0.48740551504470053,28,3,0
DR Gemini 3.1 Pro,46,disagreement_then_random,release,0.95,1534,0.0,0.1765355545230709,0.1765355545230709,28,3,0
DR Gemini 3.1 Pro,47,random_criterion,release,0.05,81,0.09533762242913209,0.05015479814201283,-0.045182824287119255,27,1,2
DR Gemini 3.1 Pro,47,random_criterion,release,0.2,323,0.3201982651796778,0.19998785388055815,-0.12021041129911966,27,1,2
DR Gemini 3.1 Pro,47,random_criterion,release,0.5,808,0.5003095975232198,0.4925648215906085,-0.007744775932611303,27,1,2
DR Gemini 3.1 Pro,47,random_criterion,release,0.84,1357,0.2686293691806599,0.545280012178428,0.27665064299776815,27,1,2
DR Gemini 3.1 Pro,47,random_criterion,release,0.95,1534,0.0953376224291321,0.2527841475019369,0.1574465250728048,27,1,2
DR Gemini 3.1 Pro,47,disagreement_then_random,release,0.05,81,0.0,1.0,1.0,27,1,2
DR Gemini 3.1 Pro,47,disagreement_then_random,release,0.2,323,1.0,1.0,0.0,27,1,2
DR Gemini 3.1 Pro,47,disagreement_then_random,release,0.5,808,0.8589032633446589,0.9925939331124641,0.1336906697678052,27,1,2
DR Gemini 3.1 Pro,47,disagreement_then_random,release,0.84,1357,0.35938094861830433,0.6720031565623498,0.31262220794404544,27,1,2
DR Gemini 3.1 Pro,47,disagreement_then_random,release,0.95,1534,0.12141107511511137,0.2767383130877362,0.15532723797262485,27,1,2
DR Gemini 3.1 Pro,48,random_criterion,release,0.05,81,0.0,0.047668811214566044,0.047668811214566044,25,1,0
DR Gemini 3.1 Pro,48,random_criterion,release,0.2,323,0.0,0.16009913258983893,0.16009913258983893,25,1,0
DR Gemini 3.1 Pro,48,random_criterion,release,0.5,808,0.0,0.2501547987616099,0.2501547987616099,25,1,0
DR Gemini 3.1 Pro,48,random_criterion,release,0.84,1357,0.0,0.1343146845903299,0.1343146845903299,25,1,0
DR Gemini 3.1 Pro,48,random_criterion,release,0.95,1534,0.0,0.04766881121456601,0.04766881121456601,25,1,0
DR Gemini 3.1 Pro,48,disagreement_then_random,release,0.05,81,0.0,0.0,0.0,25,1,0
DR Gemini 3.1 Pro,48,disagreement_then_random,release,0.2,323,0.0,0.0007733952049497294,0.0007733952049497294,25,1,0
DR Gemini 3.1 Pro,48,disagreement_then_random,release,0.5,808,0.0,0.23477333295022734,0.23477333295022734,25,1,0
DR Gemini 3.1 Pro,48,disagreement_then_random,release,0.84,1357,0.0,0.15984498574127415,0.15984498574127415,25,1,0
DR Gemini 3.1 Pro,48,disagreement_then_random,release,0.95,1534,0.0,0.05876606351418323,0.05876606351418323,25,1,0
DR Gemini 3.1 Pro,49,random_criterion,release,0.05,81,0.04530458003219451,0.14785076093611324,0.10254618090391873,28,3,1
DR Gemini 3.1 Pro,49,random_criterion,release,0.2,323,0.1281388593759963,0.5505822417788667,0.4224433824028704,28,3,1
DR Gemini 3.1 Pro,49,random_criterion,release,0.5,808,0.12499985604578895,1.063351753074382,0.9383518970285929,28,3,1
DR Gemini 3.1 Pro,49,random_criterion,release,0.84,1357,0.02140041781755412,0.7236850137911763,0.7022845959736222,28,3,1
DR Gemini 3.1 Pro,49,random_criterion,release,0.95,1534,0.002364231182371534,0.27667180748558184,0.2743075763032103,28,3,1
DR Gemini 3.1 Pro,49,disagreement_then_random,release,0.05,81,0.0,0.0,0.0,28,3,1
DR Gemini 3.1 Pro,49,disagreement_then_random,release,0.2,323,0.0007733952049497294,1.0007733952049498,1.0,28,3,1
DR Gemini 3.1 Pro,49,disagreement_then_random,release,0.5,808,0.14657421096660206,1.2700748402621367,1.1235006292955347,28,3,1
DR Gemini 3.1 Pro,49,disagreement_then_random,release,0.84,1357,0.031820419314877973,0.7752750672123709,0.7434546478974929,28,3,1
DR Gemini 3.1 Pro,49,disagreement_then_random,release,0.95,1534,0.003641584106223598,0.29042609744521375,0.28678451333899013,28,3,1
DR Gemini 3.1 Pro,50,random_criterion,release,0.05,81,0.047668811214566044,0.09770185361150363,0.05003304239693759,27,2,1
DR Gemini 3.1 Pro,50,random_criterion,release,0.2,323,0.1600991325898389,0.35215853839352046,0.19205940580368155,27,2,1
DR Gemini 3.1 Pro,50,random_criterion,release,0.5,808,0.2501547987616099,0.6254645402390407,0.37530974147743085,27,2,1
DR Gemini 3.1 Pro,50,random_criterion,release,0.84,1357,0.13431468459032994,0.38154363595343566,0.24722895136310571,27,2,1
DR Gemini 3.1 Pro,50,random_criterion,release,0.95,1534,0.04766881121456605,0.14064220246132653,0.09297339124676048,27,2,1
DR Gemini 3.1 Pro,50,disagreement_then_random,release,0.05,81,0.0,1.0,1.0,27,2,1
DR Gemini 3.1 Pro,50,disagreement_then_random,release,0.2,323,0.9992266047950503,1.9992266047950502,0.9999999999999999,27,2,1
DR Gemini 3.1 Pro,50,disagreement_then_random,release,0.5,808,0.6241299303944315,1.4830331937390904,0.8589032633446588,27,2,1
DR Gemini 3.1 Pro,50,disagreement_then_random,release,0.84,1357,0.19953596287703015,0.5589169114953343,0.35938094861830416,27,2,1
DR Gemini 3.1 Pro,50,disagreement_then_random,release,0.95,1534,0.06264501160092807,0.18405608671603924,0.12141107511511116,27,2,1
DR Gemini 3.1 Pro,51,random_criterion,release,0.05,81,0.14300643364369814,0.047668811214566044,-0.0953376224291321,27,1,3
DR Gemini 3.1 Pro,51,random_criterion,release,0.2,323,0.48029739776951674,0.16009913258983893,-0.3201982651796778,27,1,3
DR Gemini 3.1 Pro,51,random_criterion,release,0.5,808,0.7504643962848296,0.2501547987616099,-0.5003095975232197,27,1,3
DR Gemini 3.1 Pro,51,random_criterion,release,0.84,1357,0.40294405377098985,0.1343146845903299,-0.26862936918065994,27,1,3
DR Gemini 3.1 Pro,51,random_criterion,release,0.95,1534,0.14300643364369814,0.04766881121456601,-0.09533762242913213,27,1,3
DR Gemini 3.1 Pro,51,disagreement_then_random,release,0.05,81,0.0,0.0,0.0,27,1,3
DR Gemini 3.1 Pro,51,disagreement_then_random,release,0.2,323,1.0,0.0007733952049497294,-0.9992266047950503,27,1,3
DR Gemini 3.1 Pro,51,disagreement_then_random,release,0.5,808,0.8589032633446589,0.23477333295022734,-0.6241299303944317,27,1,3
DR Gemini 3.1 Pro,51,disagreement_then_random,release,0.84,1357,0.35938094861830433,0.15984498574127415,-0.19953596287703018,27,1,3
DR Gemini 3.1 Pro,51,disagreement_then_random,release,0.95,1534,0.12141107511511137,0.05876606351418323,-0.06264501160092814,27,1,3
DR Gemini 3.1 Pro,52,random_criterion,release,0.05,81,0.0,0.0,0.0,20,0,0
DR Gemini 3.1 Pro,52,random_criterion,release,0.2,323,0.0,0.0,0.0,20,0,0
DR Gemini 3.1 Pro,52,random_criterion,release,0.5,808,0.0,0.0,0.0,20,0,0
DR Gemini 3.1 Pro,52,random_criterion,release,0.84,1357,0.0,0.0,0.0,20,0,0
DR Gemini 3.1 Pro,52,random_criterion,release,0.95,1534,0.0,0.0,0.0,20,0,0
DR Gemini 3.1 Pro,52,disagreement_then_random,release,0.05,81,0.0,0.0,0.0,20,0,0
DR Gemini 3.1 Pro,52,disagreement_then_random,release,0.2,323,0.0,0.0,0.0,20,0,0
DR Gemini 3.1 Pro,52,disagreement_then_random,release,0.5,808,0.0,0.0,0.0,20,0,0
DR Gemini 3.1 Pro,52,disagreement_then_random,release,0.84,1357,0.0,0.0,0.0,20,0,0
DR Gemini 3.1 Pro,52,disagreement_then_random,release,0.95,1534,0.0,0.0,0.0,20,0,0
DR Gemini 3.1 Pro,53,random_criterion,release,0.05,81,0.0,0.09770185361150363,0.09770185361150363,26,2,0
DR Gemini 3.1 Pro,53,random_criterion,release,0.2,323,0.0,0.35215853839352046,0.35215853839352046,26,2,0
DR Gemini 3.1 Pro,53,random_criterion,release,0.5,808,0.0,0.6254645402390407,0.6254645402390407,26,2,0
DR Gemini 3.1 Pro,53,random_criterion,release,0.84,1357,0.0,0.38154363595343566,0.38154363595343566,26,2,0
DR Gemini 3.1 Pro,53,random_criterion,release,0.95,1534,0.0,0.14064220246132653,0.14064220246132653,26,2,0
DR Gemini 3.1 Pro,53,disagreement_then_random,release,0.05,81,0.0,0.0,0.0,26,2,0
DR Gemini 3.1 Pro,53,disagreement_then_random,release,0.2,323,0.0,0.0015467904098994587,0.0015467904098994587,26,2,0
DR Gemini 3.1 Pro,53,disagreement_then_random,release,0.5,808,0.0,0.55774578788408,0.55774578788408,26,2,0
DR Gemini 3.1 Pro,53,disagreement_then_random,release,0.84,1357,0.0,0.44771453790894444,0.44771453790894444,26,2,0
DR Gemini 3.1 Pro,53,disagreement_then_random,release,0.95,1534,0.0,0.1726566064363262,0.1726566064363262,26,2,0
DR Gemini 3.1 Pro,54,random_criterion,release,0.05,81,0.047668811214566044,0.0,-0.047668811214566044,26,0,1
DR Gemini 3.1 Pro,54,random_criterion,release,0.2,323,0.1600991325898389,0.0,-0.1600991325898389,26,0,1
DR Gemini 3.1 Pro,54,random_criterion,release,0.5,808,0.2501547987616099,0.0,-0.2501547987616099,26,0,1
DR Gemini 3.1 Pro,54,random_criterion,release,0.84,1357,0.13431468459032994,0.0,-0.13431468459032994,26,0,1
DR Gemini 3.1 Pro,54,random_criterion,release,0.95,1534,0.04766881121456605,0.0,-0.04766881121456605,26,0,1
DR Gemini 3.1 Pro,54,disagreement_then_random,release,0.05,81,0.0,0.0,0.0,26,0,1
DR Gemini 3.1 Pro,54,disagreement_then_random,release,0.2,323,0.0007733952049497294,0.0,-0.0007733952049497294,26,0,1
DR Gemini 3.1 Pro,54,disagreement_then_random,release,0.5,808,0.23477333295022734,0.0,-0.23477333295022734,26,0,1
DR Gemini 3.1 Pro,54,disagreement_then_random,release,0.84,1357,0.15984498574127418,0.0,-0.15984498574127418,26,0,1
DR Gemini 3.1 Pro,54,disagreement_then_random,release,0.95,1534,0.05876606351418331,0.0,-0.05876606351418331,26,0,1
DR Gemini 3.1 Pro,55,random_criterion,release,0.05,81,0.0,0.09533762242913209,0.09533762242913209,24,2,0
DR Gemini 3.1 Pro,55,random_criterion,release,0.2,323,0.0,0.32019826517967787,0.32019826517967787,24,2,0
DR Gemini 3.1 Pro,55,random_criterion,release,0.5,808,0.0,0.5003095975232198,0.5003095975232198,24,2,0
DR Gemini 3.1 Pro,55,random_criterion,release,0.84,1357,0.0,0.2686293691806598,0.2686293691806598,24,2,0
DR Gemini 3.1 Pro,55,random_criterion,release,0.95,1534,0.0,0.09533762242913202,0.09533762242913202,24,2,0
DR Gemini 3.1 Pro,55,disagreement_then_random,release,0.05,81,0.0,0.0,0.0,24,2,0
DR Gemini 3.1 Pro,55,disagreement_then_random,release,0.2,323,0.0,0.0007733952049497894,0.0007733952049497894,24,2,0
DR Gemini 3.1 Pro,55,disagreement_then_random,release,0.5,808,0.0,0.2347733329502273,0.2347733329502273,24,2,0
DR Gemini 3.1 Pro,55,disagreement_then_random,release,0.84,1357,0.0,0.15984498574127404,0.15984498574127404,24,2,0
DR Gemini 3.1 Pro,55,disagreement_then_random,release,0.95,1534,0.0,0.05876606351418312,0.05876606351418312,24,2,0
DR Gemini 3.1 Pro,56,random_criterion,release,0.05,81,0.047668811214566044,0.047668811214566044,0.0,26,1,1
DR Gemini 3.1 Pro,56,random_criterion,release,0.2,323,0.1600991325898389,0.16009913258983893,2.7755575615628914e-17,26,1,1
DR Gemini 3.1 Pro,56,random_criterion,release,0.5,808,0.2501547987616099,0.2501547987616099,0.0,26,1,1
DR Gemini 3.1 Pro,56,random_criterion,release,0.84,1357,0.13431468459032994,0.1343146845903299,-2.7755575615628914e-17,26,1,1
DR Gemini 3.1 Pro,56,random_criterion,release,0.95,1534,0.04766881121456605,0.04766881121456601,-4.163336342344337e-17,26,1,1
DR Gemini 3.1 Pro,56,disagreement_then_random,release,0.05,81,0.0,0.0,0.0,26,1,1
DR Gemini 3.1 Pro,56,disagreement_then_random,release,0.2,323,0.9992266047950503,0.0007733952049497294,-0.9984532095901006,26,1,1
DR Gemini 3.1 Pro,56,disagreement_then_random,release,0.5,808,0.6241299303944315,0.23477333295022734,-0.3893565974442042,26,1,1
DR Gemini 3.1 Pro,56,disagreement_then_random,release,0.84,1357,0.19953596287703015,0.15984498574127415,-0.039690977135756006,26,1,1
DR Gemini 3.1 Pro,56,disagreement_then_random,release,0.95,1534,0.06264501160092807,0.05876606351418323,-0.0038789480867448406,26,1,1
DR Gemini 3.1 Pro,57,random_criterion,release,0.05,81,0.09533762242913209,0.05003304239693758,-0.04530458003219451,27,1,2
DR Gemini 3.1 Pro,57,random_criterion,release,0.2,323,0.3201982651796778,0.19205940580368153,-0.12813885937599628,27,1,2
DR Gemini 3.1 Pro,57,random_criterion,release,0.5,808,0.5003095975232198,0.37530974147743085,-0.12499985604578895,27,1,2
DR Gemini 3.1 Pro,57,random_criterion,release,0.84,1357,0.2686293691806599,0.24722895136310574,-0.02140041781755414,27,1,2
DR Gemini 3.1 Pro,57,random_criterion,release,0.95,1534,0.0953376224291321,0.09297339124676052,-0.0023642311823715845,27,1,2
DR Gemini 3.1 Pro,57,disagreement_then_random,release,0.05,81,0.0,0.0,0.0,27,1,2
DR Gemini 3.1 Pro,57,disagreement_then_random,release,0.2,323,0.0015467904098994587,0.9992266047950503,0.9976798143851509,27,1,2
DR Gemini 3.1 Pro,57,disagreement_then_random,release,0.5,808,0.4695466659004547,0.6241299303944315,0.15458326449397686,27,1,2
DR Gemini 3.1 Pro,57,disagreement_then_random,release,0.84,1357,0.31968997148254835,0.19953596287703013,-0.12015400860551823,27,1,2
DR Gemini 3.1 Pro,57,disagreement_then_random,release,0.95,1534,0.11753212702836661,0.06264501160092806,-0.05488711542743856,27,1,2
DR Gemini 3.1 Pro,58,random_criterion,release,0.05,81,0.09533762242913209,0.09533762242913209,0.0,29,2,2
DR Gemini 3.1 Pro,58,random_criterion,release,0.2,323,0.3201982651796778,0.32019826517967787,5.551115123125783e-17,29,2,2
DR Gemini 3.1 Pro,58,random_criterion,release,0.5,808,0.5003095975232198,0.5003095975232198,0.0,29,2,2
DR Gemini 3.1 Pro,58,random_criterion,release,0.84,1357,0.2686293691806599,0.2686293691806598,-5.551115123125783e-17,29,2,2
DR Gemini 3.1 Pro,58,random_criterion,release,0.95,1534,0.0953376224291321,0.09533762242913202,-8.326672684688674e-17,29,2,2
DR Gemini 3.1 Pro,58,disagreement_then_random,release,0.05,81,0.0,0.0,0.0,29,2,2
DR Gemini 3.1 Pro,58,disagreement_then_random,release,0.2,323,1.9984532095901006,1.9984532095901006,0.0,29,2,2
DR Gemini 3.1 Pro,58,disagreement_then_random,release,0.5,808,1.248259860788863,1.248259860788863,0.0,29,2,2
DR Gemini 3.1 Pro,58,disagreement_then_random,release,0.84,1357,0.3990719257540603,0.39907192575406025,-5.551115123125783e-17,29,2,2
DR Gemini 3.1 Pro,58,disagreement_then_random,release,0.95,1534,0.12529002320185614,0.12529002320185612,-2.7755575615628914e-17,29,2,2
DR Gemini 3.1 Pro,59,random_criterion,release,0.05,81,0.0,0.09782360935657888,0.09782360935657888,25,2,0
DR Gemini 3.1 Pro,59,random_criterion,release,0.2,323,0.0,0.36008698647039705,0.36008698647039705,25,2,0
DR Gemini 3.1 Pro,59,random_criterion,release,0.5,808,0.0,0.7427196203522184,0.7427196203522184,25,2,0
DR Gemini 3.1 Pro,59,random_criterion,release,0.84,1357,0.0,0.679594696768758,0.679594696768758,25,2,0
DR Gemini 3.1 Pro,59,random_criterion,release,0.95,1534,0.0,0.3004529587165028,0.3004529587165028,25,2,0
DR Gemini 3.1 Pro,59,disagreement_then_random,release,0.05,81,0.0,1.0,1.0,25,2,0
DR Gemini 3.1 Pro,59,disagreement_then_random,release,0.2,323,0.0,1.0007733952049498,1.0007733952049498,25,2,0
DR Gemini 3.1 Pro,59,disagreement_then_random,release,0.5,808,0.0,1.2273672660626913,1.2273672660626913,25,2,0
DR Gemini 3.1 Pro,59,disagreement_then_random,release,0.84,1357,0.0,0.8318481423036239,0.8318481423036239,25,2,0
DR Gemini 3.1 Pro,59,disagreement_then_random,release,0.95,1534,0.0,0.33550437660191945,0.33550437660191945,25,2,0
DR Gemini 3.1 Pro,60,random_criterion,release,0.05,81,0.047668811214566044,0.047668811214566044,0.0,25,1,1
DR Gemini 3.1 Pro,60,random_criterion,release,0.2,323,0.1600991325898389,0.16009913258983893,2.7755575615628914e-17,25,1,1
DR Gemini 3.1 Pro,60,random_criterion,release,0.5,808,0.2501547987616099,0.2501547987616099,0.0,25,1,1
DR Gemini 3.1 Pro,60,random_criterion,release,0.84,1357,0.13431468459032994,0.1343146845903299,-2.7755575615628914e-17,25,1,1
DR Gemini 3.1 Pro,60,random_criterion,release,0.95,1534,0.04766881121456605,0.04766881121456601,-4.163336342344337e-17,25,1,1
DR Gemini 3.1 Pro,60,disagreement_then_random,release,0.05,81,0.0,0.0,0.0,25,1,1
DR Gemini 3.1 Pro,60,disagreement_then_random,release,0.2,323,0.0,0.0007733952049497294,0.0007733952049497294,25,1,1
DR Gemini 3.1 Pro,60,disagreement_then_random,release,0.5,808,0.0,0.23477333295022734,0.23477333295022734,25,1,1
DR Gemini 3.1 Pro,60,disagreement_then_random,release,0.84,1357,0.0,0.15984498574127415,0.15984498574127415,25,1,1
DR Gemini 3.1 Pro,60,disagreement_then_random,release,0.95,1534,0.0,0.05876606351418323,0.05876606351418323,25,1,1
DR Gemini 3.1 Pro,61,random_criterion,release,0.05,81,0.09297339124676055,0.09782360935657888,0.004850218109818338,27,2,2
DR Gemini 3.1 Pro,61,random_criterion,release,0.2,323,0.2882379919658352,0.36008698647039705,0.07184899450456184,27,2,2
DR Gemini 3.1 Pro,61,random_criterion,release,0.5,808,0.37515465480739885,0.7427196203522184,0.36756496554481954,27,2,2
DR Gemini 3.1 Pro,61,random_criterion,release,0.84,1357,0.15571510240788405,0.679594696768758,0.5238795943608741,27,2,2
DR Gemini 3.1 Pro,61,random_criterion,release,0.95,1534,0.05003304239693759,0.3004529587165028,0.25041991631956523,27,2,2
DR Gemini 3.1 Pro,61,disagreement_then_random,release,0.05,81,0.0,0.0,0.0,27,2,2
DR Gemini 3.1 Pro,61,disagreement_then_random,release,0.2,323,0.0015467904098994587,1.0,0.9984532095901005,27,2,2
DR Gemini 3.1 Pro,61,disagreement_then_random,release,0.5,808,0.3813475439168294,0.9989684755323213,0.6176209316154919,27,2,2
DR Gemini 3.1 Pro,61,disagreement_then_random,release,0.84,1357,0.19166540505615215,0.7902857924356668,0.5986203873795146,27,2,2
DR Gemini 3.1 Pro,61,disagreement_then_random,release,0.95,1534,0.0624076476204069,0.3648802354286165,0.30247258780820957,27,2,2
DR Gemini 3.1 Pro,62,random_criterion,release,0.05,81,0.047668811214566044,0.14785665175351645,0.10018784053895041,29,3,1
DR Gemini 3.1 Pro,62,random_criterion,release,0.2,323,0.1600991325898389,0.5521463922740787,0.3920472596842398,29,3,1
DR Gemini 3.1 Pro,62,random_criterion,release,0.5,808,0.2501547987616099,1.118029361829649,0.8678745630680391,29,3,1
DR Gemini 3.1 Pro,62,random_criterion,release,0.84,1357,0.13431468459032994,0.9268236481318639,0.792508963541534,29,3,1
DR Gemini 3.1 Pro,62,random_criterion,release,0.95,1534,0.04766881121456605,0.3934263499632631,0.345757538748697,29,3,1
DR Gemini 3.1 Pro,62,disagreement_then_random,release,0.05,81,0.0,1.0,1.0,29,3,1
DR Gemini 3.1 Pro,62,disagreement_then_random,release,0.2,323,0.0,2.0,2.0,29,3,1
DR Gemini 3.1 Pro,62,disagreement_then_random,release,0.5,808,0.0,1.851497196457123,1.851497196457123,29,3,1
DR Gemini 3.1 Pro,62,disagreement_then_random,release,0.84,1357,0.0,1.031384105180654,1.031384105180654,29,3,1
DR Gemini 3.1 Pro,62,disagreement_then_random,release,0.95,1534,0.0,0.39814938820284773,0.39814938820284773,29,3,1
DR Gemini 3.1 Pro,63,random_criterion,release,0.05,81,0.0,0.09782332838669798,0.09782332838669798,25,2,0
DR Gemini 3.1 Pro,63,random_criterion,release,0.2,323,0.0,0.35978700433405086,0.35978700433405086,25,2,0
DR Gemini 3.1 Pro,63,random_criterion,release,0.5,808,0.0,0.7193113253419035,0.7193113253419035,25,2,0
DR Gemini 3.1 Pro,63,random_criterion,release,0.84,1357,0.0,0.5562272762372917,0.5562272762372917,25,2,0
DR Gemini 3.1 Pro,63,random_criterion,release,0.95,1534,0.0,0.2246165188417668,0.2246165188417668,25,2,0
DR Gemini 3.1 Pro,63,disagreement_then_random,release,0.05,81,0.0,0.0,0.0,25,2,0
DR Gemini 3.1 Pro,63,disagreement_then_random,release,0.2,323,0.0,0.0015467904098994587,0.0015467904098994587,25,2,0
DR Gemini 3.1 Pro,63,disagreement_then_random,release,0.5,808,0.0,0.60323733566826,0.60323733566826,25,2,0
DR Gemini 3.1 Pro,63,disagreement_then_random,release,0.84,1357,0.0,0.6323121794265938,0.6323121794265938,25,2,0
DR Gemini 3.1 Pro,63,disagreement_then_random,release,0.95,1534,0.0,0.2728593650009914,0.2728593650009914,25,2,0
DR Qwen-plus,0,random_criterion,release,0.05,81,0.23597982489045868,0.19540370722300723,-0.04057611766745145,26,5,5
DR Qwen-plus,0,random_criterion,release,0.2,323,0.768535389735352,0.7043170767870409,-0.06421831294831104,26,5,5
DR Qwen-plus,0,random_criterion,release,0.5,808,1.1256190510922286,1.2509290804780817,0.12531002938585312,26,5,5
DR Qwen-plus,0,random_criterion,release,0.84,1357,0.5586591561788739,0.7630872719068713,0.20442811572799746,26,5,5
DR Qwen-plus,0,random_criterion,release,0.95,1534,0.19303947604063573,0.28128440492265305,0.08824492888201732,26,5,5
DR Qwen-plus,0,disagreement_then_random,release,0.05,81,0.0,0.0,0.0,26,5,5
DR Qwen-plus,0,disagreement_then_random,release,0.2,323,2.0,1.0015467904098996,-0.9984532095901004,26,5,5
DR Qwen-plus,0,disagreement_then_random,release,0.5,808,1.6296074047056925,1.3284499292451135,-0.301157475460579,26,5,5
DR Qwen-plus,0,disagreement_then_random,release,0.84,1357,0.5907373308102124,0.6790709201008527,0.08833358929064028,26,5,5
DR Qwen-plus,0,disagreement_then_random,release,0.95,1534,0.18769767082226305,0.23894320214347786,0.051245531321214816,26,5,5
DR Qwen-plus,1,random_criterion,release,0.05,81,0.14064220246132658,0.1477348960084412,0.007092693547114615,22,3,3
DR Qwen-plus,1,random_criterion,release,0.2,323,0.4483371245556741,0.544217944197202,0.09588081964152795,22,3,3
DR Qwen-plus,1,random_criterion,release,0.5,808,0.6253094535690087,1.0007742817164715,0.37546482814746285,22,3,3
DR Qwen-plus,1,random_criterion,release,0.84,1357,0.290029786998214,0.6287725873165415,0.3387428003183275,22,3,3
DR Qwen-plus,1,random_criterion,release,0.95,1534,0.09770185361150363,0.23361559370808704,0.1359137400965834,22,3,3
DR Qwen-plus,1,disagreement_then_random,release,0.05,81,0.0,0.0,0.0,22,3,3
DR Qwen-plus,1,disagreement_then_random,release,0.2,323,1.0,0.0015467904098994585,-0.9984532095901005,22,3,3
DR Qwen-plus,1,disagreement_then_random,release,0.5,808,0.8589032633446589,0.4695466659004548,-0.38935659744420414,22,3,3
DR Qwen-plus,1,disagreement_then_random,release,0.84,1357,0.35938094861830433,0.3196899714825485,-0.03969097713575581,22,3,3
DR Qwen-plus,1,disagreement_then_random,release,0.95,1534,0.12141107511511137,0.11753212702836624,-0.003878948086745132,22,3,3
DR Qwen-plus,2,random_criterion,release,0.05,81,0.09747573360368181,0.14537066482606967,0.04789493122238786,23,3,3
DR Qwen-plus,2,random_criterion,release,0.2,323,0.34069411158905677,0.5122576709833594,0.17156355939430262,23,3,3
DR Qwen-plus,2,random_criterion,release,0.5,808,0.5315789112681719,0.8756193390006506,0.34404042773247867,23,3,3
DR Qwen-plus,2,random_criterion,release,0.84,1357,0.2714899968133874,0.5158583205437655,0.24436832373037803,23,3,3
DR Qwen-plus,2,random_criterion,release,0.95,1534,0.09544787750928185,0.18831101367589254,0.09286313616661068,23,3,3
DR Qwen-plus,2,disagreement_then_random,release,0.05,81,0.0,0.0,0.0,23,3,3
DR Qwen-plus,2,disagreement_then_random,release,0.2,323,0.0007733952049497294,2.0,1.9992266047950502,23,3,3
DR Qwen-plus,2,disagreement_then_random,release,0.5,808,0.23477333295022734,1.7178065266893177,1.4830331937390904,23,3,3
DR Qwen-plus,2,disagreement_then_random,release,0.84,1357,0.15984498574127418,0.7187618972366088,0.5589169114953346,23,3,3
DR Qwen-plus,2,disagreement_then_random,release,0.95,1534,0.05876606351418331,0.24282215023022236,0.18405608671603904,23,3,3
DR Qwen-plus,3,random_criterion,release,0.05,81,0.14514454481824787,0.1454865297537417,0.0003419849354938387,27,4,4
DR Qwen-plus,3,random_criterion,release,0.2,323,0.5007932441788957,0.5186219685650241,0.01782872438612837,27,4,4
DR Qwen-plus,3,random_criterion,release,0.5,808,0.7817337100297818,0.9381968103585611,0.1564631003287793,27,4,4
DR Qwen-plus,3,random_criterion,release,0.84,1357,0.4058046814037174,0.610770747018401,0.20496606561468356,27,4,4
DR Qwen-plus,3,random_criterion,release,0.95,1534,0.1431166887238479,0.23136722745338778,0.08825053872953989,27,4,4
DR Qwen-plus,3,disagreement_then_random,release,0.05,81,0.0,0.0,0.0,27,4,4
DR Qwen-plus,3,disagreement_then_random,release,0.2,323,0.0015467904098994587,1.0,0.9984532095901005,27,4,4
DR Qwen-plus,3,disagreement_then_random,release,0.5,808,0.4695466659004547,0.9471023853282843,0.4775557194278296,27,4,4
DR Qwen-plus,3,disagreement_then_random,release,0.84,1357,0.31968997148254835,0.48740551504470053,0.16771554356215218,27,4,4
DR Qwen-plus,3,disagreement_then_random,release,0.95,1534,0.11753212702836661,0.1765355545230709,0.05900342749470429,27,4,4
DR Qwen-plus,4,random_criterion,release,0.05,81,0.047668811214566044,0.1930394760406357,0.14537066482606967,22,4,1
DR Qwen-plus,4,random_criterion,release,0.2,323,0.1600991325898389,0.6723568035731983,0.5122576709833594,22,4,1
DR Qwen-plus,4,random_criterion,release,0.5,808,0.2501547987616099,1.1257741377622605,0.8756193390006506,22,4,1
DR Qwen-plus,4,random_criterion,release,0.84,1357,0.13431468459032994,0.6501730051340959,0.515858320543766,22,4,1
DR Qwen-plus,4,random_criterion,release,0.95,1534,0.04766881121456605,0.23597982489045854,0.18831101367589248,22,4,1
DR Qwen-plus,4,disagreement_then_random,release,0.05,81,0.0,0.0,0.0,22,4,1
DR Qwen-plus,4,disagreement_then_random,release,0.2,323,0.0007733952049497294,0.0030935808197989174,0.002320185614849188,22,4,1
DR Qwen-plus,4,disagreement_then_random,release,0.5,808,0.23477333295022734,1.0272924537845347,0.7925191208343074,22,4,1
DR Qwen-plus,4,disagreement_then_random,release,0.84,1357,0.15984498574127418,0.767404509391493,0.6075595236502188,22,4,1
DR Qwen-plus,4,disagreement_then_random,release,0.95,1534,0.05876606351418331,0.29018873346469265,0.23142266995050934,22,4,1
DR Qwen-plus,5,random_criterion,release,0.05,81,0.2836486361050247,0.145492139601264,-0.13815649650376072,27,3,6
DR Qwen-plus,5,random_criterion,release,0.2,323,0.9286345223251908,0.5198861369238899,-0.408748385401301,27,3,6
DR Qwen-plus,5,random_criterion,release,0.5,808,1.3757738498538385,0.9694661241035132,-0.40630772575032537,27,3,6
DR Qwen-plus,5,random_criterion,release,0.84,1357,0.6929738407692038,0.6905419608276218,-0.0024318799415820047,27,3,6
DR Qwen-plus,5,random_criterion,release,0.95,1534,0.2407082872552018,0.2722853300563326,0.0315770428011308,27,3,6
DR Qwen-plus,5,disagreement_then_random,release,0.05,81,0.0,0.0,0.0,27,3,6
DR Qwen-plus,5,disagreement_then_random,release,0.2,323,1.9984532095901006,1.0,-0.9984532095901006,27,3,6
DR Qwen-plus,5,disagreement_then_random,release,0.5,808,1.248259860788863,0.992593933112464,-0.25566592767639906,27,3,6
DR Qwen-plus,5,disagreement_then_random,release,0.84,1357,0.3990719257540603,0.6720031565623499,0.27293123080828957,27,3,6
DR Qwen-plus,5,disagreement_then_random,release,0.95,1534,0.12529002320185614,0.2767383130877361,0.15144828988587997,27,3,6
DR Qwen-plus,6,random_criterion,release,0.05,81,0.14064220246132658,0.1477348960084412,0.007092693547114615,29,4,3
DR Qwen-plus,6,random_criterion,release,0.2,323,0.4483371245556741,0.544217944197202,0.09588081964152795,29,4,3
DR Qwen-plus,6,random_criterion,release,0.5,808,0.6253094535690087,1.0007742817164715,0.37546482814746285,29,4,3
DR Qwen-plus,6,random_criterion,release,0.84,1357,0.290029786998214,0.6287725873165417,0.3387428003183277,29,4,3
DR Qwen-plus,6,random_criterion,release,0.95,1534,0.09770185361150363,0.23361559370808704,0.1359137400965834,29,4,3
DR Qwen-plus,6,disagreement_then_random,release,0.05,81,0.0,0.0,0.0,29,4,3
DR Qwen-plus,6,disagreement_then_random,release,0.2,323,0.0,0.0015467904098993568,0.0015467904098993568,29,4,3
DR Qwen-plus,6,disagreement_then_random,release,0.5,808,0.0,0.4695466659004546,0.4695466659004546,29,4,3
DR Qwen-plus,6,disagreement_then_random,release,0.84,1357,0.0,0.3196899714825485,0.3196899714825485,29,4,3
DR Qwen-plus,6,disagreement_then_random,release,0.95,1534,0.0,0.11753212702836668,0.11753212702836668,29,4,3
DR Qwen-plus,7,random_criterion,release,0.05,81,0.18606264742119316,0.09770185361150363,-0.08836079380968953,21,2,4
DR Qwen-plus,7,random_criterion,release,0.2,323,0.5828402815133351,0.35215853839352046,-0.23068174311981465,21,2,4
DR Qwen-plus,7,random_criterion,release,0.5,808,0.8128867809727082,0.6254645402390407,-0.18742224073366742,21,2,4
DR Qwen-plus,7,random_criterion,release,0.84,1357,0.40634263129040293,0.38154363595343566,-0.024798995336967278,21,2,4
DR Qwen-plus,7,random_criterion,release,0.95,1534,0.14312229857137018,0.14064220246132653,-0.002480096110043656,21,2,4
DR Qwen-plus,7,disagreement_then_random,release,0.05,81,0.0,0.0,0.0,21,2,4
DR Qwen-plus,7,disagreement_then_random,release,0.2,323,0.0015467904098994587,0.0007733952049497294,-0.0007733952049497294,21,2,4
DR Qwen-plus,7,disagreement_then_random,release,0.5,808,0.3262401855301612,0.2347733329502273,-0.09146685257993392,21,2,4
DR Qwen-plus,7,disagreement_then_random,release,0.84,1357,0.16615973562081585,0.15984498574127404,-0.006314749879541809,21,2,4
DR Qwen-plus,7,disagreement_then_random,release,0.95,1534,0.058989075254021806,0.05876606351418312,-0.0002230117398386855,21,2,4
DR Qwen-plus,8,random_criterion,release,0.05,81,0.19067524485826418,0.09533762242913209,-0.09533762242913209,26,2,5
DR Qwen-plus,8,random_criterion,release,0.2,323,0.6403965303593556,0.32019826517967787,-0.32019826517967775,26,2,5
DR Qwen-plus,8,random_criterion,release,0.5,808,1.0006191950464396,0.5003095975232198,-0.5003095975232198,26,2,5
DR Qwen-plus,8,random_criterion,release,0.84,1357,0.5372587383613198,0.2686293691806598,-0.26862936918065994,26,2,5
DR Qwen-plus,8,random_criterion,release,0.95,1534,0.19067524485826418,0.09533762242913202,-0.09533762242913216,26,2,5
DR Qwen-plus,8,disagreement_then_random,release,0.05,81,0.0,0.0,0.0,26,2,5
DR Qwen-plus,8,disagreement_then_random,release,0.2,323,0.0015467904098994587,0.0007733952049497894,-0.0007733952049496693,26,2,5
DR Qwen-plus,8,disagreement_then_random,release,0.5,808,0.55774578788408,0.2347733329502273,-0.32297245493385274,26,2,5
DR Qwen-plus,8,disagreement_then_random,release,0.84,1357,0.44771453790894455,0.15984498574127404,-0.2878695521676705,26,2,5
DR Qwen-plus,8,disagreement_then_random,release,0.95,1534,0.17265660643632633,0.05876606351418312,-0.1138905429221432,26,2,5
DR Qwen-plus,9,random_criterion,release,0.05,81,0.09533762242913209,0.1977679384053788,0.1024303159762467,28,4,2
DR Qwen-plus,9,random_criterion,release,0.2,323,0.3201982651796778,0.7362773500008835,0.41607908482120565,28,4,2
DR Qwen-plus,9,random_criterion,release,0.5,808,0.5003095975232198,1.3760840231939024,0.8757744256706826,28,4,2
DR Qwen-plus,9,random_criterion,release,0.84,1357,0.2686293691806599,0.8760015386796471,0.6073721694989873,28,4,2
DR Qwen-plus,9,random_criterion,release,0.95,1534,0.0953376224291321,0.32658898495484756,0.23125136252571546,28,4,2
DR Qwen-plus,9,disagreement_then_random,release,0.05,81,0.0,0.0,0.0,28,4,2
DR Qwen-plus,9,disagreement_then_random,release,0.2,323,0.0007733952049497294,1.0015467904098994,1.0007733952049496,28,4,2
DR Qwen-plus,9,disagreement_then_random,release,0.5,808,0.23477333295022734,1.416649051228739,1.1818757182785118,28,4,2
DR Qwen-plus,9,disagreement_then_random,release,0.84,1357,0.15984498574127418,0.8070954865272486,0.6472505007859745,28,4,2
DR Qwen-plus,9,disagreement_then_random,release,0.95,1534,0.05876606351418331,0.2940676815514376,0.23530161803725427,28,4,2
DR Qwen-plus,10,random_criterion,release,0.05,81,0.14525479989839762,0.09533762242913209,-0.049917177469265536,24,2,4
DR Qwen-plus,10,random_criterion,release,0.2,323,0.5058933734016947,0.32019826517967787,-0.18569510822201685,24,2,4
DR Qwen-plus,10,random_criterion,release,0.5,808,0.8130418676427401,0.5003095975232198,-0.3127322701195203,24,2,4
DR Qwen-plus,10,random_criterion,release,0.84,1357,0.4209458940691309,0.2686293691806598,-0.15231652488847108,24,2,4
DR Qwen-plus,10,random_criterion,release,0.95,1534,0.14525479989839762,0.09533762242913202,-0.049917177469265606,24,2,4
DR Qwen-plus,10,disagreement_then_random,release,0.05,81,0.0,0.0,0.0,24,2,4
DR Qwen-plus,10,disagreement_then_random,release,0.2,323,0.0007733952049497294,0.0007733952049497294,0.0,24,2,4
DR Qwen-plus,10,disagreement_then_random,release,0.5,808,0.23477333295022734,0.2347733329502273,-5.551115123125783e-17,24,2,4
DR Qwen-plus,10,disagreement_then_random,release,0.84,1357,0.15984498574127418,0.15984498574127404,-1.3877787807814457e-16,24,2,4
DR Qwen-plus,10,disagreement_then_random,release,0.95,1534,0.05876606351418331,0.05876606351418312,-1.8735013540549517e-16,24,2,4
DR Qwen-plus,11,random_criterion,release,0.05,81,0.14300643364369814,0.09770185361150363,-0.04530458003219451,24,2,3
DR Qwen-plus,11,random_criterion,release,0.2,323,0.48029739776951674,0.35215853839352046,-0.12813885937599628,24,2,3
DR Qwen-plus,11,random_criterion,release,0.5,808,0.7504643962848296,0.6254645402390407,-0.12499985604578889,24,2,3
DR Qwen-plus,11,random_criterion,release,0.84,1357,0.40294405377098985,0.38154363595343566,-0.021400417817554196,24,2,3
DR Qwen-plus,11,random_criterion,release,0.95,1534,0.14300643364369814,0.14064220246132653,-0.0023642311823716122,24,2,3
DR Qwen-plus,11,disagreement_then_random,release,0.05,81,0.0,0.0,0.0,24,2,3
DR Qwen-plus,11,disagreement_then_random,release,0.2,323,2.997679814385151,0.0015467904098994587,-2.9961330239752515,24,2,3
DR Qwen-plus,11,disagreement_then_random,release,0.5,808,1.8723897911832945,0.55774578788408,-1.3146440032992146,24,2,3
DR Qwen-plus,11,disagreement_then_random,release,0.84,1357,0.5986078886310905,0.44771453790894444,-0.15089335072214605,24,2,3
DR Qwen-plus,11,disagreement_then_random,release,0.95,1534,0.18793503480278423,0.1726566064363262,-0.015278428366458041,24,2,3
DR Qwen-plus,12,random_criterion,release,0.05,81,0.14300643364369814,0.09782332838669798,-0.04518310525700016,27,2,3
DR Qwen-plus,12,random_criterion,release,0.2,323,0.48029739776951674,0.35978700433405086,-0.12051039343546588,27,2,3
DR Qwen-plus,12,random_criterion,release,0.5,808,0.7504643962848296,0.7193113253419035,-0.031153070942926187,27,2,3
DR Qwen-plus,12,random_criterion,release,0.84,1357,0.40294405377098985,0.5562272762372917,0.15328322246630188,27,2,3
DR Qwen-plus,12,random_criterion,release,0.95,1534,0.14300643364369814,0.2246165188417668,0.08161008519806867,27,2,3
DR Qwen-plus,12,disagreement_then_random,release,0.05,81,0.0,0.0,0.0,27,2,3
DR Qwen-plus,12,disagreement_then_random,release,0.2,323,0.0015467904098994587,0.0007733952049497294,-0.0007733952049497294,27,2,3
DR Qwen-plus,12,disagreement_then_random,release,0.5,808,0.4695466659004547,0.3560642185308098,-0.11348244736964491,27,2,3
DR Qwen-plus,12,disagreement_then_random,release,0.84,1357,0.31968997148254835,0.39038844915873017,0.07069847767618181,27,2,3
DR Qwen-plus,12,disagreement_then_random,release,0.95,1534,0.11753212702836661,0.1655964499637177,0.04806432293535108,27,2,3
DR Qwen-plus,13,random_criterion,release,0.05,81,0.27892017374028166,0.05003304239693758,-0.2288871313433441,22,1,6
DR Qwen-plus,13,random_criterion,release,0.2,323,0.8647139758975056,0.19205940580368153,-0.6726545700938241,22,1,6
DR Qwen-plus,13,random_criterion,release,0.5,808,1.1254639644221964,0.37530974147743085,-0.7501542229447655,22,1,6
DR Qwen-plus,13,random_criterion,release,0.84,1357,0.4671453072236522,0.24722895136310574,-0.21991635586054648,22,1,6
DR Qwen-plus,13,random_criterion,release,0.95,1534,0.15009912719081275,0.09297339124676052,-0.057125735944052236,22,1,6
DR Qwen-plus,13,disagreement_then_random,release,0.05,81,0.0,0.0,0.0,22,1,6
DR Qwen-plus,13,disagreement_then_random,release,0.2,323,1.0015467904098994,0.0007733952049497294,-1.0007733952049496,22,1,6
DR Qwen-plus,13,disagreement_then_random,release,0.5,808,1.152051685277863,0.23477333295022734,-0.9172783523276358,22,1,6
DR Qwen-plus,13,disagreement_then_random,release,0.84,1357,0.4230217872480603,0.15984498574127415,-0.26317680150678613,22,1,6
DR Qwen-plus,13,disagreement_then_random,release,0.95,1534,0.12869424332755858,0.05876606351418323,-0.06992817981337535,22,1,6
DR Qwen-plus,14,random_criterion,release,0.05,81,0.19067524485826418,0.14785076093611324,-0.042824483922150935,25,3,4
DR Qwen-plus,14,random_criterion,release,0.2,323,0.6403965303593556,0.5505822417788667,-0.0898142885804889,25,3,4
DR Qwen-plus,14,random_criterion,release,0.5,808,1.0006191950464396,1.063351753074382,0.06273255802794231,25,3,4
DR Qwen-plus,14,random_criterion,release,0.84,1357,0.5372587383613198,0.7236850137911763,0.18642627542985657,25,3,4
DR Qwen-plus,14,random_criterion,release,0.95,1534,0.1906752448582642,0.27667180748558184,0.08599656262731764,25,3,4
DR Qwen-plus,14,disagreement_then_random,release,0.05,81,0.0,0.0,0.0,25,3,4
DR Qwen-plus,14,disagreement_then_random,release,0.2,323,0.002320185614849188,1.0,0.9976798143851509,25,3,4
DR Qwen-plus,14,disagreement_then_random,release,0.5,808,0.7043199988506821,0.8589032633446587,0.15458326449397664,25,3,4
DR Qwen-plus,14,disagreement_then_random,release,0.84,1357,0.47953495722382256,0.35938094861830416,-0.12015400860551839,25,3,4
DR Qwen-plus,14,disagreement_then_random,release,0.95,1534,0.17629819054254992,0.12141107511511118,-0.05488711542743874,25,3,4
DR Qwen-plus,15,random_criterion,release,0.05,81,0.18358255131114956,0.0,-0.18358255131114956,22,1,4
DR Qwen-plus,15,random_criterion,release,0.2,323,0.5445157107178278,0.0,-0.5445157107178278,22,1,4
DR Qwen-plus,15,random_criterion,release,0.5,808,0.6251543668989767,0.0,-0.6251543668989767,22,1,4
DR Qwen-plus,15,random_criterion,release,0.84,1357,0.1985159380429923,0.0,-0.1985159380429923,22,1,4
DR Qwen-plus,15,random_criterion,release,0.95,1534,0.05476150476168065,0.0,-0.05476150476168065,22,1,4
DR Qwen-plus,15,disagreement_then_random,release,0.05,81,0.0,0.0,0.0,22,1,4
DR Qwen-plus,15,disagreement_then_random,release,0.2,323,1.0,0.0,-1.0,22,1,4
DR Qwen-plus,15,disagreement_then_random,release,0.5,808,0.7707041413610336,0.0,-0.7707041413610336,22,1,4
DR Qwen-plus,15,disagreement_then_random,release,0.84,1357,0.23135638219190816,0.0,-0.23135638219190816,22,1,4
DR Qwen-plus,15,disagreement_then_random,release,0.95,1534,0.06628659570715167,0.0,-0.06628659570715167,22,1,4
DR Qwen-plus,16,random_criterion,release,0.05,81,0.18831101367589265,0.1955251819982016,0.00721416832230895,22,4,4
DR Qwen-plus,16,random_criterion,release,0.2,323,0.6084362571455131,0.7119455427275714,0.1035092855820583,22,4,4
DR Qwen-plus,16,random_criterion,release,0.5,808,0.8754642523306186,1.344775865580944,0.46931161325032544,22,4,4
DR Qwen-plus,16,random_criterion,release,0.84,1357,0.424344471588544,0.9377709121907274,0.5134264406021833,22,4,4
DR Qwen-plus,16,random_criterion,release,0.95,1534,0.14537066482606967,0.3652587213030931,0.21988805647702345,22,4,4
DR Qwen-plus,16,disagreement_then_random,release,0.05,81,0.0,0.0,0.0,22,4,4
DR Qwen-plus,16,disagreement_then_random,release,0.2,323,1.0007733952049498,0.002320185614849188,-0.9984532095901006,22,4,4
DR Qwen-plus,16,disagreement_then_random,release,0.5,808,1.0936765962948862,0.9262097906021126,-0.1674668056927736,22,4,4
DR Qwen-plus,16,disagreement_then_random,release,0.84,1357,0.5192259343595785,0.9201817315942642,0.40095579723468566,22,4,4
DR Qwen-plus,16,disagreement_then_random,release,0.95,1534,0.1801771386292947,0.38674990792313446,0.20657276929383978,22,4,4
DR Qwen-plus,17,random_criterion,release,0.05,81,0.14300643364369814,0.20048537421828877,0.05747894057459063,28,5,3
DR Qwen-plus,17,random_criterion,release,0.2,323,0.48029739776951674,0.7885946843185859,0.3082972865490692,28,5,3
DR Qwen-plus,17,random_criterion,release,0.5,808,0.7504643962848296,1.7202406937284072,0.9697762974435775,28,5,3
DR Qwen-plus,17,random_criterion,release,0.84,1357,0.40294405377098985,1.3534242986855483,0.9504802449145584,28,5,3
DR Qwen-plus,17,random_criterion,release,0.95,1534,0.14300643364369814,0.5419803089224722,0.39897387527877404,28,5,3
DR Qwen-plus,17,disagreement_then_random,release,0.05,81,0.0,0.0,0.0,28,5,3
DR Qwen-plus,17,disagreement_then_random,release,0.2,323,1.0,0.002320185614849188,-0.9976798143851509,28,5,3
DR Qwen-plus,17,disagreement_then_random,release,0.5,808,0.8589032633446589,1.002009128398515,0.14310586505385614,28,5,3
DR Qwen-plus,17,disagreement_then_random,release,0.84,1357,0.35938094861830433,0.9661275534940708,0.6067466048757664,28,5,3
DR Qwen-plus,17,disagreement_then_random,release,0.95,1534,0.12141107511511137,0.3933775358080034,0.271966460692892,28,5,3
DR Qwen-plus,18,random_criterion,release,0.05,81,0.1815603050642719,0.10255207231240522,-0.07900823275186668,20,3,4
DR Qwen-plus,18,random_criterion,release,0.2,323,0.5303841618901135,0.4240172920935542,-0.1063668697965593,20,3,4
DR Qwen-plus,18,random_criterion,release,0.5,808,0.6564625245119351,0.9969163429589956,0.34045381844706046,20,3,4
DR Qwen-plus,18,random_criterion,release,0.84,1357,0.2905677368848995,0.9527501319229901,0.6621823950380905,20,3,4
DR Qwen-plus,18,random_criterion,release,0.95,1534,0.09770746345902594,0.42617526887582535,0.32846780541679943,20,3,4
DR Qwen-plus,18,disagreement_then_random,release,0.05,81,0.0,0.0,0.0,20,3,4
DR Qwen-plus,18,disagreement_then_random,release,0.2,323,1.0007733952049498,0.0007733952049497294,-1.0,20,3,4
DR Qwen-plus,18,disagreement_then_random,release,0.5,808,0.9159547369476587,0.3684640027180326,-0.5474907342296261,20,3,4
DR Qwen-plus,18,disagreement_then_random,release,0.84,1357,0.3606301815269801,0.47246719368531975,0.11183701215833963,20,3,4
DR Qwen-plus,18,disagreement_then_random,release,0.95,1534,0.12142457000704886,0.2140933014868085,0.09266873147975964,20,3,4
DR Qwen-plus,19,random_criterion,release,0.05,81,0.14064220246132658,0.14300643364369814,0.0023642311823715567,25,3,3
DR Qwen-plus,19,random_criterion,release,0.2,323,0.4483371245556741,0.4802973977695168,0.031960273213842705,25,3,3
DR Qwen-plus,19,random_criterion,release,0.5,808,0.6253094535690087,0.7504643962848296,0.12515494271582095,25,3,3
DR Qwen-plus,19,random_criterion,release,0.84,1357,0.290029786998214,0.4029440537709901,0.11291426677277605,25,3,3
DR Qwen-plus,19,random_criterion,release,0.95,1534,0.09770185361150363,0.14300643364369803,0.0453045800321944,25,3,3
DR Qwen-plus,19,disagreement_then_random,release,0.05,81,0.0,0.0,0.0,25,3,3
DR Qwen-plus,19,disagreement_then_random,release,0.2,323,0.0007733952049497294,0.002320185614849188,0.0015467904098994585,25,3,3
DR Qwen-plus,19,disagreement_then_random,release,0.5,808,0.23477333295022734,0.7043199988506821,0.46954666590045474,25,3,3
DR Qwen-plus,19,disagreement_then_random,release,0.84,1357,0.15984498574127418,0.47953495722382256,0.3196899714825484,25,3,3
DR Qwen-plus,19,disagreement_then_random,release,0.95,1534,0.05876606351418331,0.1762981905425498,0.11753212702836649,25,3,3
DR Qwen-plus,20,random_criterion,release,0.05,81,0.14537066482606967,0.14785076093611324,0.0024800961100435726,27,3,5
DR Qwen-plus,20,random_criterion,release,0.2,323,0.5122576709833594,0.5505822417788667,0.03832457079550733,27,3,5
DR Qwen-plus,20,random_criterion,release,0.5,808,0.8756193390006506,1.063351753074382,0.1877324140737313,27,3,5
DR Qwen-plus,20,random_criterion,release,0.84,1357,0.5158583205437657,0.7236850137911763,0.20782669324741065,27,3,5
DR Qwen-plus,20,random_criterion,release,0.95,1534,0.18831101367589267,0.27667180748558184,0.08836079380968917,27,3,5
DR Qwen-plus,20,disagreement_then_random,release,0.05,81,0.0,0.0,0.0,27,3,5
DR Qwen-plus,20,disagreement_then_random,release,0.2,323,0.0015467904098994587,1.0007733952049496,0.9992266047950501,27,3,5
DR Qwen-plus,20,disagreement_then_random,release,0.5,808,0.55774578788408,1.0936765962948862,0.5359308084108062,27,3,5
DR Qwen-plus,20,disagreement_then_random,release,0.84,1357,0.44771453790894455,0.5192259343595786,0.07151139645063409,27,3,5
DR Qwen-plus,20,disagreement_then_random,release,0.95,1534,0.17265660643632633,0.1801771386292943,0.007520532192967971,27,3,5
DR Qwen-plus,21,random_criterion,release,0.05,81,0.14064220246132658,0.19540370722300726,0.05476150476168068,26,4,3
DR Qwen-plus,21,random_criterion,release,0.2,323,0.4483371245556741,0.7043170767870409,0.2559799522313668,26,4,3
DR Qwen-plus,21,random_criterion,release,0.5,808,0.6253094535690087,1.2509290804780815,0.6256196269090728,26,4,3
DR Qwen-plus,21,random_criterion,release,0.84,1357,0.290029786998214,0.7630872719068713,0.4730574849086573,26,4,3
DR Qwen-plus,21,random_criterion,release,0.95,1534,0.09770185361150363,0.28128440492265305,0.18358255131114942,26,4,3
DR Qwen-plus,21,disagreement_then_random,release,0.05,81,0.0,0.0,0.0,26,4,3
DR Qwen-plus,21,disagreement_then_random,release,0.2,323,0.9992266047950503,2.00077339520495,1.0015467904098996,26,4,3
DR Qwen-plus,21,disagreement_then_random,release,0.5,808,0.6241299303944315,1.952579859639545,1.3284499292451133,26,4,3
DR Qwen-plus,21,disagreement_then_random,release,0.84,1357,0.19953596287703015,0.8786068829778828,0.6790709201008527,26,4,3
DR Qwen-plus,21,disagreement_then_random,release,0.95,1534,0.06264501160092807,0.3015882137444059,0.23894320214347786,26,4,3
DR Qwen-plus,22,random_criterion,release,0.05,81,0.2836486361050247,0.1477348960084412,-0.13591374009658352,28,4,6
DR Qwen-plus,22,random_criterion,release,0.2,323,0.9286345223251908,0.544217944197202,-0.3844165781279888,28,4,6
DR Qwen-plus,22,random_criterion,release,0.5,808,1.3757738498538385,1.0007742817164715,-0.374999568137367,28,4,6
DR Qwen-plus,22,random_criterion,release,0.84,1357,0.6929738407692038,0.6287725873165417,-0.06420125345266203,28,4,6
DR Qwen-plus,22,random_criterion,release,0.95,1534,0.2407082872552018,0.23361559370808704,-0.007092693547114753,28,4,6
DR Qwen-plus,22,disagreement_then_random,release,0.05,81,0.0,0.0,0.0,28,4,6
DR Qwen-plus,22,disagreement_then_random,release,0.2,323,0.0030935808197989174,0.9999999999999999,0.996906419180201,28,4,6
DR Qwen-plus,22,disagreement_then_random,release,0.5,808,0.8508942098172841,0.8589032633446587,0.008009053527374577,28,4,6
DR Qwen-plus,22,disagreement_then_random,release,0.84,1357,0.5113553765387006,0.35938094861830416,-0.1519744279203964,28,4,6
DR Qwen-plus,22,disagreement_then_random,release,0.95,1534,0.1799397746487735,0.12141107511511118,-0.058528699533662326,28,4,6
DR Qwen-plus,23,random_criterion,release,0.05,81,0.09533762242913209,0.1477348960084412,0.05239727357930911,26,4,2
DR Qwen-plus,23,random_criterion,release,0.2,323,0.3201982651796778,0.544217944197202,0.22401967901752423,26,4,2
DR Qwen-plus,23,random_criterion,release,0.5,808,0.5003095975232198,1.0007742817164715,0.5004646841932517,26,4,2
DR Qwen-plus,23,random_criterion,release,0.84,1357,0.2686293691806599,0.6287725873165417,0.36014321813588185,26,4,2
DR Qwen-plus,23,random_criterion,release,0.95,1534,0.0953376224291321,0.23361559370808704,0.13827797127895494,26,4,2
DR Qwen-plus,23,disagreement_then_random,release,0.05,81,0.0,0.0,0.0,26,4,2
DR Qwen-plus,23,disagreement_then_random,release,0.2,323,0.0015467904098994587,0.0007733952049497894,-0.0007733952049496693,26,4,2
DR Qwen-plus,23,disagreement_then_random,release,0.5,808,0.4695466659004547,0.2347733329502275,-0.23477333295022718,26,4,2
DR Qwen-plus,23,disagreement_then_random,release,0.84,1357,0.31968997148254835,0.15984498574127404,-0.15984498574127431,26,4,2
DR Qwen-plus,23,disagreement_then_random,release,0.95,1534,0.11753212702836661,0.05876606351418312,-0.058766063514183495,26,4,2
DR Qwen-plus,24,random_criterion,release,0.05,81,0.18819514874822058,0.0,-0.18819514874822058,22,0,5
DR Qwen-plus,24,random_criterion,release,0.2,323,0.6020719595638484,0.0,-0.6020719595638484,22,0,5
DR Qwen-plus,24,random_criterion,release,0.5,808,0.8128867809727082,0.0,-0.8128867809727082,22,0,5
DR Qwen-plus,24,random_criterion,release,0.84,1357,0.32943204511390917,0.0,-0.32943204511390917,22,0,5
DR Qwen-plus,24,random_criterion,release,0.95,1534,0.10231445104857465,0.0,-0.10231445104857465,22,0,5
DR Qwen-plus,24,disagreement_then_random,release,0.05,81,0.0,0.0,0.0,22,0,5
DR Qwen-plus,24,disagreement_then_random,release,0.2,323,0.002320185614849188,0.0,-0.002320185614849188,22,0,5
DR Qwen-plus,24,disagreement_then_random,release,0.5,808,0.6161208768670567,0.0,-0.6161208768670567,22,0,5
DR Qwen-plus,24,disagreement_then_random,release,0.84,1357,0.3515103907974263,0.0,-0.3515103907974263,22,0,5
DR Qwen-plus,24,disagreement_then_random,release,0.95,1534,0.12117371113459022,0.0,-0.12117371113459022,22,0,5
DR Qwen-plus,25,random_criterion,release,0.05,81,0.14300643364369814,0.14300643364369814,0.0,28,3,3
DR Qwen-plus,25,random_criterion,release,0.2,323,0.48029739776951674,0.4802973977695168,5.551115123125783e-17,28,3,3
DR Qwen-plus,25,random_criterion,release,0.5,808,0.7504643962848296,0.7504643962848296,0.0,28,3,3
DR Qwen-plus,25,random_criterion,release,0.84,1357,0.40294405377098985,0.4029440537709901,2.220446049250313e-16,28,3,3
DR Qwen-plus,25,random_criterion,release,0.95,1534,0.14300643364369814,0.14300643364369803,-1.1102230246251565e-16,28,3,3
DR Qwen-plus,25,disagreement_then_random,release,0.05,81,0.0,0.0,0.0,28,3,3
DR Qwen-plus,25,disagreement_then_random,release,0.2,323,0.9992266047950503,1.0,0.0007733952049496784,28,3,3
DR Qwen-plus,25,disagreement_then_random,release,0.5,808,0.6241299303944315,0.8589032633446587,0.23477333295022718,28,3,3
DR Qwen-plus,25,disagreement_then_random,release,0.84,1357,0.19953596287703015,0.35938094861830416,0.159844985741274,28,3,3
DR Qwen-plus,25,disagreement_then_random,release,0.95,1534,0.06264501160092807,0.12141107511511118,0.058766063514183106,28,3,3
DR Qwen-plus,26,random_criterion,release,0.05,81,0.2860128672873963,0.052397273579309116,-0.23361559370808715,27,2,6
DR Qwen-plus,26,random_criterion,release,0.2,323,0.9605947955390335,0.22401967901752412,-0.7365751165215093,27,2,6
DR Qwen-plus,26,random_criterion,release,0.5,808,1.5009287925696593,0.5004646841932517,-1.0004641083764074,27,2,6
DR Qwen-plus,26,random_criterion,release,0.84,1357,0.8058881075419797,0.3601432181358817,-0.445744889406098,27,2,6
DR Qwen-plus,26,random_criterion,release,0.95,1534,0.2860128672873963,0.13827797127895503,-0.14773489600844125,27,2,6
DR Qwen-plus,26,disagreement_then_random,release,0.05,81,0.0,0.0,0.0,27,2,6
DR Qwen-plus,26,disagreement_then_random,release,0.2,323,1.0023201856148491,1.0,-0.002320185614849146,27,2,6
DR Qwen-plus,26,disagreement_then_random,release,0.5,808,1.5632232621953408,0.8589032633446587,-0.7043199988506821,27,2,6
DR Qwen-plus,26,disagreement_then_random,release,0.84,1357,0.8389159058421268,0.35938094861830416,-0.47953495722382267,27,2,6
DR Qwen-plus,26,disagreement_then_random,release,0.95,1534,0.2977092656576613,0.12141107511511118,-0.17629819054255014,27,2,6
DR Qwen-plus,27,random_criterion,release,0.05,81,0.1859467824935211,0.09770185361150363,-0.08824492888201746,24,2,4
DR Qwen-plus,27,random_criterion,release,0.2,323,0.5764759839316704,0.35215853839352046,-0.22431744553814997,24,2,4
DR Qwen-plus,27,random_criterion,release,0.5,808,0.7503093096147977,0.6254645402390407,-0.12484476937575695,24,2,4
DR Qwen-plus,27,random_criterion,release,0.84,1357,0.3114302048157681,0.38154363595343566,0.07011343113766755,24,2,4
DR Qwen-plus,27,random_criterion,release,0.95,1534,0.10006608479387517,0.14064220246132653,0.04057611766745135,24,2,4
DR Qwen-plus,27,disagreement_then_random,release,0.05,81,0.0,0.0,0.0,24,2,4
DR Qwen-plus,27,disagreement_then_random,release,0.2,323,0.0015467904098994587,1.0007733952049498,0.9992266047950503,24,2,4
DR Qwen-plus,27,disagreement_then_random,release,0.5,808,0.3813475439168294,1.0936765962948862,0.7123290523780568,24,2,4
DR Qwen-plus,27,disagreement_then_random,release,0.84,1357,0.19166540505615215,0.5192259343595784,0.3275605293034263,24,2,4
DR Qwen-plus,27,disagreement_then_random,release,0.95,1534,0.0624076476204069,0.18017713862929452,0.11776949100888762,24,2,4
DR Qwen-plus,28,random_criterion,release,0.05,81,0.22911886119868818,0.047668811214566044,-0.18145004998412215,22,1,5
DR Qwen-plus,28,random_criterion,release,0.2,323,0.6853831652571535,0.16009913258983893,-0.5252840326673145,22,1,5
DR Qwen-plus,28,random_criterion,release,0.5,808,0.8753091656605866,0.2501547987616099,-0.6251543668989767,22,1,5
DR Qwen-plus,28,random_criterion,release,0.84,1357,0.40974120880981596,0.1343146845903299,-0.27542652421948605,22,1,5
DR Qwen-plus,28,random_criterion,release,0.95,1534,0.14323816349904225,0.04766881121456601,-0.09556935228447624,22,1,5
DR Qwen-plus,28,disagreement_then_random,release,0.05,81,0.0,0.0,0.0,22,1,5
DR Qwen-plus,28,disagreement_then_random,release,0.2,323,0.002320185614849188,0.0007733952049497294,-0.0015467904098994585,22,1,5
DR Qwen-plus,28,disagreement_then_random,release,0.5,808,0.417707038110095,0.23477333295022734,-0.18293370515986768,22,1,5
DR Qwen-plus,28,disagreement_then_random,release,0.84,1357,0.17247448550035752,0.15984498574127415,-0.012629499759083368,22,1,5
DR Qwen-plus,28,disagreement_then_random,release,0.95,1534,0.059212086993860304,0.05876606351418323,-0.0004460234796770726,22,1,5
DR Qwen-plus,29,random_criterion,release,0.05,81,0.05003304239693758,0.1477348960084412,0.09770185361150362,23,3,2
DR Qwen-plus,29,random_criterion,release,0.2,323,0.19205940580368153,0.544217944197202,0.3521585383935205,23,3,2
DR Qwen-plus,29,random_criterion,release,0.5,808,0.37530974147743085,1.0007742817164715,0.6254645402390406,23,3,2
DR Qwen-plus,29,random_criterion,release,0.84,1357,0.2472289513631058,0.6287725873165415,0.3815436359534357,23,3,2
DR Qwen-plus,29,random_criterion,release,0.95,1534,0.09297339124676057,0.23361559370808704,0.14064220246132647,23,3,2
DR Qwen-plus,29,disagreement_then_random,release,0.05,81,0.0,0.0,0.0,23,3,2
DR Qwen-plus,29,disagreement_then_random,release,0.2,323,0.0007733952049497294,0.9992266047950504,0.9984532095901008,23,3,2
DR Qwen-plus,29,disagreement_then_random,release,0.5,808,0.3229724549338526,0.6241299303944314,0.3011574754605788,23,3,2
DR Qwen-plus,29,disagreement_then_random,release,0.84,1357,0.2878695521676704,0.19953596287703013,-0.08833358929064028,23,3,2
DR Qwen-plus,29,disagreement_then_random,release,0.95,1534,0.11389054292214301,0.06264501160092806,-0.051245531321214954,23,3,2
DR Qwen-plus,30,random_criterion,release,0.05,81,0.23597982489045868,0.09770185361150363,-0.13827797127895505,21,2,5
DR Qwen-plus,30,random_criterion,release,0.2,323,0.768535389735352,0.35215853839352046,-0.4163768513418315,21,2,5
DR Qwen-plus,30,random_criterion,release,0.5,808,1.1256190510922286,0.6254645402390407,-0.5001545108531879,21,2,5
DR Qwen-plus,30,random_criterion,release,0.84,1357,0.5586591561788739,0.38154363595343566,-0.1771155202254382,21,2,5
DR Qwen-plus,30,random_criterion,release,0.95,1534,0.19303947604063573,0.14064220246132653,-0.052397273579309206,21,2,5
DR Qwen-plus,30,disagreement_then_random,release,0.05,81,0.0,0.0,0.0,21,2,5
DR Qwen-plus,30,disagreement_then_random,release,0.2,323,1.9992266047950504,0.0007733952049497294,-1.9984532095901006,21,2,5
DR Qwen-plus,30,disagreement_then_random,release,0.5,808,1.4830331937390904,0.2347733329502273,-1.248259860788863,21,2,5
DR Qwen-plus,30,disagreement_then_random,release,0.84,1357,0.5589169114953345,0.15984498574127404,-0.3990719257540605,21,2,5
DR Qwen-plus,30,disagreement_then_random,release,0.95,1534,0.18405608671603946,0.05876606351418312,-0.12529002320185634,21,2,5
DR Qwen-plus,31,random_criterion,release,0.05,81,0.32434061870014824,0.19540370722300726,-0.12893691147714098,27,4,7
DR Qwen-plus,31,random_criterion,release,0.2,323,0.9992171328551667,0.7043170767870409,-0.29490005606812575,27,4,7
DR Qwen-plus,31,random_criterion,release,0.5,808,1.313041291825896,1.2509290804780815,-0.06211221134781453,27,4,7
DR Qwen-plus,31,random_criterion,release,0.84,1357,0.583458151515841,0.7630872719068713,0.1796291203910303,27,4,7
DR Qwen-plus,31,random_criterion,release,0.95,1534,0.19551957215067933,0.28128440492265305,0.08576483277197372,27,4,7
DR Qwen-plus,31,disagreement_then_random,release,0.05,81,0.0,0.0,0.0,27,4,7
DR Qwen-plus,31,disagreement_then_random,release,0.2,323,3.0000000000000004,0.002320185614849188,-2.997679814385151,27,4,7
DR Qwen-plus,31,disagreement_then_random,release,0.5,808,2.3452041876800576,0.7043199988506821,-1.6408841888293755,27,4,7
DR Qwen-plus,31,disagreement_then_random,release,0.84,1357,0.7965880435667844,0.47953495722382256,-0.3170530863429618,27,4,7
DR Qwen-plus,31,disagreement_then_random,release,0.95,1534,0.25056569416302965,0.1762981905425498,-0.07426750362047985,27,4,7
DR Qwen-plus,32,random_criterion,release,0.05,81,0.1362557250320774,0.05251901665155888,-0.08373670838051851,26,4,3
DR Qwen-plus,32,random_criterion,release,0.2,323,0.4022453025141172,0.23189862303661246,-0.17034667947750476,26,4,3
DR Qwen-plus,32,random_criterion,release,0.5,808,0.5314626684661461,0.6099267042345873,0.07846403576844119,26,4,3
DR Qwen-plus,32,random_criterion,release,0.84,1357,0.26916731906734537,0.6018644064221452,0.33269708735479986,26,4,3
DR Qwen-plus,32,random_criterion,release,0.95,1534,0.0953432322766544,0.2611371926174737,0.1657939603408193,26,4,3
DR Qwen-plus,32,disagreement_then_random,release,0.05,81,0.0,0.0,0.0,26,4,3
DR Qwen-plus,32,disagreement_then_random,release,0.2,323,1.0,0.002320185614849188,-0.9976798143851509,26,4,3
DR Qwen-plus,32,disagreement_then_random,release,0.5,808,0.6811814039974314,0.8380106686184874,0.15682926462105595,26,4,3
DR Qwen-plus,32,disagreement_then_random,release,0.84,1357,0.20078519578570597,0.7921571651678683,0.5913719693821623,26,4,3
DR Qwen-plus,32,disagreement_then_random,release,0.95,1534,0.06265850649286554,0.33162542851517474,0.2689669220223092,26,4,3
DR Qwen-plus,33,random_criterion,release,0.05,81,0.14064220246132658,0.2430725184375733,0.10243031597624672,24,5,3
DR Qwen-plus,33,random_criterion,release,0.2,323,0.4483371245556741,0.8644162093768798,0.4160790848212057,24,5,3
DR Qwen-plus,33,random_criterion,release,0.5,808,0.6253094535690087,1.5010838792396917,0.875774425670683,24,5,3
DR Qwen-plus,33,random_criterion,release,0.84,1357,0.290029786998214,0.8974019564972013,0.6073721694989873,24,5,3
DR Qwen-plus,33,random_criterion,release,0.95,1534,0.09770185361150363,0.3289532161372186,0.231251362525715,24,5,3
DR Qwen-plus,33,disagreement_then_random,release,0.05,81,0.0,0.0,0.0,24,5,3
DR Qwen-plus,33,disagreement_then_random,release,0.2,323,1.0,1.0015467904098996,0.0015467904098995788,24,5,3
DR Qwen-plus,33,disagreement_then_random,release,0.5,808,0.7707041413610336,1.3284499292451135,0.5577457878840799,24,5,3
DR Qwen-plus,33,disagreement_then_random,release,0.84,1357,0.23135638219190813,0.6790709201008527,0.44771453790894455,24,5,3
DR Qwen-plus,33,disagreement_then_random,release,0.95,1534,0.06628659570715167,0.23894320214347786,0.1726566064363262,24,5,3
DR Qwen-plus,34,random_criterion,release,0.05,81,0.3743736610970858,0.14785076093611324,-0.22652290016097257,26,3,8
DR Qwen-plus,34,random_criterion,release,0.2,323,1.1912765386588482,0.5505822417788667,-0.6406942968799815,26,3,8
DR Qwen-plus,34,random_criterion,release,0.5,808,1.6883510333033267,1.063351753074382,-0.6249992802289448,26,3,8
DR Qwen-plus,34,random_criterion,release,0.84,1357,0.8306871028789469,0.7236850137911763,-0.10700208908777054,26,3,8
DR Qwen-plus,34,random_criterion,release,0.95,1534,0.28849296339743985,0.27667180748558184,-0.011821155911858006,26,3,8
DR Qwen-plus,34,disagreement_then_random,release,0.05,81,0.0,0.0,0.0,26,3,8
DR Qwen-plus,34,disagreement_then_random,release,0.2,323,1.003093580819799,0.9999999999999999,-0.0030935808197990466,26,3,8
DR Qwen-plus,34,disagreement_then_random,release,0.5,808,1.5664909927916495,0.9801941489252413,-0.5862968438664082,26,3,8
DR Qwen-plus,34,disagreement_then_random,release,0.84,1357,0.7172060892952724,0.5899244120357601,-0.12728167725951234,26,3,8
DR Qwen-plus,34,disagreement_then_random,release,0.95,1534,0.24280779798954008,0.22824146156464575,-0.014566336424894327,26,3,8
DR Qwen-plus,35,random_criterion,release,0.05,81,0.2383440560728302,0.047668811214566044,-0.19067524485826418,17,1,5
DR Qwen-plus,35,random_criterion,release,0.2,323,0.8004956629491945,0.16009913258983893,-0.6403965303593555,17,1,5
DR Qwen-plus,35,random_criterion,release,0.5,808,1.2507739938080495,0.2501547987616099,-1.0006191950464396,17,1,5
DR Qwen-plus,35,random_criterion,release,0.84,1357,0.6715734229516497,0.1343146845903299,-0.5372587383613198,17,1,5
DR Qwen-plus,35,random_criterion,release,0.95,1534,0.23834405607283027,0.04766881121456601,-0.19067524485826426,17,1,5
DR Qwen-plus,35,disagreement_then_random,release,0.05,81,0.0,0.0,0.0,17,1,5
DR Qwen-plus,35,disagreement_then_random,release,0.2,323,1.0007733952049498,0.0007733952049497294,-1.0,17,1,5
DR Qwen-plus,35,disagreement_then_random,release,0.5,808,1.0936765962948862,0.23477333295022734,-0.8589032633446589,17,1,5
DR Qwen-plus,35,disagreement_then_random,release,0.84,1357,0.5192259343595785,0.15984498574127415,-0.3593809486183044,17,1,5
DR Qwen-plus,35,disagreement_then_random,release,0.95,1534,0.1801771386292947,0.05876606351418323,-0.12141107511511146,17,1,5
DR Qwen-plus,36,random_criterion,release,0.05,81,0.23597982489045868,0.09533762242913209,-0.14064220246132658,23,2,5
DR Qwen-plus,36,random_criterion,release,0.2,323,0.768535389735352,0.32019826517967787,-0.4483371245556741,23,2,5
DR Qwen-plus,36,random_criterion,release,0.5,808,1.1256190510922286,0.5003095975232198,-0.6253094535690088,23,2,5
DR Qwen-plus,36,random_criterion,release,0.84,1357,0.5586591561788739,0.2686293691806598,-0.290029786998214,23,2,5
DR Qwen-plus,36,random_criterion,release,0.95,1534,0.19303947604063573,0.09533762242913202,-0.09770185361150371,23,2,5
DR Qwen-plus,36,disagreement_then_random,release,0.05,81,0.0,0.0,0.0,23,2,5
DR Qwen-plus,36,disagreement_then_random,release,0.2,323,0.0015467904098994587,1.9984532095901006,1.9969064191802013,23,2,5
DR Qwen-plus,36,disagreement_then_random,release,0.5,808,0.3813475439168294,1.248259860788863,0.8669123168720336,23,2,5
DR Qwen-plus,36,disagreement_then_random,release,0.84,1357,0.19166540505615215,0.39907192575406025,0.2074065206979081,23,2,5
DR Qwen-plus,36,disagreement_then_random,release,0.95,1534,0.0624076476204069,0.12529002320185612,0.06288237558144921,23,2,5
DR Qwen-plus,37,random_criterion,release,0.05,81,0.05003304239693758,0.1930394760406357,0.14300643364369814,24,4,2
DR Qwen-plus,37,random_criterion,release,0.2,323,0.19205940580368153,0.6723568035731983,0.48029739776951674,24,4,2
DR Qwen-plus,37,random_criterion,release,0.5,808,0.37530974147743085,1.1257741377622605,0.7504643962848296,24,4,2
DR Qwen-plus,37,random_criterion,release,0.84,1357,0.2472289513631058,0.6501730051340959,0.40294405377099013,24,4,2
DR Qwen-plus,37,random_criterion,release,0.95,1534,0.09297339124676057,0.23597982489045854,0.14300643364369797,24,4,2
DR Qwen-plus,37,disagreement_then_random,release,0.05,81,0.0,0.0,0.0,24,4,2
DR Qwen-plus,37,disagreement_then_random,release,0.2,323,0.0,0.002320185614849188,0.002320185614849188,24,4,2
DR Qwen-plus,37,disagreement_then_random,release,0.5,808,0.0,0.7043199988506821,0.7043199988506821,24,4,2
DR Qwen-plus,37,disagreement_then_random,release,0.84,1357,0.0,0.47953495722382256,0.47953495722382256,24,4,2
DR Qwen-plus,37,disagreement_then_random,release,0.95,1534,0.0,0.1762981905425498,0.1762981905425498,24,4,2
DR Qwen-plus,38,random_criterion,release,0.05,81,0.19067524485826418,0.05003304239693758,-0.14064220246132658,22,2,5
DR Qwen-plus,38,random_criterion,release,0.2,323,0.6403965303593556,0.19205940580368153,-0.4483371245556741,22,2,5
DR Qwen-plus,38,random_criterion,release,0.5,808,1.0006191950464396,0.3753097414774308,-0.6253094535690088,22,2,5
DR Qwen-plus,38,random_criterion,release,0.84,1357,0.5372587383613198,0.24722895136310585,-0.2900297869982139,22,2,5
DR Qwen-plus,38,random_criterion,release,0.95,1534,0.19067524485826418,0.09297339124676052,-0.09770185361150366,22,2,5
DR Qwen-plus,38,disagreement_then_random,release,0.05,81,0.0,0.0,0.0,22,2,5
DR Qwen-plus,38,disagreement_then_random,release,0.2,323,0.0015467904098994587,0.0015467904098994587,0.0,22,2,5
DR Qwen-plus,38,disagreement_then_random,release,0.5,808,0.55774578788408,0.4695466659004547,-0.08819912198362534,22,2,5
DR Qwen-plus,38,disagreement_then_random,release,0.84,1357,0.44771453790894455,0.3196899714825483,-0.12802456642639626,22,2,5
DR Qwen-plus,38,disagreement_then_random,release,0.95,1534,0.17265660643632633,0.11753212702836646,-0.055124479407959864,22,2,5
DR Qwen-plus,39,random_criterion,release,0.05,81,0.14300643364369814,0.14785665237311352,0.004850218729415379,23,3,4
DR Qwen-plus,39,random_criterion,release,0.2,323,0.48029739776951674,0.5521585383683768,0.07186114059886006,23,3,4
DR Qwen-plus,39,random_criterion,release,0.5,808,0.7504643962848296,1.1257452890904789,0.37528089280564925,23,3,4
DR Qwen-plus,39,random_criterion,release,0.84,1357,0.40294405377098985,1.1492298536607892,0.7462857998897994,23,3,4
DR Qwen-plus,39,random_criterion,release,0.95,1534,0.14300643364369814,0.6299209216650543,0.4869144880213562,23,3,4
DR Qwen-plus,39,disagreement_then_random,release,0.05,81,0.0,0.0,0.0,23,3,4
DR Qwen-plus,39,disagreement_then_random,release,0.2,323,0.0015467904098994587,0.0015467904098994585,-2.168404344971009e-19,23,3,4
DR Qwen-plus,39,disagreement_then_random,release,0.5,808,0.4695466659004547,0.6106430342658009,0.14109636836534623,23,3,4
DR Qwen-plus,39,disagreement_then_random,release,0.84,1357,0.31968997148254835,0.9255344806906602,0.605844509208112,23,3,4
DR Qwen-plus,39,disagreement_then_random,release,0.95,1534,0.11753212702836661,0.6192558261105905,0.5017236990822239,23,3,4
DR Qwen-plus,40,random_criterion,release,0.05,81,0.14300643364369814,0.14537066482606967,0.002364231182371529,26,3,3
DR Qwen-plus,40,random_criterion,release,0.2,323,0.48029739776951674,0.5122576709833594,0.03196027321384265,26,3,3
DR Qwen-plus,40,random_criterion,release,0.5,808,0.7504643962848296,0.8756193390006506,0.12515494271582095,26,3,3
DR Qwen-plus,40,random_criterion,release,0.84,1357,0.40294405377098985,0.5158583205437655,0.1129142667727756,26,3,3
DR Qwen-plus,40,random_criterion,release,0.95,1534,0.14300643364369814,0.18831101367589254,0.0453045800321944,26,3,3
DR Qwen-plus,40,disagreement_then_random,release,0.05,81,0.0,0.0,0.0,26,3,3
DR Qwen-plus,40,disagreement_then_random,release,0.2,323,1.9984532095901006,0.0007733952049497894,-1.9976798143851509,26,3,3
DR Qwen-plus,40,disagreement_then_random,release,0.5,808,1.248259860788863,0.23477333295022706,-1.013486527838636,26,3,3
DR Qwen-plus,40,disagreement_then_random,release,0.84,1357,0.3990719257540603,0.15984498574127404,-0.23922694001278627,26,3,3
DR Qwen-plus,40,disagreement_then_random,release,0.95,1534,0.12529002320185614,0.05876606351418312,-0.06652395968767302,26,3,3
DR Qwen-plus,41,random_criterion,release,0.05,81,0.19067524485826418,0.047668811214566044,-0.14300643364369814,21,1,4
DR Qwen-plus,41,random_criterion,release,0.2,323,0.6403965303593556,0.16009913258983893,-0.4802973977695167,21,1,4
DR Qwen-plus,41,random_criterion,release,0.5,808,1.0006191950464396,0.2501547987616099,-0.7504643962848296,21,1,4
DR Qwen-plus,41,random_criterion,release,0.84,1357,0.5372587383613198,0.1343146845903299,-0.40294405377098985,21,1,4
DR Qwen-plus,41,random_criterion,release,0.95,1534,0.1906752448582642,0.04766881121456601,-0.1430064336436982,21,1,4
DR Qwen-plus,41,disagreement_then_random,release,0.05,81,0.0,0.0,0.0,21,1,4
DR Qwen-plus,41,disagreement_then_random,release,0.2,323,0.0007733952049497294,0.0007733952049497294,0.0,21,1,4
DR Qwen-plus,41,disagreement_then_random,release,0.5,808,0.23477333295022734,0.23477333295022734,0.0,21,1,4
DR Qwen-plus,41,disagreement_then_random,release,0.84,1357,0.15984498574127418,0.15984498574127415,-2.7755575615628914e-17,21,1,4
DR Qwen-plus,41,disagreement_then_random,release,0.95,1534,0.05876606351418331,0.05876606351418323,-7.632783294297951e-17,21,1,4
DR Qwen-plus,42,random_criterion,release,0.05,81,0.09297339124676055,0.1477348960084412,0.05476150476168065,25,4,2
DR Qwen-plus,42,random_criterion,release,0.2,323,0.2882379919658352,0.544217944197202,0.2559799522313668,25,4,2
DR Qwen-plus,42,random_criterion,release,0.5,808,0.37515465480739885,1.0007742817164715,0.6256196269090727,25,4,2
DR Qwen-plus,42,random_criterion,release,0.84,1357,0.15571510240788405,0.6287725873165417,0.4730574849086577,25,4,2
DR Qwen-plus,42,random_criterion,release,0.95,1534,0.05003304239693759,0.23361559370808704,0.18358255131114945,25,4,2
DR Qwen-plus,42,disagreement_then_random,release,0.05,81,0.0,0.0,0.0,25,4,2
DR Qwen-plus,42,disagreement_then_random,release,0.2,323,0.0007733952049497294,2.9984532095901004,2.9976798143851506,25,4,2
DR Qwen-plus,42,disagreement_then_random,release,0.5,808,0.23477333295022734,2.107163124133522,1.8723897911832947,25,4,2
DR Qwen-plus,42,disagreement_then_random,release,0.84,1357,0.15984498574127418,0.7584528743723644,0.5986078886310903,25,4,2
DR Qwen-plus,42,disagreement_then_random,release,0.95,1534,0.05876606351418331,0.2467010983169673,0.18793503480278398,25,4,2
DR Qwen-plus,43,random_criterion,release,0.05,81,0.38135048971652835,0.09770185361150363,-0.2836486361050247,21,2,9
DR Qwen-plus,43,random_criterion,release,0.2,323,1.2807930607187112,0.35215853839352046,-0.9286345223251908,21,2,9
DR Qwen-plus,43,random_criterion,release,0.5,808,2.001238390092879,0.6254645402390407,-1.3757738498538385,21,2,9
DR Qwen-plus,43,random_criterion,release,0.84,1357,1.0745174767226395,0.38154363595343566,-0.6929738407692039,21,2,9
DR Qwen-plus,43,random_criterion,release,0.95,1534,0.3813504897165284,0.14064220246132653,-0.24070828725520188,21,2,9
DR Qwen-plus,43,disagreement_then_random,release,0.05,81,0.0,0.0,0.0,21,2,9
DR Qwen-plus,43,disagreement_then_random,release,0.2,323,1.0023201856148491,1.0007733952049498,-0.0015467904098993568,21,2,9
DR Qwen-plus,43,disagreement_then_random,release,0.5,808,1.4750241402117157,1.0936765962948862,-0.38134754391682946,21,2,9
DR Qwen-plus,43,disagreement_then_random,release,0.84,1357,0.7108913394157307,0.5192259343595784,-0.19166540505615226,21,2,9
DR Qwen-plus,43,disagreement_then_random,release,0.95,1534,0.2425847862497016,0.18017713862929452,-0.06240764762040707,21,2,9
DR Qwen-plus,44,random_criterion,release,0.05,81,0.14300643364369814,0.10006608479387516,-0.04294034884982298,26,3,3
DR Qwen-plus,44,random_criterion,release,0.2,323,0.48029739776951674,0.38411881160736305,-0.09617858616215369,26,3,3
DR Qwen-plus,44,random_criterion,release,0.5,808,0.7504643962848296,0.7506194829548618,0.00015508667003216736,26,3,3
DR Qwen-plus,44,random_criterion,release,0.84,1357,0.40294405377098985,0.4944579027262115,0.09151384895522163,26,3,3
DR Qwen-plus,44,random_criterion,release,0.95,1534,0.14300643364369814,0.18594678249352103,0.042940348849822896,26,3,3
DR Qwen-plus,44,disagreement_then_random,release,0.05,81,0.0,0.0,0.0,26,3,3
DR Qwen-plus,44,disagreement_then_random,release,0.2,323,0.0015467904098994587,0.0007733952049497291,-0.0007733952049497296,26,3,3
DR Qwen-plus,44,disagreement_then_random,release,0.5,808,0.4695466659004547,0.2347733329502275,-0.23477333295022718,26,3,3
DR Qwen-plus,44,disagreement_then_random,release,0.84,1357,0.31968997148254835,0.15984498574127404,-0.15984498574127431,26,3,3
DR Qwen-plus,44,disagreement_then_random,release,0.95,1534,0.11753212702836661,0.05876606351418312,-0.058766063514183495,26,3,3
DR Qwen-plus,45,random_criterion,release,0.05,81,0.09533762242913209,0.14785076093611324,0.05251313850698115,20,3,2
DR Qwen-plus,45,random_criterion,release,0.2,323,0.3201982651796778,0.5505822417788667,0.2303839765991889,20,3,2
DR Qwen-plus,45,random_criterion,release,0.5,808,0.5003095975232198,1.063351753074382,0.5630421555511621,20,3,2
DR Qwen-plus,45,random_criterion,release,0.84,1357,0.2686293691806599,0.7236850137911763,0.45505564461051645,20,3,2
DR Qwen-plus,45,random_criterion,release,0.95,1534,0.0953376224291321,0.27667180748558184,0.18133418505644974,20,3,2
DR Qwen-plus,45,disagreement_then_random,release,0.05,81,0.0,0.0,0.0,20,3,2
DR Qwen-plus,45,disagreement_then_random,release,0.2,323,0.0,2.00077339520495,2.00077339520495,20,3,2
DR Qwen-plus,45,disagreement_then_random,release,0.5,808,0.0,1.952579859639545,1.952579859639545,20,3,2
DR Qwen-plus,45,disagreement_then_random,release,0.84,1357,0.0,0.8786068829778828,0.8786068829778828,20,3,2
DR Qwen-plus,45,disagreement_then_random,release,0.95,1534,0.0,0.3015882137444059,0.3015882137444059,20,3,2
DR Qwen-plus,46,random_criterion,release,0.05,81,0.23597982489045868,0.19540370722300726,-0.04057611766745142,27,4,5
DR Qwen-plus,46,random_criterion,release,0.2,323,0.768535389735352,0.7043170767870409,-0.06421831294831104,27,4,5
DR Qwen-plus,46,random_criterion,release,0.5,808,1.1256190510922286,1.2509290804780815,0.1253100293858529,27,4,5
DR Qwen-plus,46,random_criterion,release,0.84,1357,0.5586591561788739,0.7630872719068713,0.20442811572799746,27,4,5
DR Qwen-plus,46,random_criterion,release,0.95,1534,0.19303947604063573,0.28128440492265305,0.08824492888201732,27,4,5
DR Qwen-plus,46,disagreement_then_random,release,0.05,81,0.0,0.0,0.0,27,4,5
DR Qwen-plus,46,disagreement_then_random,release,0.2,323,1.9984532095901006,1.0,-0.9984532095901006,27,4,5
DR Qwen-plus,46,disagreement_then_random,release,0.5,808,1.248259860788863,0.8589032633446589,-0.38935659744420414,27,4,5
DR Qwen-plus,46,disagreement_then_random,release,0.84,1357,0.3990719257540603,0.35938094861830416,-0.039690977135756145,27,4,5
DR Qwen-plus,46,disagreement_then_random,release,0.95,1534,0.12529002320185614,0.12141107511511118,-0.0038789480867449655,27,4,5
DR Qwen-plus,47,random_criterion,release,0.05,81,0.2860128672873963,0.14300643364369814,-0.14300643364369814,23,3,7
DR Qwen-plus,47,random_criterion,release,0.2,323,0.9605947955390334,0.4802973977695168,-0.4802973977695166,23,3,7
DR Qwen-plus,47,random_criterion,release,0.5,808,1.5009287925696595,0.7504643962848296,-0.7504643962848299,23,3,7
DR Qwen-plus,47,random_criterion,release,0.84,1357,0.8058881075419796,0.4029440537709901,-0.4029440537709895,23,3,7
DR Qwen-plus,47,random_criterion,release,0.95,1534,0.28601286728739633,0.14300643364369803,-0.1430064336436983,23,3,7
DR Qwen-plus,47,disagreement_then_random,release,0.05,81,0.0,0.0,0.0,23,3,7
DR Qwen-plus,47,disagreement_then_random,release,0.2,323,1.0015467904098996,0.9992266047950504,-0.002320185614849146,23,3,7
DR Qwen-plus,47,disagreement_then_random,release,0.5,808,1.3284499292451137,0.6241299303944314,-0.7043199988506823,23,3,7
DR Qwen-plus,47,disagreement_then_random,release,0.84,1357,0.6790709201008527,0.19953596287703013,-0.47953495722382256,23,3,7
DR Qwen-plus,47,disagreement_then_random,release,0.95,1534,0.23894320214347797,0.06264501160092806,-0.17629819054254992,23,3,7
DR Qwen-plus,48,random_criterion,release,0.05,81,0.2836486361050247,0.05003304239693758,-0.23361559370808715,22,1,6
DR Qwen-plus,48,random_criterion,release,0.2,323,0.9286345223251908,0.19205940580368153,-0.7365751165215093,22,1,6
DR Qwen-plus,48,random_criterion,release,0.5,808,1.3757738498538385,0.37530974147743085,-1.0004641083764076,22,1,6
DR Qwen-plus,48,random_criterion,release,0.84,1357,0.6929738407692038,0.24722895136310574,-0.445744889406098,22,1,6
DR Qwen-plus,48,random_criterion,release,0.95,1534,0.2407082872552018,0.09297339124676052,-0.14773489600844128,22,1,6
DR Qwen-plus,48,disagreement_then_random,release,0.05,81,0.0,0.0,0.0,22,1,6
DR Qwen-plus,48,disagreement_then_random,release,0.2,323,1.0015467904098996,0.0007733952049497294,-1.0007733952049498,22,1,6
DR Qwen-plus,48,disagreement_then_random,release,0.5,808,1.2402508072614884,0.23477333295022734,-1.005477474311261,22,1,6
DR Qwen-plus,48,disagreement_then_random,release,0.84,1357,0.5510463536744565,0.15984498574127415,-0.3912013679331824,22,1,6
DR Qwen-plus,48,disagreement_then_random,release,0.95,1534,0.18381872273551828,0.05876606351418323,-0.12505265922133504,22,1,6
DR Qwen-plus,49,random_criterion,release,0.05,81,0.2383440560728302,0.09533762242913209,-0.14300643364369814,27,2,6
DR Qwen-plus,49,random_criterion,release,0.2,323,0.8004956629491945,0.32019826517967787,-0.48029739776951663,27,2,6
DR Qwen-plus,49,random_criterion,release,0.5,808,1.2507739938080495,0.5003095975232198,-0.7504643962848297,27,2,6
DR Qwen-plus,49,random_criterion,release,0.84,1357,0.6715734229516497,0.2686293691806598,-0.40294405377098985,27,2,6
DR Qwen-plus,49,random_criterion,release,0.95,1534,0.23834405607283024,0.09533762242913202,-0.14300643364369822,27,2,6
DR Qwen-plus,49,disagreement_then_random,release,0.05,81,0.0,0.0,0.0,27,2,6
DR Qwen-plus,49,disagreement_then_random,release,0.2,323,0.002320185614849188,1.0,0.9976798143851509,27,2,6
DR Qwen-plus,49,disagreement_then_random,release,0.5,808,0.6161208768670567,0.8589032633446587,0.24278238647760197,27,2,6
DR Qwen-plus,49,disagreement_then_random,release,0.84,1357,0.3515103907974263,0.35938094861830416,0.007870557820877866,27,2,6
DR Qwen-plus,49,disagreement_then_random,release,0.95,1534,0.12117371113459022,0.12141107511511118,0.00023736398052096042,27,2,6
DR Qwen-plus,50,random_criterion,release,0.05,81,0.2860128672873963,0.15033674786356002,-0.13567611942383626,29,4,6
DR Qwen-plus,50,random_criterion,release,0.2,323,0.9605947955390335,0.5904709630695859,-0.3701238324694476,29,4,6
DR Qwen-plus,50,random_criterion,release,0.5,808,1.5009287925696593,1.3057617759033806,-0.19516701666627867,29,4,6
DR Qwen-plus,50,random_criterion,release,0.84,1357,0.8058881075419797,1.1346503413792748,0.3287622338372951,29,4,6
DR Qwen-plus,50,random_criterion,release,0.95,1534,0.2860128672873963,0.48178714377295284,0.19577427648555656,29,4,6
DR Qwen-plus,50,disagreement_then_random,release,0.05,81,0.0,0.0,0.0,29,4,6
DR Qwen-plus,50,disagreement_then_random,release,0.2,323,0.002320185614849188,1.0007733952049498,0.9984532095901006,29,4,6
DR Qwen-plus,50,disagreement_then_random,release,0.5,808,0.7043199988506821,1.3202066799548895,0.6158866811042074,29,4,6
DR Qwen-plus,50,disagreement_then_random,release,0.84,1357,0.47953495722382256,1.0255739397912889,0.5460389825674663,29,4,6
DR Qwen-plus,50,disagreement_then_random,release,0.95,1534,0.17629819054254992,0.43611348073029355,0.25981529018774363,29,4,6
DR Qwen-plus,51,random_criterion,release,0.05,81,0.13839383620662712,0.047668811214566044,-0.09072502499206109,26,1,3
DR Qwen-plus,51,random_criterion,release,0.2,323,0.4227411489234962,0.16009913258983893,-0.26264201633365725,26,1,3
DR Qwen-plus,51,random_criterion,release,0.5,808,0.5627319822110983,0.2501547987616099,-0.3125771834494884,26,1,3
DR Qwen-plus,51,random_criterion,release,0.84,1357,0.27202794670007296,0.1343146845903299,-0.13771326210974305,26,1,3
DR Qwen-plus,51,random_criterion,release,0.95,1534,0.09545348735680416,0.04766881121456601,-0.04778467614223815,26,1,3
DR Qwen-plus,51,disagreement_then_random,release,0.05,81,0.0,0.0,0.0,26,1,3
DR Qwen-plus,51,disagreement_then_random,release,0.2,323,0.0,0.9992266047950503,0.9992266047950503,26,1,3
DR Qwen-plus,51,disagreement_then_random,release,0.5,808,0.0,0.6241299303944315,0.6241299303944315,26,1,3
DR Qwen-plus,51,disagreement_then_random,release,0.84,1357,0.0,0.19953596287703013,0.19953596287703013,26,1,3
DR Qwen-plus,51,disagreement_then_random,release,0.95,1534,0.0,0.06264501160092806,0.06264501160092806,26,1,3
DR Qwen-plus,52,random_criterion,release,0.05,81,0.18369841623882163,0.10018755956906951,-0.08351085666975212,21,2,4
DR Qwen-plus,52,random_criterion,release,0.2,323,0.5508800082994925,0.39174727754789346,-0.159132730751599,21,2,4
DR Qwen-plus,52,random_criterion,release,0.5,808,0.6877318382568872,0.8444662680577243,0.15673442980083707,21,2,4
DR Qwen-plus,52,random_criterion,release,0.84,1357,0.29342836451762705,0.6691415430100676,0.3757131784924405,21,2,4
DR Qwen-plus,52,random_criterion,release,0.95,1534,0.09781771853917569,0.2699210988739613,0.17210338033478562,21,2,4
DR Qwen-plus,52,disagreement_then_random,release,0.05,81,0.0,0.0,0.0,21,2,4
DR Qwen-plus,52,disagreement_then_random,release,0.2,323,0.002320185614849188,0.0015467904098994587,-0.0007733952049497291,21,2,4
DR Qwen-plus,52,disagreement_then_random,release,0.5,808,0.5610135184803885,0.55774578788408,-0.0032677305963084713,21,2,4
DR Qwen-plus,52,disagreement_then_random,release,0.84,1357,0.32600472136209,0.44771453790894444,0.12170981654685442,21,2,4
DR Qwen-plus,52,disagreement_then_random,release,0.95,1534,0.11775513876820512,0.1726566064363262,0.05490146766812107,21,2,4
DR Qwen-plus,53,random_criterion,release,0.05,81,0.08836079380968953,0.2954697920168824,0.20710899820719286,25,6,2
DR Qwen-plus,53,random_criterion,release,0.2,323,0.2306817431198147,1.088435888394404,0.8577541452745894,25,6,2
DR Qwen-plus,53,random_criterion,release,0.5,808,0.18742224073366742,2.001548563432943,1.8141263226992757,25,6,2
DR Qwen-plus,53,random_criterion,release,0.84,1357,0.02479899533696718,1.257545174633083,1.2327461792961159,25,6,2
DR Qwen-plus,53,random_criterion,release,0.95,1534,0.002480096110043588,0.4672311874161741,0.4647510913061305,25,6,2
DR Qwen-plus,53,disagreement_then_random,release,0.05,81,0.0,0.0,0.0,25,6,2
DR Qwen-plus,53,disagreement_then_random,release,0.2,323,0.0007733952049497294,2.002320185614849,2.001546790409899,25,6,2
DR Qwen-plus,53,disagreement_then_random,release,0.5,808,0.09146685257993384,2.510325647523625,2.418858794943691,25,6,2
DR Qwen-plus,53,disagreement_then_random,release,0.84,1357,0.006314749879541675,1.3263214208868273,1.3200066710072855,25,6,2
DR Qwen-plus,53,disagreement_then_random,release,0.95,1534,0.0002230117398384994,0.4742448201807319,0.47402180844089337,25,6,2
DR Qwen-plus,54,random_criterion,release,0.05,81,0.2860128672873963,0.0,-0.2860128672873963,24,0,6
DR Qwen-plus,54,random_criterion,release,0.2,323,0.9605947955390335,0.0,-0.9605947955390335,24,0,6
DR Qwen-plus,54,random_criterion,release,0.5,808,1.5009287925696593,0.0,-1.5009287925696593,24,0,6
DR Qwen-plus,54,random_criterion,release,0.84,1357,0.8058881075419797,0.0,-0.8058881075419797,24,0,6
DR Qwen-plus,54,random_criterion,release,0.95,1534,0.2860128672873963,0.0,-0.2860128672873963,24,0,6
DR Qwen-plus,54,disagreement_then_random,release,0.05,81,0.0,0.0,0.0,24,0,6
DR Qwen-plus,54,disagreement_then_random,release,0.2,323,1.0,0.0,-1.0,24,0,6
DR Qwen-plus,54,disagreement_then_random,release,0.5,808,0.8589032633446589,0.0,-0.8589032633446589,24,0,6
DR Qwen-plus,54,disagreement_then_random,release,0.84,1357,0.35938094861830433,0.0,-0.35938094861830433,24,0,6
DR Qwen-plus,54,disagreement_then_random,release,0.95,1534,0.12141107511511137,0.0,-0.12141107511511137,24,0,6
DR Qwen-plus,55,random_criterion,release,0.05,81,0.14064220246132658,0.047668811214566044,-0.09297339124676055,22,1,3
DR Qwen-plus,55,random_criterion,release,0.2,323,0.4483371245556741,0.16009913258983893,-0.28823799196583516,22,1,3
DR Qwen-plus,55,random_criterion,release,0.5,808,0.6253094535690087,0.2501547987616099,-0.3751546548073988,22,1,3
DR Qwen-plus,55,random_criterion,release,0.84,1357,0.290029786998214,0.1343146845903299,-0.1557151024078841,22,1,3
DR Qwen-plus,55,random_criterion,release,0.95,1534,0.09770185361150363,0.04766881121456601,-0.05003304239693762,22,1,3
DR Qwen-plus,55,disagreement_then_random,release,0.05,81,0.0,0.0,0.0,22,1,3
DR Qwen-plus,55,disagreement_then_random,release,0.2,323,1.0,0.0007733952049497294,-0.9992266047950503,22,1,3
DR Qwen-plus,55,disagreement_then_random,release,0.5,808,0.8589032633446589,0.23477333295022734,-0.6241299303944317,22,1,3
DR Qwen-plus,55,disagreement_then_random,release,0.84,1357,0.35938094861830433,0.15984498574127415,-0.19953596287703018,22,1,3
DR Qwen-plus,55,disagreement_then_random,release,0.95,1534,0.12141107511511137,0.05876606351418323,-0.06264501160092814,22,1,3
DR Qwen-plus,56,random_criterion,release,0.05,81,0.19067524485826418,0.24567437029269215,0.054999125434427976,24,5,4
DR Qwen-plus,56,random_criterion,release,0.2,323,0.6403965303593556,0.9106692282492637,0.27027269788990804,24,5,4
DR Qwen-plus,56,random_criterion,release,0.5,808,1.0006191950464396,1.8060713734266005,0.8054521783801609,24,5,4
DR Qwen-plus,56,random_criterion,release,0.84,1357,0.5372587383613198,1.403279710559934,0.8660209721986142,24,5,4
DR Qwen-plus,56,random_criterion,release,0.95,1534,0.1906752448582642,0.5771247662020844,0.3864495213438202,24,5,4
DR Qwen-plus,56,disagreement_then_random,release,0.05,81,0.0,0.0,0.0,24,5,4
DR Qwen-plus,56,disagreement_then_random,release,0.2,323,1.0,2.0,1.0,24,5,4
DR Qwen-plus,56,disagreement_then_random,release,0.5,808,0.8589032633446589,1.8578717388769803,0.9989684755323214,24,5,4
DR Qwen-plus,56,disagreement_then_random,release,0.84,1357,0.35938094861830433,1.1496667410539714,0.790285792435667,24,5,4
DR Qwen-plus,56,disagreement_then_random,release,0.95,1534,0.12141107511511137,0.4862913105437272,0.3648802354286158,24,5,4
DR Qwen-plus,57,random_criterion,release,0.05,81,0.18831101367589265,0.14537066482606967,-0.04294034884982298,23,3,4
DR Qwen-plus,57,random_criterion,release,0.2,323,0.6084362571455131,0.5122576709833594,-0.09617858616215369,23,3,4
DR Qwen-plus,57,random_criterion,release,0.5,808,0.8754642523306186,0.8756193390006506,0.00015508667003194532,23,3,4
DR Qwen-plus,57,random_criterion,release,0.84,1357,0.424344471588544,0.5158583205437655,0.09151384895522147,23,3,4
DR Qwen-plus,57,random_criterion,release,0.95,1534,0.14537066482606967,0.18831101367589254,0.04294034884982287,23,3,4
DR Qwen-plus,57,disagreement_then_random,release,0.05,81,0.0,0.0,0.0,23,3,4
DR Qwen-plus,57,disagreement_then_random,release,0.2,323,1.0,0.002320185614849188,-0.9976798143851509,23,3,4
DR Qwen-plus,57,disagreement_then_random,release,0.5,808,0.8589032633446589,0.7043199988506821,-0.15458326449397686,23,3,4
DR Qwen-plus,57,disagreement_then_random,release,0.84,1357,0.35938094861830433,0.47953495722382256,0.12015400860551823,23,3,4
DR Qwen-plus,57,disagreement_then_random,release,0.95,1534,0.12141107511511137,0.1762981905425498,0.05488711542743843,23,3,4
DR Qwen-plus,58,random_criterion,release,0.05,81,0.2836486361050247,0.14785076093611324,-0.13579787516891148,25,3,6
DR Qwen-plus,58,random_criterion,release,0.2,323,0.9286345223251908,0.5505822417788667,-0.3780522805463241,25,3,6
DR Qwen-plus,58,random_criterion,release,0.5,808,1.3757738498538385,1.063351753074382,-0.31242209677945665,25,3,6
DR Qwen-plus,58,random_criterion,release,0.84,1357,0.6929738407692038,0.7236850137911763,0.03071117302197257,25,3,6
DR Qwen-plus,58,random_criterion,release,0.95,1534,0.2407082872552018,0.27667180748558184,0.03596352023038005,25,3,6
DR Qwen-plus,58,disagreement_then_random,release,0.05,81,0.0,0.0,0.0,25,3,6
DR Qwen-plus,58,disagreement_then_random,release,0.2,323,1.003093580819799,0.0015467904098993568,-1.0015467904098996,25,3,6
DR Qwen-plus,58,disagreement_then_random,release,0.5,808,1.709797473161943,0.5577457878840799,-1.152051685277863,25,3,6
DR Qwen-plus,58,disagreement_then_random,release,0.84,1357,0.8707363251570048,0.44771453790894444,-0.4230217872480604,25,3,6
DR Qwen-plus,58,disagreement_then_random,release,0.95,1534,0.3013508497638849,0.17265660643632597,-0.1286942433275589,25,3,6
DR Qwen-plus,59,random_criterion,release,0.05,81,0.28128440492265316,0.09533762242913209,-0.1859467824935211,22,2,6
DR Qwen-plus,59,random_criterion,release,0.2,323,0.8966742491113482,0.32019826517967787,-0.5764759839316703,22,2,6
DR Qwen-plus,59,random_criterion,release,0.5,808,1.2506189071380174,0.5003095975232198,-0.7503093096147976,22,2,6
DR Qwen-plus,59,random_criterion,release,0.84,1357,0.580059573996428,0.2686293691806598,-0.3114302048157682,22,2,6
DR Qwen-plus,59,random_criterion,release,0.95,1534,0.19540370722300726,0.09533762242913202,-0.10006608479387524,22,2,6
DR Qwen-plus,59,disagreement_then_random,release,0.05,81,0.0,0.0,0.0,22,2,6
DR Qwen-plus,59,disagreement_then_random,release,0.2,323,0.0007733952049497294,0.0015467904098994587,0.0007733952049497294,22,2,6
DR Qwen-plus,59,disagreement_then_random,release,0.5,808,0.23477333295022734,0.4695466659004547,0.23477333295022734,22,2,6
DR Qwen-plus,59,disagreement_then_random,release,0.84,1357,0.15984498574127418,0.3196899714825483,0.15984498574127412,22,2,6
DR Qwen-plus,59,disagreement_then_random,release,0.95,1534,0.05876606351418331,0.11753212702836646,0.058766063514183155,22,2,6
DR Qwen-plus,60,random_criterion,release,0.05,81,0.05003304239693758,0.19564104692587367,0.14560800452893607,24,4,2
DR Qwen-plus,60,random_criterion,release,0.2,323,0.19205940580368153,0.7183098403092361,0.5262504345055545,24,4,2
DR Qwen-plus,60,random_criterion,release,0.5,808,0.37530974147743085,1.4073533369388547,1.0320435954614238,24,4,2
DR Qwen-plus,60,random_criterion,release,0.84,1357,0.2472289513631058,1.032683338665362,0.7854543873022561,24,4,2
DR Qwen-plus,60,random_criterion,release,0.95,1534,0.09297339124676057,0.40831493508058836,0.3153415438338278,24,4,2
DR Qwen-plus,60,disagreement_then_random,release,0.05,81,0.0,0.0,0.0,24,4,2
DR Qwen-plus,60,disagreement_then_random,release,0.2,323,0.0015467904098994587,2.00077339520495,1.9992266047950504,24,4,2
DR Qwen-plus,60,disagreement_then_random,release,0.5,808,0.4695466659004547,2.0862705294073502,1.6167238635068957,24,4,2
DR Qwen-plus,60,disagreement_then_random,release,0.84,1357,0.31968997148254835,1.191229090921928,0.8715391194393798,24,4,2
DR Qwen-plus,60,disagreement_then_random,release,0.95,1534,0.11753212702836661,0.45691545171703085,0.3393833246886642,24,4,2
DR Qwen-plus,61,random_criterion,release,0.05,81,0.14761903108076915,0.047668811214566044,-0.09995021986620312,19,1,5
DR Qwen-plus,61,random_criterion,release,0.2,323,0.5378536466155373,0.16009913258983893,-0.3777545140256983,19,1,5
DR Qwen-plus,61,random_criterion,release,0.5,808,0.9381968103585611,0.2501547987616099,-0.6880420115969512,19,1,5
DR Qwen-plus,61,random_criterion,release,0.84,1357,0.5338601608419068,0.1343146845903299,-0.3995454762515769,19,1,5
DR Qwen-plus,61,random_criterion,release,0.95,1534,0.19055937993059213,0.04766881121456601,-0.14289056871602612,19,1,5
DR Qwen-plus,61,disagreement_then_random,release,0.05,81,0.0,0.0,0.0,19,1,5
DR Qwen-plus,61,disagreement_then_random,release,0.2,323,0.9992266047950503,0.0007733952049497294,-0.9984532095901006,19,1,5
DR Qwen-plus,61,disagreement_then_random,release,0.5,808,0.6241299303944315,0.23477333295022734,-0.3893565974442042,19,1,5
DR Qwen-plus,61,disagreement_then_random,release,0.84,1357,0.19953596287703015,0.15984498574127415,-0.039690977135756006,19,1,5
DR Qwen-plus,61,disagreement_then_random,release,0.95,1534,0.06264501160092807,0.05876606351418323,-0.0038789480867448406,19,1,5
DR Qwen-plus,62,random_criterion,release,0.05,81,0.09533762242913209,0.052513138506981166,-0.04282448392215092,22,3,2
DR Qwen-plus,62,random_criterion,release,0.2,323,0.3201982651796778,0.23038397659918886,-0.08981428858048895,22,3,2
DR Qwen-plus,62,random_criterion,release,0.5,808,0.5003095975232198,0.5630421555511622,0.06273255802794242,22,3,2
DR Qwen-plus,62,random_criterion,release,0.84,1357,0.2686293691806599,0.4550556446105163,0.1864262754298564,22,3,2
DR Qwen-plus,62,random_criterion,release,0.95,1534,0.0953376224291321,0.18133418505644983,0.08599656262731772,22,3,2
DR Qwen-plus,62,disagreement_then_random,release,0.05,81,0.0,0.0,0.0,22,3,2
DR Qwen-plus,62,disagreement_then_random,release,0.2,323,0.0007733952049497294,0.0015467904098994587,0.0007733952049497294,22,3,2
DR Qwen-plus,62,disagreement_then_random,release,0.5,808,0.23477333295022734,0.5577457878840799,0.32297245493385257,22,3,2
DR Qwen-plus,62,disagreement_then_random,release,0.84,1357,0.15984498574127418,0.44771453790894444,0.2878695521676703,22,3,2
DR Qwen-plus,62,disagreement_then_random,release,0.95,1534,0.05876606351418331,0.1726566064363264,0.1138905429221431,22,3,2
DR Qwen-plus,63,random_criterion,release,0.05,81,0.09533762242913209,0.09781771853917567,0.0024800961100435864,22,2,2
DR Qwen-plus,63,random_criterion,release,0.2,323,0.3201982651796778,0.35852283597518514,0.03832457079550733,22,2,2
DR Qwen-plus,63,random_criterion,release,0.5,808,0.5003095975232198,0.6880420115969512,0.18773241407373142,22,2,2
DR Qwen-plus,63,random_criterion,release,0.84,1357,0.2686293691806599,0.4764560624280705,0.2078266932474106,22,2,2
DR Qwen-plus,63,random_criterion,release,0.95,1534,0.0953376224291321,0.18369841623882155,0.08836079380968945,22,2,2
DR Qwen-plus,63,disagreement_then_random,release,0.05,81,0.0,0.0,0.0,22,2,2
DR Qwen-plus,63,disagreement_then_random,release,0.2,323,0.0007733952049497294,0.0015467904098994587,0.0007733952049497294,22,2,2
DR Qwen-plus,63,disagreement_then_random,release,0.5,808,0.23477333295022734,0.4695466659004547,0.23477333295022734,22,2,2
DR Qwen-plus,63,disagreement_then_random,release,0.84,1357,0.15984498574127418,0.3196899714825483,0.15984498574127412,22,2,2
DR Qwen-plus,63,disagreement_then_random,release,0.95,1534,0.05876606351418331,0.11753212702836646,0.058766063514183155,22,2,2
AC Qwen-plus,0,random_criterion,release,0.05,42,0.09248147028487691,0.5926548814185358,0.5001734111336589,110,12,2
AC Qwen-plus,0,random_criterion,release,0.2,169,0.2888928640055165,2.297431545673656,2.0085386816681394,110,12,2
AC Qwen-plus,0,random_criterion,release,0.5,422,0.3752960309635341,4.867110236350056,4.491814205386522,110,12,2
AC Qwen-plus,0,random_criterion,release,0.84,708,0.15611188939927828,3.880788867161969,3.7246769777626905,110,12,2
AC Qwen-plus,0,random_criterion,release,0.95,801,0.04970667689900149,1.5625397575906863,1.5128330806916848,110,12,2
AC Qwen-plus,0,disagreement_then_random,release,0.05,42,0.0,2.0,2.0,110,12,2
AC Qwen-plus,0,disagreement_then_random,release,0.2,169,0.1697903425719912,2.867183747084682,2.697393404512691,110,12,2
AC Qwen-plus,0,disagreement_then_random,release,0.5,422,0.38509454946421867,5.121537233260724,4.736442683796505,110,12,2
AC Qwen-plus,0,disagreement_then_random,release,0.84,708,0.17470924543466404,3.908691789740968,3.7339825443063037,110,12,2
AC Qwen-plus,0,disagreement_then_random,release,0.95,801,0.05598448618058994,1.5634828814014288,1.5074983952208387,110,12,2
AC Qwen-plus,1,random_criterion,release,0.05,42,0.2820656665300481,0.5427227981778349,0.26065713164778676,110,11,6
AC Qwen-plus,1,random_criterion,release,0.2,169,0.9307921998803893,2.0906442644847036,1.1598520646043142,110,11,6
AC Qwen-plus,1,random_criterion,release,0.5,422,1.3764822705839375,4.319326428551556,2.9428441579676186,110,11,6
AC Qwen-plus,1,random_criterion,release,0.84,708,0.6947379365163778,3.2955349941452967,2.600797057628919,110,11,6
AC Qwen-plus,1,random_criterion,release,0.95,801,0.23929087314417272,1.3047060095790304,1.0654151364348576,110,11,6
AC Qwen-plus,1,disagreement_then_random,release,0.05,42,1.0,2.0,1.0,110,11,6
AC Qwen-plus,1,disagreement_then_random,release,0.2,169,2.9622614748730314,2.768100514104391,-0.1941609607686403,110,11,6
AC Qwen-plus,1,disagreement_then_random,release,0.5,422,2.319978470173795,4.659155768459985,2.33917729828619,110,11,6
AC Qwen-plus,1,disagreement_then_random,release,0.84,708,0.8642588878546112,3.294332938189795,2.430074050335184,110,11,6
AC Qwen-plus,1,disagreement_then_random,release,0.95,801,0.2775015705608919,1.2785334246475237,1.0010318540866319,110,11,6
AC Qwen-plus,2,random_criterion,release,0.05,42,0.04508542122358412,0.7919370627144634,0.7468516414908792,110,16,1
AC Qwen-plus,2,random_criterion,release,0.2,169,0.12841803003679828,3.096882435986592,2.9684644059497938,110,16,1
AC Qwen-plus,2,random_criterion,release,0.5,422,0.12499947105843325,6.72171491858152,6.596715447523087,110,16,1
AC Qwen-plus,2,random_criterion,release,0.84,708,0.021455377620003373,5.549043281048138,5.5275879034281346,110,16,1
AC Qwen-plus,2,random_criterion,release,0.95,801,0.0023106278377086863,2.2632655657525955,2.260954937914887,110,16,1
AC Qwen-plus,2,disagreement_then_random,release,0.05,42,0.0,3.0,3.0,110,16,1
AC Qwen-plus,2,disagreement_then_random,release,0.2,169,0.81180694256527,5.063008962582637,4.251202020017367,110,16,1
AC Qwen-plus,2,disagreement_then_random,release,0.5,422,0.31645297768614566,7.7700917102226645,7.453638732536519,110,16,1
AC Qwen-plus,2,disagreement_then_random,release,0.84,708,0.032375491269892406,5.669221911219809,5.636846419949917,110,16,1
AC Qwen-plus,2,disagreement_then_random,release,0.95,801,0.0030818461009814663,2.2657210946051016,2.26263924850412,110,16,1
AC Qwen-plus,3,random_criterion,release,0.05,42,0.1872735684074625,0.495326749116542,0.3080531807090795,112,11,4
AC Qwen-plus,3,random_criterion,release,0.2,169,0.6098425319429529,1.930169430515985,1.320326898573032,112,11,4
AC Qwen-plus,3,random_criterion,release,0.5,422,0.8758891507737359,4.069029868646455,3.193140717872719,112,11,4
AC Qwen-plus,3,random_criterion,release,0.84,708,0.4254249129578281,3.160878482366024,2.735453569408196,112,11,4
AC Qwen-plus,3,random_criterion,release,0.95,801,0.14449877502158712,1.2573099605177376,1.1128111854961504,112,11,4
AC Qwen-plus,3,disagreement_then_random,release,0.05,42,0.0,1.0,1.0,112,11,4
AC Qwen-plus,3,disagreement_then_random,release,0.2,169,0.2590529187232987,1.873996906867295,1.6149439881439962,112,11,4
AC Qwen-plus,3,disagreement_then_random,release,0.5,422,0.6314757963770035,4.0895966679250835,3.45812087154808,112,11,4
AC Qwen-plus,3,disagreement_then_random,release,0.84,708,0.3228150375872315,2.954356708607495,2.6315416710202637,112,11,4
AC Qwen-plus,3,disagreement_then_random,release,0.95,801,0.10905237269992933,1.1329727458401244,1.0239203731401951,112,11,4
AC Qwen-plus,4,random_criterion,release,0.05,42,0.1398775193461697,0.4954423681830541,0.3555648488368844,108,11,3
AC Qwen-plus,4,random_criterion,release,0.2,169,0.4493676979742347,1.9383582896399139,1.4889905916656792,108,11,3
AC Qwen-plus,4,random_criterion,release,0.5,422,0.625592590868635,4.2058216637462476,3.5802290728776125,108,11,3
AC Qwen-plus,4,random_criterion,release,0.84,708,0.2907684011785532,3.574074727183506,3.2833063260049524,108,11,3
AC Qwen-plus,4,random_criterion,release,0.95,801,0.0971027259602943,1.490547973475092,1.3934452475147976,108,11,3
AC Qwen-plus,4,disagreement_then_random,release,0.05,42,2.0,2.0,0.0,108,11,3
AC Qwen-plus,4,disagreement_then_random,release,0.2,169,2.6139459799984253,2.687749815999745,0.07380383600131957,108,11,3
AC Qwen-plus,4,disagreement_then_random,release,0.5,422,1.4421214268840066,4.58466556305396,3.1425441361699535,108,11,3
AC Qwen-plus,4,disagreement_then_random,release,0.84,708,0.3933380581148122,3.664885341264937,3.271547283150125,108,11,3
AC Qwen-plus,4,disagreement_then_random,release,0.95,801,0.11538131134162319,1.527523522874528,1.412142211532905,108,11,3
AC Qwen-plus,5,random_criterion,release,0.05,42,0.04508542122358412,0.5902288771361613,0.5451434559125772,113,12,1
AC Qwen-plus,5,random_criterion,release,0.2,169,0.12841803003679828,2.2574922963779818,2.1290742663411835,113,12,1
AC Qwen-plus,5,random_criterion,release,0.5,422,0.12499947105843325,4.632271532879991,4.507272061821558,113,12,1
AC Qwen-plus,5,random_criterion,release,0.84,708,0.021455377620003373,3.525334363920341,3.5038789863003377,113,12,1
AC Qwen-plus,5,random_criterion,release,0.95,801,0.0023106278377086863,1.3949868819232325,1.3926762540855238,113,12,1
AC Qwen-plus,5,disagreement_then_random,release,0.05,42,0.0,4.0,4.0,113,12,1
AC Qwen-plus,5,disagreement_then_random,release,0.2,169,0.0,4.570239551537545,4.570239551537545,113,12,1
AC Qwen-plus,5,disagreement_then_random,release,0.5,422,0.0,5.784824217657846,5.784824217657846,113,12,1
AC Qwen-plus,5,disagreement_then_random,release,0.84,708,0.0,3.6552955050347142,3.6552955050347142,113,12,1
AC Qwen-plus,5,disagreement_then_random,release,0.95,801,0.0,1.3908328898881663,1.3908328898881663,113,12,1
AC Qwen-plus,6,random_criterion,release,0.05,42,0.1895841962451712,0.34839708712067896,0.15881289087550776,114,9,4
AC Qwen-plus,6,random_criterion,release,0.2,169,0.6418993358748728,1.3757361899120693,0.7338368540371965,114,9,4
AC Qwen-plus,6,random_criterion,release,0.5,422,1.0011862396204034,2.9423235928850993,1.9411373532646958,114,9,4
AC Qwen-plus,6,random_criterion,release,0.84,708,0.5386260471170996,2.275469387133392,1.7368433400162926,114,9,4
AC Qwen-plus,6,random_criterion,release,0.95,801,0.18958419624517123,0.9004878663647773,0.7109036701196061,114,9,4
AC Qwen-plus,6,disagreement_then_random,release,0.05,42,1.0,0.0,-1.0,114,9,4
AC Qwen-plus,6,disagreement_then_random,release,0.2,169,1.0795946710191928,0.6694368104324013,-0.4101578605867915,114,9,4
AC Qwen-plus,6,disagreement_then_random,release,0.5,422,1.0555967184245003,2.3304320330204984,1.274835314595998,114,9,4
AC Qwen-plus,6,disagreement_then_random,release,0.84,708,0.47669286772759484,1.8256012975380784,1.3489084298104836,114,9,4
AC Qwen-plus,6,disagreement_then_random,release,0.95,801,0.16228550565899963,0.7144025898191835,0.5521170841601839,114,9,4
AC Qwen-plus,7,random_criterion,release,0.05,42,0.1872735684074625,0.4480465613021129,0.2607729928946504,108,11,4
AC Qwen-plus,7,random_criterion,release,0.2,169,0.6098425319429529,1.7781803843038098,1.1683378523608567,108,11,4
AC Qwen-plus,7,random_criterion,release,0.5,422,0.8758891507737359,3.9789063357134964,3.1030171849397608,108,11,4
AC Qwen-plus,7,random_criterion,release,0.84,708,0.4254249129578281,3.562992257478739,3.137567344520911,108,11,4
AC Qwen-plus,7,random_criterion,release,0.95,801,0.14449877502158712,1.5188386269875203,1.3743398519659331,108,11,4
AC Qwen-plus,7,disagreement_then_random,release,0.05,42,1.0,1.0,0.0,108,11,4
AC Qwen-plus,7,disagreement_then_random,release,0.2,169,0.9903320948678851,2.6790157120493654,1.6886836171814803,108,11,4
AC Qwen-plus,7,disagreement_then_random,release,0.5,422,0.8092154715117154,4.480856409713557,3.671640938201841,108,11,4
AC Qwen-plus,7,disagreement_then_random,release,0.84,708,0.32858707557502737,3.5982554873157406,3.2696684117407133,108,11,4
AC Qwen-plus,7,disagreement_then_random,release,0.95,801,0.10921761913966024,1.51734307537399,1.4081254562343297,108,11,4
AC Qwen-plus,8,random_criterion,release,0.05,42,0.0947920981225856,0.7420054433294929,0.6472133452069073,113,16,2
AC Qwen-plus,8,random_criterion,release,0.2,169,0.3209496679374364,2.890591716766666,2.5696420488292295,113,16,2
AC Qwen-plus,8,random_criterion,release,0.5,422,0.5005931198102017,6.205143377253762,5.70455025744356,113,16,2
AC Qwen-plus,8,random_criterion,release,0.84,708,0.2693130235585498,5.0981159966241485,4.828802973065598,113,16,2
AC Qwen-plus,8,random_criterion,release,0.95,801,0.09479209812258561,2.083018798823856,1.9882267007012704,113,16,2
AC Qwen-plus,8,disagreement_then_random,release,0.05,42,0.0,5.0,5.0,113,16,2
AC Qwen-plus,8,disagreement_then_random,release,0.2,169,0.9903320948678851,6.757491075683107,5.767158980815221,113,16,2
AC Qwen-plus,8,disagreement_then_random,release,0.5,422,0.8092154715117154,8.36661944096079,7.557403969449075,113,16,2
AC Qwen-plus,8,disagreement_then_random,release,0.84,708,0.32858707557502737,5.4577249500534695,5.129137874478442,113,16,2
AC Qwen-plus,8,disagreement_then_random,release,0.95,801,0.10921761913966024,2.1324791497168647,2.0232615305772046,113,16,2
AC Qwen-plus,9,random_criterion,release,0.05,42,0.1421881471838784,0.5949708660563628,0.45278271887248445,113,13,3
AC Qwen-plus,9,random_criterion,release,0.2,169,0.4814245019061546,2.3310462446928706,1.849621742786716,113,13,3
AC Qwen-plus,9,random_criterion,release,0.5,422,0.7508896797153026,5.047075494033765,4.296185814318463,113,13,3
AC Qwen-plus,9,random_criterion,release,0.84,708,0.4039695353378247,4.197511260185998,3.793541724848173,113,13,3
AC Qwen-plus,9,random_criterion,release,0.95,801,0.14218814718387843,1.7241010220074902,1.5819128748236118,113,13,3
AC Qwen-plus,9,disagreement_then_random,release,0.05,42,2.0,1.0,-1.0,113,13,3
AC Qwen-plus,9,disagreement_then_random,release,0.2,169,1.8914016135844627,3.830394979515613,1.9389933659311505,113,13,3
AC Qwen-plus,9,disagreement_then_random,release,0.5,422,1.3720496961106459,5.553076076585528,4.181026380474882,113,13,3
AC Qwen-plus,9,disagreement_then_random,release,0.84,708,0.5090683589974873,3.813261367303478,3.3041930083059907,113,13,3
AC Qwen-plus,9,disagreement_then_random,release,0.95,801,0.1653673517599811,1.5123551782231672,1.346987826463186,113,13,3
AC Qwen-plus,10,random_criterion,release,0.05,42,0.04970667689900149,0.4978681400960686,0.4481614631970671,110,12,2
AC Qwen-plus,10,random_criterion,release,0.2,169,0.19253163790063813,1.9780397728235144,1.7855081349228763,110,12,2
AC Qwen-plus,10,random_criterion,release,0.5,422,0.3755936487517685,4.421185285376896,4.045591636625128,110,12,2
AC Qwen-plus,10,random_criterion,release,0.84,708,0.24785764593854642,3.814997102468176,3.5671394565296297,110,12,2
AC Qwen-plus,10,random_criterion,release,0.95,801,0.09248147028487692,1.5842235026613203,1.4917420323764434,110,12,2
AC Qwen-plus,10,disagreement_then_random,release,0.05,42,0.0,1.0,1.0,110,12,2
AC Qwen-plus,10,disagreement_then_random,release,0.2,169,0.08926257615130756,1.9563824262032832,1.8671198500519757,110,12,2
AC Qwen-plus,10,disagreement_then_random,release,0.5,422,0.24638124691278485,4.375907923846408,4.129526676933623,110,12,2
AC Qwen-plus,10,disagreement_then_random,release,0.84,708,0.14810579215256747,3.4654968548417404,3.3173910626891727,110,12,2
AC Qwen-plus,10,disagreement_then_random,release,0.95,801,0.053067886519339386,1.4025107334378095,1.34944284691847,110,12,2
AC Qwen-plus,11,random_criterion,release,0.05,42,0.1872735684074625,0.545033668195895,0.35776009978843254,110,12,4
AC Qwen-plus,11,random_criterion,release,0.2,169,0.6098425319429529,2.1229979970492376,1.5131554651062848,110,12,4
AC Qwen-plus,11,random_criterion,release,0.5,422,0.8758891507737359,4.468004749270572,3.5921155984968367,110,12,4
AC Qwen-plus,11,random_criterion,release,0.84,708,0.4254249129578281,3.5323101703790787,3.1068852574212507,110,12,4
AC Qwen-plus,11,random_criterion,release,0.95,801,0.14449877502158712,1.4254781333763322,1.280979358354745,110,12,4
AC Qwen-plus,11,disagreement_then_random,release,0.05,42,1.0,1.0,0.0,110,12,4
AC Qwen-plus,11,disagreement_then_random,release,0.2,169,1.8914016135844627,1.9642730664028938,0.0728714528184311,110,12,4
AC Qwen-plus,11,disagreement_then_random,release,0.5,422,1.3720496961106459,4.436606630734687,3.064556934624041,110,12,4
AC Qwen-plus,11,disagreement_then_random,release,0.84,708,0.5090683589974873,3.4873509667996503,2.978282607802163,110,12,4
AC Qwen-plus,11,disagreement_then_random,release,0.95,801,0.1653673517599811,1.4052707371440931,1.239903385384112,110,12,4
AC Qwen-plus,12,random_criterion,release,0.05,42,0.0947920981225856,0.5476899619533653,0.4528978638307797,108,13,2
AC Qwen-plus,12,random_criterion,release,0.2,169,0.3209496679374364,2.178215060230954,1.8572653922935174,108,13,2
AC Qwen-plus,12,random_criterion,release,0.5,422,0.5005931198102017,4.894583364120737,4.393990244310535,108,13,2
AC Qwen-plus,12,random_criterion,release,0.84,708,0.2693130235585498,4.2853136568533525,4.016000633294802,108,13,2
AC Qwen-plus,12,random_criterion,release,0.95,801,0.09479209812258561,1.795462792788376,1.7006706946657904,108,13,2
AC Qwen-plus,12,disagreement_then_random,release,0.05,42,1.0,2.0,1.0,108,13,2
AC Qwen-plus,12,disagreement_then_random,release,0.2,169,1.8021390374331552,4.670175314291855,2.8680362768587,108,13,2
AC Qwen-plus,12,disagreement_then_random,release,0.5,422,1.125668449197861,6.308597329674269,5.182928880476408,108,13,2
AC Qwen-plus,12,disagreement_then_random,release,0.84,708,0.3609625668449198,4.536090685649932,4.175128118805012,108,13,2
AC Qwen-plus,12,disagreement_then_random,release,0.95,801,0.11229946524064172,1.843212345406858,1.7309128801662164,108,13,2
AC Qwen-plus,13,random_criterion,release,0.05,42,0.2843762943677568,0.3482926356991426,0.0639163413313858,110,9,6
AC Qwen-plus,13,random_criterion,release,0.2,169,0.9628490038123092,1.3711205204112167,0.4082715165989075,110,9,6
AC Qwen-plus,13,random_criterion,release,0.5,422,1.5017793594306053,2.942174251897201,1.4403948924665957,110,9,6
AC Qwen-plus,13,random_criterion,release,0.84,708,0.8079390706756494,2.3946003345205513,1.5866612638449018,110,9,6
AC Qwen-plus,13,random_criterion,release,0.95,801,0.28437629436775685,0.9759791647842873,0.6916028704165305,110,9,6
AC Qwen-plus,13,disagreement_then_random,release,0.05,42,2.0,1.0,-1.0,110,9,6
AC Qwen-plus,13,disagreement_then_random,release,0.2,169,2.069926765887078,3.3734895361131474,1.3035627702260695,110,9,6
AC Qwen-plus,13,disagreement_then_random,release,0.5,422,1.8648121899362156,4.065903944290362,2.201091754354146,110,9,6
AC Qwen-plus,13,disagreement_then_random,release,0.84,708,0.8052799433026222,2.4666933747180195,1.6614134314153972,110,9,6
AC Qwen-plus,13,disagreement_then_random,release,0.95,801,0.2715031247986599,0.93024307083195,0.6587399460332901,110,9,6
AC Qwen-plus,14,random_criterion,release,0.05,42,0.1398775193461697,0.59253950497387,0.45266198562770027,108,12,3
AC Qwen-plus,14,random_criterion,release,0.2,169,0.4493676979742347,2.2895491003099018,1.840181402335667,108,12,3
AC Qwen-plus,14,random_criterion,release,0.5,422,0.625592590868635,4.757568621726659,4.131976030858024,108,12,3
AC Qwen-plus,14,random_criterion,release,0.84,708,0.2907684011785532,3.6385354980796123,3.347767096901059,108,12,3
AC Qwen-plus,14,random_criterion,release,0.95,801,0.0971027259602943,1.4400723031468168,1.3429695771865224,108,12,3
AC Qwen-plus,14,disagreement_then_random,release,0.05,42,3.0,2.0,-1.0,108,12,3
AC Qwen-plus,14,disagreement_then_random,release,0.2,169,2.6139459799984253,2.8486282805250744,0.23468230052664918,108,12,3
AC Qwen-plus,14,disagreement_then_random,release,0.5,422,1.4421214268840066,4.7978690710114185,3.355747644127412,108,12,3
AC Qwen-plus,14,disagreement_then_random,release,0.84,708,0.3933380581148122,3.320936391471893,2.9275983333570808,108,12,3
AC Qwen-plus,14,disagreement_then_random,release,0.95,801,0.11538131134162319,1.2814500243087732,1.16606871296715,108,12,3
AC Qwen-plus,15,random_criterion,release,0.05,42,0.236980245306464,0.5972812619662062,0.36030101665974223,112,14,5
AC Qwen-plus,15,random_criterion,release,0.2,169,0.802374169843591,2.362854767640277,1.560480597796686,112,14,5
AC Qwen-plus,15,random_criterion,release,0.5,422,1.2514827995255042,5.156766449645062,3.9052836501195576,112,14,5
AC Qwen-plus,15,random_criterion,release,0.84,708,0.6732825588963745,4.243549100048927,3.5702665411525527,112,14,5
AC Qwen-plus,15,random_criterion,release,0.95,801,0.23698024530646403,1.7303929526896145,1.4934127073831505,112,14,5
AC Qwen-plus,15,disagreement_then_random,release,0.05,42,0.0,2.0,2.0,112,14,5
AC Qwen-plus,15,disagreement_then_random,release,0.2,169,1.1688572471705003,3.0551350557457506,1.8862778085752503,112,14,5
AC Qwen-plus,15,disagreement_then_random,release,0.5,422,1.3019779653372852,5.740779005939755,4.4388010406024705,112,14,5
AC Qwen-plus,15,disagreement_then_random,release,0.84,708,0.6247986598801623,4.384490854135399,3.759692194255237,112,14,5
AC Qwen-plus,15,disagreement_then_random,release,0.95,801,0.21535339217833901,1.759881379116596,1.5445279869382569,112,14,5
AC Qwen-plus,16,random_criterion,release,0.05,42,0.236980245306464,0.44561495759777375,0.20863471229130975,113,10,5
AC Qwen-plus,16,random_criterion,release,0.2,169,0.802374169843591,1.7363768261606662,0.9340026563170752,113,10,5
AC Qwen-plus,16,random_criterion,release,0.5,422,1.2514827995255042,3.6621492829299944,2.41066648340449,113,10,5
AC Qwen-plus,16,random_criterion,release,0.84,708,0.6732825588963745,2.83307361963723,2.1597910607408557,113,10,5
AC Qwen-plus,16,random_criterion,release,0.95,801,0.23698024530646403,1.1240393496133585,0.8870591043068945,113,10,5
AC Qwen-plus,16,disagreement_then_random,release,0.05,42,1.0,3.0,2.0,113,10,5
AC Qwen-plus,16,disagreement_then_random,release,0.2,169,2.069926765887078,3.472331091526092,1.4024043256390142,113,10,5
AC Qwen-plus,16,disagreement_then_random,release,0.5,422,1.8648121899362156,4.466922373037571,2.602110183101355,113,10,5
AC Qwen-plus,16,disagreement_then_random,release,0.84,708,0.8052799433026222,2.835949732653619,2.0306697893509966,113,10,5
AC Qwen-plus,16,disagreement_then_random,release,0.95,801,0.2715031247986599,1.0808535273611835,0.8093504025625236,113,10,5
AC Qwen-plus,17,random_criterion,release,0.05,42,0.23246901952808038,0.5950862429425233,0.3626172234144429,112,13,5
AC Qwen-plus,17,random_criterion,release,0.2,169,0.7446337599043115,2.338938175184185,1.5943044152798738,112,13,5
AC Qwen-plus,17,random_criterion,release,0.5,422,1.0635371662555029,5.160486057261209,4.096948891005706,112,13,5
AC Qwen-plus,17,random_criterion,release,0.84,708,0.5420231485736001,4.487133462928969,3.945110314355369,112,13,5
AC Qwen-plus,17,random_criterion,release,0.95,801,0.18969422614220496,1.881652332391127,1.691958106248922,112,13,5
AC Qwen-plus,17,disagreement_then_random,release,0.05,42,1.0,3.0,2.0,112,13,5
AC Qwen-plus,17,disagreement_then_random,release,0.2,169,1.1522317972402658,4.759357331254047,3.607125534013781,112,13,5
AC Qwen-plus,17,disagreement_then_random,release,0.5,422,1.1336113140876556,6.534524231235877,5.400912917148221,112,13,5
AC Qwen-plus,17,disagreement_then_random,release,0.84,708,0.4814422090517812,4.602495646597308,4.121053437545527,112,13,5
AC Qwen-plus,17,disagreement_then_random,release,0.95,801,0.1624421016139661,1.8515005651846383,1.6890584635706722,112,13,5
AC Qwen-plus,18,random_criterion,release,0.05,42,0.236980245306464,0.540407297900711,0.30342705259424696,111,11,5
AC Qwen-plus,18,random_criterion,release,0.2,169,0.802374169843591,2.057623422730717,1.255249252887126,111,11,5
AC Qwen-plus,18,random_criterion,release,0.5,422,1.2514827995255042,4.186123634612545,2.9346408350870408,111,11,5
AC Qwen-plus,18,random_criterion,release,0.84,708,0.6732825588963745,3.2259606852702882,2.552678126373914,111,11,5
AC Qwen-plus,18,random_criterion,release,0.95,801,0.23698024530646403,1.2945181503096617,1.0575379050031977,111,11,5
AC Qwen-plus,18,disagreement_then_random,release,0.05,42,0.0,3.0,3.0,111,11,5
AC Qwen-plus,18,disagreement_then_random,release,0.2,169,0.17852515230261512,3.5704173320721857,3.3918921797695707,111,11,5
AC Qwen-plus,18,disagreement_then_random,release,0.5,422,0.4927624938255697,4.8541766973842755,4.361414203558706,111,11,5
AC Qwen-plus,18,disagreement_then_random,release,0.84,708,0.29621158430513495,3.3090972715984934,3.0128856872933585,111,11,5
AC Qwen-plus,18,disagreement_then_random,release,0.95,801,0.10613577303867877,1.3111318556298777,1.204996082591199,111,11,5
AC Qwen-plus,19,random_criterion,release,0.05,42,0.1398775193461697,0.644787805221758,0.5049102858755883,107,14,3
AC Qwen-plus,19,random_criterion,release,0.2,169,0.4493676979742347,2.530208846630143,2.0808411486559084,107,14,3
AC Qwen-plus,19,random_criterion,release,0.5,422,0.625592590868635,5.504792769048285,4.87920017817965,107,14,3
AC Qwen-plus,19,random_criterion,release,0.84,708,0.2907684011785532,4.65504389207727,4.3642754908987165,107,14,3
AC Qwen-plus,19,random_criterion,release,0.95,801,0.0971027259602943,1.933344662056502,1.8362419360962077,107,14,3
AC Qwen-plus,19,disagreement_then_random,release,0.05,42,0.0,3.0,3.0,107,14,3
AC Qwen-plus,19,disagreement_then_random,release,0.2,169,0.9903320948678851,5.740110446860295,4.7497783519924095,107,14,3
AC Qwen-plus,19,disagreement_then_random,release,0.5,422,0.8092154715117154,7.189102520913168,6.379887049401453,107,14,3
AC Qwen-plus,19,disagreement_then_random,release,0.84,708,0.32858707557502737,4.7099321563893035,4.381345080814276,107,14,3
AC Qwen-plus,19,disagreement_then_random,release,0.95,801,0.10921761913966024,1.8631756143144056,1.7539579951747453,107,14,3
AC Qwen-plus,20,random_criterion,release,0.05,42,0.1895841962451712,0.4979781597406161,0.3083939634954449,109,12,4
AC Qwen-plus,20,random_criterion,release,0.2,169,0.6418993358748728,1.9843643230999741,1.3424649872251013,109,12,4
AC Qwen-plus,20,random_criterion,release,0.5,422,1.0011862396204034,4.476058731163253,3.4748724915428495,109,12,4
AC Qwen-plus,20,random_criterion,release,0.84,708,0.5386260471170996,3.853729212685775,3.315103165568676,109,12,4
AC Qwen-plus,20,random_criterion,release,0.95,801,0.18958419624517123,1.5902151139119702,1.400630917666799,109,12,4
AC Qwen-plus,20,disagreement_then_random,release,0.05,42,0.0,2.0,2.0,109,12,4
AC Qwen-plus,20,disagreement_then_random,release,0.2,169,0.17852515230261512,4.668398055797708,4.489872903495092,109,12,4
AC Qwen-plus,20,disagreement_then_random,release,0.5,422,0.4927624938255697,6.179782099634336,5.687019605808766,109,12,4
AC Qwen-plus,20,disagreement_then_random,release,0.84,708,0.29621158430513495,4.088305298468135,3.792093714163,109,12,4
AC Qwen-plus,20,disagreement_then_random,release,0.95,801,0.10613577303867877,1.5836113967487098,1.477475623710031,109,12,4
AC Qwen-plus,21,random_criterion,release,0.05,42,0.236980245306464,0.346201846421617,0.109221601115153,107,8,5
AC Qwen-plus,21,random_criterion,release,0.2,169,0.802374169843591,1.3516199641195645,0.5492457942759735,107,8,5
AC Qwen-plus,21,random_criterion,release,0.5,422,1.2514827995255042,2.938212165902853,1.6867293663773486,107,8,5
AC Qwen-plus,21,random_criterion,release,0.84,708,0.6732825588963745,2.508301203495262,1.8350186445988874,107,8,5
AC Qwen-plus,21,random_criterion,release,0.95,801,0.23698024530646403,1.049846967557091,0.812866722250627,107,8,5
AC Qwen-plus,21,disagreement_then_random,release,0.05,42,0.0,2.0,2.0,107,8,5
AC Qwen-plus,21,disagreement_then_random,release,0.2,169,1.2581198233218078,2.4812437465593136,1.2231239232375057,107,8,5
AC Qwen-plus,21,disagreement_then_random,release,0.5,422,1.54835921225007,3.645614419146572,2.097255206896502,107,8,5
AC Qwen-plus,21,disagreement_then_random,release,0.84,708,0.7729044520327297,2.656203363522705,1.8832989114899752,107,8,5
AC Qwen-plus,21,disagreement_then_random,release,0.95,801,0.2684212786976784,1.089063007424258,0.8206417287265796,107,8,5
AC Qwen-plus,22,random_criterion,release,0.05,42,0.1398775193461697,0.5950857683928118,0.4552082490466421,115,13,3
AC Qwen-plus,22,random_criterion,release,0.2,169,0.4493676979742347,2.3383834804394974,1.8890157824652627,115,13,3
AC Qwen-plus,22,random_criterion,release,0.5,422,0.625592590868635,5.1176297435494424,4.492037152680807,115,13,3
AC Qwen-plus,22,random_criterion,release,0.84,708,0.2907684011785532,4.249027292897503,3.958258891718949,115,13,3
AC Qwen-plus,22,random_criterion,release,0.95,801,0.0971027259602943,1.7320882833361821,1.6349855573758878,115,13,3
AC Qwen-plus,22,disagreement_then_random,release,0.05,42,1.0,2.0,1.0,115,13,3
AC Qwen-plus,22,disagreement_then_random,release,0.2,169,1.7128764612818475,2.975523722570149,1.2626472612883015,115,13,3
AC Qwen-plus,22,disagreement_then_random,release,0.5,422,0.8792872022850762,5.656738498491179,4.777451296206102,115,13,3
AC Qwen-plus,22,disagreement_then_random,release,0.84,708,0.2128567746923523,4.417397882254407,4.204541107562054,115,13,3
AC Qwen-plus,22,disagreement_then_random,release,0.95,801,0.05923157872130232,1.7668562411989992,1.707624662477697,115,13,3
AC Qwen-plus,23,random_criterion,release,0.05,42,0.1918948240828799,0.5926553559682474,0.4007605318853675,112,13,5
AC Qwen-plus,23,random_criterion,release,0.2,169,0.6739561398067927,2.2979862404183438,1.624030100611551,112,13,5
AC Qwen-plus,23,random_criterion,release,0.5,422,1.126483328467071,4.909966550061823,3.783483221594752,112,13,5
AC Qwen-plus,23,random_criterion,release,0.84,708,0.6518271812763712,4.118895037193435,3.467067855917064,112,13,5
AC Qwen-plus,23,random_criterion,release,0.95,801,0.23466961746875534,1.712103806645631,1.4774341891768759,112,13,5
AC Qwen-plus,23,disagreement_then_random,release,0.05,42,0.0,3.0,3.0,112,13,5
AC Qwen-plus,23,disagreement_then_random,release,0.2,169,1.2581198233218078,3.6702642401623327,2.412144416840525,112,13,5
AC Qwen-plus,23,disagreement_then_random,release,0.5,422,1.54835921225007,5.34474467632813,3.79638546407806,112,13,5
AC Qwen-plus,23,disagreement_then_random,release,0.84,708,0.7729044520327297,3.9863530442918718,3.213448592259142,112,13,5
AC Qwen-plus,23,disagreement_then_random,release,0.95,801,0.2684212786976784,1.6364521562573042,1.368030877559626,112,13,5
AC Qwen-plus,24,random_criterion,release,0.05,42,0.18947416634813746,0.5453793336741619,0.35590516732602445,115,12,5
AC Qwen-plus,24,random_criterion,release,0.2,169,0.6355261379503125,2.1461487711714735,1.510622633221161,115,12,5
AC Qwen-plus,24,random_criterion,release,0.5,422,0.9385376951970696,4.765417326670023,3.826879631472953,115,12,5
AC Qwen-plus,24,random_criterion,release,0.84,708,0.4434831891213309,4.124743689033465,3.6812604999121348,115,12,5
AC Qwen-plus,24,random_criterion,release,0.95,801,0.14669937296226204,1.7152935156250226,1.5685941426627605,115,12,5
AC Qwen-plus,24,disagreement_then_random,release,0.05,42,0.0,2.0,2.0,115,12,5
AC Qwen-plus,24,disagreement_then_random,release,0.2,169,0.2590529187232987,4.661440439793273,4.402387521069974,115,12,5
AC Qwen-plus,24,disagreement_then_random,release,0.5,422,0.6314757963770035,6.1992577632916985,5.567781966914695,115,12,5
AC Qwen-plus,24,disagreement_then_random,release,0.84,708,0.3228150375872315,4.369638821344623,4.046823783757391,115,12,5
AC Qwen-plus,24,disagreement_then_random,release,0.95,801,0.10905237269992933,1.7553018310854949,1.6462494583855656,115,12,5
AC Qwen-plus,25,random_criterion,release,0.05,42,0.09248147028487691,0.4504667342346575,0.3579852639497806,110,11,2
AC Qwen-plus,25,random_criterion,release,0.2,169,0.2888928640055165,1.8160070437675013,1.527114179761985,110,11,2
AC Qwen-plus,25,random_criterion,release,0.5,422,0.3752960309635341,4.1162205566347545,3.7409245256712205,110,11,2
AC Qwen-plus,25,random_criterion,release,0.84,708,0.15611188939927828,3.476819331824144,3.3207074424248657,110,11,2
AC Qwen-plus,25,random_criterion,release,0.95,801,0.04970667689900149,1.420351610406808,1.3706449335078064,110,11,2
AC Qwen-plus,25,disagreement_then_random,release,0.05,42,1.0,2.0,1.0,110,11,2
AC Qwen-plus,25,disagreement_then_random,release,0.2,169,0.9010695187165776,3.669250592010084,2.7681810732935066,110,11,2
AC Qwen-plus,25,disagreement_then_random,release,0.5,422,0.5628342245989305,5.242444338410093,4.6796101138111625,110,11,2
AC Qwen-plus,25,disagreement_then_random,release,0.84,708,0.1804812834224599,3.5565150528174465,3.3760337693949865,110,11,2
AC Qwen-plus,25,disagreement_then_random,release,0.95,801,0.05614973262032086,1.3794628240094031,1.3233130913890823,110,11,2
AC Qwen-plus,26,random_criterion,release,0.05,42,0.1398775193461697,0.5926655852077809,0.4527880658616112,111,12,3
AC Qwen-plus,26,random_criterion,release,0.2,169,0.4493676979742347,2.300508173327705,1.8511404753534701,111,12,3
AC Qwen-plus,26,random_criterion,release,0.5,422,0.625592590868635,4.972540423991208,4.346947833122573,111,12,3
AC Qwen-plus,26,random_criterion,release,0.84,708,0.2907684011785532,4.278789470773928,3.9880210695953746,111,12,3
AC Qwen-plus,26,random_criterion,release,0.95,801,0.0971027259602943,1.7936820878846351,1.6965793619243408,111,12,3
AC Qwen-plus,26,disagreement_then_random,release,0.05,42,0.0,3.0,3.0,111,12,3
AC Qwen-plus,26,disagreement_then_random,release,0.2,169,0.2590529187232987,4.661440504561231,4.402387585837932,111,12,3
AC Qwen-plus,26,disagreement_then_random,release,0.5,422,0.6314757963770035,6.200929385312918,5.5694535889359145,111,12,3
AC Qwen-plus,26,disagreement_then_random,release,0.84,708,0.3228150375872315,4.4145883467794595,4.091773309192228,111,12,3
AC Qwen-plus,26,disagreement_then_random,release,0.95,801,0.10905237269992933,1.7930610585487692,1.68400868584884,111,12,3
AC Qwen-plus,27,random_criterion,release,0.05,42,0.1421881471838784,0.5949708660563628,0.45278271887248445,111,13,3
AC Qwen-plus,27,random_criterion,release,0.2,169,0.4814245019061546,2.3310462446928706,1.849621742786716,111,13,3
AC Qwen-plus,27,random_criterion,release,0.5,422,0.7508896797153026,5.047075494033765,4.296185814318463,111,13,3
AC Qwen-plus,27,random_criterion,release,0.84,708,0.4039695353378247,4.197511260185998,3.793541724848173,111,13,3
AC Qwen-plus,27,random_criterion,release,0.95,801,0.14218814718387843,1.7241010220074902,1.5819128748236118,111,13,3
AC Qwen-plus,27,disagreement_then_random,release,0.05,42,0.0,1.0,1.0,111,13,3
AC Qwen-plus,27,disagreement_then_random,release,0.2,169,0.2677877284539227,2.9564546187110365,2.688666890257114,111,13,3
AC Qwen-plus,27,disagreement_then_random,release,0.5,422,0.7391437407383545,5.3806692678949,4.641525527156546,111,13,3
AC Qwen-plus,27,disagreement_then_random,release,0.84,708,0.4443173764577024,4.178636158610181,3.734318782152479,111,13,3
AC Qwen-plus,27,disagreement_then_random,release,0.95,801,0.15920365955801816,1.6988302560704778,1.5396265965124596,111,13,3
AC Qwen-plus,28,random_criterion,release,0.05,42,0.2820656665300481,0.4954423681830541,0.21337670165300598,109,11,7
AC Qwen-plus,28,random_criterion,release,0.2,169,0.9307921998803893,1.9383582896399139,1.0075660897595244,109,11,7
AC Qwen-plus,28,random_criterion,release,0.5,422,1.3764822705839375,4.2058216637462476,2.82933939316231,109,11,7
AC Qwen-plus,28,random_criterion,release,0.84,708,0.6947379365163778,3.574074727183506,2.879336790667128,109,11,7
AC Qwen-plus,28,random_criterion,release,0.95,801,0.23929087314417272,1.490547973475092,1.2512571003309192,109,11,7
AC Qwen-plus,28,disagreement_then_random,release,0.05,42,1.0,3.0,2.0,109,11,7
AC Qwen-plus,28,disagreement_then_random,release,0.2,169,1.9806641897357702,3.58092110482191,1.6002569150861397,109,11,7
AC Qwen-plus,28,disagreement_then_random,release,0.5,422,1.6184309430234307,5.077909084064169,3.459478141040738,109,11,7
AC Qwen-plus,28,disagreement_then_random,release,0.84,708,0.6571741511500547,3.7565464209341135,3.099372269784059,109,11,7
AC Qwen-plus,28,disagreement_then_random,release,0.95,801,0.2184352382793205,1.5386046029964078,1.3201693647170873,109,11,7
AC Qwen-plus,29,random_criterion,release,0.05,42,0.09259150018191066,0.3933778249948614,0.30078632481295076,109,9,3
AC Qwen-plus,29,random_criterion,release,0.2,169,0.29526606193007676,1.4992902694635013,1.2040242075334247,109,9,3
AC Qwen-plus,29,random_criterion,release,0.5,422,0.43794457538686793,3.0515675897202623,2.6136230143333945,109,9,3
AC Qwen-plus,29,random_criterion,release,0.84,708,0.25125474739504694,2.3488924178442145,2.0976376704491675,109,9,3
AC Qwen-plus,29,random_criterion,release,0.95,801,0.09259150018191067,0.9394963020805385,0.8469048018986278,109,9,3
AC Qwen-plus,29,disagreement_then_random,release,0.05,42,0.0,3.0,3.0,109,9,3
AC Qwen-plus,29,disagreement_then_random,release,0.2,169,0.17852515230261512,3.284307519150955,3.10578236684834,109,9,3
AC Qwen-plus,29,disagreement_then_random,release,0.5,422,0.4927624938255697,3.839977042728754,3.3472145489031844,109,9,3
AC Qwen-plus,29,disagreement_then_random,release,0.84,708,0.29621158430513495,2.4002884137706424,2.1040768294655074,109,9,3
AC Qwen-plus,29,disagreement_then_random,release,0.95,801,0.10613577303867877,0.921954851054168,0.8158190780154893,109,9,3
AC Qwen-plus,30,random_criterion,release,0.05,42,0.1918948240828799,0.490480561207642,0.2985857371247621,108,10,5
AC Qwen-plus,30,random_criterion,release,0.2,169,0.6739561398067927,1.8523453889809582,1.1783892491741654,108,10,5
AC Qwen-plus,30,random_criterion,release,0.5,422,1.126483328467071,3.685232897014109,2.5587495685470376,108,10,5
AC Qwen-plus,30,random_criterion,release,0.84,708,0.6518271812763712,2.7878173233402057,2.1359901420638345,108,10,5
AC Qwen-plus,30,random_criterion,release,0.95,801,0.23466961746875534,1.1162670334589677,0.8815974159902124,108,10,5
AC Qwen-plus,30,disagreement_then_random,release,0.05,42,0.0,3.0,3.0,108,10,5
AC Qwen-plus,30,disagreement_then_random,release,0.2,169,0.35705030460523024,3.46368513645963,3.1066348318544,108,10,5
AC Qwen-plus,30,disagreement_then_random,release,0.5,422,0.9855249876511394,4.3924595617487885,3.406934574097649,108,10,5
AC Qwen-plus,30,disagreement_then_random,release,0.84,708,0.5924231686102699,2.917986801704985,2.325563633094715,108,10,5
AC Qwen-plus,30,disagreement_then_random,release,0.95,801,0.21227154607735754,1.1577613953943615,0.945489849317004,108,10,5
AC Qwen-plus,31,random_criterion,release,0.05,42,0.3294617155913409,0.4954370109414411,0.1659752953501002,110,11,7
AC Qwen-plus,31,random_criterion,release,0.2,169,1.0912670338491075,1.936790909425059,0.8455238755759515,110,11,7
AC Qwen-plus,31,random_criterion,release,0.5,422,1.6267788304890385,4.14728454630516,2.520505715816122,110,11,7
AC Qwen-plus,31,random_criterion,release,0.84,708,0.8293944482956528,3.3231846346581335,2.4937901863624807,110,11,7
AC Qwen-plus,31,random_criterion,release,0.95,801,0.28668692220546554,1.338988274342105,1.0523013521366396,110,11,7
AC Qwen-plus,31,disagreement_then_random,release,0.05,42,2.0,3.0,1.0,110,11,7
AC Qwen-plus,31,disagreement_then_random,release,0.2,169,2.9709962846036553,3.658746884028318,0.6877505994246627,110,11,7
AC Qwen-plus,31,disagreement_then_random,release,0.5,422,2.427646414535146,5.0203835737514195,2.5927371592162736,110,11,7
AC Qwen-plus,31,disagreement_then_random,release,0.84,708,0.985761226725082,3.1540154289166624,2.1682542021915805,110,11,7
AC Qwen-plus,31,disagreement_then_random,release,0.95,801,0.3276528574189807,1.1897493041061473,0.8620964466871666,110,11,7
AC Qwen-plus,32,random_criterion,release,0.05,42,0.1872735684074625,0.5427281447254669,0.3554545763180044,103,11,4
AC Qwen-plus,32,random_criterion,release,0.2,169,0.6098425319429529,2.0921535119238976,1.4823109799809449,103,11,4
AC Qwen-plus,32,random_criterion,release,0.5,422,0.8758891507737359,4.3662194987516205,3.490330347977885,103,11,4
AC Qwen-plus,32,random_criterion,release,0.84,708,0.4254249129578281,3.4426455052318845,3.0172205922740565,103,11,4
AC Qwen-plus,32,random_criterion,release,0.95,801,0.14449877502158712,1.3842886407399906,1.2397898657184034,103,11,4
AC Qwen-plus,32,disagreement_then_random,release,0.05,42,1.0,3.0,2.0,103,11,4
AC Qwen-plus,32,disagreement_then_random,release,0.2,169,0.9903320948678851,4.560580013086793,3.5702479182189077,103,11,4
AC Qwen-plus,32,disagreement_then_random,release,0.5,422,0.8092154715117154,5.609732690472246,4.800517218960531,103,11,4
AC Qwen-plus,32,disagreement_then_random,release,0.84,708,0.32858707557502737,3.352444108046493,3.0238570324714655,103,11,4
AC Qwen-plus,32,disagreement_then_random,release,0.95,801,0.10921761913966024,1.248510653136714,1.1392930339970537,103,11,4
AC Qwen-plus,33,random_criterion,release,0.05,42,0.236980245306464,0.4480512013721681,0.21107095606570409,107,11,5
AC Qwen-plus,33,random_criterion,release,0.2,169,0.802374169843591,1.7788866560138024,0.9765124861702114,107,11,5
AC Qwen-plus,33,random_criterion,release,0.5,422,1.2514827995255042,3.9673369589664222,2.715854159440918,107,11,5
AC Qwen-plus,33,random_criterion,release,0.84,708,0.6732825588963745,3.4048333042375196,2.731550745341145,107,11,5
AC Qwen-plus,33,random_criterion,release,0.95,801,0.23698024530646403,1.4100637185520757,1.1730834732456117,107,11,5
AC Qwen-plus,33,disagreement_then_random,release,0.05,42,1.0,1.0,0.0,107,11,5
AC Qwen-plus,33,disagreement_then_random,release,0.2,169,1.9806641897357702,1.7875168123514207,-0.1931473773843495,107,11,5
AC Qwen-plus,33,disagreement_then_random,release,0.5,422,1.6184309430234307,4.0582369572064385,2.4398060141830076,107,11,5
AC Qwen-plus,33,disagreement_then_random,release,0.84,708,0.6571741511500547,3.472136667524828,2.8149625163747736,107,11,5
AC Qwen-plus,33,disagreement_then_random,release,0.95,801,0.2184352382793205,1.4386971971505815,1.220261958871261,107,11,5
AC Qwen-plus,34,random_criterion,release,0.05,42,0.2843762943677568,0.4930161212788333,0.20863982691107652,111,11,7
AC Qwen-plus,34,random_criterion,release,0.2,169,0.9628490038123092,1.8981126265840653,0.9352636227717561,111,11,7
AC Qwen-plus,34,random_criterion,release,0.5,422,1.501779359430605,3.943732779799787,2.441953420369182,111,11,7
AC Qwen-plus,34,random_criterion,release,0.84,708,0.8079390706756493,3.0476773482067525,2.239738277531103,111,11,7
AC Qwen-plus,34,random_criterion,release,0.95,801,0.28437629436775685,1.2122245392941533,0.9278482449263965,111,11,7
AC Qwen-plus,34,disagreement_then_random,release,0.05,42,0.0,4.0,4.0,111,11,7
AC Qwen-plus,34,disagreement_then_random,release,0.2,169,1.2581198233218078,4.471317436935485,3.2131976136136773,111,11,7
AC Qwen-plus,34,disagreement_then_random,release,0.5,422,1.54835921225007,5.363351443559461,3.814992231309391,111,11,7
AC Qwen-plus,34,disagreement_then_random,release,0.84,708,0.7729044520327297,3.204338315893926,2.431433863861196,111,11,7
AC Qwen-plus,34,disagreement_then_random,release,0.95,801,0.26842127869767834,1.1954427666173757,0.9270214879196974,111,11,7
AC Qwen-plus,35,random_criterion,release,0.05,42,0.1398775193461697,0.5949652773283791,0.4550877579822094,111,13,3
AC Qwen-plus,35,random_criterion,release,0.2,169,0.4493676979742347,2.3292400686210626,1.8798723706468279,111,13,3
AC Qwen-plus,35,random_criterion,release,0.5,422,0.625592590868635,4.976801191961353,4.351208601092718,111,13,3
AC Qwen-plus,35,random_criterion,release,0.84,708,0.2907684011785532,3.9268267070249,3.6360583058463467,111,13,3
AC Qwen-plus,35,random_criterion,release,0.95,801,0.0971027259602943,1.5688316882728106,1.4717289623125163,111,13,3
AC Qwen-plus,35,disagreement_then_random,release,0.05,42,0.0,3.0,3.0,111,13,3
AC Qwen-plus,35,disagreement_then_random,release,0.2,169,0.0,4.758504801480029,4.758504801480029,111,13,3
AC Qwen-plus,35,disagreement_then_random,release,0.5,422,0.0,6.473132584020192,6.473132584020192,111,13,3
AC Qwen-plus,35,disagreement_then_random,release,0.84,708,0.0,4.336059317533263,4.336059317533263,111,13,3
AC Qwen-plus,35,disagreement_then_random,release,0.95,801,0.0,1.6840705664198516,1.6840705664198516,111,13,3
AC Qwen-plus,36,random_criterion,release,0.05,42,0.1398775193461697,0.4481614631970672,0.30828394385089747,110,11,3
AC Qwen-plus,36,random_criterion,release,0.2,169,0.4493676979742347,1.785508134922876,1.3361404369486414,110,11,3
AC Qwen-plus,36,random_criterion,release,0.5,422,0.625592590868635,4.045591636625128,3.4199990457564926,110,11,3
AC Qwen-plus,36,random_criterion,release,0.84,708,0.2907684011785532,3.5671394565296293,3.276371055351076,110,11,3
AC Qwen-plus,36,random_criterion,release,0.95,801,0.0971027259602943,1.4917420323764432,1.3946393064161489,110,11,3
AC Qwen-plus,36,disagreement_then_random,release,0.05,42,2.0,1.0,-1.0,110,11,3
AC Qwen-plus,36,disagreement_then_random,release,0.2,169,1.8021390374331552,2.67993208052649,0.8777930430933347,110,11,3
AC Qwen-plus,36,disagreement_then_random,release,0.5,422,1.125668449197861,4.533857582795195,3.4081891335973333,110,11,3
AC Qwen-plus,36,disagreement_then_random,release,0.84,708,0.3609625668449198,3.612816443282009,3.2518538764370892,110,11,3
AC Qwen-plus,36,disagreement_then_random,release,0.95,801,0.11229946524064172,1.4894753096543702,1.3771758444137285,110,11,3
AC Qwen-plus,37,random_criterion,release,0.05,42,0.2820656665300481,0.5452644108327405,0.26319874430269236,109,12,6
AC Qwen-plus,37,random_criterion,release,0.2,169,0.9307921998803893,2.1387142401286456,1.2079220402482562,109,12,6
AC Qwen-plus,37,random_criterion,release,0.5,422,1.3764822705839375,4.67931287988039,3.3028306092964526,109,12,6
AC Qwen-plus,37,random_criterion,release,0.84,708,0.6947379365163778,3.960406160765622,3.2656682242492443,109,12,6
AC Qwen-plus,37,random_criterion,release,0.95,801,0.23929087314417272,1.6335198302318101,1.3942289570876374,109,12,6
AC Qwen-plus,37,disagreement_then_random,release,0.05,42,1.0,2.0,1.0,109,12,6
AC Qwen-plus,37,disagreement_then_random,release,0.2,169,1.8914016135844627,3.7779128042520127,1.88651119066755,109,12,6
AC Qwen-plus,37,disagreement_then_random,release,0.5,422,1.3720496961106459,5.859462985045254,4.487413288934608,109,12,6
AC Qwen-plus,37,disagreement_then_random,release,0.84,708,0.5090683589974873,4.39202447015165,3.882956111154163,109,12,6
AC Qwen-plus,37,disagreement_then_random,release,0.95,801,0.1653673517599811,1.7619548507732006,1.5965874990132194,109,12,6
AC Qwen-plus,38,random_criterion,release,0.05,42,0.1872735684074625,0.34840267629015725,0.16112910788269474,110,9,4
AC Qwen-plus,38,random_criterion,release,0.2,169,0.6098425319429529,1.3775518511114377,0.7677093191684848,110,9,4
AC Qwen-plus,38,random_criterion,release,0.5,422,0.8758891507737359,3.016466843561558,2.140577692787822,110,9,4
AC Qwen-plus,38,random_criterion,release,0.84,708,0.4254249129578281,2.5935227739551054,2.1680978609972774,110,9,4
AC Qwen-plus,38,random_criterion,release,0.95,801,0.14449877502158712,1.090841056039224,0.946342281017637,110,9,4
AC Qwen-plus,38,disagreement_then_random,release,0.05,42,3.0,1.0,-2.0,110,9,4
AC Qwen-plus,38,disagreement_then_random,release,0.2,169,2.7032085561497325,1.4918363804115573,-1.2113721757381752,110,9,4
AC Qwen-plus,38,disagreement_then_random,release,0.5,422,1.6885026737967914,2.903822530459105,1.2153198566623136,110,9,4
AC Qwen-plus,38,disagreement_then_random,release,0.84,708,0.5414438502673796,2.5089653460654286,1.967521495798049,110,9,4
AC Qwen-plus,38,disagreement_then_random,release,0.95,801,0.16844919786096257,1.07201633817796,0.9035671403169974,110,9,4
AC Qwen-plus,39,random_criterion,release,0.05,42,0.3768577646526337,0.49301100665906655,0.11615324200643284,106,10,8
AC Qwen-plus,39,random_criterion,release,0.2,169,1.2517418678178256,1.8968516601293846,0.645109792311559,106,10,8
AC Qwen-plus,39,random_criterion,release,0.5,422,1.8770753903941393,3.912445842835095,2.0353704524409557,106,10,8
AC Qwen-plus,39,random_criterion,release,0.84,708,0.9640509600749277,2.9677301314165048,2.003679171341577,106,10,8
AC Qwen-plus,39,random_criterion,release,0.95,801,0.33408297126675834,1.1714353986746513,0.837352427407893,106,10,8
AC Qwen-plus,39,disagreement_then_random,release,0.05,42,1.0,2.0,1.0,106,10,8
AC Qwen-plus,39,disagreement_then_random,release,0.2,169,3.0515240510243387,2.6772301580801723,-0.3742938929441664,106,10,8
AC Qwen-plus,39,disagreement_then_random,release,0.5,422,2.5663597170865797,4.339290391952232,1.772930674865652,106,10,8
AC Qwen-plus,39,disagreement_then_random,release,0.84,708,1.0123646800071788,3.028631523417297,2.016266843410118,106,10,8
AC Qwen-plus,39,disagreement_then_random,release,0.95,801,0.3305694570802313,1.175462638566131,0.8448931814858998,106,10,8
AC Qwen-plus,40,random_criterion,release,0.05,42,0.1895841962451712,0.44319453179089663,0.25361033554572543,107,9,5
AC Qwen-plus,40,random_criterion,release,0.2,169,0.6418993358748728,1.6981951052886997,1.0562957694138269,107,9,5
AC Qwen-plus,40,random_criterion,release,0.5,422,1.0011862396204034,3.489809782895365,2.4886235432749615,107,9,5
AC Qwen-plus,40,random_criterion,release,0.84,708,0.5386260471170996,2.69189292177853,2.1532668746614307,107,9,5
AC Qwen-plus,40,random_criterion,release,0.95,801,0.18958419624517123,1.0748625956483249,0.8852783994031537,107,9,5
AC Qwen-plus,40,disagreement_then_random,release,0.05,42,0.0,2.0,2.0,107,9,5
AC Qwen-plus,40,disagreement_then_random,release,0.2,169,1.0795946710191928,2.5800769417292537,1.500482270710061,107,9,5
AC Qwen-plus,40,disagreement_then_random,release,0.5,422,1.0555967184245003,4.032210438151168,2.9766137197266676,107,9,5
AC Qwen-plus,40,disagreement_then_random,release,0.84,708,0.47669286772759484,2.8586716193068202,2.3819787515792252,107,9,5
AC Qwen-plus,40,disagreement_then_random,release,0.95,801,0.16228550565899963,1.1196347483405091,0.9573492426815096,107,9,5
AC Qwen-plus,41,random_criterion,release,0.05,42,0.09710272596029429,0.4978681400960686,0.4007654141357743,115,12,3
AC Qwen-plus,41,random_criterion,release,0.2,169,0.3530064718693563,1.9780397728235144,1.6250333009541582,115,12,3
AC Qwen-plus,41,random_criterion,release,0.5,422,0.6258902086568694,4.421185285376896,3.795295076720026,115,12,3
AC Qwen-plus,41,random_criterion,release,0.84,708,0.3825141577178213,3.814997102468176,3.4324829447503546,115,12,3
AC Qwen-plus,41,random_criterion,release,0.95,801,0.13987751934616974,1.5842235026613203,1.4443459833151506,115,12,3
AC Qwen-plus,41,disagreement_then_random,release,0.05,42,0.0,1.0,1.0,115,12,3
AC Qwen-plus,41,disagreement_then_random,release,0.2,169,0.17852515230261512,1.9748573335737754,1.7963321812711603,115,12,3
AC Qwen-plus,41,disagreement_then_random,release,0.5,422,0.4927624938255697,4.679121740744536,4.1863592469189665,115,12,3
AC Qwen-plus,41,disagreement_then_random,release,0.84,708,0.29621158430513495,3.971551421905625,3.67533983760049,115,12,3
AC Qwen-plus,41,disagreement_then_random,release,0.95,801,0.10613577303867877,1.639763923788907,1.5336281507502283,115,12,3
AC Qwen-plus,42,random_criterion,release,0.05,42,0.0947920981225856,0.5949659940584423,0.5001738959358567,105,13,2
AC Qwen-plus,42,random_criterion,release,0.2,169,0.3209496679374364,2.3300916919983643,2.009142024060928,105,13,2
AC Qwen-plus,42,random_criterion,release,0.5,422,0.5005931198102017,5.0430387375454675,4.5424456177352655,105,13,2
AC Qwen-plus,42,random_criterion,release,0.84,708,0.2693130235585498,4.288506919130876,4.019193895572326,105,13,2
AC Qwen-plus,42,random_criterion,release,0.95,801,0.09479209812258561,1.7940824399014748,1.6992903417788892,105,13,2
AC Qwen-plus,42,disagreement_then_random,release,0.05,42,0.0,2.0,2.0,105,13,2
AC Qwen-plus,42,disagreement_then_random,release,0.2,169,0.17852515230261512,2.8760233614172748,2.6974982091146598,105,13,2
AC Qwen-plus,42,disagreement_then_random,release,0.5,422,0.4927624938255697,5.2857247171376995,4.79296222331213,105,13,2
AC Qwen-plus,42,disagreement_then_random,release,0.84,708,0.29621158430513495,4.467487730480132,4.171276146174996,105,13,2
AC Qwen-plus,42,disagreement_then_random,release,0.95,801,0.10613577303867877,1.903040687555924,1.7969049145172453,105,13,2
AC Qwen-plus,43,random_criterion,release,0.05,42,0.1895841962451712,0.39591386986825056,0.20632967362307936,109,9,4
AC Qwen-plus,43,random_criterion,release,0.2,169,0.6418993358748728,1.5456608494593966,0.9037615135845238,109,9,4
AC Qwen-plus,43,random_criterion,release,0.5,422,1.0011862396204034,3.360698884854685,2.3595126452342816,109,9,4
AC Qwen-plus,43,random_criterion,release,0.84,708,0.5386260471170996,2.9032693605203956,2.3646433134032963,109,9,4
AC Qwen-plus,43,random_criterion,release,0.95,801,0.18958419624517123,1.2219110690029291,1.032326872757758,109,9,4
AC Qwen-plus,43,disagreement_then_random,release,0.05,42,1.0,1.0,0.0,109,9,4
AC Qwen-plus,43,disagreement_then_random,release,0.2,169,1.8914016135844627,1.5818625669047628,-0.3095390466796999,109,9,4
AC Qwen-plus,43,disagreement_then_random,release,0.5,422,1.3720496961106459,3.176718669493787,1.804668973383141,109,9,4
AC Qwen-plus,43,disagreement_then_random,release,0.84,708,0.5090683589974873,2.675018533925366,2.1659501749278784,109,9,4
AC Qwen-plus,43,disagreement_then_random,release,0.95,801,0.1653673517599811,1.1276958411075473,0.9623284893475662,109,9,4
AC Qwen-plus,44,random_criterion,release,0.05,42,0.1895841962451712,0.447935814675016,0.2583516184298448,108,11,5
AC Qwen-plus,44,random_criterion,release,0.2,169,0.6418993358748728,1.7709555630019476,1.1290562271270748,108,11,5
AC Qwen-plus,44,random_criterion,release,0.5,422,1.0011862396204034,3.8500202457060473,2.848834006085644,108,11,5
AC Qwen-plus,44,random_criterion,release,0.84,708,0.5386260471170996,3.1061691873769943,2.567543140259895,108,11,5
AC Qwen-plus,44,random_criterion,release,0.95,801,0.18958419624517123,1.2507030520759468,1.0611188558307756,108,11,5
AC Qwen-plus,44,disagreement_then_random,release,0.05,42,2.0,2.0,0.0,108,11,5
AC Qwen-plus,44,disagreement_then_random,release,0.2,169,2.7924711323010403,2.7672563445733775,-0.025214787727662724,108,11,5
AC Qwen-plus,44,disagreement_then_random,release,0.5,422,1.9348839207095763,4.612186530986912,2.6773026102773354,108,11,5
AC Qwen-plus,44,disagreement_then_random,release,0.84,708,0.6895496424199472,3.194684711277235,2.505135068857288,108,11,5
AC Qwen-plus,44,disagreement_then_random,release,0.95,801,0.22151708438030196,1.2311421414957184,1.0096250571154164,108,11,5
AC Qwen-plus,45,random_criterion,release,0.05,42,0.1872735684074625,0.4905954635440909,0.3033218951366284,110,10,5
AC Qwen-plus,45,random_criterion,release,0.2,169,0.6098425319429529,1.859682624727585,1.2498400927846323,110,10,5
AC Qwen-plus,45,random_criterion,release,0.5,422,0.8758891507737359,3.7557871465297863,2.8798979957560507,110,10,5
AC Qwen-plus,45,random_criterion,release,0.84,708,0.4254249129578281,2.8393333560517116,2.4139084430938835,110,10,5
AC Qwen-plus,45,random_criterion,release,0.95,801,0.1444987750215871,1.1242542947876597,0.9797555197660726,110,10,5
AC Qwen-plus,45,disagreement_then_random,release,0.05,42,2.0,2.0,0.0,110,10,5
AC Qwen-plus,45,disagreement_then_random,release,0.2,169,1.9631945702745224,2.5704979624676167,0.6073033921930944,110,10,5
AC Qwen-plus,45,disagreement_then_random,release,0.5,422,1.4030950543007288,3.8775732563167447,2.474478202016016,110,10,5
AC Qwen-plus,45,disagreement_then_random,release,0.84,708,0.4141694734091129,2.6375210535237876,2.2233515801146746,110,10,5
AC Qwen-plus,45,disagreement_then_random,release,0.95,801,0.11813266456314282,1.022092178330615,0.9039595137674721,110,10,5
AC Qwen-plus,46,random_criterion,release,0.05,42,0.04970667689900149,0.5927646793877043,0.5430580024887028,111,12,2
AC Qwen-plus,46,random_criterion,release,0.2,169,0.19253163790063813,2.303556462613703,2.1110248247130645,111,12,2
AC Qwen-plus,46,random_criterion,release,0.5,422,0.3755936487517685,4.914152647538019,4.538558998786251,111,12,2
AC Qwen-plus,46,random_criterion,release,0.84,708,0.24785764593854642,3.9087684308613966,3.66091078492285,111,12,2
AC Qwen-plus,46,random_criterion,release,0.95,801,0.09248147028487692,1.5666310903321374,1.4741496200472606,111,12,2
AC Qwen-plus,46,disagreement_then_random,release,0.05,42,0.0,3.0,3.0,111,12,2
AC Qwen-plus,46,disagreement_then_random,release,0.2,169,0.08926257615130756,3.7671674187029,3.6779048425515923,111,12,2
AC Qwen-plus,46,disagreement_then_random,release,0.5,422,0.24638124691278485,5.576039184333051,5.329657937420266,111,12,2
AC Qwen-plus,46,disagreement_then_random,release,0.84,708,0.14810579215256747,3.7444223526352935,3.596316560482726,111,12,2
AC Qwen-plus,46,disagreement_then_random,release,0.95,801,0.053067886519339386,1.4379023306452723,1.3848344441259328,111,12,2
AC Qwen-plus,47,random_criterion,release,0.05,42,0.1895841962451712,0.34609180583060234,0.15650760958543114,107,9,4
AC Qwen-plus,47,random_criterion,release,0.2,169,0.6418993358748728,1.3451886334193435,0.7032892975444707,107,9,4
AC Qwen-plus,47,random_criterion,release,0.5,422,1.0011862396204034,2.8639195742384955,1.862733334618092,107,9,4
AC Qwen-plus,47,random_criterion,release,0.84,708,0.5386260471170996,2.3093787640607077,1.7707527169436081,107,9,4
AC Qwen-plus,47,random_criterion,release,0.95,801,0.18958419624517123,0.9349850763021532,0.745400880056982,107,9,4
AC Qwen-plus,47,disagreement_then_random,release,0.05,42,0.0,2.0,2.0,107,9,4
AC Qwen-plus,47,disagreement_then_random,release,0.2,169,0.2677877284539227,3.2938864984125926,3.02609876995867,107,9,4
AC Qwen-plus,47,disagreement_then_random,release,0.5,422,0.7391437407383545,3.9946142245631777,3.255470483824823,107,9,4
AC Qwen-plus,47,disagreement_then_random,release,0.84,708,0.4443173764577024,2.621438979553674,2.177121603095972,107,9,4
AC Qwen-plus,47,disagreement_then_random,release,0.95,801,0.15920365955801816,1.0194974210640622,0.860293761506044,107,9,4
AC Qwen-plus,48,random_criterion,release,0.05,42,0.14438874512455335,0.44330967630769713,0.2989209311831438,110,9,4
AC Qwen-plus,48,random_criterion,release,0.2,169,0.5071081079135142,1.7058292696679405,1.1987211617544262,110,9,4
AC Qwen-plus,48,random_criterion,release,0.5,422,0.8135382241386364,3.583745264283391,2.7702070401447547,110,9,4
AC Qwen-plus,48,random_criterion,release,0.84,708,0.42202781150132757,2.8669829965645457,2.4449551850632183,110,9,4
AC Qwen-plus,48,random_criterion,release,0.95,801,0.14438874512455335,1.1585365595507353,1.014147814426182,110,9,4
AC Qwen-plus,48,disagreement_then_random,release,0.05,42,1.0,1.0,0.0,110,9,4
AC Qwen-plus,48,disagreement_then_random,release,0.2,169,1.8021390374331552,1.6799321517328054,-0.12220688570034977,110,9,4
AC Qwen-plus,48,disagreement_then_random,release,0.5,422,1.125668449197861,3.5367997963764877,2.4111313471786264,110,9,4
AC Qwen-plus,48,disagreement_then_random,release,0.84,708,0.3609625668449198,2.8595393940021117,2.498576827157192,110,9,4
AC Qwen-plus,48,disagreement_then_random,release,0.95,801,0.11229946524064172,1.1556559656135494,1.0433565003729077,110,9,4
AC Qwen-plus,49,random_criterion,release,0.05,42,0.23235898963104662,0.6423666729373041,0.4100076833062575,115,14,5
AC Qwen-plus,49,random_criterion,release,0.2,169,0.7382605619797511,2.491224150028975,1.7529635880492238,115,14,5
AC Qwen-plus,49,random_criterion,release,0.5,422,1.000888621832169,5.273990822066517,4.273102200234348,115,14,5
AC Qwen-plus,49,random_criterion,release,0.84,708,0.44688029057783146,4.2085937298907625,3.7617134393129312,115,14,5
AC Qwen-plus,49,random_criterion,release,0.95,801,0.1468094028592958,1.6958103684950636,1.5490009656357677,115,14,5
AC Qwen-plus,49,disagreement_then_random,release,0.05,42,1.0,3.0,2.0,115,14,5
AC Qwen-plus,49,disagreement_then_random,release,0.2,169,0.9815972851372612,4.758424242290913,3.776826957153652,115,14,5
AC Qwen-plus,49,disagreement_then_random,release,0.5,422,0.7015475271503644,6.452678238669015,5.75113071151865,115,14,5
AC Qwen-plus,49,disagreement_then_random,release,0.84,708,0.20708473670455646,4.254358486328074,4.047273749623518,115,14,5
AC Qwen-plus,49,disagreement_then_random,release,0.95,801,0.05906633228157141,1.6392908996782953,1.580224567396724,115,14,5
AC Qwen-plus,50,random_criterion,release,0.05,42,0.08818518968079403,0.4930163532066986,0.4048311635259046,109,10,3
AC Qwen-plus,50,random_criterion,release,0.2,169,0.24263788346067688,1.8983609075685788,1.655723024107902,109,10,3
AC Qwen-plus,50,random_criterion,release,0.5,422,0.281360549575508,3.9593389130351593,3.6779783634596512,109,10,3
AC Qwen-plus,50,random_criterion,release,0.84,708,0.13519097827779464,3.1148406425030926,2.979649664225298,109,10,3
AC Qwen-plus,50,random_criterion,release,0.95,801,0.047401163681059566,1.2510180298356115,1.2036168661545519,109,10,3
AC Qwen-plus,50,disagreement_then_random,release,0.05,42,0.0,2.0,2.0,109,10,3
AC Qwen-plus,50,disagreement_then_random,release,0.2,169,0.1697903425719912,3.5704895957862544,3.4006992532142633,109,10,3
AC Qwen-plus,50,disagreement_then_random,release,0.5,422,0.38509454946421867,4.861880255014061,4.476785705549842,109,10,3
AC Qwen-plus,50,disagreement_then_random,release,0.84,708,0.17470924543466404,3.2689595260870385,3.0942502806523744,109,10,3
AC Qwen-plus,50,disagreement_then_random,release,0.95,801,0.05598448618058994,1.2736320342217269,1.2176475480411368,109,10,3
AC Qwen-plus,51,random_criterion,release,0.05,42,0.0947920981225856,0.5474492010583846,0.45265710293579897,106,13,2
AC Qwen-plus,51,random_criterion,release,0.2,169,0.3209496679374364,2.1601183848029364,1.8391687168655,106,13,2
AC Qwen-plus,51,random_criterion,release,0.5,422,0.5005931198102017,4.6168883469389055,4.116295227128703,106,13,2
AC Qwen-plus,51,random_criterion,release,0.84,708,0.2693130235585498,3.604296197965702,3.3349831744071525,106,13,2
AC Qwen-plus,51,random_criterion,release,0.95,801,0.09479209812258561,1.4357660252310662,1.3409739271084806,106,13,2
AC Qwen-plus,51,disagreement_then_random,release,0.05,42,0.0,2.0,2.0,106,13,2
AC Qwen-plus,51,disagreement_then_random,release,0.2,169,0.9903320948678851,2.9457814968759926,1.9554494020081075,106,13,2
AC Qwen-plus,51,disagreement_then_random,release,0.5,422,0.8092154715117154,5.104949024812482,4.295733553300767,106,13,2
AC Qwen-plus,51,disagreement_then_random,release,0.84,708,0.32858707557502737,3.4908962955823695,3.162309220007342,106,13,2
AC Qwen-plus,51,disagreement_then_random,release,0.95,801,0.10921761913966024,1.3372779145343987,1.2280602953947384,106,13,2
AC Qwen-plus,52,random_criterion,release,0.05,42,0.1398775193461697,0.6922936415582384,0.5524161222120687,108,14,3
AC Qwen-plus,52,random_criterion,release,0.2,169,0.4493676979742347,2.696750464763247,2.2473827667890127,108,14,3
AC Qwen-plus,52,random_criterion,release,0.5,422,0.625592590868635,5.790487692900325,5.16489510203169,108,14,3
AC Qwen-plus,52,random_criterion,release,0.84,708,0.2907684011785532,4.713900386117185,4.423131984938632,108,14,3
AC Qwen-plus,52,random_criterion,release,0.95,801,0.0971027259602943,1.9128549758872175,1.8157522499269232,108,14,3
AC Qwen-plus,52,disagreement_then_random,release,0.05,42,0.0,2.0,2.0,108,14,3
AC Qwen-plus,52,disagreement_then_random,release,0.2,169,0.1697903425719912,3.9643285967542377,3.7945382541822466,108,14,3
AC Qwen-plus,52,disagreement_then_random,release,0.5,422,0.38509454946421867,6.412924185759103,6.027829636294884,108,14,3
AC Qwen-plus,52,disagreement_then_random,release,0.84,708,0.17470924543466404,4.710090166414695,4.535380920980031,108,14,3
AC Qwen-plus,52,disagreement_then_random,release,0.95,801,0.05598448618058994,1.8708506275181644,1.8148661413375744,108,14,3
AC Qwen-plus,53,random_criterion,release,0.05,42,0.09710272596029429,0.4456203041454058,0.34851757818511153,109,10,3
AC Qwen-plus,53,random_criterion,release,0.2,169,0.3530064718693563,1.7378860735998605,1.3848796017305043,109,10,3
AC Qwen-plus,53,random_criterion,release,0.5,422,0.6258902086568694,3.7090423531300587,3.083152144473189,109,10,3
AC Qwen-plus,53,random_criterion,release,0.84,708,0.3825141577178213,2.980184130723818,2.5976699730059964,109,10,3
AC Qwen-plus,53,random_criterion,release,0.95,801,0.13987751934616974,1.2036219807743187,1.063744461428149,109,10,3
AC Qwen-plus,53,disagreement_then_random,release,0.05,42,1.0,1.0,0.0,109,10,3
AC Qwen-plus,53,disagreement_then_random,release,0.2,169,1.8914016135844627,2.6771495988910567,0.7857479853065941,109,10,3
AC Qwen-plus,53,disagreement_then_random,release,0.5,422,1.3720496961106459,4.318836046601055,2.9467863504904086,109,10,3
AC Qwen-plus,53,disagreement_then_random,release,0.84,708,0.5090683589974873,2.9469306922121055,2.437862333214618,109,10,3
AC Qwen-plus,53,disagreement_then_random,release,0.95,801,0.1653673517599811,1.1306829718245748,0.9653156200645937,109,10,3
AC Qwen-plus,54,random_criterion,release,0.05,42,0.0473960490612928,0.6920733498363056,0.6446773007750128,111,14,1
AC Qwen-plus,54,random_criterion,release,0.2,169,0.1604748339687182,2.6837557879296132,2.523280953960895,111,14,1
AC Qwen-plus,54,random_criterion,release,0.5,422,0.25029655990510086,5.649584470818286,5.399287910913185,111,14,1
AC Qwen-plus,54,random_criterion,release,0.84,708,0.1346565117792749,4.456451375829307,4.321794864050032,111,14,1
AC Qwen-plus,54,random_criterion,release,0.95,801,0.04739604906129281,1.7882918387799407,1.740895789718648,111,14,1
AC Qwen-plus,54,disagreement_then_random,release,0.05,42,0.0,2.0,2.0,111,14,1
AC Qwen-plus,54,disagreement_then_random,release,0.2,169,0.08926257615130756,3.0543631499288058,2.965100573777498,111,14,1
AC Qwen-plus,54,disagreement_then_random,release,0.5,422,0.24638124691278485,5.701513326096467,5.455132079183683,111,14,1
AC Qwen-plus,54,disagreement_then_random,release,0.84,708,0.14810579215256747,4.244704881711383,4.096599089558815,111,14,1
AC Qwen-plus,54,disagreement_then_random,release,0.95,801,0.053067886519339386,1.6749902745566398,1.6219223880373004,111,14,1
AC Qwen-plus,55,random_criterion,release,0.05,42,0.2843762943677568,0.49301100665906655,0.20863471229130975,110,10,7
AC Qwen-plus,55,random_criterion,release,0.2,169,0.9628490038123092,1.8968516601293846,0.9340026563170754,110,10,7
AC Qwen-plus,55,random_criterion,release,0.5,422,1.501779359430605,3.912445842835095,2.4106664834044897,110,10,7
AC Qwen-plus,55,random_criterion,release,0.84,708,0.8079390706756493,2.9677301314165048,2.1597910607408553,110,10,7
AC Qwen-plus,55,random_criterion,release,0.95,801,0.28437629436775685,1.1714353986746513,0.8870591043068945,110,10,7
AC Qwen-plus,55,disagreement_then_random,release,0.05,42,0.0,2.0,2.0,110,10,7
AC Qwen-plus,55,disagreement_then_random,release,0.2,169,1.3386475897424914,2.650945169699185,1.3122975799566936,110,10,7
AC Qwen-plus,55,disagreement_then_random,release,0.5,422,1.6870725148015038,3.9958322135170024,2.3087596987154986,110,10,7
AC Qwen-plus,55,disagreement_then_random,release,0.84,708,0.7995079053148264,2.582423675600693,1.7829157702858667,110,10,7
AC Qwen-plus,55,disagreement_then_random,release,0.95,801,0.271337878358929,0.9802291112503081,0.7088912328913791,110,10,7
AC Qwen-plus,56,random_criterion,release,0.05,42,0.1872735684074625,0.642366683631285,0.4550931152238225,113,13,4
AC Qwen-plus,56,random_criterion,release,0.2,169,0.6098425319429529,2.4912822828046357,1.881439750861683,113,13,4
AC Qwen-plus,56,random_criterion,release,0.5,422,0.8758891507737359,5.285634869307541,4.409745718533805,113,13,4
AC Qwen-plus,56,random_criterion,release,0.84,708,0.4254249129578281,4.312373311329547,3.886948398371719,113,13,4
AC Qwen-plus,56,random_criterion,release,0.95,801,0.14449877502158712,1.767787436467092,1.6232886614455049,113,13,4
AC Qwen-plus,56,disagreement_then_random,release,0.05,42,0.0,1.0,1.0,113,13,4
AC Qwen-plus,56,disagreement_then_random,release,0.2,169,0.9903320948678851,2.0641199744930407,1.0737878796251557,113,13,4
AC Qwen-plus,56,disagreement_then_random,release,0.5,422,0.8092154715117154,4.9271746096785405,4.1179591381668255,113,13,4
AC Qwen-plus,56,disagreement_then_random,release,0.84,708,0.32858707557502737,4.1646067394930295,3.836019663918002,113,13,4
AC Qwen-plus,56,disagreement_then_random,release,0.95,801,0.10921761913966024,1.7305910377715197,1.6213734186318594,113,13,4
AC Qwen-plus,57,random_criterion,release,0.05,42,0.1398775193461697,0.6946093840157138,0.554731864669544,110,15,3
AC Qwen-plus,57,random_criterion,release,0.2,169,0.4493676979742347,2.7300682351498478,2.280700537175613,110,15,3
AC Qwen-plus,57,random_criterion,release,0.5,422,0.625592590868635,5.947071718711685,5.32147912784305,110,15,3
AC Qwen-plus,57,random_criterion,release,0.84,708,0.2907684011785532,4.907048737066704,4.616280335888151,110,15,3
AC Qwen-plus,57,random_criterion,release,0.95,801,0.0971027259602943,1.9987295377303038,1.9016268117700095,110,15,3
AC Qwen-plus,57,disagreement_then_random,release,0.05,42,0.0,3.0,3.0,110,15,3
AC Qwen-plus,57,disagreement_then_random,release,0.2,169,0.2590529187232987,4.965083840414773,4.706030921691474,110,15,3
AC Qwen-plus,57,disagreement_then_random,release,0.5,422,0.6314757963770035,7.423746076578313,6.7922702802013095,110,15,3
AC Qwen-plus,57,disagreement_then_random,release,0.84,708,0.3228150375872315,5.359476034685315,5.036660997098084,110,15,3
AC Qwen-plus,57,disagreement_then_random,release,0.95,801,0.10905237269992933,2.1250020998195236,2.0159497271195943,110,15,3
AC Qwen-plus,58,random_criterion,release,0.05,42,0.1872735684074625,0.5428381746225006,0.3555646062150381,110,11,4
AC Qwen-plus,58,random_criterion,release,0.2,169,0.6098425319429529,2.098526709848458,1.4886841779055051,110,11,4
AC Qwen-plus,58,random_criterion,release,0.5,422,0.8758891507737359,4.428868043174954,3.5529788924012182,110,11,4
AC Qwen-plus,58,random_criterion,release,0.84,708,0.4254249129578281,3.537788363227653,3.112363450269825,110,11,4
AC Qwen-plus,58,random_criterion,release,0.95,801,0.14449877502158712,1.4271734640228981,1.282674689001311,110,11,4
AC Qwen-plus,58,disagreement_then_random,release,0.05,42,1.0,2.0,1.0,110,11,4
AC Qwen-plus,58,disagreement_then_random,release,0.2,169,1.0795946710191928,3.6605963414685756,2.581001670449383,110,11,4
AC Qwen-plus,58,disagreement_then_random,release,0.5,422,1.0555967184245003,5.155230739399919,4.099634020975419,110,11,4
AC Qwen-plus,58,disagreement_then_random,release,0.84,708,0.47669286772759484,3.5167135451521654,3.0400206774245704,110,11,4
AC Qwen-plus,58,disagreement_then_random,release,0.95,801,0.16228550565899963,1.3740912038928705,1.211805698233871,110,11,4
AC Qwen-plus,59,random_criterion,release,0.05,42,0.3294617155913409,0.44330968656018344,0.11384797096884253,108,9,7
AC Qwen-plus,59,random_criterion,release,0.2,169,1.0912670338491075,1.705877917316041,0.6146108834669335,108,9,7
AC Qwen-plus,59,random_criterion,release,0.5,422,1.6267788304890385,3.5915203629203685,1.96474153243133,108,9,7
AC Qwen-plus,59,random_criterion,release,0.84,708,0.8293944482956528,2.9233937443427145,2.0939992960470617,108,9,7
AC Qwen-plus,59,random_criterion,release,0.95,801,0.28668692220546554,1.1954297715829947,0.9087428493775291,108,9,7
AC Qwen-plus,59,disagreement_then_random,release,0.05,42,1.0,3.0,2.0,108,9,7
AC Qwen-plus,59,disagreement_then_random,release,0.2,169,2.239717108459069,3.4732641157212676,1.2335470072621986,108,9,7
AC Qwen-plus,59,disagreement_then_random,release,0.5,422,2.2499067394004344,4.547096743583212,2.2971900041827773,108,9,7
AC Qwen-plus,59,disagreement_then_random,release,0.84,708,0.9799891887372862,3.1391373674880167,2.1591481787507307,108,9,7
AC Qwen-plus,59,disagreement_then_random,release,0.95,801,0.32748761097924983,1.2553039654042548,0.927816354425005,108,9,7
AC Qwen-plus,60,random_criterion,release,0.05,42,0.1444987750215871,0.44792558543548244,0.30342681041389535,111,11,4
AC Qwen-plus,60,random_criterion,release,0.2,169,0.5134813058380745,1.7684336300925863,1.2549523242545118,111,11,4
AC Qwen-plus,60,random_criterion,release,0.5,422,0.8761867685619702,3.787446371776663,2.9112596032146927,111,11,4
AC Qwen-plus,60,random_criterion,release,0.84,708,0.5171706694970962,2.9462747537965006,2.4291040842994045,111,11,4
AC Qwen-plus,60,random_criterion,release,0.95,801,0.18727356840746254,1.1691247708369445,0.981851202429482,111,11,4
AC Qwen-plus,60,disagreement_then_random,release,0.05,42,1.0,3.0,2.0,111,11,4
AC Qwen-plus,60,disagreement_then_random,release,0.2,169,1.8914016135844627,3.659591053559331,1.7681894399748683,111,11,4
AC Qwen-plus,60,disagreement_then_random,release,0.5,422,1.3720496961106459,5.067352811224492,3.6953031151138456,111,11,4
AC Qwen-plus,60,disagreement_then_random,release,0.84,708,0.5090683589974873,3.2536636558292233,2.744595296831736,111,11,4
AC Qwen-plus,60,disagreement_then_random,release,0.95,801,0.1653673517599811,1.2371405872579508,1.0717732354979697,111,11,4
AC Qwen-plus,61,random_criterion,release,0.05,42,0.2301583916903717,0.6423666831897904,0.41220829149941873,110,13,5
AC Qwen-plus,61,random_criterion,release,0.2,169,0.7125769559723915,2.4912727976770754,1.778695841704684,110,13,5
AC Qwen-plus,61,random_criterion,release,0.5,422,0.9382400774088353,5.281765920703494,4.343525843294659,110,13,5
AC Qwen-plus,61,random_criterion,release,0.84,708,0.4288220144143286,4.265004477668931,3.8361824632546027,110,13,5
AC Qwen-plus,61,random_criterion,release,0.95,801,0.14460880491862085,1.7327035805273248,1.5880947756087038,110,13,5
AC Qwen-plus,61,disagreement_then_random,release,0.05,42,1.0,2.0,1.0,110,13,5
AC Qwen-plus,61,disagreement_then_random,release,0.2,169,1.7216112710124714,4.758513096955076,3.0369018259426044,110,13,5
AC Qwen-plus,61,disagreement_then_random,release,0.5,422,0.9869551466464273,6.4858833717415845,5.498928225095157,110,13,5
AC Qwen-plus,61,disagreement_then_random,release,0.84,708,0.33435911356282316,4.457897894249911,4.123538780687087,110,13,5
AC Qwen-plus,61,disagreement_then_random,release,0.95,801,0.10938286557939114,1.7663500545695605,1.6569671889901694,110,13,5
AC Qwen-plus,62,random_criterion,release,0.05,42,0.04508542122358412,0.4480458445720497,0.4029604233484656,112,11,1
AC Qwen-plus,62,random_criterion,release,0.2,169,0.12841803003679828,1.7773287609265078,1.6489107308897095,112,11,1
AC Qwen-plus,62,random_criterion,release,0.5,422,0.12499947105843325,3.9126687901293815,3.787669319070948,112,11,1
AC Qwen-plus,62,random_criterion,release,0.84,708,0.021455377620003373,3.201312045372763,3.1798566677527598,112,11,1
AC Qwen-plus,62,random_criterion,release,0.95,801,0.0023106278377086863,1.293587875358856,1.2912772475211474,112,11,1
AC Qwen-plus,62,disagreement_then_random,release,0.05,42,0.0,2.0,2.0,112,11,1
AC Qwen-plus,62,disagreement_then_random,release,0.2,169,0.0,2.6789990563313144,2.6789990563313144,112,11,1
AC Qwen-plus,62,disagreement_then_random,release,0.5,422,0.0,4.453683212249553,4.453683212249553,112,11,1
AC Qwen-plus,62,disagreement_then_random,release,0.84,708,0.0,3.30962880844761,3.30962880844761,112,11,1
AC Qwen-plus,62,disagreement_then_random,release,0.95,801,0.0,1.3150248716112998,1.3150248716112998,112,11,1
AC Qwen-plus,63,random_criterion,release,0.05,42,0.09710272596029429,0.4431994144827981,0.3460966885225038,108,9,3
AC Qwen-plus,63,random_criterion,release,0.2,169,0.3530064718693563,1.6992077907588667,1.3462013188895106,108,9,3
AC Qwen-plus,63,random_criterion,release,0.5,422,0.6258902086568694,3.5054905866246857,2.879600377967816,108,9,3
AC Qwen-plus,63,random_criterion,release,0.84,708,0.3825141577178213,2.704676844272436,2.3221626865546146,108,9,3
AC Qwen-plus,63,random_criterion,release,0.95,801,0.13987751934616974,1.076858245726367,0.9369807263801971,108,9,3
AC Qwen-plus,63,disagreement_then_random,release,0.05,42,1.0,1.0,0.0,108,9,3
AC Qwen-plus,63,disagreement_then_random,release,0.2,169,1.0795946710191928,1.6702726132820525,0.5906779422628596,108,9,3
AC Qwen-plus,63,disagreement_then_random,release,0.5,422,1.0555967184245003,3.361708269190887,2.3061115507663867,108,9,3
AC Qwen-plus,63,disagreement_then_random,release,0.84,708,0.47669286772759484,2.5566879970138894,2.0799951292862944,108,9,3
AC Qwen-plus,63,disagreement_then_random,release,0.95,801,0.16228550565899963,1.013333728862099,0.8510482232030994,108,9,3
AC DeepSeek v4-pro,0,random_criterion,release,0.05,42,0.1421881471838784,0.5450180821562433,0.40282993497236486,109,13,3
AC DeepSeek v4-pro,0,random_criterion,release,0.2,169,0.4814245019061546,2.1189181690525816,1.637493667146427,109,13,3
AC DeepSeek v4-pro,0,random_criterion,release,0.5,422,0.7508896797153026,4.350762706504147,3.5998730267888446,109,13,3
AC DeepSeek v4-pro,0,random_criterion,release,0.84,708,0.4039695353378247,3.1688944779338275,2.7649249425960027,109,13,3
AC DeepSeek v4-pro,0,random_criterion,release,0.95,801,0.14218814718387843,1.2274240089441104,1.085235861760232,109,13,3
AC DeepSeek v4-pro,0,disagreement_then_random,release,0.05,42,0.0,5.0,5.0,109,13,3
AC DeepSeek v4-pro,0,disagreement_then_random,release,0.2,169,1.0795946710191928,7.351443365514922,6.271848694495729,109,13,3
AC DeepSeek v4-pro,0,disagreement_then_random,release,0.5,422,1.0555967184245003,7.471132481586853,6.415535763162353,109,13,3
AC DeepSeek v4-pro,0,disagreement_then_random,release,0.84,708,0.47669286772759484,3.924398127846511,3.447705260118916,109,13,3
AC DeepSeek v4-pro,0,disagreement_then_random,release,0.95,801,0.16228550565899963,1.4200248379549656,1.257739332295966,109,13,3
AC DeepSeek v4-pro,1,random_criterion,release,0.05,42,0.0046212556754173725,0.7417649250563584,0.737143669380941,116,16,2
AC DeepSeek v4-pro,1,random_criterion,release,0.2,169,0.06411360786383985,2.8728014550988235,2.8086878472349834,116,16,2
AC DeepSeek v4-pro,1,random_criterion,release,0.5,422,0.25059417769333525,5.954698540548325,5.70410436285499,116,16,2
AC DeepSeek v4-pro,1,random_criterion,release,0.84,708,0.22640226831854304,4.588041413471624,4.361639145153081,116,16,2
AC DeepSeek v4-pro,1,random_criterion,release,0.95,801,0.09017084244716823,1.8340925897800329,1.7439217473328645,116,16,2
AC DeepSeek v4-pro,1,disagreement_then_random,release,0.05,42,0.0,3.0,3.0,116,16,2
AC DeepSeek v4-pro,1,disagreement_then_random,release,0.2,169,0.017469619461247858,10.341686463306015,10.324216843844766,116,16,2
AC DeepSeek v4-pro,1,disagreement_then_random,release,0.5,422,0.21533588872270204,10.241258392863415,10.025922504140713,116,16,2
AC DeepSeek v4-pro,1,disagreement_then_random,release,0.84,708,0.24300467774094184,5.555999894059495,5.312995216318553,116,16,2
AC DeepSeek v4-pro,1,disagreement_then_random,release,0.95,801,0.10030257371617766,2.069821990285,1.9695194165688223,116,16,2
AC DeepSeek v4-pro,2,random_criterion,release,0.05,42,0.09710272596029429,0.5426025390412675,0.44549981308097325,109,12,3
AC DeepSeek v4-pro,2,random_criterion,release,0.2,169,0.3530064718693563,2.0817491336507823,1.728742661781426,109,12,3
AC DeepSeek v4-pro,2,random_criterion,release,0.5,422,0.6258902086568694,4.194104010198838,3.568213801541968,109,12,3
AC DeepSeek v4-pro,2,random_criterion,release,0.84,708,0.3825141577178213,3.040497702569035,2.6579835448512137,109,12,3
AC DeepSeek v4-pro,2,random_criterion,release,0.95,801,0.13987751934616974,1.180242905057117,1.0403653857109474,109,12,3
AC DeepSeek v4-pro,2,disagreement_then_random,release,0.05,42,1.0,4.0,3.0,109,12,3
AC DeepSeek v4-pro,2,disagreement_then_random,release,0.2,169,1.8914016135844627,8.146624858149957,6.255223244565495,109,12,3
AC DeepSeek v4-pro,2,disagreement_then_random,release,0.5,422,1.3720496961106459,7.619218808023368,6.247169111912722,109,12,3
AC DeepSeek v4-pro,2,disagreement_then_random,release,0.84,708,0.5090683589974873,3.8134171682880202,3.304348809290533,109,12,3
AC DeepSeek v4-pro,2,disagreement_then_random,release,0.95,801,0.1653673517599811,1.3701953934915725,1.2048280417315913,109,12,3
AC DeepSeek v4-pro,3,random_criterion,release,0.05,42,0.236980245306464,0.694368644508695,0.45738839920223096,113,16,5
AC DeepSeek v4-pro,3,random_criterion,release,0.2,169,0.802374169843591,2.7120878252731524,1.9097136554295613,113,16,5
AC DeepSeek v4-pro,3,random_criterion,release,0.5,422,1.2514827995255042,5.6926647960119,4.441181996486396,113,16,5
AC DeepSeek v4-pro,3,random_criterion,release,0.84,708,0.6732825588963745,4.433590441056623,3.7603078821602485,113,16,5
AC DeepSeek v4-pro,3,random_criterion,release,0.95,801,0.23698024530646403,1.7829869061170474,1.5460066608105834,113,16,5
AC DeepSeek v4-pro,3,disagreement_then_random,release,0.05,42,1.0,2.0,1.0,113,16,5
AC DeepSeek v4-pro,3,disagreement_then_random,release,0.2,169,3.693540651017618,5.766314876052167,2.072774225034549,113,16,5
AC DeepSeek v4-pro,3,disagreement_then_random,release,0.5,422,2.497718145308507,7.512106353997222,5.014388208688715,113,16,5
AC DeepSeek v4-pro,3,disagreement_then_random,release,0.84,708,0.870030925842407,5.074439173000718,4.204408247158311,113,16,5
AC DeepSeek v4-pro,3,disagreement_then_random,release,0.95,801,0.2776668170006228,2.0136294748886723,1.7359626578880496,113,16,5
AC DeepSeek v4-pro,4,random_criterion,release,0.05,42,0.0,0.7441855832325955,0.7441855832325955,116,17,0
AC DeepSeek v4-pro,4,random_criterion,release,0.2,169,0.0,2.911240942082864,2.911240942082864,116,17,0
AC DeepSeek v4-pro,4,random_criterion,release,0.5,422,0.0,6.146513122422373,6.146513122422373,116,17,0
AC DeepSeek v4-pro,4,random_criterion,release,0.84,708,0.0,4.8437542392872786,4.8437542392872786,116,17,0
AC DeepSeek v4-pro,4,random_criterion,release,0.95,801,0.0,1.9571466902262955,1.9571466902262955,116,17,0
AC DeepSeek v4-pro,4,disagreement_then_random,release,0.05,42,0.0,1.0,1.0,116,17,0
AC DeepSeek v4-pro,4,disagreement_then_random,release,0.2,169,0.0,6.854644356801983,6.854644356801983,116,17,0
AC DeepSeek v4-pro,4,disagreement_then_random,release,0.5,422,0.0,8.675371016783073,8.675371016783073,116,17,0
AC DeepSeek v4-pro,4,disagreement_then_random,release,0.84,708,0.0,5.672634379598781,5.672634379598781,116,17,0
AC DeepSeek v4-pro,4,disagreement_then_random,release,0.95,801,0.0,2.2260662674057627,2.2260662674057627,116,17,0
AC DeepSeek v4-pro,5,random_criterion,release,0.05,42,0.1421881471838784,0.5948452501196773,0.45265710293579886,112,13,3
AC DeepSeek v4-pro,5,random_criterion,release,0.2,169,0.4814245019061546,2.3205932187716543,1.8391687168654998,112,13,3
AC DeepSeek v4-pro,5,random_criterion,release,0.5,422,0.7508896797153026,4.867184906844006,4.116295227128703,112,13,3
AC DeepSeek v4-pro,5,random_criterion,release,0.84,708,0.4039695353378247,3.7389527097449786,3.334983174407154,112,13,3
AC DeepSeek v4-pro,5,random_criterion,release,0.95,801,0.14218814718387843,1.483162074292359,1.3409739271084806,112,13,3
AC DeepSeek v4-pro,5,disagreement_then_random,release,0.05,42,1.0,3.0,2.0,112,13,3
AC DeepSeek v4-pro,5,disagreement_then_random,release,0.2,169,1.0795946710191928,9.164086110929844,8.084491439910652,112,13,3
AC DeepSeek v4-pro,5,disagreement_then_random,release,0.5,422,1.0555967184245003,8.818861695443386,7.763264977018887,112,13,3
AC DeepSeek v4-pro,5,disagreement_then_random,release,0.84,708,0.47669286772759484,4.687860318592214,4.211167450864619,112,13,3
AC DeepSeek v4-pro,5,disagreement_then_random,release,0.95,801,0.16228550565899963,1.7220378230988622,1.5597523174398626,112,13,3
AC DeepSeek v4-pro,6,random_criterion,release,0.05,42,0.0947920981225856,0.6398155268264609,0.5450234287038753,111,13,2
AC DeepSeek v4-pro,6,random_criterion,release,0.2,169,0.3209496679374364,2.441377084429212,2.1204274164917756,111,13,2
AC DeepSeek v4-pro,6,random_criterion,release,0.5,422,0.5005931198102017,4.898248896514413,4.397655776704211,111,13,2
AC DeepSeek v4-pro,6,random_criterion,release,0.84,708,0.2693130235585498,3.5853180125789663,3.3160049890204166,111,13,2
AC DeepSeek v4-pro,6,random_criterion,release,0.95,801,0.09479209812258561,1.401798738227658,1.3070066401050724,111,13,2
AC DeepSeek v4-pro,6,disagreement_then_random,release,0.05,42,0.0,3.0,3.0,111,13,2
AC DeepSeek v4-pro,6,disagreement_then_random,release,0.2,169,1.8021390374331552,8.27082667322376,6.468687635790605,111,13,2
AC DeepSeek v4-pro,6,disagreement_then_random,release,0.5,422,1.125668449197861,8.296271832381558,7.170603383183697,111,13,2
AC DeepSeek v4-pro,6,disagreement_then_random,release,0.84,708,0.3609625668449198,4.447532315922472,4.086569749077552,111,13,2
AC DeepSeek v4-pro,6,disagreement_then_random,release,0.95,801,0.11229946524064172,1.6238684274432664,1.5115689622026247,111,13,2
AC DeepSeek v4-pro,7,random_criterion,release,0.05,42,0.0473960490612928,0.542597667043347,0.4952016179820542,109,12,1
AC DeepSeek v4-pro,7,random_criterion,release,0.2,169,0.1604748339687182,2.080794580956276,1.9203197469875577,109,12,1
AC DeepSeek v4-pro,7,random_criterion,release,0.5,422,0.25029655990510086,4.19006725371054,3.9397706938054387,109,12,1
AC DeepSeek v4-pro,7,random_criterion,release,0.84,708,0.1346565117792749,3.1314933615139147,2.9968368497346396,109,12,1
AC DeepSeek v4-pro,7,random_criterion,release,0.95,801,0.04739604906129281,1.2502243229511034,1.2028282738898106,109,12,1
AC DeepSeek v4-pro,7,disagreement_then_random,release,0.05,42,0.0,3.0,3.0,109,12,1
AC DeepSeek v4-pro,7,disagreement_then_random,release,0.2,169,0.08926257615130756,8.14578904886195,8.056526472710642,109,12,1
AC DeepSeek v4-pro,7,disagreement_then_random,release,0.5,422,0.24638124691278485,7.586671980292907,7.340290733380122,109,12,1
AC DeepSeek v4-pro,7,disagreement_then_random,release,0.84,708,0.14810579215256747,3.8805570435269434,3.7324512513743757,109,12,1
AC DeepSeek v4-pro,7,disagreement_then_random,release,0.95,801,0.053067886519339386,1.4428428259527504,1.389774939433411,109,12,1
AC DeepSeek v4-pro,8,random_criterion,release,0.05,42,0.0947920981225856,0.5924248243128001,0.4976327261902145,113,13,2
AC DeepSeek v4-pro,8,random_criterion,release,0.2,169,0.3209496679374364,2.282411497899688,1.9614618299622515,113,13,2
AC DeepSeek v4-pro,8,random_criterion,release,0.5,422,0.5005931198102017,4.6948454068093755,4.194252286999173,113,13,2
AC DeepSeek v4-pro,8,random_criterion,release,0.84,708,0.2693130235585498,3.5977720118862795,3.32845898832773,113,13,2
AC DeepSeek v4-pro,8,random_criterion,release,0.95,801,0.09479209812258561,1.4339853203273236,1.339193222204738,113,13,2
AC DeepSeek v4-pro,8,disagreement_then_random,release,0.05,42,0.0,4.0,4.0,113,13,2
AC DeepSeek v4-pro,8,disagreement_then_random,release,0.2,169,0.17852515230261512,8.245627531941134,8.067102379638518,113,13,2
AC DeepSeek v4-pro,8,disagreement_then_random,release,0.5,422,0.4927624938255697,8.06114592747293,7.5683834336473605,113,13,2
AC DeepSeek v4-pro,8,disagreement_then_random,release,0.84,708,0.29621158430513495,4.346075188634002,4.049863604328866,113,13,2
AC DeepSeek v4-pro,8,disagreement_then_random,release,0.95,801,0.10613577303867877,1.6103651835039194,1.5042294104652407,113,13,2
AC DeepSeek v4-pro,9,random_criterion,release,0.05,42,0.0,0.5948403781217567,0.5948403781217567,112,14,0
AC DeepSeek v4-pro,9,random_criterion,release,0.2,169,0.0,2.3196386660771484,2.3196386660771484,112,14,0
AC DeepSeek v4-pro,9,random_criterion,release,0.5,422,0.0,4.863148150355709,4.863148150355709,112,14,0
AC DeepSeek v4-pro,9,random_criterion,release,0.84,708,0.0,3.8299483686898563,3.8299483686898563,112,14,0
AC DeepSeek v4-pro,9,random_criterion,release,0.95,801,0.0,1.5531434921863436,1.5531434921863436,112,14,0
AC DeepSeek v4-pro,9,disagreement_then_random,release,0.05,42,0.0,5.0,5.0,112,14,0
AC DeepSeek v4-pro,9,disagreement_then_random,release,0.2,169,0.0,8.351443359076564,8.351443359076564,112,14,0
AC DeepSeek v4-pro,9,disagreement_then_random,release,0.5,422,0.0,8.469861890026781,8.469861890026781,112,14,0
AC DeepSeek v4-pro,9,disagreement_then_random,release,0.84,708,0.0,4.7226247025612444,4.7226247025612444,112,14,0
AC DeepSeek v4-pro,9,disagreement_then_random,release,0.95,801,0.0,1.791603409459059,1.791603409459059,112,14,0
AC DeepSeek v4-pro,10,random_criterion,release,0.05,42,0.0,0.5923094581206205,0.5923094581206205,110,13,0
AC DeepSeek v4-pro,10,random_criterion,release,0.2,169,0.0,2.274577700184034,2.274577700184034,110,13,0
AC DeepSeek v4-pro,10,random_criterion,release,0.5,422,0.0,4.593078890822955,4.593078890822955,110,13,0
AC DeepSeek v4-pro,10,random_criterion,release,0.84,708,0.0,3.4119293905820927,3.4119293905820927,110,13,0
AC DeepSeek v4-pro,10,random_criterion,release,0.95,801,0.0,1.3484110779157135,1.3484110779157135,110,13,0
AC DeepSeek v4-pro,10,disagreement_then_random,release,0.05,42,0.0,3.0,3.0,110,13,0
AC DeepSeek v4-pro,10,disagreement_then_random,release,0.2,169,0.0,6.442572061262896,6.442572061262896,110,13,0
AC DeepSeek v4-pro,10,disagreement_then_random,release,0.5,422,0.0,6.880804683172213,6.880804683172213,110,13,0
AC DeepSeek v4-pro,10,disagreement_then_random,release,0.84,708,0.0,3.9256021403879773,3.9256021403879773,110,13,0
AC DeepSeek v4-pro,10,disagreement_then_random,release,0.95,801,0.0,1.4881742565196259,1.4881742565196259,110,13,0
AC DeepSeek v4-pro,11,random_criterion,release,0.05,42,0.0947920981225856,0.5898834435857597,0.4950913454631741,113,13,2
AC DeepSeek v4-pro,11,random_criterion,release,0.2,169,0.3209496679374364,2.2345898032402594,1.913640135302823,113,13,2
AC DeepSeek v4-pro,11,random_criterion,release,0.5,422,0.5005931198102017,4.350465088715913,3.849871968905711,113,13,2
AC DeepSeek v4-pro,11,random_criterion,release,0.84,708,0.2693130235585498,3.000064139562296,2.7307511160037463,113,13,2
AC DeepSeek v4-pro,11,random_criterion,release,0.95,801,0.09479209812258561,1.1439649902160003,1.0491728920934147,113,13,2
AC DeepSeek v4-pro,11,disagreement_then_random,release,0.05,42,0.0,3.0,3.0,113,13,2
AC DeepSeek v4-pro,11,disagreement_then_random,release,0.2,169,0.9903320948678851,7.236820529702756,6.2464884348348715,113,13,2
AC DeepSeek v4-pro,11,disagreement_then_random,release,0.5,422,0.8092154715117154,6.948716639063088,6.139501167551373,113,13,2
AC DeepSeek v4-pro,11,disagreement_then_random,release,0.84,708,0.32858707557502737,3.511433545995091,3.182846470420064,113,13,2
AC DeepSeek v4-pro,11,disagreement_then_random,release,0.95,801,0.10921761913966024,1.263894374013164,1.1546767548735037,113,13,2
AC DeepSeek v4-pro,12,random_criterion,release,0.05,42,0.0,0.7417646828760068,0.7417646828760068,109,16,0
AC DeepSeek v4-pro,12,random_criterion,release,0.2,169,0.0,2.872504526466209,2.872504526466209,109,16,0
AC DeepSeek v4-pro,12,random_criterion,release,0.5,422,0.0,5.931317308675976,5.931317308675976,109,16,0
AC DeepSeek v4-pro,12,random_criterion,release,0.84,708,0.0,4.464467371397115,4.464467371397115,109,16,0
AC DeepSeek v4-pro,12,random_criterion,release,0.95,801,0.0,1.7584058872063153,1.7584058872063153,109,16,0
AC DeepSeek v4-pro,12,disagreement_then_random,release,0.05,42,0.0,3.0,3.0,109,16,0
AC DeepSeek v4-pro,12,disagreement_then_random,release,0.2,169,0.0,7.576255634252813,7.576255634252813,109,16,0
AC DeepSeek v4-pro,12,disagreement_then_random,release,0.5,422,0.0,8.663596754989573,8.663596754989573,109,16,0
AC DeepSeek v4-pro,12,disagreement_then_random,release,0.84,708,0.0,5.208766918446873,5.208766918446873,109,16,0
AC DeepSeek v4-pro,12,disagreement_then_random,release,0.95,801,0.0,1.9638705614810608,1.9638705614810608,109,16,0
AC DeepSeek v4-pro,13,random_criterion,release,0.05,42,0.0,0.49531676249885465,0.49531676249885465,108,12,0
AC DeepSeek v4-pro,13,random_criterion,release,0.2,169,0.0,1.9279539113667985,1.9279539113667985,108,12,0
AC DeepSeek v4-pro,13,random_criterion,release,0.5,422,0.0,4.0337061751934655,4.0337061751934655,108,12,0
AC DeepSeek v4-pro,13,random_criterion,release,0.84,708,0.0,3.1719269245206547,3.1719269245206547,108,12,0
AC DeepSeek v4-pro,13,random_criterion,release,0.95,801,0.0,1.286502237792222,1.286502237792222,108,12,0
AC DeepSeek v4-pro,13,disagreement_then_random,release,0.05,42,0.0,2.0,2.0,108,12,0
AC DeepSeek v4-pro,13,disagreement_then_random,release,0.2,169,0.0,6.361963800421055,6.361963800421055,108,12,0
AC DeepSeek v4-pro,13,disagreement_then_random,release,0.5,422,0.0,6.723308657290822,6.723308657290822,108,12,0
AC DeepSeek v4-pro,13,disagreement_then_random,release,0.84,708,0.0,3.8622473813355276,3.8622473813355276,108,12,0
AC DeepSeek v4-pro,13,disagreement_then_random,release,0.95,801,0.0,1.4782372175800926,1.4782372175800926,108,12,0
AC DeepSeek v4-pro,14,random_criterion,release,0.05,42,0.0473960490612928,0.6445521589465442,0.5971561098852514,109,15,1
AC DeepSeek v4-pro,14,random_criterion,release,0.2,169,0.1604748339687182,2.5133731376568065,2.352898303688088,109,15,1
AC DeepSeek v4-pro,14,random_criterion,release,0.5,422,0.25029655990510086,5.258384688831145,5.008088128926045,109,15,1
AC DeepSeek v4-pro,14,random_criterion,release,0.84,708,0.1346565117792749,4.053973649979865,3.9193171382005896,109,15,1
AC DeepSeek v4-pro,14,random_criterion,release,0.95,801,0.04739604906129281,1.6144370351186943,1.5670409860574015,109,15,1
AC DeepSeek v4-pro,14,disagreement_then_random,release,0.05,42,0.0,2.0,2.0,109,15,1
AC DeepSeek v4-pro,14,disagreement_then_random,release,0.2,169,0.08926257615130756,7.542241124050445,7.4529785478991375,109,15,1
AC DeepSeek v4-pro,14,disagreement_then_random,release,0.5,422,0.24638124691278485,8.300348560368418,8.053967313455633,109,15,1
AC DeepSeek v4-pro,14,disagreement_then_random,release,0.84,708,0.14810579215256747,4.9041066210827395,4.756000828930172,109,15,1
AC DeepSeek v4-pro,14,disagreement_then_random,release,0.95,801,0.053067886519339386,1.8554363639420668,1.8023684774227273,109,15,1
AC DeepSeek v4-pro,15,random_criterion,release,0.05,42,0.0473960490612928,0.49763250451483554,0.45023645545354274,111,13,1
AC DeepSeek v4-pro,15,random_criterion,release,0.2,169,0.1604748339687182,1.9612621966258388,1.8007873626571205,111,13,1
AC DeepSeek v4-pro,15,random_criterion,release,0.5,422,0.25029655990510086,4.18642125240078,3.9361246924956785,111,13,1
AC DeepSeek v4-pro,15,random_criterion,release,0.84,708,0.1346565117792749,3.317706441809558,3.183049930030283,111,13,1
AC DeepSeek v4-pro,15,random_criterion,release,0.95,801,0.04739604906129281,1.3372929436955392,1.2898968946342464,111,13,1
AC DeepSeek v4-pro,15,disagreement_then_random,release,0.05,42,0.0,2.0,2.0,111,13,1
AC DeepSeek v4-pro,15,disagreement_then_random,release,0.2,169,0.9010695187165776,4.561674155660199,3.6606046369436216,111,13,1
AC DeepSeek v4-pro,15,disagreement_then_random,release,0.5,422,0.5628342245989305,5.73081575172024,5.167981527121309,111,13,1
AC DeepSeek v4-pro,15,disagreement_then_random,release,0.84,708,0.1804812834224599,3.8190334052912736,3.6385521218688135,111,13,1
AC DeepSeek v4-pro,15,disagreement_then_random,release,0.95,801,0.05614973262032086,1.5125204246629007,1.4563706920425799,111,13,1
AC DeepSeek v4-pro,16,random_criterion,release,0.05,42,0.0947920981225856,0.9860124901146818,0.8912203919920962,116,20,2
AC DeepSeek v4-pro,16,random_criterion,release,0.2,169,0.3209496679374364,3.7919748779510494,3.4710252100136127,116,20,2
AC DeepSeek v4-pro,16,random_criterion,release,0.5,422,0.5005931198102017,7.816911310083897,7.316318190273695,116,20,2
AC DeepSeek v4-pro,16,random_criterion,release,0.84,708,0.2693130235585498,6.033466459919708,5.764153436361158,116,20,2
AC DeepSeek v4-pro,16,random_criterion,release,0.95,801,0.09479209812258561,2.414566199766938,2.3197741016443523,116,20,2
AC DeepSeek v4-pro,16,disagreement_then_random,release,0.05,42,0.0,6.0,6.0,116,20,2
AC DeepSeek v4-pro,16,disagreement_then_random,release,0.2,169,0.17852515230261512,12.449165535897743,12.270640383595127,116,20,2
AC DeepSeek v4-pro,16,disagreement_then_random,release,0.5,422,0.4927624938255697,12.69810441801543,12.20534192418986,116,20,2
AC DeepSeek v4-pro,16,disagreement_then_random,release,0.84,708,0.29621158430513495,7.22793470478687,6.931723120481735,116,20,2
AC DeepSeek v4-pro,16,disagreement_then_random,release,0.95,801,0.10613577303867877,2.728883778712987,2.622748005674308,116,20,2
AC DeepSeek v4-pro,17,random_criterion,release,0.05,42,0.1421881471838784,0.39567799166517126,0.25348984448129286,107,10,3
AC DeepSeek v4-pro,17,random_criterion,release,0.2,169,0.4814245019061546,1.5285768595015465,1.047152357595392,107,10,3
AC DeepSeek v4-pro,17,random_criterion,release,0.5,422,0.7508896797153026,3.0986846714021743,2.3477949916868717,107,10,3
AC DeepSeek v4-pro,17,random_criterion,release,0.84,708,0.4039695353378247,2.235035824126652,1.8310662887888274,107,10,3
AC DeepSeek v4-pro,17,random_criterion,release,0.95,801,0.14218814718387843,0.8642099515236605,0.7220218043397821,107,10,3
AC DeepSeek v4-pro,17,disagreement_then_random,release,0.05,42,1.0,2.0,1.0,107,10,3
AC DeepSeek v4-pro,17,disagreement_then_random,release,0.2,169,1.8914016135844627,5.1747844040152895,3.283382790430827,107,10,3
AC DeepSeek v4-pro,17,disagreement_then_random,release,0.5,422,1.3720496961106459,5.14460315601515,3.772553459904504,107,10,3
AC DeepSeek v4-pro,17,disagreement_then_random,release,0.84,708,0.5090683589974873,2.728007714650378,2.2189393556528905,107,10,3
AC DeepSeek v4-pro,17,disagreement_then_random,release,0.95,801,0.1653673517599811,0.9951512529207882,0.8297839011608071,107,10,3
AC DeepSeek v4-pro,18,random_criterion,release,0.05,42,0.09248147028487691,0.7890507020402658,0.6965692317553889,111,16,2
AC DeepSeek v4-pro,18,random_criterion,release,0.2,169,0.2888928640055165,3.026606162510367,2.7377132985048505,111,16,2
AC DeepSeek v4-pro,18,random_criterion,release,0.5,422,0.3752960309635341,6.1189653241577435,5.743669293194209,111,16,2
AC DeepSeek v4-pro,18,random_criterion,release,0.84,708,0.15611188939927828,4.50398102518062,4.347869135781342,111,16,2
AC DeepSeek v4-pro,18,random_criterion,release,0.95,801,0.04970667689900149,1.7629171129846988,1.7132104360856972,111,16,2
AC DeepSeek v4-pro,18,disagreement_then_random,release,0.05,42,1.0,5.0,4.0,111,16,2
AC DeepSeek v4-pro,18,disagreement_then_random,release,0.2,169,1.7128764612818475,9.44942401803413,7.7365475567522815,111,16,2
AC DeepSeek v4-pro,18,disagreement_then_random,release,0.5,422,0.8792872022850762,9.793795670255621,8.914508467970546,111,16,2
AC DeepSeek v4-pro,18,disagreement_then_random,release,0.84,708,0.2128567746923523,5.456883203996048,5.244026429303696,111,16,2
AC DeepSeek v4-pro,18,disagreement_then_random,release,0.95,801,0.05923157872130232,2.0263237231146167,1.9670921443933145,111,16,2
AC DeepSeek v4-pro,19,random_criterion,release,0.05,42,0.0,0.5450234393978562,0.5450234393978562,112,13,0
AC DeepSeek v4-pro,19,random_criterion,release,0.2,169,0.0,2.120485549267437,2.120485549267437,112,13,0
AC DeepSeek v4-pro,19,random_criterion,release,0.5,422,0.0,4.409299823945235,4.409299823945235,112,13,0
AC DeepSeek v4-pro,19,random_criterion,release,0.84,708,0.0,3.4197845704592,3.4197845704592,112,13,0
AC DeepSeek v4-pro,19,random_criterion,release,0.95,801,0.0,1.378983708077099,1.378983708077099,112,13,0
AC DeepSeek v4-pro,19,disagreement_then_random,release,0.05,42,0.0,3.0,3.0,112,13,0
AC DeepSeek v4-pro,19,disagreement_then_random,release,0.2,169,0.0,8.155368028123585,8.155368028123585,112,13,0
AC DeepSeek v4-pro,19,disagreement_then_random,release,0.5,422,0.0,7.741309162127331,7.741309162127331,112,13,0
AC DeepSeek v4-pro,19,disagreement_then_random,release,0.84,708,0.0,4.101707609309974,4.101707609309974,112,13,0
AC DeepSeek v4-pro,19,disagreement_then_random,release,0.95,801,0.0,1.5403853959626446,1.5403853959626446,112,13,0
AC DeepSeek v4-pro,20,random_criterion,release,0.05,42,0.0473960490612928,0.8885740959877889,0.8411780469264961,114,18,1
AC DeepSeek v4-pro,20,random_criterion,release,0.2,169,0.1604748339687182,3.418091283884304,3.2576164499155857,114,18,1
AC DeepSeek v4-pro,20,random_criterion,release,0.5,422,0.25029655990510086,6.940576264721592,6.690279704816492,114,18,1
AC DeepSeek v4-pro,20,random_criterion,release,0.84,708,0.1346565117792749,5.151249922831653,5.016593411052378,114,18,1
AC DeepSeek v4-pro,20,random_criterion,release,0.95,801,0.04739604906129281,2.0276580888696216,1.9802620398083288,114,18,1
AC DeepSeek v4-pro,20,disagreement_then_random,release,0.05,42,0.0,4.0,4.0,114,18,1
AC DeepSeek v4-pro,20,disagreement_then_random,release,0.2,169,0.08926257615130756,10.538444845411775,10.449182269260467,114,18,1
AC DeepSeek v4-pro,20,disagreement_then_random,release,0.5,422,0.24638124691278485,10.975871667533582,10.729490420620797,114,18,1
AC DeepSeek v4-pro,20,disagreement_then_random,release,0.84,708,0.14810579215256747,6.113163551812939,5.965057759660371,114,18,1
AC DeepSeek v4-pro,20,disagreement_then_random,release,0.95,801,0.053067886519339386,2.2788719534501034,2.225804066930764,114,18,1
AC DeepSeek v4-pro,21,random_criterion,release,0.05,42,0.1421881471838784,0.5450287961979746,0.4028406490140962,109,13,3
AC DeepSeek v4-pro,21,random_criterion,release,0.2,169,0.4814245019061546,2.1220434443547314,1.6406189424485769,109,13,3
AC DeepSeek v4-pro,21,random_criterion,release,0.5,422,0.7508896797153026,4.463967992782276,3.7130783130669736,109,13,3
AC DeepSeek v4-pro,21,random_criterion,release,0.84,708,0.4039695353378247,3.6233058293239573,3.2193362939861325,109,13,3
AC DeepSeek v4-pro,21,random_criterion,release,0.95,801,0.14218814718387843,1.4954595512703186,1.3532714040864402,109,13,3
AC DeepSeek v4-pro,21,disagreement_then_random,release,0.05,42,1.0,2.0,1.0,109,13,3
AC DeepSeek v4-pro,21,disagreement_then_random,release,0.2,169,1.8914016135844627,6.273714807654039,4.382313194069576,109,13,3
AC DeepSeek v4-pro,21,disagreement_then_random,release,0.5,422,1.3720496961106459,6.577556126274855,5.205506430164209,109,13,3
AC DeepSeek v4-pro,21,disagreement_then_random,release,0.84,708,0.5090683589974873,4.099030055222548,3.589961696225061,109,13,3
AC DeepSeek v4-pro,21,disagreement_then_random,release,0.95,801,0.1653673517599811,1.6443994358453793,1.479032084085398,109,13,3
AC DeepSeek v4-pro,22,random_criterion,release,0.05,42,0.0,0.5450183140841085,0.5450183140841085,106,13,0
AC DeepSeek v4-pro,22,random_criterion,release,0.2,169,0.0,2.1191664500370955,2.1191664500370955,106,13,0
AC DeepSeek v4-pro,22,random_criterion,release,0.5,422,0.0,4.366368839739518,4.366368839739518,106,13,0
AC DeepSeek v4-pro,22,random_criterion,release,0.84,708,0.0,3.2360577722301684,3.2360577722301684,106,13,0
AC DeepSeek v4-pro,22,random_criterion,release,0.95,801,0.0,1.2662174994855704,1.2662174994855704,106,13,0
AC DeepSeek v4-pro,22,disagreement_then_random,release,0.05,42,0.0,2.0,2.0,106,13,0
AC DeepSeek v4-pro,22,disagreement_then_random,release,0.2,169,0.0,7.271759768625252,7.271759768625252,106,13,0
AC DeepSeek v4-pro,22,disagreement_then_random,release,0.5,422,0.0,7.379388416508492,7.379388416508492,106,13,0
AC DeepSeek v4-pro,22,disagreement_then_random,release,0.84,708,0.0,3.9974429014769743,3.9974429014769743,106,13,0
AC DeepSeek v4-pro,22,disagreement_then_random,release,0.95,801,0.0,1.4644995214455179,1.4644995214455179,106,13,0
AC DeepSeek v4-pro,23,random_criterion,release,0.05,42,0.1895841962451712,0.5924246030789156,0.40284040683374445,112,13,4
AC DeepSeek v4-pro,23,random_criterion,release,0.2,169,0.6418993358748728,2.2822213496908352,1.6403220138159624,112,13,4
AC DeepSeek v4-pro,23,random_criterion,release,0.5,422,1.0011862396204034,4.690883320815027,3.689697081194624,112,13,4
AC DeepSeek v4-pro,23,random_criterion,release,0.84,708,0.5386260471170996,3.634388299028723,3.0957622519116237,112,13,4
AC DeepSeek v4-pro,23,random_criterion,release,0.95,801,0.18958419624517123,1.4671688977578938,1.2775847015127226,112,13,4
AC DeepSeek v4-pro,23,disagreement_then_random,release,0.05,42,1.0,2.0,1.0,112,13,4
AC DeepSeek v4-pro,23,disagreement_then_random,release,0.2,169,1.9806641897357702,7.264038607046877,5.283374417311107,112,13,4
AC DeepSeek v4-pro,23,disagreement_then_random,release,0.5,422,1.6184309430234307,7.374020810065179,5.755589867041748,112,13,4
AC DeepSeek v4-pro,23,disagreement_then_random,release,0.84,708,0.6571741511500547,4.305778554080929,3.648604402930874,112,13,4
AC DeepSeek v4-pro,23,disagreement_then_random,release,0.95,801,0.2184352382793205,1.6713375668353319,1.4529023285560114,112,13,4
AC DeepSeek v4-pro,24,random_criterion,release,0.05,42,0.0947920981225856,0.3954579318711038,0.3006658337485182,108,10,2
AC DeepSeek v4-pro,24,random_criterion,release,0.2,169,0.3209496679374364,1.515830463652426,1.1948807957149896,108,10,2
AC DeepSeek v4-pro,24,random_criterion,release,0.5,422,0.5005931198102017,2.9733875825555067,2.472794462745305,108,10,2
AC DeepSeek v4-pro,24,random_criterion,release,0.84,708,0.2693130235585498,2.0447501081351147,1.775437084576565,108,10,2
AC DeepSeek v4-pro,24,random_criterion,release,0.95,801,0.09479209812258561,0.7784403049578419,0.6836482068352563,108,10,2
AC DeepSeek v4-pro,24,disagreement_then_random,release,0.05,42,1.0,1.0,0.0,108,10,2
AC DeepSeek v4-pro,24,disagreement_then_random,release,0.2,169,1.8021390374331552,4.264980075568087,2.462841038134932,108,10,2
AC DeepSeek v4-pro,24,disagreement_then_random,release,0.5,422,1.125668449197861,4.474100987054869,3.3484325378570077,108,10,2
AC DeepSeek v4-pro,24,disagreement_then_random,release,0.84,708,0.3609625668449198,2.426024092357447,2.0650615255125273,108,10,2
AC DeepSeek v4-pro,24,disagreement_then_random,release,0.95,801,0.11229946524064172,0.888850233442378,0.7765507682017363,108,10,2
AC DeepSeek v4-pro,25,random_criterion,release,0.05,42,0.0947920981225856,0.4904703324096031,0.3956782342870175,112,10,2
AC DeepSeek v4-pro,25,random_criterion,release,0.2,169,0.3209496679374364,1.8498329411991574,1.528883273261721,112,10,2
AC DeepSeek v4-pro,25,random_criterion,release,0.5,422,0.5005931198102017,3.62652797168877,3.1259348518785686,112,10,2
AC DeepSeek v4-pro,25,random_criterion,release,0.84,708,0.2693130235585498,2.6752917234203286,2.405978699861779,112,10,2
AC DeepSeek v4-pro,25,random_criterion,release,0.95,801,0.09479209812258561,1.0697726081597327,0.9749805100371471,112,10,2
AC DeepSeek v4-pro,25,disagreement_then_random,release,0.05,42,0.0,2.0,2.0,112,10,2
AC DeepSeek v4-pro,25,disagreement_then_random,release,0.2,169,1.8021390374331552,5.272790085372268,3.470651047939113,112,10,2
AC DeepSeek v4-pro,25,disagreement_then_random,release,0.5,422,1.125668449197861,5.511403135010678,4.385734685812817,112,10,2
AC DeepSeek v4-pro,25,disagreement_then_random,release,0.84,708,0.3609625668449198,3.1194544223900635,2.758491855545144,112,10,2
AC DeepSeek v4-pro,25,disagreement_then_random,release,0.95,801,0.11229946524064172,1.1806499144479243,1.0683504492072826,112,10,2
AC DeepSeek v4-pro,26,random_criterion,release,0.05,42,0.0947920981225856,0.7417646828760068,0.6469725847534212,111,16,2
AC DeepSeek v4-pro,26,random_criterion,release,0.2,169,0.3209496679374364,2.872504526466209,2.551554858528773,111,16,2
AC DeepSeek v4-pro,26,random_criterion,release,0.5,422,0.5005931198102017,5.931317308675976,5.430724188865774,111,16,2
AC DeepSeek v4-pro,26,random_criterion,release,0.84,708,0.2693130235585498,4.464467371397115,4.195154347838565,111,16,2
AC DeepSeek v4-pro,26,random_criterion,release,0.95,801,0.09479209812258561,1.7584058872063153,1.6636137890837297,111,16,2
AC DeepSeek v4-pro,26,disagreement_then_random,release,0.05,42,0.0,3.0,3.0,111,16,2
AC DeepSeek v4-pro,26,disagreement_then_random,release,0.2,169,0.9903320948678851,10.341678167830967,9.351346072963082,111,16,2
AC DeepSeek v4-pro,26,disagreement_then_random,release,0.5,422,0.8092154715117154,10.228507605142022,9.419292133630307,111,16,2
AC DeepSeek v4-pro,26,disagreement_then_random,release,0.84,708,0.32858707557502737,5.434161317342847,5.105574241767819,111,16,2
AC DeepSeek v4-pro,26,disagreement_then_random,release,0.95,801,0.10921761913966024,1.987542502135291,1.8783248829956307,111,16,2
AC DeepSeek v4-pro,27,random_criterion,release,0.05,42,0.0,0.6943688764365602,0.6943688764365602,112,16,0
AC DeepSeek v4-pro,27,random_criterion,release,0.2,169,0.0,2.712336106257666,2.712336106257666,112,16,0
AC DeepSeek v4-pro,27,random_criterion,release,0.5,422,0.0,5.708270929247272,5.708270929247272,112,16,0
AC DeepSeek v4-pro,27,random_criterion,release,0.84,708,0.0,4.500753735352964,4.500753735352964,112,16,0
AC DeepSeek v4-pro,27,random_criterion,release,0.95,801,0.0,1.8217803966585073,1.8217803966585073,112,16,0
AC DeepSeek v4-pro,27,disagreement_then_random,release,0.05,42,0.0,3.0,3.0,112,16,0
AC DeepSeek v4-pro,27,disagreement_then_random,release,0.2,169,0.0,8.380260791282634,8.380260791282634,112,16,0
AC DeepSeek v4-pro,27,disagreement_then_random,release,0.5,422,0.0,8.952556158860009,8.952556158860009,112,16,0
AC DeepSeek v4-pro,27,disagreement_then_random,release,0.84,708,0.0,5.422827705680692,5.422827705680692,112,16,0
AC DeepSeek v4-pro,27,disagreement_then_random,release,0.95,801,0.0,2.0912515587670235,2.0912515587670235,112,16,0
AC DeepSeek v4-pro,28,random_criterion,release,0.05,42,0.0947920981225856,0.647082625344436,0.5522905272218503,112,15,2
AC DeepSeek v4-pro,28,random_criterion,release,0.2,169,0.3209496679374364,2.557986189228994,2.2370365212915573,112,15,2
AC DeepSeek v4-pro,28,random_criterion,release,0.5,422,0.5005931198102017,5.505016780530132,5.00442366071993,112,15,2
AC DeepSeek v4-pro,28,random_criterion,release,0.84,708,0.2693130235585498,4.394076787273118,4.124763763714568,112,15,2
AC DeepSeek v4-pro,28,random_criterion,release,0.95,801,0.09479209812258561,1.7784756803386657,1.68368358221608,112,15,2
AC DeepSeek v4-pro,28,disagreement_then_random,release,0.05,42,1.0,3.0,2.0,112,15,2
AC DeepSeek v4-pro,28,disagreement_then_random,release,0.2,169,1.8021390374331552,9.351354433206087,7.549215395772931,112,15,2
AC DeepSeek v4-pro,28,disagreement_then_random,release,0.5,422,1.125668449197861,9.43371454337292,8.30804609417506,112,15,2
AC DeepSeek v4-pro,28,disagreement_then_random,release,0.84,708,0.3609625668449198,5.272362343919301,4.911399777074381,112,15,2
AC DeepSeek v4-pro,28,disagreement_then_random,release,0.95,801,0.11229946524064172,1.9983635986086128,1.886064133367971,112,15,2
AC DeepSeek v4-pro,29,random_criterion,release,0.05,42,0.0473960490612928,0.644436550574013,0.5970405015127201,114,15,1
AC DeepSeek v4-pro,29,random_criterion,release,0.2,169,0.1604748339687182,2.5052424113085383,2.34476757733982,114,15,1
AC DeepSeek v4-pro,29,random_criterion,release,0.5,422,0.25029655990510086,5.133236940972377,4.882940381067276,114,15,1
AC DeepSeek v4-pro,29,random_criterion,release,0.84,708,0.1346565117792749,3.744556986601168,3.609900474821893,114,15,1
AC DeepSeek v4-pro,29,random_criterion,release,0.95,801,0.04739604906129281,1.4531760901333666,1.4057800410720738,114,15,1
AC DeepSeek v4-pro,29,disagreement_then_random,release,0.05,42,0.0,4.0,4.0,114,15,1
AC DeepSeek v4-pro,29,disagreement_then_random,release,0.2,169,0.08926257615130756,10.144758667346975,10.055496091195668,114,15,1
AC DeepSeek v4-pro,29,disagreement_then_random,release,0.5,422,0.24638124691278485,9.452985639769501,9.206604392856717,114,15,1
AC DeepSeek v4-pro,29,disagreement_then_random,release,0.84,708,0.14810579215256747,4.713595997179018,4.5654902050264505,114,15,1
AC DeepSeek v4-pro,29,disagreement_then_random,release,0.95,801,0.053067886519339386,1.6889332054870714,1.635865318967732,114,15,1
AC DeepSeek v4-pro,30,random_criterion,release,0.05,42,0.0473960490612928,0.5923094478681342,0.5449133988068414,112,13,1
AC DeepSeek v4-pro,30,random_criterion,release,0.2,169,0.1604748339687182,2.274529052535933,2.114054218567215,112,13,1
AC DeepSeek v4-pro,30,random_criterion,release,0.5,422,0.25029655990510086,4.585303792185978,4.335007232280877,112,13,1
AC DeepSeek v4-pro,30,random_criterion,release,0.84,708,0.1346565117792749,3.355518642803923,3.220862131024648,112,13,1
AC DeepSeek v4-pro,30,random_criterion,release,0.95,801,0.04739604906129281,1.311517865883454,1.2641218168221613,112,13,1
AC DeepSeek v4-pro,30,disagreement_then_random,release,0.05,42,1.0,2.0,1.0,112,13,1
AC DeepSeek v4-pro,30,disagreement_then_random,release,0.2,169,0.9010695187165776,8.164938647142218,7.2638691284256405,112,13,1
AC DeepSeek v4-pro,30,disagreement_then_random,release,0.5,422,0.5628342245989305,7.881523934219143,7.318689709620213,112,13,1
AC DeepSeek v4-pro,30,disagreement_then_random,release,0.84,708,0.1804812834224599,4.156070072941523,3.9755887895190627,112,13,1
AC DeepSeek v4-pro,30,disagreement_then_random,release,0.95,801,0.05614973262032086,1.5178892503595556,1.4617395177392347,112,13,1
AC DeepSeek v4-pro,31,random_criterion,release,0.05,42,0.0473960490612928,0.6445470652732446,0.5971510162119518,114,15,1
AC DeepSeek v4-pro,31,random_criterion,release,0.2,169,0.1604748339687182,2.5122189516258873,2.351744117657169,114,15,1
AC DeepSeek v4-pro,31,random_criterion,release,0.5,422,0.25029655990510086,5.246516897744454,4.996220337839353,114,15,1
AC DeepSeek v4-pro,31,random_criterion,release,0.84,708,0.1346565117792749,4.134216762406572,3.999560250627297,114,15,1
AC DeepSeek v4-pro,31,random_criterion,release,0.95,801,0.04739604906129281,1.68251817450348,1.6351221254421873,114,15,1
AC DeepSeek v4-pro,31,disagreement_then_random,release,0.05,42,0.0,3.0,3.0,114,15,1
AC DeepSeek v4-pro,31,disagreement_then_random,release,0.2,169,0.08926257615130756,8.272612162424997,8.183349586273689,114,15,1
AC DeepSeek v4-pro,31,disagreement_then_random,release,0.5,422,0.24638124691278485,8.436166228121664,8.189784981208879,114,15,1
AC DeepSeek v4-pro,31,disagreement_then_random,release,0.84,708,0.14810579215256747,4.972206754386079,4.824100962233511,114,15,1
AC DeepSeek v4-pro,31,disagreement_then_random,release,0.95,801,0.053067886519339386,1.927989636787851,1.8749217502685116,114,15,1
AC DeepSeek v4-pro,32,random_criterion,release,0.05,42,0.1421881471838784,0.7889302109758333,0.6467420637919549,113,16,3
AC DeepSeek v4-pro,32,random_criterion,release,0.2,169,0.4814245019061546,3.0174627506919323,2.5360382487857778,113,16,3
AC DeepSeek v4-pro,32,random_criterion,release,0.5,422,0.7508896797153026,5.978136772569654,5.227247092854351,113,16,3
AC DeepSeek v4-pro,32,random_criterion,release,0.84,708,0.4039695353378247,4.181780439308017,3.7778109039701926,113,16,3
AC DeepSeek v4-pro,32,random_criterion,release,0.95,801,0.14218814718387843,1.5996605179213272,1.4574723707374488,113,16,3
AC DeepSeek v4-pro,32,disagreement_then_random,release,0.05,42,0.0,3.0,3.0,113,16,3
AC DeepSeek v4-pro,32,disagreement_then_random,release,0.2,169,1.0795946710191928,8.556003461949816,7.476408790930623,113,16,3
AC DeepSeek v4-pro,32,disagreement_then_random,release,0.5,422,1.0555967184245003,9.230297116491439,8.174700398066939,113,16,3
AC DeepSeek v4-pro,32,disagreement_then_random,release,0.84,708,0.47669286772759484,5.053153538915925,4.576460671188331,113,16,3
AC DeepSeek v4-pro,32,disagreement_then_random,release,0.95,801,0.16228550565899963,1.8385949939759065,1.676309488316907,113,16,3
AC DeepSeek v4-pro,33,random_criterion,release,0.05,42,0.0947920981225856,0.5449133988068415,0.45012130068425593,109,13,2
AC DeepSeek v4-pro,33,random_criterion,release,0.2,169,0.3209496679374364,2.1140542185672153,1.793104550629779,109,13,2
AC DeepSeek v4-pro,33,random_criterion,release,0.5,422,0.5005931198102017,4.335007232280877,3.8344141124706757,109,13,2
AC DeepSeek v4-pro,33,random_criterion,release,0.84,708,0.2693130235585498,3.2208621310246466,2.951549107466097,109,13,2
AC DeepSeek v4-pro,33,random_criterion,release,0.95,801,0.09479209812258561,1.2641218168221613,1.1693297186995757,109,13,2
AC DeepSeek v4-pro,33,disagreement_then_random,release,0.05,42,1.0,2.0,1.0,109,13,2
AC DeepSeek v4-pro,33,disagreement_then_random,release,0.2,169,0.9903320948678851,5.470545459912226,4.4802133650443405,109,13,2
AC DeepSeek v4-pro,33,disagreement_then_random,release,0.5,422,0.8092154715117154,6.321143550134881,5.511928078623166,109,13,2
AC DeepSeek v4-pro,33,disagreement_then_random,release,0.84,708,0.32858707557502737,3.8178293927498057,3.4892423171747784,109,13,2
AC DeepSeek v4-pro,33,disagreement_then_random,release,0.95,801,0.10921761913966024,1.4443710060982404,1.33515338695858,109,13,2
AC DeepSeek v4-pro,34,random_criterion,release,0.05,42,0.236980245306464,0.44792093467144634,0.21094068936498234,112,11,5
AC DeepSeek v4-pro,34,random_criterion,release,0.2,169,0.802374169843591,1.7676692256069326,0.9652950557633416,112,11,5
AC DeepSeek v4-pro,34,random_criterion,release,0.5,422,1.2514827995255042,3.787371701282714,2.5358889017572097,112,11,5
AC DeepSeek v4-pro,34,random_criterion,release,0.84,708,0.6732825588963745,3.0006541255989356,2.327371566702561,112,11,5
AC DeepSeek v4-pro,34,random_criterion,release,0.95,801,0.23698024530646403,1.2059226113003607,0.9689423659938967,112,11,5
AC DeepSeek v4-pro,34,disagreement_then_random,release,0.05,42,2.0,2.0,0.0,112,11,5
AC DeepSeek v4-pro,34,disagreement_then_random,release,0.2,169,2.069926765887078,4.481057534575354,2.4111307686882757,112,11,5
AC DeepSeek v4-pro,34,disagreement_then_random,release,0.5,422,1.8648121899362156,5.558897316096237,3.6940851261600214,112,11,5
AC DeepSeek v4-pro,34,disagreement_then_random,release,0.84,708,0.8052799433026222,3.5888905440873398,2.7836106007847174,112,11,5
AC DeepSeek v4-pro,34,disagreement_then_random,release,0.95,801,0.2715031247986599,1.3825446701103825,1.1110415453117226,112,11,5
AC DeepSeek v4-pro,35,random_criterion,release,0.05,42,0.0,0.6919533333215845,0.6919533333215845,113,15,0
AC DeepSeek v4-pro,35,random_criterion,release,0.2,169,0.0,2.675167070855866,2.675167070855866,113,15,0
AC DeepSeek v4-pro,35,random_criterion,release,0.5,422,0.0,5.551612232941962,5.551612232941962,113,15,0
AC DeepSeek v4-pro,35,random_criterion,release,0.84,708,0.0,4.372356959988171,4.372356959988171,113,15,0
AC DeepSeek v4-pro,35,random_criterion,release,0.95,801,0.0,1.7745992927715157,1.7745992927715157,113,15,0
AC DeepSeek v4-pro,35,disagreement_then_random,release,0.05,42,0.0,3.0,3.0,113,15,0
AC DeepSeek v4-pro,35,disagreement_then_random,release,0.2,169,0.0,7.5597190389867395,7.5597190389867395,113,15,0
AC DeepSeek v4-pro,35,disagreement_then_random,release,0.5,422,0.0,8.528435236812513,8.528435236812513,113,15,0
AC DeepSeek v4-pro,35,disagreement_then_random,release,0.84,708,0.0,5.2689498755403275,5.2689498755403275,113,15,0
AC DeepSeek v4-pro,35,disagreement_then_random,release,0.95,801,0.0,2.0380184258079534,2.0380184258079534,113,15,0
AC DeepSeek v4-pro,36,random_criterion,release,0.05,42,0.0,0.5948452501196773,0.5948452501196773,114,14,0
AC DeepSeek v4-pro,36,random_criterion,release,0.2,169,0.0,2.3205932187716547,2.3205932187716547,114,14,0
AC DeepSeek v4-pro,36,random_criterion,release,0.5,422,0.0,4.867184906844006,4.867184906844006,114,14,0
AC DeepSeek v4-pro,36,random_criterion,release,0.84,708,0.0,3.7389527097449777,3.7389527097449777,114,14,0
AC DeepSeek v4-pro,36,random_criterion,release,0.95,801,0.0,1.483162074292359,1.483162074292359,114,14,0
AC DeepSeek v4-pro,36,disagreement_then_random,release,0.05,42,0.0,3.0,3.0,114,14,0
AC DeepSeek v4-pro,36,disagreement_then_random,release,0.2,169,0.0,7.380180303299833,7.380180303299833,114,14,0
AC DeepSeek v4-pro,36,disagreement_then_random,release,0.5,422,0.0,7.9350440270901235,7.9350440270901235,114,14,0
AC DeepSeek v4-pro,36,disagreement_then_random,release,0.84,708,0.0,4.587849825195605,4.587849825195605,114,14,0
AC DeepSeek v4-pro,36,disagreement_then_random,release,0.95,801,0.0,1.7126525479846446,1.7126525479846446,114,14,0
AC DeepSeek v4-pro,37,random_criterion,release,0.05,42,0.0473960490612928,0.6920580162294916,0.6446619671681988,112,15,1
AC DeepSeek v4-pro,37,random_criterion,release,0.2,169,0.1604748339687182,2.680021536213672,2.519546702244954,112,15,1
AC DeepSeek v4-pro,37,random_criterion,release,0.5,422,0.25029655990510086,5.5634987585611855,5.313202198656085,112,15,1
AC DeepSeek v4-pro,37,random_criterion,release,0.84,708,0.1346565117792749,4.273020473236738,4.138363961457463,112,15,1
AC DeepSeek v4-pro,37,random_criterion,release,0.95,801,0.04739604906129281,1.7028176289536958,1.655421579892403,112,15,1
AC DeepSeek v4-pro,37,disagreement_then_random,release,0.05,42,0.0,2.0,2.0,112,15,1
AC DeepSeek v4-pro,37,disagreement_then_random,release,0.2,169,0.9010695187165776,7.469531734115304,6.568462215398726,112,15,1
AC DeepSeek v4-pro,37,disagreement_then_random,release,0.5,422,0.5628342245989305,8.214630407075479,7.651796182476549,112,15,1
AC DeepSeek v4-pro,37,disagreement_then_random,release,0.84,708,0.1804812834224599,4.939495025270009,4.759013741847549,112,15,1
AC DeepSeek v4-pro,37,disagreement_then_random,release,0.95,801,0.05614973262032086,1.8927795893952517,1.8366298567749308,112,15,1
AC DeepSeek v4-pro,38,random_criterion,release,0.05,42,0.1421881471838784,0.6421261653581505,0.4999380181742721,115,14,3
AC DeepSeek v4-pro,38,random_criterion,release,0.2,169,0.4814245019061546,2.473492021136793,1.9920675192306385,115,14,3
AC DeepSeek v4-pro,38,random_criterion,release,0.5,422,0.7508896797153026,5.035190032602103,4.284300352886801,115,14,3
AC DeepSeek v4-pro,38,random_criterion,release,0.84,708,0.4039695353378247,3.802298728177023,3.3983291928391983,115,14,3
AC DeepSeek v4-pro,38,random_criterion,release,0.95,801,0.14218814718387843,1.518861227423269,1.3766730802393905,115,14,3
AC DeepSeek v4-pro,38,disagreement_then_random,release,0.05,42,1.0,4.0,3.0,115,14,3
AC DeepSeek v4-pro,38,disagreement_then_random,release,0.2,169,1.8914016135844627,6.557958572184917,4.666556958600455,115,14,3
AC DeepSeek v4-pro,38,disagreement_then_random,release,0.5,422,1.3720496961106459,7.431407039839094,6.059357343728448,115,14,3
AC DeepSeek v4-pro,38,disagreement_then_random,release,0.84,708,0.5090683589974873,4.401463643381602,3.8923952843841145,115,14,3
AC DeepSeek v4-pro,38,disagreement_then_random,release,0.95,801,0.1653673517599811,1.6846755643349471,1.519308212574966,115,14,3
AC DeepSeek v4-pro,39,random_criterion,release,0.05,42,0.04970667689900149,0.447920702743581,0.3982140258445795,112,12,2
AC DeepSeek v4-pro,39,random_criterion,release,0.2,169,0.19253163790063813,1.7674209446224192,1.574889306721781,112,12,2
AC DeepSeek v4-pro,39,random_criterion,release,0.5,422,0.3755936487517685,3.771765568047342,3.3961719192955733,112,12,2
AC DeepSeek v4-pro,39,random_criterion,release,0.84,708,0.24785764593854642,2.9334908313025956,2.685633185364049,112,12,2
AC DeepSeek v4-pro,39,random_criterion,release,0.95,801,0.09248147028487692,1.1671291207589025,1.0746476504740257,112,12,2
AC DeepSeek v4-pro,39,disagreement_then_random,release,0.05,42,1.0,3.0,2.0,112,12,2
AC DeepSeek v4-pro,39,disagreement_then_random,release,0.2,169,0.9098043284472015,5.372548074030294,4.462743745583093,112,12,2
AC DeepSeek v4-pro,39,disagreement_then_random,release,0.5,422,0.6705021689602815,5.967094358860745,5.296592189900464,112,12,2
AC DeepSeek v4-pro,39,disagreement_then_random,release,0.84,708,0.3019836222929308,3.548221261726768,3.2462376394338373,112,12,2
AC DeepSeek v4-pro,39,disagreement_then_random,release,0.95,801,0.1063010194784097,1.3411518327208096,1.2348508132423999,112,12,2
AC DeepSeek v4-pro,40,random_criterion,release,0.05,42,0.0473960490612928,0.6918379568769186,0.6444419078156258,114,15,1
AC DeepSeek v4-pro,40,random_criterion,release,0.2,169,0.1604748339687182,2.667284625492112,2.5068097915233936,114,15,1
AC DeepSeek v4-pro,40,random_criterion,release,0.5,422,0.25029655990510086,5.442070618318564,5.191774058413463,114,15,1
AC DeepSeek v4-pro,40,random_criterion,release,0.84,708,0.1346565117792749,4.130103590905815,3.99544707912654,114,15,1
AC DeepSeek v4-pro,40,random_criterion,release,0.95,801,0.04739604906129281,1.6521318383276462,1.6047357892663534,114,15,1
AC DeepSeek v4-pro,40,disagreement_then_random,release,0.05,42,0.0,2.0,2.0,114,15,1
AC DeepSeek v4-pro,40,disagreement_then_random,release,0.2,169,0.9010695187165776,7.549215331004974,6.648145812288396,114,15,1
AC DeepSeek v4-pro,40,disagreement_then_random,release,0.5,422,0.5628342245989305,8.30637447215384,7.743540247554909,114,15,1
AC DeepSeek v4-pro,40,disagreement_then_random,release,0.84,708,0.1804812834224599,4.866450251639545,4.685968968217085,114,15,1
AC DeepSeek v4-pro,40,disagreement_then_random,release,0.95,801,0.05614973262032086,1.8483049059046959,1.792155173284375,114,15,1
AC DeepSeek v4-pro,41,random_criterion,release,0.05,42,0.1421881471838784,0.838977681355181,0.6967895341713026,114,17,3
AC DeepSeek v4-pro,41,random_criterion,release,0.2,169,0.4814245019061546,3.2321906100203006,2.750766108114146,114,17,3
AC DeepSeek v4-pro,41,random_criterion,release,0.5,422,0.7508896797153026,6.647106242232574,5.896216562517272,114,17,3
AC DeepSeek v4-pro,41,random_criterion,release,0.84,708,0.4039695353378247,5.11306726284583,4.709097727508005,114,17,3
AC DeepSeek v4-pro,41,random_criterion,release,0.95,801,0.14218814718387843,2.051938788348881,1.9097506411650027,114,17,3
AC DeepSeek v4-pro,41,disagreement_then_random,release,0.05,42,0.0,5.0,5.0,114,17,3
AC DeepSeek v4-pro,41,disagreement_then_random,release,0.2,169,1.8914016135844627,11.349568736824263,9.4581671232398,114,17,3
AC DeepSeek v4-pro,41,disagreement_then_random,release,0.5,422,1.3720496961106459,11.286264098449008,9.914214402338363,114,17,3
AC DeepSeek v4-pro,41,disagreement_then_random,release,0.84,708,0.5090683589974873,6.209292478580654,5.700224119583167,114,17,3
AC DeepSeek v4-pro,41,disagreement_then_random,release,0.95,801,0.1653673517599811,2.3241218498823955,2.1587544981224145,114,17,3
AC DeepSeek v4-pro,42,random_criterion,release,0.05,42,0.0947920981225856,0.5947247590552447,0.4999326609326591,111,14,2
AC DeepSeek v4-pro,42,random_criterion,release,0.2,169,0.3209496679374364,2.3114498069532194,1.990500139015783,111,14,2
AC DeepSeek v4-pro,42,random_criterion,release,0.5,422,0.5005931198102017,4.726356355255916,4.225763235445714,111,14,2
AC DeepSeek v4-pro,42,random_criterion,release,0.84,708,0.2693130235585498,3.4167521238723744,3.1474391003138247,111,14,2
AC DeepSeek v4-pro,42,random_criterion,release,0.95,801,0.09479209812258561,1.3199054792289875,1.2251133811064019,111,14,2
AC DeepSeek v4-pro,42,disagreement_then_random,release,0.05,42,1.0,0.0,-1.0,111,14,2
AC DeepSeek v4-pro,42,disagreement_then_random,release,0.2,169,0.9903320948678851,5.6489900530257255,4.658657958157841,111,14,2
AC DeepSeek v4-pro,42,disagreement_then_random,release,0.5,422,0.8092154715117154,6.793451698609272,5.984236227097557,111,14,2
AC DeepSeek v4-pro,42,disagreement_then_random,release,0.84,708,0.32858707557502737,4.03234014584975,3.7037530702747223,111,14,2
AC DeepSeek v4-pro,42,disagreement_then_random,release,0.95,801,0.10921761913966024,1.5057271123953608,1.3965094932557005,111,14,2
AC DeepSeek v4-pro,43,random_criterion,release,0.05,42,0.0,0.5427128115601475,0.5427128115601475,109,13,0
AC DeepSeek v4-pro,43,random_criterion,release,0.2,169,0.0,2.088428745335517,2.088428745335517,109,13,0
AC DeepSeek v4-pro,43,random_criterion,release,0.5,422,0.0,4.284002735098567,4.284002735098567,109,13,0
AC DeepSeek v4-pro,43,random_criterion,release,0.84,708,0.0,3.3065834362999293,3.3065834362999293,109,13,0
AC DeepSeek v4-pro,43,random_criterion,release,0.95,801,0.0,1.3338982868535147,1.3338982868535147,109,13,0
AC DeepSeek v4-pro,43,disagreement_then_random,release,0.05,42,0.0,2.0,2.0,109,13,0
AC DeepSeek v4-pro,43,disagreement_then_random,release,0.2,169,0.0,7.0845887260241325,7.0845887260241325,109,13,0
AC DeepSeek v4-pro,43,disagreement_then_random,release,0.5,422,0.0,6.81383473341536,6.81383473341536,109,13,0
AC DeepSeek v4-pro,43,disagreement_then_random,release,0.84,708,0.0,3.8282179116580437,3.8282179116580437,109,13,0
AC DeepSeek v4-pro,43,disagreement_then_random,release,0.95,801,0.0,1.47303084390329,1.47303084390329,109,13,0
AC DeepSeek v4-pro,44,random_criterion,release,0.05,42,0.0473960490612928,0.49773740953961626,0.45034136047832346,113,13,1
AC DeepSeek v4-pro,44,random_criterion,release,0.2,169,0.1604748339687182,1.9663257804476177,1.8058509464788997,113,13,1
AC DeepSeek v4-pro,44,random_criterion,release,0.5,422,0.25029655990510086,4.210007761222443,3.9597112013173423,113,13,1
AC DeepSeek v4-pro,44,random_criterion,release,0.84,708,0.1346565117792749,3.276491335236911,3.141834823457636,113,13,1
AC DeepSeek v4-pro,44,random_criterion,release,0.95,801,0.04739604906129281,1.3024954143266871,1.2550993652653943,113,13,1
AC DeepSeek v4-pro,44,disagreement_then_random,release,0.05,42,0.0,2.0,2.0,113,13,1
AC DeepSeek v4-pro,44,disagreement_then_random,release,0.2,169,0.08926257615130756,4.570320110726661,4.481057534575354,113,13,1
AC DeepSeek v4-pro,44,disagreement_then_random,release,0.5,422,0.24638124691278485,5.805278563009022,5.558897316096237,113,13,1
AC DeepSeek v4-pro,44,disagreement_then_random,release,0.84,708,0.14810579215256747,3.7369963362399066,3.588890544087339,113,13,1
AC DeepSeek v4-pro,44,disagreement_then_random,release,0.95,801,0.053067886519339386,1.4356125566297244,1.382544670110385,113,13,1
AC DeepSeek v4-pro,45,random_criterion,release,0.05,42,0.09248147028487691,0.5424876367048186,0.4500061664199417,110,12,2
AC DeepSeek v4-pro,45,random_criterion,release,0.2,169,0.2888928640055165,2.0744118979041555,1.7855190338986389,110,12,2
AC DeepSeek v4-pro,45,random_criterion,release,0.5,422,0.3752960309635341,4.123549760683161,3.7482537297196266,110,12,2
AC DeepSeek v4-pro,45,random_criterion,release,0.84,708,0.15611188939927828,2.98898166985753,2.832869780458252,110,12,2
AC DeepSeek v4-pro,45,random_criterion,release,0.95,801,0.04970667689900149,1.172255643728425,1.1225489668294235,110,12,2
AC DeepSeek v4-pro,45,disagreement_then_random,release,0.05,42,2.0,2.0,0.0,110,12,2
AC DeepSeek v4-pro,45,disagreement_then_random,release,0.2,169,1.7128764612818475,6.263122180240153,4.550245718958305,110,12,2
AC DeepSeek v4-pro,45,disagreement_then_random,release,0.5,422,0.8792872022850762,6.320618606522394,5.441331404237317,110,12,2
AC DeepSeek v4-pro,45,disagreement_then_random,release,0.84,708,0.2128567746923523,3.4480414979650913,3.235184723272739,110,12,2
AC DeepSeek v4-pro,45,disagreement_then_random,release,0.95,801,0.05923157872130232,1.2898675335875858,1.2306359548662835,110,12,2
AC DeepSeek v4-pro,46,random_criterion,release,0.05,42,0.0947920981225856,0.6943844415297449,0.5995923434071593,112,15,2
AC DeepSeek v4-pro,46,random_criterion,release,0.2,169,0.3209496679374364,2.71630915383056,2.395359485893124,112,15,2
AC DeepSeek v4-pro,46,random_criterion,release,0.5,422,0.5005931198102017,5.8060938261356965,5.305500706325494,112,15,2
AC DeepSeek v4-pro,46,random_criterion,release,0.84,708,0.2693130235585498,4.703979098581261,4.434666075022711,112,15,2
AC DeepSeek v4-pro,46,random_criterion,release,0.95,801,0.09479209812258561,1.9109642410864414,1.8161721429638558,112,15,2
AC DeepSeek v4-pro,46,disagreement_then_random,release,0.05,42,1.0,3.0,2.0,112,15,2
AC DeepSeek v4-pro,46,disagreement_then_random,release,0.2,169,0.9010695187165776,9.362855068854092,8.461785550137515,112,15,2
AC DeepSeek v4-pro,46,disagreement_then_random,release,0.5,422,0.5628342245989305,9.729230826464406,9.166396601865475,112,15,2
AC DeepSeek v4-pro,46,disagreement_then_random,release,0.84,708,0.1804812834224599,5.771123754991544,5.590642471569084,112,15,2
AC DeepSeek v4-pro,46,disagreement_then_random,release,0.95,801,0.05614973262032086,2.204989019533805,2.1488392869134842,112,15,2
AC DeepSeek v4-pro,47,random_criterion,release,0.05,42,0.0947920981225856,0.49751736043952965,0.40272526231694405,110,13,2
AC DeepSeek v4-pro,47,random_criterion,release,0.2,169,0.3209496679374364,1.9536375173741583,1.6326878494367218,110,13,2
AC DeepSeek v4-pro,47,random_criterion,release,0.5,422,0.5005931198102017,4.0963547196168,3.595761599806598,110,13,2
AC DeepSeek v4-pro,47,random_criterion,release,0.84,708,0.2693130235585498,3.189985200684159,2.9206721771256094,110,13,2
AC DeepSeek v4-pro,47,random_criterion,release,0.95,801,0.09479209812258561,1.288702835732897,1.1939107376103113,110,13,2
AC DeepSeek v4-pro,47,disagreement_then_random,release,0.05,42,1.0,3.0,2.0,110,13,2
AC DeepSeek v4-pro,47,disagreement_then_random,release,0.2,169,1.8021390374331552,6.361119630890041,4.558980593456885,110,13,2
AC DeepSeek v4-pro,47,disagreement_then_random,release,0.5,422,1.125668449197861,6.67633941981775,5.550670970619889,110,13,2
AC DeepSeek v4-pro,47,disagreement_then_random,release,0.84,708,0.3609625668449198,3.7625991544229667,3.401636587578047,110,13,2
AC DeepSeek v4-pro,47,disagreement_then_random,release,0.95,801,0.11229946524064172,1.4308459344282856,1.3185464691876438,110,13,2
AC DeepSeek v4-pro,48,random_criterion,release,0.05,42,0.0947920981225856,0.5451334586009091,0.4503413604783235,114,13,2
AC DeepSeek v4-pro,48,random_criterion,release,0.2,169,0.3209496679374364,2.1268006144163363,1.8058509464788999,114,13,2
AC DeepSeek v4-pro,48,random_criterion,release,0.5,422,0.5005931198102017,4.460304321127545,3.959711201317343,114,13,2
AC DeepSeek v4-pro,48,random_criterion,release,0.84,708,0.2693130235585498,3.411147847016184,3.1418348234576343,114,13,2
AC DeepSeek v4-pro,48,random_criterion,release,0.95,801,0.09479209812258561,1.34989146338798,1.2550993652653943,114,13,2
AC DeepSeek v4-pro,48,disagreement_then_random,release,0.05,42,1.0,2.0,1.0,114,13,2
AC DeepSeek v4-pro,48,disagreement_then_random,release,0.2,169,0.9903320948678851,8.253437612951629,7.263105518083744,114,13,2
AC DeepSeek v4-pro,48,disagreement_then_random,release,0.5,422,0.8092154715117154,8.101390289010032,7.292174817498317,114,13,2
AC DeepSeek v4-pro,48,disagreement_then_random,release,0.84,708,0.32858707557502737,4.286228469386722,3.9576413938116946,114,13,2
AC DeepSeek v4-pro,48,disagreement_then_random,release,0.95,801,0.10921761913966024,1.5683455204686467,1.4591279013289864,114,13,2
AC DeepSeek v4-pro,49,random_criterion,release,0.05,42,0.1421881471838784,0.4952013753602079,0.3530132281763295,114,12,3
AC DeepSeek v4-pro,49,random_criterion,release,0.2,169,0.4814245019061546,1.9200133332273832,1.4385888313212285,114,12,3
AC DeepSeek v4-pro,49,random_criterion,release,0.5,422,0.7508896797153026,3.912520513329045,3.161630833613742,114,12,3
AC DeepSeek v4-pro,49,random_criterion,release,0.84,708,0.4039695353378247,2.8258939739995137,2.421924438661689,114,12,3
AC DeepSeek v4-pro,49,random_criterion,release,0.95,801,0.14218814718387843,1.0920577153763258,0.9498695681924474,114,12,3
AC DeepSeek v4-pro,49,disagreement_then_random,release,0.05,42,1.0,1.0,0.0,114,12,3
AC DeepSeek v4-pro,49,disagreement_then_random,release,0.2,169,1.8914016135844627,4.559816402744895,2.6684147891604324,114,12,3
AC DeepSeek v4-pro,49,disagreement_then_random,release,0.5,422,1.3720496961106459,5.58321779835035,4.211168102239704,114,12,3
AC DeepSeek v4-pro,49,disagreement_then_random,release,0.84,708,0.5090683589974873,3.3344967123391225,2.825428353341635,114,12,3
AC DeepSeek v4-pro,49,disagreement_then_random,release,0.95,801,0.1653673517599811,1.2458990367264668,1.0805316849664857,114,12,3
AC DeepSeek v4-pro,50,random_criterion,release,0.05,42,0.0947920981225856,0.5923094478681342,0.4975173497455486,113,13,2
AC DeepSeek v4-pro,50,random_criterion,release,0.2,169,0.3209496679374364,2.274529052535933,1.9535793845984968,113,13,2
AC DeepSeek v4-pro,50,random_criterion,release,0.5,422,0.5005931198102017,4.585303792185978,4.084710672375776,113,13,2
AC DeepSeek v4-pro,50,random_criterion,release,0.84,708,0.2693130235585498,3.355518642803923,3.0862056192453733,113,13,2
AC DeepSeek v4-pro,50,random_criterion,release,0.95,801,0.09479209812258561,1.311517865883454,1.2167257677608685,113,13,2
AC DeepSeek v4-pro,50,disagreement_then_random,release,0.05,42,1.0,0.0,-1.0,113,13,2
AC DeepSeek v4-pro,50,disagreement_then_random,release,0.2,169,1.8021390374331552,7.352287535045936,5.550148497612781,113,13,2
AC DeepSeek v4-pro,50,disagreement_then_random,release,0.5,422,1.125668449197861,7.518101719059926,6.392433269862065,113,13,2
AC DeepSeek v4-pro,50,disagreement_then_random,release,0.84,708,0.3609625668449198,4.024046354759072,3.6630837879141525,113,13,2
AC DeepSeek v4-pro,50,disagreement_then_random,release,0.95,801,0.11229946524064172,1.4674161211067709,1.3551166558661292,113,13,2
AC DeepSeek v4-pro,51,random_criterion,release,0.05,42,0.0947920981225856,0.4027303662427299,0.3079382681201443,110,13,2
AC DeepSeek v4-pro,51,random_criterion,release,0.2,169,0.3209496679374364,1.6338906831157411,1.3129410151783047,110,13,2
AC DeepSeek v4-pro,51,random_criterion,release,0.5,422,0.5005931198102017,3.615404489530266,3.1148113697200643,110,13,2
AC DeepSeek v4-pro,51,random_criterion,release,0.84,708,0.2693130235585498,2.8968398124770696,2.62752678891852,110,13,2
AC DeepSeek v4-pro,51,random_criterion,release,0.95,801,0.09479209812258561,1.1627228102577831,1.0679307121351975,110,13,2
AC DeepSeek v4-pro,51,disagreement_then_random,release,0.05,42,0.0,2.0,2.0,110,13,2
AC DeepSeek v4-pro,51,disagreement_then_random,release,0.2,169,0.9903320948678851,5.452151111730849,4.461819016862965,110,13,2
AC DeepSeek v4-pro,51,disagreement_then_random,release,0.5,422,0.8092154715117154,6.03838407858793,5.229168607076215,110,13,2
AC DeepSeek v4-pro,51,disagreement_then_random,release,0.84,708,0.32858707557502737,3.3934756568911126,3.0648885813160853,110,13,2
AC DeepSeek v4-pro,51,disagreement_then_random,release,0.95,801,0.10921761913966024,1.251897482488701,1.1426798633490407,110,13,2
AC DeepSeek v4-pro,52,random_criterion,release,0.05,42,0.1421881471838784,0.6445519377126597,0.5023637905287813,115,15,3
AC DeepSeek v4-pro,52,random_criterion,release,0.2,169,0.4814245019061546,2.513182989447954,2.0317584875417993,115,15,3
AC DeepSeek v4-pro,52,random_criterion,release,0.5,422,0.7508896797153026,5.254422602836797,4.503532923121495,115,15,3
AC DeepSeek v4-pro,52,random_criterion,release,0.84,708,0.4039695353378247,4.09058993712231,3.6866204017844852,115,15,3
AC DeepSeek v4-pro,52,random_criterion,release,0.95,801,0.14218814718387843,1.6476206125492627,1.5054324653653843,115,15,3
AC DeepSeek v4-pro,52,disagreement_then_random,release,0.05,42,1.0,3.0,2.0,115,15,3
AC DeepSeek v4-pro,52,disagreement_then_random,release,0.2,169,1.8914016135844627,6.6568001275978625,4.7653985140134,115,15,3
AC DeepSeek v4-pro,52,disagreement_then_random,release,0.5,422,1.3720496961106459,7.832425468586301,6.460375772475655,115,15,3
AC DeepSeek v4-pro,52,disagreement_then_random,release,0.84,708,0.5090683589974873,4.770720001317201,4.261651642319714,115,15,3
AC DeepSeek v4-pro,52,disagreement_then_random,release,0.95,801,0.1653673517599811,1.8352860208641797,1.6699186691041985,115,15,3
AC DeepSeek v4-pro,53,random_criterion,release,0.05,42,0.1421881471838784,0.6446673034633447,0.5024791562794663,115,15,3
AC DeepSeek v4-pro,53,random_criterion,release,0.2,169,0.4814245019061546,2.5210073020360473,2.039582800129893,115,15,3
AC DeepSeek v4-pro,53,random_criterion,release,0.5,422,0.7508896797153026,5.352320170219172,4.601430490503869,115,15,3
AC DeepSeek v4-pro,53,random_criterion,release,0.84,708,0.4039695353378247,4.229063724765881,3.8250941894280563,115,15,3
AC DeepSeek v4-pro,53,random_criterion,release,0.95,801,0.14218814718387843,1.6981109990211039,1.5559228518372255,115,15,3
AC DeepSeek v4-pro,53,disagreement_then_random,release,0.05,42,0.0,3.0,3.0,115,15,3
AC DeepSeek v4-pro,53,disagreement_then_random,release,0.2,169,1.8914016135844627,8.443391201956139,6.5519895883716766,115,15,3
AC DeepSeek v4-pro,53,disagreement_then_random,release,0.5,422,1.3720496961106459,8.883637130318526,7.51158743420788,115,15,3
AC DeepSeek v4-pro,53,disagreement_then_random,release,0.84,708,0.5090683589974873,5.16628873571039,4.657220376712903,115,15,3
AC DeepSeek v4-pro,53,disagreement_then_random,release,0.95,801,0.1653673517599811,1.9563657633039444,1.7909984115439632,115,15,3
AC DeepSeek v4-pro,54,random_criterion,release,0.05,42,0.0473960490612928,0.6468574402366207,0.5994613911753279,113,16,1
AC DeepSeek v4-pro,54,random_criterion,release,0.2,169,0.1604748339687182,2.543920694149532,2.3834458601808137,113,16,1
AC DeepSeek v4-pro,54,random_criterion,release,0.5,422,0.25029655990510086,5.33678870747775,5.086492147572649,113,16,1
AC DeepSeek v4-pro,54,random_criterion,release,0.84,708,0.1346565117792749,4.020064273052549,3.885407761273274,113,16,1
AC DeepSeek v4-pro,54,random_criterion,release,0.95,801,0.04739604906129281,1.5799398251813201,1.5325437761200273,113,16,1
AC DeepSeek v4-pro,54,disagreement_then_random,release,0.05,42,0.0,3.0,3.0,113,16,1
AC DeepSeek v4-pro,54,disagreement_then_random,release,0.2,169,0.08926257615130756,6.577188729654304,6.487926153502996,113,16,1
AC DeepSeek v4-pro,54,disagreement_then_random,release,0.5,422,0.24638124691278485,7.746713339116505,7.50033209220372,113,16,1
AC DeepSeek v4-pro,54,disagreement_then_random,release,0.84,708,0.14810579215256747,4.7586775040013745,4.610571711848807,113,16,1
AC DeepSeek v4-pro,54,disagreement_then_random,release,0.95,801,0.053067886519339386,1.8045016554833087,1.7514337689639692,113,16,1
AC DeepSeek v4-pro,55,random_criterion,release,0.05,42,0.09710272596029429,0.4453900151118048,0.3482872891515105,113,12,3
AC DeepSeek v4-pro,55,random_criterion,release,0.2,169,0.3530064718693563,1.7226177448413786,1.3696112729720222,113,12,3
AC DeepSeek v4-pro,55,random_criterion,release,0.5,422,0.6258902086568694,3.5211713903540067,2.895281181697137,113,12,3
AC DeepSeek v4-pro,55,random_criterion,release,0.84,708,0.3825141577178213,2.630003981151786,2.2474898234339644,113,12,3
AC DeepSeek v4-pro,55,random_criterion,release,0.95,801,0.13987751934616974,1.0362740529694996,0.8963965336233298,113,12,3
AC DeepSeek v4-pro,55,disagreement_then_random,release,0.05,42,0.0,4.0,4.0,113,12,3
AC DeepSeek v4-pro,55,disagreement_then_random,release,0.2,169,0.9903320948678851,5.370779175779152,4.380447080911267,113,12,3
AC DeepSeek v4-pro,55,disagreement_then_random,release,0.5,422,0.8092154715117154,5.852701538563423,5.043486067051708,113,12,3
AC DeepSeek v4-pro,55,disagreement_then_random,release,0.84,708,0.32858707557502737,3.2672239766964557,2.9386369011214284,113,12,3
AC DeepSeek v4-pro,55,disagreement_then_random,release,0.95,801,0.10921761913966024,1.2015895996756427,1.0923719805359824,113,12,3
AC DeepSeek v4-pro,56,random_criterion,release,0.05,42,0.0473960490612928,0.5947298736750114,0.5473338246137186,108,14,1
AC DeepSeek v4-pro,56,random_criterion,release,0.2,169,0.1604748339687182,2.3127107734079,2.1522359394391817,108,14,1
AC DeepSeek v4-pro,56,random_criterion,release,0.5,422,0.25029655990510086,4.7576432922206084,4.507346732315508,108,14,1
AC DeepSeek v4-pro,56,random_criterion,release,0.84,708,0.1346565117792749,3.4966993406626212,3.362042828883346,108,14,1
AC DeepSeek v4-pro,56,random_criterion,release,0.95,801,0.04739604906129281,1.3606946198484895,1.3132985707871967,108,14,1
AC DeepSeek v4-pro,56,disagreement_then_random,release,0.05,42,0.0,2.0,2.0,108,14,1
AC DeepSeek v4-pro,56,disagreement_then_random,release,0.2,169,0.08926257615130756,6.469531805321619,6.380269229170311,108,14,1
AC DeepSeek v4-pro,56,disagreement_then_random,release,0.5,422,0.24638124691278485,7.21757262065677,6.971191373743985,108,14,1
AC DeepSeek v4-pro,56,disagreement_then_random,release,0.84,708,0.14810579215256747,4.186217975990113,4.038112183837545,108,14,1
AC DeepSeek v4-pro,56,disagreement_then_random,release,0.95,801,0.053067886519339386,1.558960245354431,1.5058923588350914,108,14,1
AC DeepSeek v4-pro,57,random_criterion,release,0.05,42,0.0,0.5971558779573859,0.5971558779573859,114,15,0
AC DeepSeek v4-pro,57,random_criterion,release,0.2,169,0.0,2.3526500227035743,2.3526500227035743,114,15,0
AC DeepSeek v4-pro,57,random_criterion,release,0.5,422,0.0,4.992481995690674,4.992481995690674,114,15,0
AC DeepSeek v4-pro,57,random_criterion,release,0.84,708,0.0,3.852153843904249,3.852153843904249,114,15,0
AC DeepSeek v4-pro,57,random_criterion,release,0.95,801,0.0,1.5282474955159433,1.5282474955159433,114,15,0
AC DeepSeek v4-pro,57,disagreement_then_random,release,0.05,42,0.0,3.0,3.0,114,15,0
AC DeepSeek v4-pro,57,disagreement_then_random,release,0.2,169,0.0,7.468679269109244,7.468679269109244,114,15,0
AC DeepSeek v4-pro,57,disagreement_then_random,release,0.5,422,0.0,8.154910381881013,8.154910381881013,114,15,0
AC DeepSeek v4-pro,57,disagreement_then_random,release,0.84,708,0.0,4.718008221640801,4.718008221640801,114,15,0
AC DeepSeek v4-pro,57,disagreement_then_random,release,0.95,801,0.0,1.7631088180937375,1.7631088180937375,114,15,0
AC DeepSeek v4-pro,58,random_criterion,release,0.05,42,0.0947920981225856,0.6395954670323934,0.5448033689098079,112,13,2
AC DeepSeek v4-pro,58,random_criterion,release,0.2,169,0.3209496679374364,2.4286306885800917,2.107681020642655,112,13,2
AC DeepSeek v4-pro,58,random_criterion,release,0.5,422,0.5005931198102017,4.772951807667745,4.272358687857543,112,13,2
AC DeepSeek v4-pro,58,random_criterion,release,0.84,708,0.2693130235585498,3.395032296587429,3.125719273028879,112,13,2
AC DeepSeek v4-pro,58,random_criterion,release,0.95,801,0.09479209812258561,1.3160290916618393,1.2212369935392537,112,13,2
AC DeepSeek v4-pro,58,disagreement_then_random,release,0.05,42,0.0,4.0,4.0,112,13,2
AC DeepSeek v4-pro,58,disagreement_then_random,release,0.2,169,0.17852515230261512,7.352368094235051,7.173842941932436,112,13,2
AC DeepSeek v4-pro,58,disagreement_then_random,release,0.5,422,0.4927624938255697,7.538556064411102,7.045793570585532,112,13,2
AC DeepSeek v4-pro,58,disagreement_then_random,release,0.84,708,0.29621158430513495,4.105747185964263,3.8095356016591277,112,13,2
AC DeepSeek v4-pro,58,disagreement_then_random,release,0.95,801,0.10613577303867877,1.5121957878483272,1.4060600148096485,112,13,2
AC DeepSeek v4-pro,59,random_criterion,release,0.05,42,0.1421881471838784,0.6896480520315079,0.5474599048476295,111,15,3
AC DeepSeek v4-pro,59,random_criterion,release,0.2,169,0.4814245019061546,2.64461951436314,2.1631950124569856,111,15,3
AC DeepSeek v4-pro,59,random_criterion,release,0.5,422,0.7508896797153026,5.473208214295358,4.722318534580055,111,15,3
AC DeepSeek v4-pro,59,random_criterion,release,0.84,708,0.4039695353378247,4.406266336915488,4.002296801577663,111,15,3
AC DeepSeek v4-pro,59,random_criterion,release,0.95,801,0.14218814718387843,1.8090965027088917,1.6669083555250133,111,15,3
AC DeepSeek v4-pro,59,disagreement_then_random,release,0.05,42,0.0,3.0,3.0,111,15,3
AC DeepSeek v4-pro,59,disagreement_then_random,release,0.2,169,0.9903320948678851,8.265718579427542,7.275386484559657,111,15,3
AC DeepSeek v4-pro,59,disagreement_then_random,release,0.5,422,0.8092154715117154,8.45226628370864,7.643050812196925,111,15,3
AC DeepSeek v4-pro,59,disagreement_then_random,release,0.84,708,0.32858707557502737,5.136513480469301,4.807926404894273,111,15,3
AC DeepSeek v4-pro,59,disagreement_then_random,release,0.95,801,0.10921761913966024,2.0176599890300526,1.9084423698903923,111,15,3
AC DeepSeek v4-pro,60,random_criterion,release,0.05,42,0.0947920981225856,0.6398152948985956,0.54502319677601,110,13,2
AC DeepSeek v4-pro,60,random_criterion,release,0.2,169,0.3209496679374364,2.4411288034446983,2.1201791355072617,110,13,2
AC DeepSeek v4-pro,60,random_criterion,release,0.5,422,0.5005931198102017,4.882642763279041,4.3820496434688385,110,13,2
AC DeepSeek v4-pro,60,random_criterion,release,0.84,708,0.2693130235585498,3.5181547182826254,3.2488416947240757,110,13,2
AC DeepSeek v4-pro,60,random_criterion,release,0.95,801,0.09479209812258561,1.363005247686198,1.2682131495636124,110,13,2
AC DeepSeek v4-pro,60,disagreement_then_random,release,0.05,42,0.0,3.0,3.0,110,13,2
AC DeepSeek v4-pro,60,disagreement_then_random,release,0.2,169,0.9903320948678851,5.559808036063533,4.569475941195648,110,13,2
AC DeepSeek v4-pro,60,disagreement_then_random,release,0.5,422,0.8092154715117154,6.567524797047666,5.758309325535951,110,13,2
AC DeepSeek v4-pro,60,disagreement_then_random,release,0.84,708,0.32858707557502737,3.9659351849023725,3.637348109327345,110,13,2
AC DeepSeek v4-pro,60,disagreement_then_random,release,0.95,801,0.10921761913966024,1.4974388926175788,1.3882212734779185,110,13,2
AC DeepSeek v4-pro,61,random_criterion,release,0.05,42,0.0947920981225856,0.6944840209533607,0.5996919228307751,113,16,2
AC DeepSeek v4-pro,61,random_criterion,release,0.2,169,0.3209496679374364,2.7199702706369067,2.39902060269947,113,16,2
AC DeepSeek v4-pro,61,random_criterion,release,0.5,422,0.5005931198102017,5.802206410635298,5.301613290825096,113,16,2
AC DeepSeek v4-pro,61,random_criterion,release,0.84,708,0.2693130235585498,4.6758438101389785,4.406530786580428,113,16,2
AC DeepSeek v4-pro,61,random_criterion,release,0.95,801,0.09479209812258561,1.9054543605609169,1.8106622624383313,113,16,2
AC DeepSeek v4-pro,61,disagreement_then_random,release,0.05,42,1.0,3.0,2.0,113,16,2
AC DeepSeek v4-pro,61,disagreement_then_random,release,0.2,169,1.8021390374331552,6.7740359664242265,4.971896928991072,113,16,2
AC DeepSeek v4-pro,61,disagreement_then_random,release,0.5,422,1.125668449197861,8.514531746859241,7.38886329766138,113,16,2
AC DeepSeek v4-pro,61,disagreement_then_random,release,0.84,708,0.3609625668449198,5.51938056967666,5.1584180028317395,113,16,2
AC DeepSeek v4-pro,61,disagreement_then_random,release,0.95,801,0.11229946524064172,2.140610773539679,2.0283113082990374,113,16,2
AC DeepSeek v4-pro,62,random_criterion,release,0.05,42,0.09710272596029429,0.5924194884591489,0.49531676249885465,112,13,3
AC DeepSeek v4-pro,62,random_criterion,release,0.2,169,0.3530064718693563,2.2809603832361547,1.9279539113667985,112,13,3
AC DeepSeek v4-pro,62,random_criterion,release,0.5,422,0.6258902086568694,4.659596383850335,4.0337061751934655,112,13,3
AC DeepSeek v4-pro,62,random_criterion,release,0.84,708,0.3825141577178213,3.554441082238476,3.1719269245206547,112,13,3
AC DeepSeek v4-pro,62,random_criterion,release,0.95,801,0.13987751934616974,1.4263797571383918,1.2865022377922222,112,13,3
AC DeepSeek v4-pro,62,disagreement_then_random,release,0.05,42,0.0,2.0,2.0,112,13,3
AC DeepSeek v4-pro,62,disagreement_then_random,release,0.2,169,1.0795946710191928,6.460041745492101,5.380447074472908,112,13,3
AC DeepSeek v4-pro,62,disagreement_then_random,release,0.5,422,1.0555967184245003,7.097812193916135,6.042215475491634,112,13,3
AC DeepSeek v4-pro,62,disagreement_then_random,release,0.84,708,0.47669286772759484,4.213556343563756,3.7368634758361607,112,13,3
AC DeepSeek v4-pro,62,disagreement_then_random,release,0.95,801,0.16228550565899963,1.6262360576990762,1.4639505520400766,112,13,3
AC DeepSeek v4-pro,63,random_criterion,release,0.05,42,0.0,0.5947301056028768,0.5947301056028768,112,14,0
AC DeepSeek v4-pro,63,random_criterion,release,0.2,169,0.0,2.3129590543924134,2.3129590543924134,112,14,0
AC DeepSeek v4-pro,63,random_criterion,release,0.5,422,0.0,4.77324942545598,4.77324942545598,112,14,0
AC DeepSeek v4-pro,63,random_criterion,release,0.84,708,0.0,3.563862634958962,3.563862634958962,112,14,0
AC DeepSeek v4-pro,63,random_criterion,release,0.95,801,0.0,1.3994881103899477,1.3994881103899477,112,14,0
AC DeepSeek v4-pro,63,disagreement_then_random,release,0.05,42,0.0,3.0,3.0,112,14,0
AC DeepSeek v4-pro,63,disagreement_then_random,release,0.2,169,0.0,7.459783341000389,7.459783341000389,112,14,0
AC DeepSeek v4-pro,63,disagreement_then_random,release,0.5,422,0.0,8.006333746817308,8.006333746817308,112,14,0
AC DeepSeek v4-pro,63,disagreement_then_random,release,0.84,708,0.0,4.433104220359949,4.433104220359949,112,14,0
AC DeepSeek v4-pro,63,disagreement_then_random,release,0.95,801,0.0,1.6233981977525342,1.6233981977525342,112,14,0
DR GPT-5.4 low,0,random_criterion,release,0.05,81,0.0,0.0,0.0,24,0,0
DR GPT-5.4 low,0,random_criterion,release,0.2,323,0.0,0.0,0.0,24,0,0
DR GPT-5.4 low,0,random_criterion,release,0.5,808,0.0,0.0,0.0,24,0,0
DR GPT-5.4 low,0,random_criterion,release,0.84,1357,0.0,0.0,0.0,24,0,0
DR GPT-5.4 low,0,random_criterion,release,0.95,1534,0.0,0.0,0.0,24,0,0
DR GPT-5.4 low,0,disagreement_then_random,release,0.05,81,0.0,0.0,0.0,24,0,0
DR GPT-5.4 low,0,disagreement_then_random,release,0.2,323,0.0,0.0,0.0,24,0,0
DR GPT-5.4 low,0,disagreement_then_random,release,0.5,808,0.0,0.0,0.0,24,0,0
DR GPT-5.4 low,0,disagreement_then_random,release,0.84,1357,0.0,0.0,0.0,24,0,0
DR GPT-5.4 low,0,disagreement_then_random,release,0.95,1534,0.0,0.0,0.0,24,0,0
DR GPT-5.4 low,1,random_criterion,release,0.05,81,0.0,0.05014890732460963,0.05014890732460963,24,1,0
DR GPT-5.4 low,1,random_criterion,release,0.2,323,0.0,0.1984237033853462,0.1984237033853462,24,1,0
DR GPT-5.4 low,1,random_criterion,release,0.5,808,0.0,0.4378872128353413,0.4378872128353413,24,1,0
DR GPT-5.4 low,1,random_criterion,release,0.84,1357,0.0,0.3421413778377405,0.3421413778377405,24,1,0
DR GPT-5.4 low,1,random_criterion,release,0.95,1534,0.0,0.13602960502425554,0.13602960502425554,24,1,0
DR GPT-5.4 low,1,disagreement_then_random,release,0.05,81,0.0,0.0,0.0,24,1,0
DR GPT-5.4 low,1,disagreement_then_random,release,0.2,323,0.0,1.0,1.0,24,1,0
DR GPT-5.4 low,1,disagreement_then_random,release,0.5,808,0.0,0.8589032633446589,0.8589032633446589,24,1,0
DR GPT-5.4 low,1,disagreement_then_random,release,0.84,1357,0.0,0.3593809486183043,0.3593809486183043,24,1,0
DR GPT-5.4 low,1,disagreement_then_random,release,0.95,1534,0.0,0.12141107511511129,0.12141107511511129,24,1,0
DR GPT-5.4 low,2,random_criterion,release,0.05,81,0.0,0.05003304239693758,0.05003304239693758,23,1,0
DR GPT-5.4 low,2,random_criterion,release,0.2,323,0.0,0.19205940580368153,0.19205940580368153,23,1,0
DR GPT-5.4 low,2,random_criterion,release,0.5,808,0.0,0.37530974147743085,0.37530974147743085,23,1,0
DR GPT-5.4 low,2,random_criterion,release,0.84,1357,0.0,0.24722895136310574,0.24722895136310574,23,1,0
DR GPT-5.4 low,2,random_criterion,release,0.95,1534,0.0,0.09297339124676052,0.09297339124676052,23,1,0
DR GPT-5.4 low,2,disagreement_then_random,release,0.05,81,0.0,0.0,0.0,23,1,0
DR GPT-5.4 low,2,disagreement_then_random,release,0.2,323,0.0,0.0007733952049497294,0.0007733952049497294,23,1,0
DR GPT-5.4 low,2,disagreement_then_random,release,0.5,808,0.0,0.3229724549338526,0.3229724549338526,23,1,0
DR GPT-5.4 low,2,disagreement_then_random,release,0.84,1357,0.0,0.2878695521676703,0.2878695521676703,23,1,0
DR GPT-5.4 low,2,disagreement_then_random,release,0.95,1534,0.0,0.11389054292214296,0.11389054292214296,23,1,0
DR GPT-5.4 low,3,random_criterion,release,0.05,81,0.047668811214566044,0.05015451717213193,0.0024857059575658855,27,1,1
DR GPT-5.4 low,3,random_criterion,release,0.2,323,0.1600991325898389,0.19968787174421196,0.039588739154373054,27,1,1
DR GPT-5.4 low,3,random_criterion,release,0.5,808,0.2501547987616099,0.4691565265802935,0.2190017278186836,27,1,1
DR GPT-5.4 low,3,random_criterion,release,0.84,1357,0.13431468459032994,0.4219125916469618,0.2875979070566319,27,1,1
DR GPT-5.4 low,3,random_criterion,release,0.95,1534,0.04766881121456605,0.1769477076272008,0.12927889641263474,27,1,1
DR GPT-5.4 low,3,disagreement_then_random,release,0.05,81,0.0,0.0,0.0,27,1,1
DR GPT-5.4 low,3,disagreement_then_random,release,0.2,323,0.0007733952049497294,1.0,0.9992266047950503,27,1,1
DR GPT-5.4 low,3,disagreement_then_random,release,0.5,808,0.23477333295022734,0.9801941489252413,0.745420815975014,27,1,1
DR GPT-5.4 low,3,disagreement_then_random,release,0.84,1357,0.15984498574127418,0.5899244120357603,0.43007942629448614,27,1,1
DR GPT-5.4 low,3,disagreement_then_random,release,0.95,1534,0.05876606351418331,0.22824146156464564,0.16947539805046233,27,1,1
DR GPT-5.4 low,4,random_criterion,release,0.05,81,0.0,0.10006608479387516,0.10006608479387516,23,2,0
DR GPT-5.4 low,4,random_criterion,release,0.2,323,0.0,0.38411881160736305,0.38411881160736305,23,2,0
DR GPT-5.4 low,4,random_criterion,release,0.5,808,0.0,0.7506194829548617,0.7506194829548617,23,2,0
DR GPT-5.4 low,4,random_criterion,release,0.84,1357,0.0,0.4944579027262115,0.4944579027262115,23,2,0
DR GPT-5.4 low,4,random_criterion,release,0.95,1534,0.0,0.18594678249352103,0.18594678249352103,23,2,0
DR GPT-5.4 low,4,disagreement_then_random,release,0.05,81,0.0,0.0,0.0,23,2,0
DR GPT-5.4 low,4,disagreement_then_random,release,0.2,323,0.0,1.0007733952049498,1.0007733952049498,23,2,0
DR GPT-5.4 low,4,disagreement_then_random,release,0.5,808,0.0,1.0936765962948862,1.0936765962948862,23,2,0
DR GPT-5.4 low,4,disagreement_then_random,release,0.84,1357,0.0,0.5192259343595784,0.5192259343595784,23,2,0
DR GPT-5.4 low,4,disagreement_then_random,release,0.95,1534,0.0,0.18017713862929452,0.18017713862929452,23,2,0
DR GPT-5.4 low,5,random_criterion,release,0.05,81,0.0,0.05003304239693758,0.05003304239693758,24,1,0
DR GPT-5.4 low,5,random_criterion,release,0.2,323,0.0,0.19205940580368153,0.19205940580368153,24,1,0
DR GPT-5.4 low,5,random_criterion,release,0.5,808,0.0,0.37530974147743085,0.37530974147743085,24,1,0
DR GPT-5.4 low,5,random_criterion,release,0.84,1357,0.0,0.24722895136310574,0.24722895136310574,24,1,0
DR GPT-5.4 low,5,random_criterion,release,0.95,1534,0.0,0.09297339124676052,0.09297339124676052,24,1,0
DR GPT-5.4 low,5,disagreement_then_random,release,0.05,81,0.0,1.0,1.0,24,1,0
DR GPT-5.4 low,5,disagreement_then_random,release,0.2,323,0.0,1.0,1.0,24,1,0
DR GPT-5.4 low,5,disagreement_then_random,release,0.5,808,0.0,0.8589032633446589,0.8589032633446589,24,1,0
DR GPT-5.4 low,5,disagreement_then_random,release,0.84,1357,0.0,0.3593809486183043,0.3593809486183043,24,1,0
DR GPT-5.4 low,5,disagreement_then_random,release,0.95,1534,0.0,0.12141107511511129,0.12141107511511129,24,1,0
DR GPT-5.4 low,6,random_criterion,release,0.05,81,0.0,0.1502208702630625,0.1502208702630625,24,3,0
DR GPT-5.4 low,6,random_criterion,release,0.2,323,0.0,0.584057161430133,0.584057161430133,24,3,0
DR GPT-5.4 low,6,random_criterion,release,0.5,808,0.0,1.2353912444736281,1.2353912444736281,24,3,0
DR GPT-5.4 low,6,random_criterion,release,0.84,1357,0.0,0.9834080423755811,0.9834080423755811,24,3,0
DR GPT-5.4 low,6,random_criterion,release,0.95,1534,0.0,0.4017793950788002,0.4017793950788002,24,3,0
DR GPT-5.4 low,6,disagreement_then_random,release,0.05,81,0.0,1.0,1.0,24,3,0
DR GPT-5.4 low,6,disagreement_then_random,release,0.2,323,0.0,1.0015467904098994,1.0015467904098994,24,3,0
DR GPT-5.4 low,6,disagreement_then_random,release,0.5,808,0.0,1.4621405990129188,1.4621405990129188,24,3,0
DR GPT-5.4 low,6,disagreement_then_random,release,0.84,1357,0.0,0.991693128044898,0.991693128044898,24,3,0
DR GPT-5.4 low,6,disagreement_then_random,release,0.95,1534,0.0,0.3942704401161028,0.3942704401161028,24,3,0
DR GPT-5.4 low,7,random_criterion,release,0.05,81,0.04530458003219451,0.05003304239693758,0.004728462364743072,24,1,1
DR GPT-5.4 low,7,random_criterion,release,0.2,323,0.1281388593759963,0.19205940580368153,0.06392054642768522,24,1,1
DR GPT-5.4 low,7,random_criterion,release,0.5,808,0.12499985604578895,0.37530974147743085,0.2503098854316419,24,1,1
DR GPT-5.4 low,7,random_criterion,release,0.84,1357,0.02140041781755412,0.24722895136310574,0.22582853354555163,24,1,1
DR GPT-5.4 low,7,random_criterion,release,0.95,1534,0.002364231182371534,0.09297339124676052,0.09060916006438899,24,1,1
DR GPT-5.4 low,7,disagreement_then_random,release,0.05,81,0.0,0.0,0.0,24,1,1
DR GPT-5.4 low,7,disagreement_then_random,release,0.2,323,0.0007733952049497294,0.0007733952049497294,0.0,24,1,1
DR GPT-5.4 low,7,disagreement_then_random,release,0.5,808,0.14657421096660206,0.23477333295022734,0.08819912198362528,24,1,1
DR GPT-5.4 low,7,disagreement_then_random,release,0.84,1357,0.031820419314877973,0.15984498574127415,0.12802456642639617,24,1,1
DR GPT-5.4 low,7,disagreement_then_random,release,0.95,1534,0.003641584106223598,0.05876606351418323,0.055124479407959635,24,1,1
DR GPT-5.4 low,8,random_criterion,release,0.05,81,0.0,0.0,0.0,24,0,0
DR GPT-5.4 low,8,random_criterion,release,0.2,323,0.0,0.0,0.0,24,0,0
DR GPT-5.4 low,8,random_criterion,release,0.5,808,0.0,0.0,0.0,24,0,0
DR GPT-5.4 low,8,random_criterion,release,0.84,1357,0.0,0.0,0.0,24,0,0
DR GPT-5.4 low,8,random_criterion,release,0.95,1534,0.0,0.0,0.0,24,0,0
DR GPT-5.4 low,8,disagreement_then_random,release,0.05,81,0.0,0.0,0.0,24,0,0
DR GPT-5.4 low,8,disagreement_then_random,release,0.2,323,0.0,0.0,0.0,24,0,0
DR GPT-5.4 low,8,disagreement_then_random,release,0.5,808,0.0,0.0,0.0,24,0,0
DR GPT-5.4 low,8,disagreement_then_random,release,0.84,1357,0.0,0.0,0.0,24,0,0
DR GPT-5.4 low,8,disagreement_then_random,release,0.95,1534,0.0,0.0,0.0,24,0,0
DR GPT-5.4 low,9,random_criterion,release,0.05,81,0.0,0.10018782786612493,0.10018782786612493,28,2,0
DR GPT-5.4 low,9,random_criterion,release,0.2,323,0.0,0.39199775562645134,0.39199775562645134,28,2,0
DR GPT-5.4 low,9,random_criterion,release,0.5,808,0.0,0.8600815029961973,0.8600815029961973,28,2,0
DR GPT-5.4 low,9,random_criterion,release,0.84,1357,0.0,0.7361790910124753,0.7361790910124753,28,2,0
DR GPT-5.4 low,9,random_criterion,release,0.95,1534,0.0,0.30880600383203993,0.30880600383203993,28,2,0
DR GPT-5.4 low,9,disagreement_then_random,release,0.05,81,0.0,1.0,1.0,28,2,0
DR GPT-5.4 low,9,disagreement_then_random,release,0.2,323,0.0,1.0007733952049498,1.0007733952049498,28,2,0
DR GPT-5.4 low,9,disagreement_then_random,release,0.5,808,0.0,1.2273672660626913,1.2273672660626913,28,2,0
DR GPT-5.4 low,9,disagreement_then_random,release,0.84,1357,0.0,0.8318481423036239,0.8318481423036239,28,2,0
DR GPT-5.4 low,9,disagreement_then_random,release,0.95,1534,0.0,0.33550437660191945,0.33550437660191945,28,2,0
DR GPT-5.4 low,10,random_criterion,release,0.05,81,0.047668811214566044,0.0,-0.047668811214566044,21,0,1
DR GPT-5.4 low,10,random_criterion,release,0.2,323,0.1600991325898389,0.0,-0.1600991325898389,21,0,1
DR GPT-5.4 low,10,random_criterion,release,0.5,808,0.2501547987616099,0.0,-0.2501547987616099,21,0,1
DR GPT-5.4 low,10,random_criterion,release,0.84,1357,0.13431468459032994,0.0,-0.13431468459032994,21,0,1
DR GPT-5.4 low,10,random_criterion,release,0.95,1534,0.04766881121456605,0.0,-0.04766881121456605,21,0,1
DR GPT-5.4 low,10,disagreement_then_random,release,0.05,81,0.0,0.0,0.0,21,0,1
DR GPT-5.4 low,10,disagreement_then_random,release,0.2,323,0.0,0.0,0.0,21,0,1
DR GPT-5.4 low,10,disagreement_then_random,release,0.5,808,0.0,0.0,0.0,21,0,1
DR GPT-5.4 low,10,disagreement_then_random,release,0.84,1357,0.0,0.0,0.0,21,0,1
DR GPT-5.4 low,10,disagreement_then_random,release,0.95,1534,0.0,0.0,0.0,21,0,1
DR GPT-5.4 low,11,random_criterion,release,0.05,81,0.047668811214566044,0.0,-0.047668811214566044,27,0,1
DR GPT-5.4 low,11,random_criterion,release,0.2,323,0.1600991325898389,0.0,-0.1600991325898389,27,0,1
DR GPT-5.4 low,11,random_criterion,release,0.5,808,0.2501547987616099,0.0,-0.2501547987616099,27,0,1
DR GPT-5.4 low,11,random_criterion,release,0.84,1357,0.13431468459032994,0.0,-0.13431468459032994,27,0,1
DR GPT-5.4 low,11,random_criterion,release,0.95,1534,0.04766881121456605,0.0,-0.04766881121456605,27,0,1
DR GPT-5.4 low,11,disagreement_then_random,release,0.05,81,0.0,0.0,0.0,27,0,1
DR GPT-5.4 low,11,disagreement_then_random,release,0.2,323,0.0007733952049497294,0.0,-0.0007733952049497294,27,0,1
DR GPT-5.4 low,11,disagreement_then_random,release,0.5,808,0.23477333295022734,0.0,-0.23477333295022734,27,0,1
DR GPT-5.4 low,11,disagreement_then_random,release,0.84,1357,0.15984498574127418,0.0,-0.15984498574127418,27,0,1
DR GPT-5.4 low,11,disagreement_then_random,release,0.95,1534,0.05876606351418331,0.0,-0.05876606351418331,27,0,1
DR GPT-5.4 low,12,random_criterion,release,0.05,81,0.047668811214566044,0.05015451717213193,0.0024857059575658855,26,1,1
DR GPT-5.4 low,12,random_criterion,release,0.2,323,0.1600991325898389,0.19968787174421196,0.039588739154373054,26,1,1
DR GPT-5.4 low,12,random_criterion,release,0.5,808,0.2501547987616099,0.4691565265802935,0.2190017278186836,26,1,1
DR GPT-5.4 low,12,random_criterion,release,0.84,1357,0.13431468459032994,0.4219125916469618,0.2875979070566319,26,1,1
DR GPT-5.4 low,12,random_criterion,release,0.95,1534,0.04766881121456605,0.1769477076272008,0.12927889641263474,26,1,1
DR GPT-5.4 low,12,disagreement_then_random,release,0.05,81,0.0,0.0,0.0,26,1,1
DR GPT-5.4 low,12,disagreement_then_random,release,0.2,323,0.9992266047950503,0.0007733952049497294,-0.9984532095901006,26,1,1
DR GPT-5.4 low,12,disagreement_then_random,release,0.5,808,0.6241299303944315,0.3684640027180326,-0.25566592767639895,26,1,1
DR GPT-5.4 low,12,disagreement_then_random,release,0.84,1357,0.19953596287703015,0.47246719368531964,0.2729312308082895,26,1,1
DR GPT-5.4 low,12,disagreement_then_random,release,0.95,1534,0.06264501160092807,0.21409330148680816,0.1514482898858801,26,1,1
DR GPT-5.4 low,13,random_criterion,release,0.05,81,0.047668811214566044,0.0,-0.047668811214566044,25,0,1
DR GPT-5.4 low,13,random_criterion,release,0.2,323,0.1600991325898389,0.0,-0.1600991325898389,25,0,1
DR GPT-5.4 low,13,random_criterion,release,0.5,808,0.2501547987616099,0.0,-0.2501547987616099,25,0,1
DR GPT-5.4 low,13,random_criterion,release,0.84,1357,0.13431468459032994,0.0,-0.13431468459032994,25,0,1
DR GPT-5.4 low,13,random_criterion,release,0.95,1534,0.04766881121456605,0.0,-0.04766881121456605,25,0,1
DR GPT-5.4 low,13,disagreement_then_random,release,0.05,81,0.0,0.0,0.0,25,0,1
DR GPT-5.4 low,13,disagreement_then_random,release,0.2,323,0.0,0.0,0.0,25,0,1
DR GPT-5.4 low,13,disagreement_then_random,release,0.5,808,0.0,0.0,0.0,25,0,1
DR GPT-5.4 low,13,disagreement_then_random,release,0.84,1357,0.0,0.0,0.0,25,0,1
DR GPT-5.4 low,13,disagreement_then_random,release,0.95,1534,0.0,0.0,0.0,25,0,1
DR GPT-5.4 low,14,random_criterion,release,0.05,81,0.047668811214566044,0.05003304239693758,0.002364231182371536,27,1,1
DR GPT-5.4 low,14,random_criterion,release,0.2,323,0.1600991325898389,0.19205940580368153,0.03196027321384262,27,1,1
DR GPT-5.4 low,14,random_criterion,release,0.5,808,0.2501547987616099,0.37530974147743085,0.12515494271582095,27,1,1
DR GPT-5.4 low,14,random_criterion,release,0.84,1357,0.13431468459032994,0.24722895136310574,0.1129142667727758,27,1,1
DR GPT-5.4 low,14,random_criterion,release,0.95,1534,0.04766881121456605,0.09297339124676052,0.045304580032194466,27,1,1
DR GPT-5.4 low,14,disagreement_then_random,release,0.05,81,0.0,0.0,0.0,27,1,1
DR GPT-5.4 low,14,disagreement_then_random,release,0.2,323,0.0007733952049497294,0.0007733952049497294,0.0,27,1,1
DR GPT-5.4 low,14,disagreement_then_random,release,0.5,808,0.23477333295022734,0.3229724549338526,0.08819912198362528,27,1,1
DR GPT-5.4 low,14,disagreement_then_random,release,0.84,1357,0.15984498574127418,0.2878695521676703,0.12802456642639612,27,1,1
DR GPT-5.4 low,14,disagreement_then_random,release,0.95,1534,0.05876606351418331,0.11389054292214296,0.05512447940795965,27,1,1
DR GPT-5.4 low,15,random_criterion,release,0.05,81,0.0,0.0,0.0,17,0,0
DR GPT-5.4 low,15,random_criterion,release,0.2,323,0.0,0.0,0.0,17,0,0
DR GPT-5.4 low,15,random_criterion,release,0.5,808,0.0,0.0,0.0,17,0,0
DR GPT-5.4 low,15,random_criterion,release,0.84,1357,0.0,0.0,0.0,17,0,0
DR GPT-5.4 low,15,random_criterion,release,0.95,1534,0.0,0.0,0.0,17,0,0
DR GPT-5.4 low,15,disagreement_then_random,release,0.05,81,0.0,0.0,0.0,17,0,0
DR GPT-5.4 low,15,disagreement_then_random,release,0.2,323,0.0,0.0,0.0,17,0,0
DR GPT-5.4 low,15,disagreement_then_random,release,0.5,808,0.0,0.0,0.0,17,0,0
DR GPT-5.4 low,15,disagreement_then_random,release,0.84,1357,0.0,0.0,0.0,17,0,0
DR GPT-5.4 low,15,disagreement_then_random,release,0.95,1534,0.0,0.0,0.0,17,0,0
DR GPT-5.4 low,16,random_criterion,release,0.05,81,0.0,0.1502206019660071,0.1502206019660071,25,3,0
DR GPT-5.4 low,16,random_criterion,release,0.2,323,0.0,0.583806683351575,0.583806683351575,25,3,0
DR GPT-5.4 low,16,random_criterion,release,0.5,808,0.0,1.219776009535155,1.219776009535155,25,3,0
DR GPT-5.4 low,16,random_criterion,release,0.84,1357,0.0,0.9163704943731734,0.9163704943731734,25,3,0
DR GPT-5.4 low,16,random_criterion,release,0.95,1534,0.0,0.3628944901207216,0.3628944901207216,25,3,0
DR GPT-5.4 low,16,disagreement_then_random,release,0.05,81,0.0,1.0,1.0,25,3,0
DR GPT-5.4 low,16,disagreement_then_random,release,0.2,323,0.0,1.0015467904098994,1.0015467904098994,25,3,0
DR GPT-5.4 low,16,disagreement_then_random,release,0.5,808,0.0,1.5503397209965442,1.5503397209965442,25,3,0
DR GPT-5.4 low,16,disagreement_then_random,release,0.84,1357,0.0,1.1197176944712943,1.1197176944712943,25,3,0
DR GPT-5.4 low,16,disagreement_then_random,release,0.95,1534,0.0,0.4493949195240625,0.4493949195240625,25,3,0
DR GPT-5.4 low,17,random_criterion,release,0.05,81,0.0,0.0,0.0,22,0,0
DR GPT-5.4 low,17,random_criterion,release,0.2,323,0.0,0.0,0.0,22,0,0
DR GPT-5.4 low,17,random_criterion,release,0.5,808,0.0,0.0,0.0,22,0,0
DR GPT-5.4 low,17,random_criterion,release,0.84,1357,0.0,0.0,0.0,22,0,0
DR GPT-5.4 low,17,random_criterion,release,0.95,1534,0.0,0.0,0.0,22,0,0
DR GPT-5.4 low,17,disagreement_then_random,release,0.05,81,0.0,0.0,0.0,22,0,0
DR GPT-5.4 low,17,disagreement_then_random,release,0.2,323,0.0,0.0,0.0,22,0,0
DR GPT-5.4 low,17,disagreement_then_random,release,0.5,808,0.0,0.0,0.0,22,0,0
DR GPT-5.4 low,17,disagreement_then_random,release,0.84,1357,0.0,0.0,0.0,22,0,0
DR GPT-5.4 low,17,disagreement_then_random,release,0.95,1534,0.0,0.0,0.0,22,0,0
DR GPT-5.4 low,18,random_criterion,release,0.05,81,0.047668811214566044,0.0,-0.047668811214566044,22,0,1
DR GPT-5.4 low,18,random_criterion,release,0.2,323,0.1600991325898389,0.0,-0.1600991325898389,22,0,1
DR GPT-5.4 low,18,random_criterion,release,0.5,808,0.2501547987616099,0.0,-0.2501547987616099,22,0,1
DR GPT-5.4 low,18,random_criterion,release,0.84,1357,0.13431468459032994,0.0,-0.13431468459032994,22,0,1
DR GPT-5.4 low,18,random_criterion,release,0.95,1534,0.04766881121456605,0.0,-0.04766881121456605,22,0,1
DR GPT-5.4 low,18,disagreement_then_random,release,0.05,81,0.0,0.0,0.0,22,0,1
DR GPT-5.4 low,18,disagreement_then_random,release,0.2,323,0.9992266047950503,0.0,-0.9992266047950503,22,0,1
DR GPT-5.4 low,18,disagreement_then_random,release,0.5,808,0.6241299303944315,0.0,-0.6241299303944315,22,0,1
DR GPT-5.4 low,18,disagreement_then_random,release,0.84,1357,0.19953596287703015,0.0,-0.19953596287703015,22,0,1
DR GPT-5.4 low,18,disagreement_then_random,release,0.95,1534,0.06264501160092807,0.0,-0.06264501160092807,22,0,1
DR GPT-5.4 low,19,random_criterion,release,0.05,81,0.0,0.05003304239693758,0.05003304239693758,23,1,0
DR GPT-5.4 low,19,random_criterion,release,0.2,323,0.0,0.19205940580368153,0.19205940580368153,23,1,0
DR GPT-5.4 low,19,random_criterion,release,0.5,808,0.0,0.37530974147743085,0.37530974147743085,23,1,0
DR GPT-5.4 low,19,random_criterion,release,0.84,1357,0.0,0.24722895136310574,0.24722895136310574,23,1,0
DR GPT-5.4 low,19,random_criterion,release,0.95,1534,0.0,0.09297339124676052,0.09297339124676052,23,1,0
DR GPT-5.4 low,19,disagreement_then_random,release,0.05,81,0.0,0.0,0.0,23,1,0
DR GPT-5.4 low,19,disagreement_then_random,release,0.2,323,0.0,1.0,1.0,23,1,0
DR GPT-5.4 low,19,disagreement_then_random,release,0.5,808,0.0,0.8589032633446589,0.8589032633446589,23,1,0
DR GPT-5.4 low,19,disagreement_then_random,release,0.84,1357,0.0,0.3593809486183043,0.3593809486183043,23,1,0
DR GPT-5.4 low,19,disagreement_then_random,release,0.95,1534,0.0,0.12141107511511129,0.12141107511511129,23,1,0
DR GPT-5.4 low,20,random_criterion,release,0.05,81,0.0,0.10006608479387516,0.10006608479387516,28,2,0
DR GPT-5.4 low,20,random_criterion,release,0.2,323,0.0,0.38411881160736305,0.38411881160736305,28,2,0
DR GPT-5.4 low,20,random_criterion,release,0.5,808,0.0,0.7506194829548617,0.7506194829548617,28,2,0
DR GPT-5.4 low,20,random_criterion,release,0.84,1357,0.0,0.4944579027262115,0.4944579027262115,28,2,0
DR GPT-5.4 low,20,random_criterion,release,0.95,1534,0.0,0.18594678249352103,0.18594678249352103,28,2,0
DR GPT-5.4 low,20,disagreement_then_random,release,0.05,81,0.0,1.0,1.0,28,2,0
DR GPT-5.4 low,20,disagreement_then_random,release,0.2,323,0.0,1.0007733952049498,1.0007733952049498,28,2,0
DR GPT-5.4 low,20,disagreement_then_random,release,0.5,808,0.0,1.0936765962948862,1.0936765962948862,28,2,0
DR GPT-5.4 low,20,disagreement_then_random,release,0.84,1357,0.0,0.5192259343595784,0.5192259343595784,28,2,0
DR GPT-5.4 low,20,disagreement_then_random,release,0.95,1534,0.0,0.18017713862929452,0.18017713862929452,28,2,0
DR GPT-5.4 low,21,random_criterion,release,0.05,81,0.0,0.10030342449674157,0.10030342449674157,24,2,0
DR GPT-5.4 low,21,random_criterion,release,0.2,323,0.0,0.3981115751295582,0.3981115751295582,24,2,0
DR GPT-5.4 low,21,random_criterion,release,0.5,808,0.0,0.9070437394156348,0.9070437394156348,24,2,0
DR GPT-5.4 low,21,random_criterion,release,0.84,1357,0.0,0.7640539694847024,0.7640539694847024,24,2,0
DR GPT-5.4 low,21,random_criterion,release,0.95,1534,0.0,0.31297731265145634,0.31297731265145634,24,2,0
DR GPT-5.4 low,21,disagreement_then_random,release,0.05,81,0.0,0.0,0.0,24,2,0
DR GPT-5.4 low,21,disagreement_then_random,release,0.2,323,0.0,2.0,2.0,24,2,0
DR GPT-5.4 low,21,disagreement_then_random,release,0.5,808,0.0,1.9272965342535255,1.9272965342535255,24,2,0
DR GPT-5.4 low,21,disagreement_then_random,release,0.84,1357,0.0,1.0773299270804606,1.0773299270804606,24,2,0
DR GPT-5.4 low,21,disagreement_then_random,release,0.95,1534,0.0,0.40477701608771666,0.40477701608771666,24,2,0
DR GPT-5.4 low,22,random_criterion,release,0.05,81,0.04530458003219451,0.05003304239693758,0.004728462364743072,22,1,1
DR GPT-5.4 low,22,random_criterion,release,0.2,323,0.1281388593759963,0.19205940580368153,0.06392054642768522,22,1,1
DR GPT-5.4 low,22,random_criterion,release,0.5,808,0.12499985604578895,0.37530974147743085,0.2503098854316419,22,1,1
DR GPT-5.4 low,22,random_criterion,release,0.84,1357,0.02140041781755412,0.24722895136310574,0.22582853354555163,22,1,1
DR GPT-5.4 low,22,random_criterion,release,0.95,1534,0.002364231182371534,0.09297339124676052,0.09060916006438899,22,1,1
DR GPT-5.4 low,22,disagreement_then_random,release,0.05,81,0.0,0.0,0.0,22,1,1
DR GPT-5.4 low,22,disagreement_then_random,release,0.2,323,0.9984532095901005,1.0,0.0015467904098994678,22,1,1
DR GPT-5.4 low,22,disagreement_then_random,release,0.5,808,0.3893565974442042,0.8589032633446589,0.46954666590045474,22,1,1
DR GPT-5.4 low,22,disagreement_then_random,release,0.84,1357,0.039690977135756,0.3593809486183043,0.3196899714825483,22,1,1
DR GPT-5.4 low,22,disagreement_then_random,release,0.95,1534,0.003878948086744772,0.12141107511511129,0.11753212702836652,22,1,1
DR GPT-5.4 low,23,random_criterion,release,0.05,81,0.0,0.0,0.0,25,0,0
DR GPT-5.4 low,23,random_criterion,release,0.2,323,0.0,0.0,0.0,25,0,0
DR GPT-5.4 low,23,random_criterion,release,0.5,808,0.0,0.0,0.0,25,0,0
DR GPT-5.4 low,23,random_criterion,release,0.84,1357,0.0,0.0,0.0,25,0,0
DR GPT-5.4 low,23,random_criterion,release,0.95,1534,0.0,0.0,0.0,25,0,0
DR GPT-5.4 low,23,disagreement_then_random,release,0.05,81,0.0,0.0,0.0,25,0,0
DR GPT-5.4 low,23,disagreement_then_random,release,0.2,323,0.0,0.0,0.0,25,0,0
DR GPT-5.4 low,23,disagreement_then_random,release,0.5,808,0.0,0.0,0.0,25,0,0
DR GPT-5.4 low,23,disagreement_then_random,release,0.84,1357,0.0,0.0,0.0,25,0,0
DR GPT-5.4 low,23,disagreement_then_random,release,0.95,1534,0.0,0.0,0.0,25,0,0
DR GPT-5.4 low,24,random_criterion,release,0.05,81,0.0,0.05003304239693758,0.05003304239693758,22,1,0
DR GPT-5.4 low,24,random_criterion,release,0.2,323,0.0,0.19205940580368153,0.19205940580368153,22,1,0
DR GPT-5.4 low,24,random_criterion,release,0.5,808,0.0,0.37530974147743085,0.37530974147743085,22,1,0
DR GPT-5.4 low,24,random_criterion,release,0.84,1357,0.0,0.24722895136310574,0.24722895136310574,22,1,0
DR GPT-5.4 low,24,random_criterion,release,0.95,1534,0.0,0.09297339124676052,0.09297339124676052,22,1,0
DR GPT-5.4 low,24,disagreement_then_random,release,0.05,81,0.0,0.0,0.0,22,1,0
DR GPT-5.4 low,24,disagreement_then_random,release,0.2,323,0.0,0.0007733952049497294,0.0007733952049497294,22,1,0
DR GPT-5.4 low,24,disagreement_then_random,release,0.5,808,0.0,0.23477333295022734,0.23477333295022734,22,1,0
DR GPT-5.4 low,24,disagreement_then_random,release,0.84,1357,0.0,0.15984498574127415,0.15984498574127415,22,1,0
DR GPT-5.4 low,24,disagreement_then_random,release,0.95,1534,0.0,0.05876606351418323,0.05876606351418323,22,1,0
DR GPT-5.4 low,25,random_criterion,release,0.05,81,0.0,0.15033646689367913,0.15033646689367913,28,3,0
DR GPT-5.4 low,25,random_criterion,release,0.2,323,0.0,0.5901709809332397,0.5901709809332397,28,3,0
DR GPT-5.4 low,25,random_criterion,release,0.5,808,0.0,1.2823534808930654,1.2823534808930654,28,3,0
DR GPT-5.4 low,25,random_criterion,release,0.84,1357,0.0,1.0112829208478082,1.0112829208478082,28,3,0
DR GPT-5.4 low,25,random_criterion,release,0.95,1534,0.0,0.40595070389821686,0.40595070389821686,28,3,0
DR GPT-5.4 low,25,disagreement_then_random,release,0.05,81,0.0,0.0,0.0,28,3,0
DR GPT-5.4 low,25,disagreement_then_random,release,0.2,323,0.0,1.0015467904098994,1.0015467904098994,28,3,0
DR GPT-5.4 low,25,disagreement_then_random,release,0.5,808,0.0,1.6592308223899037,1.6592308223899037,28,3,0
DR GPT-5.4 low,25,disagreement_then_random,release,0.84,1357,0.0,1.2681824133621609,1.2681824133621609,28,3,0
DR GPT-5.4 low,25,disagreement_then_random,release,0.95,1534,0.0,0.5077284544505063,0.5077284544505063,28,3,0
DR GPT-5.4 low,26,random_criterion,release,0.05,81,0.0,0.05003304239693758,0.05003304239693758,24,1,0
DR GPT-5.4 low,26,random_criterion,release,0.2,323,0.0,0.19205940580368153,0.19205940580368153,24,1,0
DR GPT-5.4 low,26,random_criterion,release,0.5,808,0.0,0.37530974147743085,0.37530974147743085,24,1,0
DR GPT-5.4 low,26,random_criterion,release,0.84,1357,0.0,0.24722895136310574,0.24722895136310574,24,1,0
DR GPT-5.4 low,26,random_criterion,release,0.95,1534,0.0,0.09297339124676052,0.09297339124676052,24,1,0
DR GPT-5.4 low,26,disagreement_then_random,release,0.05,81,0.0,0.0,0.0,24,1,0
DR GPT-5.4 low,26,disagreement_then_random,release,0.2,323,0.0,1.0,1.0,24,1,0
DR GPT-5.4 low,26,disagreement_then_random,release,0.5,808,0.0,0.8589032633446589,0.8589032633446589,24,1,0
DR GPT-5.4 low,26,disagreement_then_random,release,0.84,1357,0.0,0.3593809486183043,0.3593809486183043,24,1,0
DR GPT-5.4 low,26,disagreement_then_random,release,0.95,1534,0.0,0.12141107511511129,0.12141107511511129,24,1,0
DR GPT-5.4 low,27,random_criterion,release,0.05,81,0.09533762242913209,0.0,-0.09533762242913209,26,0,2
DR GPT-5.4 low,27,random_criterion,release,0.2,323,0.3201982651796778,0.0,-0.3201982651796778,26,0,2
DR GPT-5.4 low,27,random_criterion,release,0.5,808,0.5003095975232198,0.0,-0.5003095975232198,26,0,2
DR GPT-5.4 low,27,random_criterion,release,0.84,1357,0.2686293691806599,0.0,-0.2686293691806599,26,0,2
DR GPT-5.4 low,27,random_criterion,release,0.95,1534,0.0953376224291321,0.0,-0.0953376224291321,26,0,2
DR GPT-5.4 low,27,disagreement_then_random,release,0.05,81,0.0,0.0,0.0,26,0,2
DR GPT-5.4 low,27,disagreement_then_random,release,0.2,323,0.0015467904098994587,0.0,-0.0015467904098994587,26,0,2
DR GPT-5.4 low,27,disagreement_then_random,release,0.5,808,0.4695466659004547,0.0,-0.4695466659004547,26,0,2
DR GPT-5.4 low,27,disagreement_then_random,release,0.84,1357,0.31968997148254835,0.0,-0.31968997148254835,26,0,2
DR GPT-5.4 low,27,disagreement_then_random,release,0.95,1534,0.11753212702836661,0.0,-0.11753212702836661,26,0,2
DR GPT-5.4 low,28,random_criterion,release,0.05,81,0.0,0.0,0.0,25,0,0
DR GPT-5.4 low,28,random_criterion,release,0.2,323,0.0,0.0,0.0,25,0,0
DR GPT-5.4 low,28,random_criterion,release,0.5,808,0.0,0.0,0.0,25,0,0
DR GPT-5.4 low,28,random_criterion,release,0.84,1357,0.0,0.0,0.0,25,0,0
DR GPT-5.4 low,28,random_criterion,release,0.95,1534,0.0,0.0,0.0,25,0,0
DR GPT-5.4 low,28,disagreement_then_random,release,0.05,81,0.0,0.0,0.0,25,0,0
DR GPT-5.4 low,28,disagreement_then_random,release,0.2,323,0.0,0.0,0.0,25,0,0
DR GPT-5.4 low,28,disagreement_then_random,release,0.5,808,0.0,0.0,0.0,25,0,0
DR GPT-5.4 low,28,disagreement_then_random,release,0.84,1357,0.0,0.0,0.0,25,0,0
DR GPT-5.4 low,28,disagreement_then_random,release,0.95,1534,0.0,0.0,0.0,25,0,0
DR GPT-5.4 low,29,random_criterion,release,0.05,81,0.0,0.05003304239693758,0.05003304239693758,23,1,0
DR GPT-5.4 low,29,random_criterion,release,0.2,323,0.0,0.19205940580368153,0.19205940580368153,23,1,0
DR GPT-5.4 low,29,random_criterion,release,0.5,808,0.0,0.37530974147743085,0.37530974147743085,23,1,0
DR GPT-5.4 low,29,random_criterion,release,0.84,1357,0.0,0.24722895136310574,0.24722895136310574,23,1,0
DR GPT-5.4 low,29,random_criterion,release,0.95,1534,0.0,0.09297339124676052,0.09297339124676052,23,1,0
DR GPT-5.4 low,29,disagreement_then_random,release,0.05,81,0.0,0.0,0.0,23,1,0
DR GPT-5.4 low,29,disagreement_then_random,release,0.2,323,0.0,1.0,1.0,23,1,0
DR GPT-5.4 low,29,disagreement_then_random,release,0.5,808,0.0,0.8589032633446589,0.8589032633446589,23,1,0
DR GPT-5.4 low,29,disagreement_then_random,release,0.84,1357,0.0,0.3593809486183043,0.3593809486183043,23,1,0
DR GPT-5.4 low,29,disagreement_then_random,release,0.95,1534,0.0,0.12141107511511129,0.12141107511511129,23,1,0
DR GPT-5.4 low,30,random_criterion,release,0.05,81,0.0,0.10018194972154722,0.10018194972154722,25,2,0
DR GPT-5.4 low,30,random_criterion,release,0.2,323,0.0,0.39048310918902773,0.39048310918902773,25,2,0
DR GPT-5.4 low,30,random_criterion,release,0.5,808,0.0,0.8131969543127722,0.8131969543127722,25,2,0
DR GPT-5.4 low,30,random_criterion,release,0.84,1357,0.0,0.5893703292008463,0.5893703292008463,25,2,0
DR GPT-5.4 low,30,random_criterion,release,0.95,1534,0.0,0.22900299627101606,0.22900299627101606,25,2,0
DR GPT-5.4 low,30,disagreement_then_random,release,0.05,81,0.0,0.0,0.0,25,2,0
DR GPT-5.4 low,30,disagreement_then_random,release,0.2,323,0.0,1.0007733952049498,1.0007733952049498,25,2,0
DR GPT-5.4 low,30,disagreement_then_random,release,0.5,808,0.0,1.1818757182785113,1.1818757182785113,25,2,0
DR GPT-5.4 low,30,disagreement_then_random,release,0.84,1357,0.0,0.6472505007859746,0.6472505007859746,25,2,0
DR GPT-5.4 low,30,disagreement_then_random,release,0.95,1534,0.0,0.23530161803725425,0.23530161803725425,25,2,0
DR GPT-5.4 low,31,random_criterion,release,0.05,81,0.0,0.0,0.0,21,0,0
DR GPT-5.4 low,31,random_criterion,release,0.2,323,0.0,0.0,0.0,21,0,0
DR GPT-5.4 low,31,random_criterion,release,0.5,808,0.0,0.0,0.0,21,0,0
DR GPT-5.4 low,31,random_criterion,release,0.84,1357,0.0,0.0,0.0,21,0,0
DR GPT-5.4 low,31,random_criterion,release,0.95,1534,0.0,0.0,0.0,21,0,0
DR GPT-5.4 low,31,disagreement_then_random,release,0.05,81,0.0,0.0,0.0,21,0,0
DR GPT-5.4 low,31,disagreement_then_random,release,0.2,323,0.0,0.0,0.0,21,0,0
DR GPT-5.4 low,31,disagreement_then_random,release,0.5,808,0.0,0.0,0.0,21,0,0
DR GPT-5.4 low,31,disagreement_then_random,release,0.84,1357,0.0,0.0,0.0,21,0,0
DR GPT-5.4 low,31,disagreement_then_random,release,0.95,1534,0.0,0.0,0.0,21,0,0
DR GPT-5.4 low,32,random_criterion,release,0.05,81,0.0,0.05003304239693758,0.05003304239693758,22,1,0
DR GPT-5.4 low,32,random_criterion,release,0.2,323,0.0,0.19205940580368153,0.19205940580368153,22,1,0
DR GPT-5.4 low,32,random_criterion,release,0.5,808,0.0,0.37530974147743085,0.37530974147743085,22,1,0
DR GPT-5.4 low,32,random_criterion,release,0.84,1357,0.0,0.24722895136310574,0.24722895136310574,22,1,0
DR GPT-5.4 low,32,random_criterion,release,0.95,1534,0.0,0.09297339124676052,0.09297339124676052,22,1,0
DR GPT-5.4 low,32,disagreement_then_random,release,0.05,81,0.0,1.0,1.0,22,1,0
DR GPT-5.4 low,32,disagreement_then_random,release,0.2,323,0.0,1.0,1.0,22,1,0
DR GPT-5.4 low,32,disagreement_then_random,release,0.5,808,0.0,0.8589032633446589,0.8589032633446589,22,1,0
DR GPT-5.4 low,32,disagreement_then_random,release,0.84,1357,0.0,0.3593809486183043,0.3593809486183043,22,1,0
DR GPT-5.4 low,32,disagreement_then_random,release,0.95,1534,0.0,0.12141107511511129,0.12141107511511129,22,1,0
DR GPT-5.4 low,33,random_criterion,release,0.05,81,0.047668811214566044,0.05003304239693758,0.002364231182371536,25,1,1
DR GPT-5.4 low,33,random_criterion,release,0.2,323,0.1600991325898389,0.19205940580368153,0.03196027321384262,25,1,1
DR GPT-5.4 low,33,random_criterion,release,0.5,808,0.2501547987616099,0.37530974147743085,0.12515494271582095,25,1,1
DR GPT-5.4 low,33,random_criterion,release,0.84,1357,0.13431468459032994,0.24722895136310574,0.1129142667727758,25,1,1
DR GPT-5.4 low,33,random_criterion,release,0.95,1534,0.04766881121456605,0.09297339124676052,0.045304580032194466,25,1,1
DR GPT-5.4 low,33,disagreement_then_random,release,0.05,81,0.0,0.0,0.0,25,1,1
DR GPT-5.4 low,33,disagreement_then_random,release,0.2,323,0.9992266047950503,1.0,0.0007733952049496784,25,1,1
DR GPT-5.4 low,33,disagreement_then_random,release,0.5,808,0.6241299303944315,0.8589032633446589,0.2347733329502274,25,1,1
DR GPT-5.4 low,33,disagreement_then_random,release,0.84,1357,0.19953596287703015,0.3593809486183043,0.15984498574127412,25,1,1
DR GPT-5.4 low,33,disagreement_then_random,release,0.95,1534,0.06264501160092807,0.12141107511511129,0.05876606351418322,25,1,1
DR GPT-5.4 low,34,random_criterion,release,0.05,81,0.0,0.05014890732460963,0.05014890732460963,24,1,0
DR GPT-5.4 low,34,random_criterion,release,0.2,323,0.0,0.1984237033853462,0.1984237033853462,24,1,0
DR GPT-5.4 low,34,random_criterion,release,0.5,808,0.0,0.4378872128353413,0.4378872128353413,24,1,0
DR GPT-5.4 low,34,random_criterion,release,0.84,1357,0.0,0.3421413778377405,0.3421413778377405,24,1,0
DR GPT-5.4 low,34,random_criterion,release,0.95,1534,0.0,0.13602960502425554,0.13602960502425554,24,1,0
DR GPT-5.4 low,34,disagreement_then_random,release,0.05,81,0.0,0.0,0.0,24,1,0
DR GPT-5.4 low,34,disagreement_then_random,release,0.2,323,0.0,0.0007733952049497294,0.0007733952049497294,24,1,0
DR GPT-5.4 low,34,disagreement_then_random,release,0.5,808,0.0,0.3560642185308098,0.3560642185308098,24,1,0
DR GPT-5.4 low,34,disagreement_then_random,release,0.84,1357,0.0,0.39038844915873017,0.39038844915873017,24,1,0
DR GPT-5.4 low,34,disagreement_then_random,release,0.95,1534,0.0,0.16559644996371758,0.16559644996371758,24,1,0
DR GPT-5.4 low,35,random_criterion,release,0.05,81,0.047668811214566044,0.05003304239693758,0.002364231182371536,25,1,1
DR GPT-5.4 low,35,random_criterion,release,0.2,323,0.1600991325898389,0.19205940580368153,0.03196027321384262,25,1,1
DR GPT-5.4 low,35,random_criterion,release,0.5,808,0.2501547987616099,0.37530974147743085,0.12515494271582095,25,1,1
DR GPT-5.4 low,35,random_criterion,release,0.84,1357,0.13431468459032994,0.24722895136310574,0.1129142667727758,25,1,1
DR GPT-5.4 low,35,random_criterion,release,0.95,1534,0.04766881121456605,0.09297339124676052,0.045304580032194466,25,1,1
DR GPT-5.4 low,35,disagreement_then_random,release,0.05,81,0.0,0.0,0.0,25,1,1
DR GPT-5.4 low,35,disagreement_then_random,release,0.2,323,0.0007733952049497294,0.0007733952049497294,0.0,25,1,1
DR GPT-5.4 low,35,disagreement_then_random,release,0.5,808,0.23477333295022734,0.3229724549338526,0.08819912198362528,25,1,1
DR GPT-5.4 low,35,disagreement_then_random,release,0.84,1357,0.15984498574127418,0.2878695521676703,0.12802456642639612,25,1,1
DR GPT-5.4 low,35,disagreement_then_random,release,0.95,1534,0.05876606351418331,0.11389054292214296,0.05512447940795965,25,1,1
DR GPT-5.4 low,36,random_criterion,release,0.05,81,0.0,0.0,0.0,23,0,0
DR GPT-5.4 low,36,random_criterion,release,0.2,323,0.0,0.0,0.0,23,0,0
DR GPT-5.4 low,36,random_criterion,release,0.5,808,0.0,0.0,0.0,23,0,0
DR GPT-5.4 low,36,random_criterion,release,0.84,1357,0.0,0.0,0.0,23,0,0
DR GPT-5.4 low,36,random_criterion,release,0.95,1534,0.0,0.0,0.0,23,0,0
DR GPT-5.4 low,36,disagreement_then_random,release,0.05,81,0.0,0.0,0.0,23,0,0
DR GPT-5.4 low,36,disagreement_then_random,release,0.2,323,0.0,0.0,0.0,23,0,0
DR GPT-5.4 low,36,disagreement_then_random,release,0.5,808,0.0,0.0,0.0,23,0,0
DR GPT-5.4 low,36,disagreement_then_random,release,0.84,1357,0.0,0.0,0.0,23,0,0
DR GPT-5.4 low,36,disagreement_then_random,release,0.95,1534,0.0,0.0,0.0,23,0,0
DR GPT-5.4 low,37,random_criterion,release,0.05,81,0.0,0.05003304239693758,0.05003304239693758,26,1,0
DR GPT-5.4 low,37,random_criterion,release,0.2,323,0.0,0.19205940580368153,0.19205940580368153,26,1,0
DR GPT-5.4 low,37,random_criterion,release,0.5,808,0.0,0.37530974147743085,0.37530974147743085,26,1,0
DR GPT-5.4 low,37,random_criterion,release,0.84,1357,0.0,0.24722895136310574,0.24722895136310574,26,1,0
DR GPT-5.4 low,37,random_criterion,release,0.95,1534,0.0,0.09297339124676052,0.09297339124676052,26,1,0
DR GPT-5.4 low,37,disagreement_then_random,release,0.05,81,0.0,0.0,0.0,26,1,0
DR GPT-5.4 low,37,disagreement_then_random,release,0.2,323,0.0,1.0,1.0,26,1,0
DR GPT-5.4 low,37,disagreement_then_random,release,0.5,808,0.0,0.8589032633446589,0.8589032633446589,26,1,0
DR GPT-5.4 low,37,disagreement_then_random,release,0.84,1357,0.0,0.3593809486183043,0.3593809486183043,26,1,0
DR GPT-5.4 low,37,disagreement_then_random,release,0.95,1534,0.0,0.12141107511511129,0.12141107511511129,26,1,0
DR GPT-5.4 low,38,random_criterion,release,0.05,81,0.0,0.05003304239693758,0.05003304239693758,25,1,0
DR GPT-5.4 low,38,random_criterion,release,0.2,323,0.0,0.19205940580368153,0.19205940580368153,25,1,0
DR GPT-5.4 low,38,random_criterion,release,0.5,808,0.0,0.37530974147743085,0.37530974147743085,25,1,0
DR GPT-5.4 low,38,random_criterion,release,0.84,1357,0.0,0.24722895136310574,0.24722895136310574,25,1,0
DR GPT-5.4 low,38,random_criterion,release,0.95,1534,0.0,0.09297339124676052,0.09297339124676052,25,1,0
DR GPT-5.4 low,38,disagreement_then_random,release,0.05,81,0.0,0.0,0.0,25,1,0
DR GPT-5.4 low,38,disagreement_then_random,release,0.2,323,0.0,0.0007733952049497294,0.0007733952049497294,25,1,0
DR GPT-5.4 low,38,disagreement_then_random,release,0.5,808,0.0,0.23477333295022734,0.23477333295022734,25,1,0
DR GPT-5.4 low,38,disagreement_then_random,release,0.84,1357,0.0,0.15984498574127415,0.15984498574127415,25,1,0
DR GPT-5.4 low,38,disagreement_then_random,release,0.95,1534,0.0,0.05876606351418323,0.05876606351418323,25,1,0
DR GPT-5.4 low,39,random_criterion,release,0.05,81,0.047668811214566044,0.05003304239693758,0.002364231182371536,23,1,1
DR GPT-5.4 low,39,random_criterion,release,0.2,323,0.1600991325898389,0.19205940580368153,0.03196027321384262,23,1,1
DR GPT-5.4 low,39,random_criterion,release,0.5,808,0.2501547987616099,0.37530974147743085,0.12515494271582095,23,1,1
DR GPT-5.4 low,39,random_criterion,release,0.84,1357,0.13431468459032994,0.24722895136310574,0.1129142667727758,23,1,1
DR GPT-5.4 low,39,random_criterion,release,0.95,1534,0.04766881121456605,0.09297339124676052,0.045304580032194466,23,1,1
DR GPT-5.4 low,39,disagreement_then_random,release,0.05,81,0.0,0.0,0.0,23,1,1
DR GPT-5.4 low,39,disagreement_then_random,release,0.2,323,0.0007733952049497294,0.0007733952049497294,0.0,23,1,1
DR GPT-5.4 low,39,disagreement_then_random,release,0.5,808,0.23477333295022734,0.23477333295022734,0.0,23,1,1
DR GPT-5.4 low,39,disagreement_then_random,release,0.84,1357,0.15984498574127418,0.15984498574127415,-2.7755575615628914e-17,23,1,1
DR GPT-5.4 low,39,disagreement_then_random,release,0.95,1534,0.05876606351418331,0.05876606351418323,-7.632783294297951e-17,23,1,1
DR GPT-5.4 low,40,random_criterion,release,0.05,81,0.0,0.05263461328217552,0.05263461328217552,25,2,0
DR GPT-5.4 low,40,random_criterion,release,0.2,323,0.0,0.23801244253971923,0.23801244253971923,25,2,0
DR GPT-5.4 low,40,random_criterion,release,0.5,808,0.0,0.6568889406540248,0.6568889406540248,25,2,0
DR GPT-5.4 low,40,random_criterion,release,0.84,1357,0.0,0.6297392848943726,0.6297392848943726,25,2,0
DR GPT-5.4 low,40,random_criterion,release,0.95,1534,0.0,0.26530850143689033,0.26530850143689033,25,2,0
DR GPT-5.4 low,40,disagreement_then_random,release,0.05,81,0.0,0.0,0.0,25,2,0
DR GPT-5.4 low,40,disagreement_then_random,release,0.2,323,0.0,1.0007733952049498,1.0007733952049498,25,2,0
DR GPT-5.4 low,40,disagreement_then_random,release,0.5,808,0.0,1.2149674818754685,1.2149674818754685,25,2,0
DR GPT-5.4 low,40,disagreement_then_random,release,0.84,1357,0.0,0.7497693977770346,0.7497693977770346,25,2,0
DR GPT-5.4 low,40,disagreement_then_random,release,0.95,1534,0.0,0.2870075250788289,0.2870075250788289,25,2,0
DR GPT-5.4 low,41,random_criterion,release,0.05,81,0.0,0.0,0.0,23,0,0
DR GPT-5.4 low,41,random_criterion,release,0.2,323,0.0,0.0,0.0,23,0,0
DR GPT-5.4 low,41,random_criterion,release,0.5,808,0.0,0.0,0.0,23,0,0
DR GPT-5.4 low,41,random_criterion,release,0.84,1357,0.0,0.0,0.0,23,0,0
DR GPT-5.4 low,41,random_criterion,release,0.95,1534,0.0,0.0,0.0,23,0,0
DR GPT-5.4 low,41,disagreement_then_random,release,0.05,81,0.0,0.0,0.0,23,0,0
DR GPT-5.4 low,41,disagreement_then_random,release,0.2,323,0.0,0.0,0.0,23,0,0
DR GPT-5.4 low,41,disagreement_then_random,release,0.5,808,0.0,0.0,0.0,23,0,0
DR GPT-5.4 low,41,disagreement_then_random,release,0.84,1357,0.0,0.0,0.0,23,0,0
DR GPT-5.4 low,41,disagreement_then_random,release,0.95,1534,0.0,0.0,0.0,23,0,0
DR GPT-5.4 low,42,random_criterion,release,0.05,81,0.0,0.05014890732460963,0.05014890732460963,26,1,0
DR GPT-5.4 low,42,random_criterion,release,0.2,323,0.0,0.1984237033853462,0.1984237033853462,26,1,0
DR GPT-5.4 low,42,random_criterion,release,0.5,808,0.0,0.4378872128353413,0.4378872128353413,26,1,0
DR GPT-5.4 low,42,random_criterion,release,0.84,1357,0.0,0.3421413778377405,0.3421413778377405,26,1,0
DR GPT-5.4 low,42,random_criterion,release,0.95,1534,0.0,0.13602960502425554,0.13602960502425554,26,1,0
DR GPT-5.4 low,42,disagreement_then_random,release,0.05,81,0.0,0.0,0.0,26,1,0
DR GPT-5.4 low,42,disagreement_then_random,release,0.2,323,0.0,1.0,1.0,26,1,0
DR GPT-5.4 low,42,disagreement_then_random,release,0.5,808,0.0,0.8589032633446589,0.8589032633446589,26,1,0
DR GPT-5.4 low,42,disagreement_then_random,release,0.84,1357,0.0,0.3593809486183043,0.3593809486183043,26,1,0
DR GPT-5.4 low,42,disagreement_then_random,release,0.95,1534,0.0,0.12141107511511129,0.12141107511511129,26,1,0
DR GPT-5.4 low,43,random_criterion,release,0.05,81,0.047668811214566044,0.0,-0.047668811214566044,21,0,1
DR GPT-5.4 low,43,random_criterion,release,0.2,323,0.1600991325898389,0.0,-0.1600991325898389,21,0,1
DR GPT-5.4 low,43,random_criterion,release,0.5,808,0.2501547987616099,0.0,-0.2501547987616099,21,0,1
DR GPT-5.4 low,43,random_criterion,release,0.84,1357,0.13431468459032994,0.0,-0.13431468459032994,21,0,1
DR GPT-5.4 low,43,random_criterion,release,0.95,1534,0.04766881121456605,0.0,-0.04766881121456605,21,0,1
DR GPT-5.4 low,43,disagreement_then_random,release,0.05,81,1.0,0.0,-1.0,21,0,1
DR GPT-5.4 low,43,disagreement_then_random,release,0.2,323,0.9992266047950503,0.0,-0.9992266047950503,21,0,1
DR GPT-5.4 low,43,disagreement_then_random,release,0.5,808,0.6241299303944315,0.0,-0.6241299303944315,21,0,1
DR GPT-5.4 low,43,disagreement_then_random,release,0.84,1357,0.19953596287703015,0.0,-0.19953596287703015,21,0,1
DR GPT-5.4 low,43,disagreement_then_random,release,0.95,1534,0.06264501160092807,0.0,-0.06264501160092807,21,0,1
DR GPT-5.4 low,44,random_criterion,release,0.05,81,0.0,0.05014890732460963,0.05014890732460963,24,1,0
DR GPT-5.4 low,44,random_criterion,release,0.2,323,0.0,0.1984237033853462,0.1984237033853462,24,1,0
DR GPT-5.4 low,44,random_criterion,release,0.5,808,0.0,0.4378872128353413,0.4378872128353413,24,1,0
DR GPT-5.4 low,44,random_criterion,release,0.84,1357,0.0,0.3421413778377405,0.3421413778377405,24,1,0
DR GPT-5.4 low,44,random_criterion,release,0.95,1534,0.0,0.13602960502425554,0.13602960502425554,24,1,0
DR GPT-5.4 low,44,disagreement_then_random,release,0.05,81,0.0,0.0,0.0,24,1,0
DR GPT-5.4 low,44,disagreement_then_random,release,0.2,323,0.0,1.0,1.0,24,1,0
DR GPT-5.4 low,44,disagreement_then_random,release,0.5,808,0.0,0.8589032633446589,0.8589032633446589,24,1,0
DR GPT-5.4 low,44,disagreement_then_random,release,0.84,1357,0.0,0.3593809486183043,0.3593809486183043,24,1,0
DR GPT-5.4 low,44,disagreement_then_random,release,0.95,1534,0.0,0.12141107511511129,0.12141107511511129,24,1,0
DR GPT-5.4 low,45,random_criterion,release,0.05,81,0.0,0.0,0.0,25,0,0
DR GPT-5.4 low,45,random_criterion,release,0.2,323,0.0,0.0,0.0,25,0,0
DR GPT-5.4 low,45,random_criterion,release,0.5,808,0.0,0.0,0.0,25,0,0
DR GPT-5.4 low,45,random_criterion,release,0.84,1357,0.0,0.0,0.0,25,0,0
DR GPT-5.4 low,45,random_criterion,release,0.95,1534,0.0,0.0,0.0,25,0,0
DR GPT-5.4 low,45,disagreement_then_random,release,0.05,81,0.0,0.0,0.0,25,0,0
DR GPT-5.4 low,45,disagreement_then_random,release,0.2,323,0.0,0.0,0.0,25,0,0
DR GPT-5.4 low,45,disagreement_then_random,release,0.5,808,0.0,0.0,0.0,25,0,0
DR GPT-5.4 low,45,disagreement_then_random,release,0.84,1357,0.0,0.0,0.0,25,0,0
DR GPT-5.4 low,45,disagreement_then_random,release,0.95,1534,0.0,0.0,0.0,25,0,0
DR GPT-5.4 low,46,random_criterion,release,0.05,81,0.0,0.05015478546918734,0.05015478546918734,22,1,0
DR GPT-5.4 low,46,random_criterion,release,0.2,323,0.0,0.1999383498227698,0.1999383498227698,22,1,0
DR GPT-5.4 low,46,random_criterion,release,0.5,808,0.0,0.4847717615187665,0.4847717615187665,22,1,0
DR GPT-5.4 low,46,random_criterion,release,0.84,1357,0.0,0.4889501396493695,0.4889501396493695,22,1,0
DR GPT-5.4 low,46,random_criterion,release,0.95,1534,0.0,0.2158326125852793,0.2158326125852793,22,1,0
DR GPT-5.4 low,46,disagreement_then_random,release,0.05,81,0.0,0.0,0.0,22,1,0
DR GPT-5.4 low,46,disagreement_then_random,release,0.2,323,0.0,0.0007733952049497294,0.0007733952049497294,22,1,0
DR GPT-5.4 low,46,disagreement_then_random,release,0.5,808,0.0,0.3684640027180326,0.3684640027180326,22,1,0
DR GPT-5.4 low,46,disagreement_then_random,release,0.84,1357,0.0,0.47246719368531964,0.47246719368531964,22,1,0
DR GPT-5.4 low,46,disagreement_then_random,release,0.95,1534,0.0,0.21409330148680816,0.21409330148680816,22,1,0
DR GPT-5.4 low,47,random_criterion,release,0.05,81,0.0,0.0,0.0,23,0,0
DR GPT-5.4 low,47,random_criterion,release,0.2,323,0.0,0.0,0.0,23,0,0
DR GPT-5.4 low,47,random_criterion,release,0.5,808,0.0,0.0,0.0,23,0,0
DR GPT-5.4 low,47,random_criterion,release,0.84,1357,0.0,0.0,0.0,23,0,0
DR GPT-5.4 low,47,random_criterion,release,0.95,1534,0.0,0.0,0.0,23,0,0
DR GPT-5.4 low,47,disagreement_then_random,release,0.05,81,0.0,0.0,0.0,23,0,0
DR GPT-5.4 low,47,disagreement_then_random,release,0.2,323,0.0,0.0,0.0,23,0,0
DR GPT-5.4 low,47,disagreement_then_random,release,0.5,808,0.0,0.0,0.0,23,0,0
DR GPT-5.4 low,47,disagreement_then_random,release,0.84,1357,0.0,0.0,0.0,23,0,0
DR GPT-5.4 low,47,disagreement_then_random,release,0.95,1534,0.0,0.0,0.0,23,0,0
DR GPT-5.4 low,48,random_criterion,release,0.05,81,0.0023642311823715337,0.10030342449674157,0.09793919331437004,26,2,1
DR GPT-5.4 low,48,random_criterion,release,0.2,323,0.031960273213842615,0.3981115751295582,0.3661513019157156,26,2,1
DR GPT-5.4 low,48,random_criterion,release,0.5,808,0.12515494271582095,0.9070437394156348,0.7818887966998138,26,2,1
DR GPT-5.4 low,48,random_criterion,release,0.84,1357,0.11291426677277584,0.7640539694847024,0.6511397027119266,26,2,1
DR GPT-5.4 low,48,random_criterion,release,0.95,1534,0.045304580032194515,0.31297731265145634,0.26767273261926183,26,2,1
DR GPT-5.4 low,48,disagreement_then_random,release,0.05,81,0.0,0.0,0.0,26,2,1
DR GPT-5.4 low,48,disagreement_then_random,release,0.2,323,0.0,1.0007733952049498,1.0007733952049498,26,2,1
DR GPT-5.4 low,48,disagreement_then_random,release,0.5,808,0.0,1.3362583674560509,1.3362583674560509,26,2,1
DR GPT-5.4 low,48,disagreement_then_random,release,0.84,1357,0.0,0.9803128611944905,0.9803128611944905,26,2,1
DR GPT-5.4 low,48,disagreement_then_random,release,0.95,1534,0.0,0.3938379115283632,0.3938379115283632,26,2,1
DR GPT-5.4 low,49,random_criterion,release,0.05,81,0.047668811214566044,0.05003304239693758,0.002364231182371536,22,1,1
DR GPT-5.4 low,49,random_criterion,release,0.2,323,0.1600991325898389,0.19205940580368153,0.03196027321384262,22,1,1
DR GPT-5.4 low,49,random_criterion,release,0.5,808,0.2501547987616099,0.37530974147743085,0.12515494271582095,22,1,1
DR GPT-5.4 low,49,random_criterion,release,0.84,1357,0.13431468459032994,0.24722895136310574,0.1129142667727758,22,1,1
DR GPT-5.4 low,49,random_criterion,release,0.95,1534,0.04766881121456605,0.09297339124676052,0.045304580032194466,22,1,1
DR GPT-5.4 low,49,disagreement_then_random,release,0.05,81,0.0,0.0,0.0,22,1,1
DR GPT-5.4 low,49,disagreement_then_random,release,0.2,323,0.0007733952049497294,0.0007733952049497294,0.0,22,1,1
DR GPT-5.4 low,49,disagreement_then_random,release,0.5,808,0.23477333295022734,0.23477333295022734,0.0,22,1,1
DR GPT-5.4 low,49,disagreement_then_random,release,0.84,1357,0.15984498574127418,0.15984498574127415,-2.7755575615628914e-17,22,1,1
DR GPT-5.4 low,49,disagreement_then_random,release,0.95,1534,0.05876606351418331,0.05876606351418323,-7.632783294297951e-17,22,1,1
DR GPT-5.4 low,50,random_criterion,release,0.05,81,0.0,0.05003304239693758,0.05003304239693758,22,1,0
DR GPT-5.4 low,50,random_criterion,release,0.2,323,0.0,0.19205940580368153,0.19205940580368153,22,1,0
DR GPT-5.4 low,50,random_criterion,release,0.5,808,0.0,0.37530974147743085,0.37530974147743085,22,1,0
DR GPT-5.4 low,50,random_criterion,release,0.84,1357,0.0,0.24722895136310574,0.24722895136310574,22,1,0
DR GPT-5.4 low,50,random_criterion,release,0.95,1534,0.0,0.09297339124676052,0.09297339124676052,22,1,0
DR GPT-5.4 low,50,disagreement_then_random,release,0.05,81,0.0,1.0,1.0,22,1,0
DR GPT-5.4 low,50,disagreement_then_random,release,0.2,323,0.0,1.0,1.0,22,1,0
DR GPT-5.4 low,50,disagreement_then_random,release,0.5,808,0.0,0.8589032633446589,0.8589032633446589,22,1,0
DR GPT-5.4 low,50,disagreement_then_random,release,0.84,1357,0.0,0.3593809486183043,0.3593809486183043,22,1,0
DR GPT-5.4 low,50,disagreement_then_random,release,0.95,1534,0.0,0.12141107511511129,0.12141107511511129,22,1,0
DR GPT-5.4 low,51,random_criterion,release,0.05,81,0.0,0.05003304239693758,0.05003304239693758,20,1,0
DR GPT-5.4 low,51,random_criterion,release,0.2,323,0.0,0.19205940580368153,0.19205940580368153,20,1,0
DR GPT-5.4 low,51,random_criterion,release,0.5,808,0.0,0.37530974147743085,0.37530974147743085,20,1,0
DR GPT-5.4 low,51,random_criterion,release,0.84,1357,0.0,0.24722895136310574,0.24722895136310574,20,1,0
DR GPT-5.4 low,51,random_criterion,release,0.95,1534,0.0,0.09297339124676052,0.09297339124676052,20,1,0
DR GPT-5.4 low,51,disagreement_then_random,release,0.05,81,0.0,0.0,0.0,20,1,0
DR GPT-5.4 low,51,disagreement_then_random,release,0.2,323,0.0,0.0007733952049497294,0.0007733952049497294,20,1,0
DR GPT-5.4 low,51,disagreement_then_random,release,0.5,808,0.0,0.3229724549338526,0.3229724549338526,20,1,0
DR GPT-5.4 low,51,disagreement_then_random,release,0.84,1357,0.0,0.2878695521676703,0.2878695521676703,20,1,0
DR GPT-5.4 low,51,disagreement_then_random,release,0.95,1534,0.0,0.11389054292214296,0.11389054292214296,20,1,0
DR GPT-5.4 low,52,random_criterion,release,0.05,81,0.047668811214566044,0.0,-0.047668811214566044,25,0,1
DR GPT-5.4 low,52,random_criterion,release,0.2,323,0.1600991325898389,0.0,-0.1600991325898389,25,0,1
DR GPT-5.4 low,52,random_criterion,release,0.5,808,0.2501547987616099,0.0,-0.2501547987616099,25,0,1
DR GPT-5.4 low,52,random_criterion,release,0.84,1357,0.13431468459032994,0.0,-0.13431468459032994,25,0,1
DR GPT-5.4 low,52,random_criterion,release,0.95,1534,0.04766881121456605,0.0,-0.04766881121456605,25,0,1
DR GPT-5.4 low,52,disagreement_then_random,release,0.05,81,0.0,0.0,0.0,25,0,1
DR GPT-5.4 low,52,disagreement_then_random,release,0.2,323,0.9992266047950503,0.0,-0.9992266047950503,25,0,1
DR GPT-5.4 low,52,disagreement_then_random,release,0.5,808,0.6241299303944315,0.0,-0.6241299303944315,25,0,1
DR GPT-5.4 low,52,disagreement_then_random,release,0.84,1357,0.19953596287703015,0.0,-0.19953596287703015,25,0,1
DR GPT-5.4 low,52,disagreement_then_random,release,0.95,1534,0.06264501160092807,0.0,-0.06264501160092807,25,0,1
DR GPT-5.4 low,53,random_criterion,release,0.05,81,0.09297339124676055,0.05015478546918734,-0.0428186057775732,26,1,2
DR GPT-5.4 low,53,random_criterion,release,0.2,323,0.2882379919658352,0.1999383498227698,-0.0882996421430654,26,1,2
DR GPT-5.4 low,53,random_criterion,release,0.5,808,0.37515465480739885,0.4847717615187665,0.10961710671136765,26,1,2
DR GPT-5.4 low,53,random_criterion,release,0.84,1357,0.15571510240788405,0.4889501396493695,0.33323503724148545,26,1,2
DR GPT-5.4 low,53,random_criterion,release,0.95,1534,0.05003304239693759,0.2158326125852793,0.1657995701883417,26,1,2
DR GPT-5.4 low,53,disagreement_then_random,release,0.05,81,0.0,0.0,0.0,26,1,2
DR GPT-5.4 low,53,disagreement_then_random,release,0.2,323,0.0007733952049497294,0.0007733952049497294,0.0,26,1,2
DR GPT-5.4 low,53,disagreement_then_random,release,0.5,808,0.23477333295022734,0.3684640027180326,0.13369066976780525,26,1,2
DR GPT-5.4 low,53,disagreement_then_random,release,0.84,1357,0.15984498574127418,0.47246719368531964,0.3126222079440455,26,1,2
DR GPT-5.4 low,53,disagreement_then_random,release,0.95,1534,0.05876606351418331,0.21409330148680816,0.15532723797262485,26,1,2
DR GPT-5.4 low,54,random_criterion,release,0.05,81,0.0,0.0,0.0,24,0,0
DR GPT-5.4 low,54,random_criterion,release,0.2,323,0.0,0.0,0.0,24,0,0
DR GPT-5.4 low,54,random_criterion,release,0.5,808,0.0,0.0,0.0,24,0,0
DR GPT-5.4 low,54,random_criterion,release,0.84,1357,0.0,0.0,0.0,24,0,0
DR GPT-5.4 low,54,random_criterion,release,0.95,1534,0.0,0.0,0.0,24,0,0
DR GPT-5.4 low,54,disagreement_then_random,release,0.05,81,0.0,0.0,0.0,24,0,0
DR GPT-5.4 low,54,disagreement_then_random,release,0.2,323,0.0,0.0,0.0,24,0,0
DR GPT-5.4 low,54,disagreement_then_random,release,0.5,808,0.0,0.0,0.0,24,0,0
DR GPT-5.4 low,54,disagreement_then_random,release,0.84,1357,0.0,0.0,0.0,24,0,0
DR GPT-5.4 low,54,disagreement_then_random,release,0.95,1534,0.0,0.0,0.0,24,0,0
DR GPT-5.4 low,55,random_criterion,release,0.05,81,0.0,0.0,0.0,24,0,0
DR GPT-5.4 low,55,random_criterion,release,0.2,323,0.0,0.0,0.0,24,0,0
DR GPT-5.4 low,55,random_criterion,release,0.5,808,0.0,0.0,0.0,24,0,0
DR GPT-5.4 low,55,random_criterion,release,0.84,1357,0.0,0.0,0.0,24,0,0
DR GPT-5.4 low,55,random_criterion,release,0.95,1534,0.0,0.0,0.0,24,0,0
DR GPT-5.4 low,55,disagreement_then_random,release,0.05,81,0.0,0.0,0.0,24,0,0
DR GPT-5.4 low,55,disagreement_then_random,release,0.2,323,0.0,0.0,0.0,24,0,0
DR GPT-5.4 low,55,disagreement_then_random,release,0.5,808,0.0,0.0,0.0,24,0,0
DR GPT-5.4 low,55,disagreement_then_random,release,0.84,1357,0.0,0.0,0.0,24,0,0
DR GPT-5.4 low,55,disagreement_then_random,release,0.95,1534,0.0,0.0,0.0,24,0,0
DR GPT-5.4 low,56,random_criterion,release,0.05,81,0.0023642311823715337,0.0,-0.0023642311823715337,23,0,1
DR GPT-5.4 low,56,random_criterion,release,0.2,323,0.031960273213842615,0.0,-0.031960273213842615,23,0,1
DR GPT-5.4 low,56,random_criterion,release,0.5,808,0.12515494271582095,0.0,-0.12515494271582095,23,0,1
DR GPT-5.4 low,56,random_criterion,release,0.84,1357,0.11291426677277584,0.0,-0.11291426677277584,23,0,1
DR GPT-5.4 low,56,random_criterion,release,0.95,1534,0.045304580032194515,0.0,-0.045304580032194515,23,0,1
DR GPT-5.4 low,56,disagreement_then_random,release,0.05,81,0.0,0.0,0.0,23,0,1
DR GPT-5.4 low,56,disagreement_then_random,release,0.2,323,0.9992266047950503,0.0,-0.9992266047950503,23,0,1
DR GPT-5.4 low,56,disagreement_then_random,release,0.5,808,0.6241299303944315,0.0,-0.6241299303944315,23,0,1
DR GPT-5.4 low,56,disagreement_then_random,release,0.84,1357,0.19953596287703015,0.0,-0.19953596287703015,23,0,1
DR GPT-5.4 low,56,disagreement_then_random,release,0.95,1534,0.06264501160092807,0.0,-0.06264501160092807,23,0,1
DR GPT-5.4 low,57,random_criterion,release,0.05,81,0.0,0.05003304239693758,0.05003304239693758,23,1,0
DR GPT-5.4 low,57,random_criterion,release,0.2,323,0.0,0.19205940580368153,0.19205940580368153,23,1,0
DR GPT-5.4 low,57,random_criterion,release,0.5,808,0.0,0.37530974147743085,0.37530974147743085,23,1,0
DR GPT-5.4 low,57,random_criterion,release,0.84,1357,0.0,0.24722895136310574,0.24722895136310574,23,1,0
DR GPT-5.4 low,57,random_criterion,release,0.95,1534,0.0,0.09297339124676052,0.09297339124676052,23,1,0
DR GPT-5.4 low,57,disagreement_then_random,release,0.05,81,0.0,0.0,0.0,23,1,0
DR GPT-5.4 low,57,disagreement_then_random,release,0.2,323,0.0,0.0007733952049497294,0.0007733952049497294,23,1,0
DR GPT-5.4 low,57,disagreement_then_random,release,0.5,808,0.0,0.23477333295022734,0.23477333295022734,23,1,0
DR GPT-5.4 low,57,disagreement_then_random,release,0.84,1357,0.0,0.15984498574127415,0.15984498574127415,23,1,0
DR GPT-5.4 low,57,disagreement_then_random,release,0.95,1534,0.0,0.05876606351418323,0.05876606351418323,23,1,0
DR GPT-5.4 low,58,random_criterion,release,0.05,81,0.0,0.05015451717213193,0.05015451717213193,21,1,0
DR GPT-5.4 low,58,random_criterion,release,0.2,323,0.0,0.19968787174421196,0.19968787174421196,21,1,0
DR GPT-5.4 low,58,random_criterion,release,0.5,808,0.0,0.4691565265802935,0.4691565265802935,21,1,0
DR GPT-5.4 low,58,random_criterion,release,0.84,1357,0.0,0.4219125916469618,0.4219125916469618,21,1,0
DR GPT-5.4 low,58,random_criterion,release,0.95,1534,0.0,0.1769477076272008,0.1769477076272008,21,1,0
DR GPT-5.4 low,58,disagreement_then_random,release,0.05,81,0.0,0.0,0.0,21,1,0
DR GPT-5.4 low,58,disagreement_then_random,release,0.2,323,0.0,1.0,1.0,21,1,0
DR GPT-5.4 low,58,disagreement_then_random,release,0.5,808,0.0,0.9801941489252413,0.9801941489252413,21,1,0
DR GPT-5.4 low,58,disagreement_then_random,release,0.84,1357,0.0,0.5899244120357603,0.5899244120357603,21,1,0
DR GPT-5.4 low,58,disagreement_then_random,release,0.95,1534,0.0,0.22824146156464564,0.22824146156464564,21,1,0
DR GPT-5.4 low,59,random_criterion,release,0.05,81,0.0,0.05003304239693758,0.05003304239693758,20,1,0
DR GPT-5.4 low,59,random_criterion,release,0.2,323,0.0,0.19205940580368153,0.19205940580368153,20,1,0
DR GPT-5.4 low,59,random_criterion,release,0.5,808,0.0,0.37530974147743085,0.37530974147743085,20,1,0
DR GPT-5.4 low,59,random_criterion,release,0.84,1357,0.0,0.24722895136310574,0.24722895136310574,20,1,0
DR GPT-5.4 low,59,random_criterion,release,0.95,1534,0.0,0.09297339124676052,0.09297339124676052,20,1,0
DR GPT-5.4 low,59,disagreement_then_random,release,0.05,81,0.0,0.0,0.0,20,1,0
DR GPT-5.4 low,59,disagreement_then_random,release,0.2,323,0.0,0.0007733952049497294,0.0007733952049497294,20,1,0
DR GPT-5.4 low,59,disagreement_then_random,release,0.5,808,0.0,0.3229724549338526,0.3229724549338526,20,1,0
DR GPT-5.4 low,59,disagreement_then_random,release,0.84,1357,0.0,0.2878695521676703,0.2878695521676703,20,1,0
DR GPT-5.4 low,59,disagreement_then_random,release,0.95,1534,0.0,0.11389054292214296,0.11389054292214296,20,1,0
DR GPT-5.4 low,60,random_criterion,release,0.05,81,0.047668811214566044,0.0,-0.047668811214566044,26,0,1
DR GPT-5.4 low,60,random_criterion,release,0.2,323,0.1600991325898389,0.0,-0.1600991325898389,26,0,1
DR GPT-5.4 low,60,random_criterion,release,0.5,808,0.2501547987616099,0.0,-0.2501547987616099,26,0,1
DR GPT-5.4 low,60,random_criterion,release,0.84,1357,0.13431468459032994,0.0,-0.13431468459032994,26,0,1
DR GPT-5.4 low,60,random_criterion,release,0.95,1534,0.04766881121456605,0.0,-0.04766881121456605,26,0,1
DR GPT-5.4 low,60,disagreement_then_random,release,0.05,81,0.0,0.0,0.0,26,0,1
DR GPT-5.4 low,60,disagreement_then_random,release,0.2,323,0.0,0.0,0.0,26,0,1
DR GPT-5.4 low,60,disagreement_then_random,release,0.5,808,0.0,0.0,0.0,26,0,1
DR GPT-5.4 low,60,disagreement_then_random,release,0.84,1357,0.0,0.0,0.0,26,0,1
DR GPT-5.4 low,60,disagreement_then_random,release,0.95,1534,0.0,0.0,0.0,26,0,1
DR GPT-5.4 low,61,random_criterion,release,0.05,81,0.0,0.0,0.0,24,0,0
DR GPT-5.4 low,61,random_criterion,release,0.2,323,0.0,0.0,0.0,24,0,0
DR GPT-5.4 low,61,random_criterion,release,0.5,808,0.0,0.0,0.0,24,0,0
DR GPT-5.4 low,61,random_criterion,release,0.84,1357,0.0,0.0,0.0,24,0,0
DR GPT-5.4 low,61,random_criterion,release,0.95,1534,0.0,0.0,0.0,24,0,0
DR GPT-5.4 low,61,disagreement_then_random,release,0.05,81,0.0,0.0,0.0,24,0,0
DR GPT-5.4 low,61,disagreement_then_random,release,0.2,323,0.0,0.0,0.0,24,0,0
DR GPT-5.4 low,61,disagreement_then_random,release,0.5,808,0.0,0.0,0.0,24,0,0
DR GPT-5.4 low,61,disagreement_then_random,release,0.84,1357,0.0,0.0,0.0,24,0,0
DR GPT-5.4 low,61,disagreement_then_random,release,0.95,1534,0.0,0.0,0.0,24,0,0
DR GPT-5.4 low,62,random_criterion,release,0.05,81,0.0,0.0,0.0,30,0,0
DR GPT-5.4 low,62,random_criterion,release,0.2,323,0.0,0.0,0.0,30,0,0
DR GPT-5.4 low,62,random_criterion,release,0.5,808,0.0,0.0,0.0,30,0,0
DR GPT-5.4 low,62,random_criterion,release,0.84,1357,0.0,0.0,0.0,30,0,0
DR GPT-5.4 low,62,random_criterion,release,0.95,1534,0.0,0.0,0.0,30,0,0
DR GPT-5.4 low,62,disagreement_then_random,release,0.05,81,0.0,0.0,0.0,30,0,0
DR GPT-5.4 low,62,disagreement_then_random,release,0.2,323,0.0,0.0,0.0,30,0,0
DR GPT-5.4 low,62,disagreement_then_random,release,0.5,808,0.0,0.0,0.0,30,0,0
DR GPT-5.4 low,62,disagreement_then_random,release,0.84,1357,0.0,0.0,0.0,30,0,0
DR GPT-5.4 low,62,disagreement_then_random,release,0.95,1534,0.0,0.0,0.0,30,0,0
DR GPT-5.4 low,63,random_criterion,release,0.05,81,0.047668811214566044,0.0,-0.047668811214566044,23,0,1
DR GPT-5.4 low,63,random_criterion,release,0.2,323,0.1600991325898389,0.0,-0.1600991325898389,23,0,1
DR GPT-5.4 low,63,random_criterion,release,0.5,808,0.2501547987616099,0.0,-0.2501547987616099,23,0,1
DR GPT-5.4 low,63,random_criterion,release,0.84,1357,0.13431468459032994,0.0,-0.13431468459032994,23,0,1
DR GPT-5.4 low,63,random_criterion,release,0.95,1534,0.04766881121456605,0.0,-0.04766881121456605,23,0,1
DR GPT-5.4 low,63,disagreement_then_random,release,0.05,81,1.0,0.0,-1.0,23,0,1
DR GPT-5.4 low,63,disagreement_then_random,release,0.2,323,0.9992266047950503,0.0,-0.9992266047950503,23,0,1
DR GPT-5.4 low,63,disagreement_then_random,release,0.5,808,0.6241299303944315,0.0,-0.6241299303944315,23,0,1
DR GPT-5.4 low,63,disagreement_then_random,release,0.84,1357,0.19953596287703015,0.0,-0.19953596287703015,23,0,1
DR GPT-5.4 low,63,disagreement_then_random,release,0.95,1534,0.06264501160092807,0.0,-0.06264501160092807,23,0,1
JB GPT-5.4,0,random_criterion,release,0.05,1174,7.8052267605263035,3.569740969087198,-4.235485791439105,116,115,236
JB GPT-5.4,0,random_criterion,release,0.2,4697,22.442719640629054,15.121866738609,-7.320852902020054,116,115,236
JB GPT-5.4,0,random_criterion,release,0.5,11744,27.237349915827984,39.769653850419836,12.532303934591852,116,115,236
JB GPT-5.4,0,random_criterion,release,0.84,19729,12.417407569519465,44.68796744865264,32.270559879133174,116,115,236
JB GPT-5.4,0,random_criterion,release,0.95,22313,4.293086758842656,21.68596078726287,17.392874028420216,116,115,236
JB GPT-5.4,0,disagreement_then_random,release,0.05,1174,0.0,0.0,0.0,116,115,236
JB GPT-5.4,0,disagreement_then_random,release,0.2,4697,5.60083673346828,2.6381328068842484,-2.9627039265840316,116,115,236
JB GPT-5.4,0,disagreement_then_random,release,0.5,11744,30.100088142043028,33.94517165248185,3.845083510438819,116,115,236
JB GPT-5.4,0,disagreement_then_random,release,0.84,19729,14.42333942578534,45.579924438149746,31.156585012364406,116,115,236
JB GPT-5.4,0,disagreement_then_random,release,0.95,22313,4.93838787098543,23.058439067776945,18.120051196791515,116,115,236
JB GPT-5.4,1,random_criterion,release,0.05,1174,6.590512607711261,4.0724314438369875,-2.5180811638742737,130,127,220
JB GPT-5.4,1,random_criterion,release,0.2,4697,18.65927866963873,17.178014299855125,-1.4812643697836059,130,127,220
JB GPT-5.4,1,random_criterion,release,0.5,11744,22.53571794630896,45.11662785002831,22.58090990371935,130,127,220
JB GPT-5.4,1,random_criterion,release,0.84,19729,10.325129762750764,52.31185516160954,41.98672539885878,130,127,220
JB GPT-5.4,1,random_criterion,release,0.95,22313,3.5480933225008666,25.966727344245157,22.41863402174429,130,127,220
JB GPT-5.4,1,disagreement_then_random,release,0.05,1174,0.0,0.0,0.0,130,127,220
JB GPT-5.4,1,disagreement_then_random,release,0.2,4697,4.958398756321598,1.956483209089358,-3.0019155472322403,130,127,220
JB GPT-5.4,1,disagreement_then_random,release,0.5,11744,25.63071004898559,39.03430161162977,13.40359156264418,130,127,220
JB GPT-5.4,1,disagreement_then_random,release,0.84,19729,12.391047548250961,53.94974903301818,41.55870148476722,130,127,220
JB GPT-5.4,1,disagreement_then_random,release,0.95,22313,4.203668104080781,27.890401829911724,23.686733725830944,130,127,220
JB GPT-5.4,2,random_criterion,release,0.05,1174,7.589557192813,3.76703729636141,-3.8225198964515905,119,115,243
JB GPT-5.4,2,random_criterion,release,0.2,4697,21.2346560698424,15.869349927136806,-5.365306142705595,119,115,243
JB GPT-5.4,2,random_criterion,release,0.5,11744,24.999070735819455,41.33965257085859,16.340581835039135,119,115,243
JB GPT-5.4,2,random_criterion,release,0.84,19729,11.338277255458632,47.02288288250282,35.68460562704419,119,115,243
JB GPT-5.4,2,random_criterion,release,0.95,22313,3.9161118605381744,23.13279245897452,19.216680598436348,119,115,243
JB GPT-5.4,2,disagreement_then_random,release,0.05,1174,1.0,0.0,-1.0,119,115,243
JB GPT-5.4,2,disagreement_then_random,release,0.2,4697,6.312571701213924,1.7573366215916286,-4.555235079622296,119,115,243
JB GPT-5.4,2,disagreement_then_random,release,0.5,11744,28.445428569083944,35.009395647009896,6.563967077925952,119,115,243
JB GPT-5.4,2,disagreement_then_random,release,0.84,19729,13.440272379208576,47.79385256497979,34.35358018577121,119,115,243
JB GPT-5.4,2,disagreement_then_random,release,0.95,22313,4.554836571260483,24.524712691715308,19.969876120454824,119,115,243
JB GPT-5.4,3,random_criterion,release,0.05,1174,7.8294636526494035,3.274900408537063,-4.554563244112341,114,111,235
JB GPT-5.4,3,random_criterion,release,0.2,4697,22.499020965811578,13.999364041249539,-8.49965692456204,114,111,235
JB GPT-5.4,3,random_criterion,release,0.5,11744,27.560291791302856,37.101664001312244,9.541372210009389,114,111,235
JB GPT-5.4,3,random_criterion,release,0.84,19729,12.175478285046868,40.54424468789378,28.368766402846912,114,111,235
JB GPT-5.4,3,random_criterion,release,0.95,22313,4.081210480310133,18.910765196180563,14.82955471587043,114,111,235
JB GPT-5.4,3,disagreement_then_random,release,0.05,1174,0.0,0.0,0.0,114,111,235
JB GPT-5.4,3,disagreement_then_random,release,0.2,4697,5.334543868789249,1.5804267301990527,-3.754117138590196,114,111,235
JB GPT-5.4,3,disagreement_then_random,release,0.5,11744,28.55468500472712,32.10392190562584,3.5492369008987197,114,111,235
JB GPT-5.4,3,disagreement_then_random,release,0.84,19729,13.848604556706519,41.455369789910904,27.606765233204385,114,111,235
JB GPT-5.4,3,disagreement_then_random,release,0.95,22313,4.685264096377833,19.704955696464694,15.019691600086862,114,111,235
JB GPT-5.4,4,random_criterion,release,0.05,1174,7.26799482587951,3.7025914843451058,-3.5654033415344046,118,115,229
JB GPT-5.4,4,random_criterion,release,0.2,4697,20.7195538523691,15.467469646746073,-5.252084205623026,118,115,229
JB GPT-5.4,4,random_criterion,release,0.5,11744,25.273476131493716,40.126485197348714,14.853009065854998,118,115,229
JB GPT-5.4,4,random_criterion,release,0.84,19729,11.454169160928943,46.214350536418834,34.76018137548989,118,115,229
JB GPT-5.4,4,random_criterion,release,0.95,22313,3.9017198467484002,22.75321318616085,18.85149333941245,118,115,229
JB GPT-5.4,4,disagreement_then_random,release,0.05,1174,1.0,0.0,-1.0,118,115,229
JB GPT-5.4,4,disagreement_then_random,release,0.2,4697,6.285518035407233,1.7171731656572837,-4.56834486974995,118,115,229
JB GPT-5.4,4,disagreement_then_random,release,0.5,11744,27.606047848984886,34.1188519840597,6.512804135074816,118,115,229
JB GPT-5.4,4,disagreement_then_random,release,0.84,19729,12.957894657831357,46.75606307309628,33.798168415264925,118,115,229
JB GPT-5.4,4,disagreement_then_random,release,0.95,22313,4.384111106543267,23.93152423354283,19.547413126999565,118,115,229
JB GPT-5.4,5,random_criterion,release,0.05,1174,7.358186191960279,3.7777648556664234,-3.5804213362938553,127,125,230
JB GPT-5.4,5,random_criterion,release,0.2,4697,20.49628698545323,16.075937441592036,-4.420349543861196,127,125,230
JB GPT-5.4,5,random_criterion,release,0.5,11744,23.8075713074194,43.018084053121534,19.210512745702133,127,125,230
JB GPT-5.4,5,random_criterion,release,0.84,19729,10.269585547240899,50.98248514884816,40.71289960160726,127,125,230
JB GPT-5.4,5,random_criterion,release,0.95,22313,3.4438460894379226,25.268285098293674,21.82443900885575,127,125,230
JB GPT-5.4,5,disagreement_then_random,release,0.05,1174,1.0,0.0,-1.0,127,125,230
JB GPT-5.4,5,disagreement_then_random,release,0.2,4697,6.2289373995146855,1.8391953890668338,-4.3897420104478515,127,125,230
JB GPT-5.4,5,disagreement_then_random,release,0.5,11744,26.99636430154427,37.41966252600633,10.423298224462059,127,125,230
JB GPT-5.4,5,disagreement_then_random,release,0.84,19729,12.236497920594395,52.359128898637685,40.12263097804329,127,125,230
JB GPT-5.4,5,disagreement_then_random,release,0.95,22313,4.064458511482648,26.92584591460475,22.8613874031221,127,125,230
JB GPT-5.4,6,random_criterion,release,0.05,1174,7.628928369095969,3.5603555693775086,-4.06857279971846,121,116,243
JB GPT-5.4,6,random_criterion,release,0.2,4697,21.978438310179982,14.998031956723828,-6.980406353456154,121,116,243
JB GPT-5.4,6,random_criterion,release,0.5,11744,26.898997627317726,39.36319551870016,12.464197891382433,121,116,243
JB GPT-5.4,6,random_criterion,release,0.84,19729,12.22876131275057,44.305726663474644,32.07696535072407,121,116,243
JB GPT-5.4,6,random_criterion,release,0.95,22313,4.1807721968409846,21.022949406452057,16.842177209611073,121,116,243
JB GPT-5.4,6,disagreement_then_random,release,0.05,1174,0.0,0.0,0.0,121,116,243
JB GPT-5.4,6,disagreement_then_random,release,0.2,4697,5.419252935418368,2.6205683847157917,-2.798684550702576,121,116,243
JB GPT-5.4,6,disagreement_then_random,release,0.5,11744,29.801092395453356,34.08578136490434,4.284688969450986,121,116,243
JB GPT-5.4,6,disagreement_then_random,release,0.84,19729,14.434063331769966,45.158136755139125,30.72407342336916,121,116,243
JB GPT-5.4,6,disagreement_then_random,release,0.95,22313,4.8713756451499,22.02709205158095,17.15571640643105,121,116,243
JB GPT-5.4,7,random_criterion,release,0.05,1174,7.253885072590513,3.8948103179793194,-3.359074754611193,132,130,229
JB GPT-5.4,7,random_criterion,release,0.2,4697,20.449564631240957,16.723864122022956,-3.725700509218001,132,130,229
JB GPT-5.4,7,random_criterion,release,0.5,11744,24.333938763044532,44.99810250113157,20.664163738087037,132,130,229
JB GPT-5.4,7,random_criterion,release,0.84,19729,10.876216012216986,52.11339452810158,41.237178515884594,132,130,229
JB GPT-5.4,7,random_criterion,release,0.95,22313,3.7054823598767967,25.34000328953975,21.634520929662955,132,130,229
JB GPT-5.4,7,disagreement_then_random,release,0.05,1174,1.0,0.0,-1.0,132,130,229
JB GPT-5.4,7,disagreement_then_random,release,0.2,4697,7.231761444611616,2.8025678472486306,-4.4291935973629855,132,130,229
JB GPT-5.4,7,disagreement_then_random,release,0.5,11744,28.19110946249516,38.56411712601255,10.373007663517388,132,130,229
JB GPT-5.4,7,disagreement_then_random,release,0.84,19729,13.030681346570558,53.73510909467591,40.70442774810535,132,130,229
JB GPT-5.4,7,disagreement_then_random,release,0.95,22313,4.38928193144495,27.309027080628,22.91974514918305,132,130,229
JB GPT-5.4,8,random_criterion,release,0.05,1174,7.044494170909608,4.167140544886062,-2.8773536260235453,122,121,225
JB GPT-5.4,8,random_criterion,release,0.2,4697,19.705127330490537,17.47687801484865,-2.228249315641886,122,121,225
JB GPT-5.4,8,random_criterion,release,0.5,11744,23.20499788059601,45.13776974087279,21.93277186027678,122,121,225
JB GPT-5.4,8,random_criterion,release,0.84,19729,10.099421590234948,49.74931044372203,39.649888853487084,122,121,225
JB GPT-5.4,8,random_criterion,release,0.95,22313,3.3933611920907056,23.638734303050157,20.245373110959452,122,121,225
JB GPT-5.4,8,disagreement_then_random,release,0.05,1174,0.0,0.0,0.0,122,121,225
JB GPT-5.4,8,disagreement_then_random,release,0.2,4697,6.171824878794073,1.877706703566808,-4.294118175227265,122,121,225
JB GPT-5.4,8,disagreement_then_random,release,0.5,11744,26.37307792591666,37.371185984200906,10.998108058284245,122,121,225
JB GPT-5.4,8,disagreement_then_random,release,0.84,19729,11.838587862172982,49.77140538482264,37.93281752264966,122,121,225
JB GPT-5.4,8,disagreement_then_random,release,0.95,22313,3.9040550886852294,24.65314245542085,20.74908736673562,122,121,225
JB GPT-5.4,9,random_criterion,release,0.05,1174,7.4819986856608365,3.810286344611127,-3.6717123410497097,124,122,239
JB GPT-5.4,9,random_criterion,release,0.2,4697,21.153067405833124,15.998600940451315,-5.154466465381809,124,122,239
JB GPT-5.4,9,random_criterion,release,0.5,11744,25.04688915630712,41.83957865832636,16.79268950201924,124,122,239
JB GPT-5.4,9,random_criterion,release,0.84,19729,10.987090177427568,47.61140120229822,36.62431102487065,124,122,239
JB GPT-5.4,9,random_criterion,release,0.95,22313,3.717452536881675,22.947595568920818,19.230143032039145,124,122,239
JB GPT-5.4,9,disagreement_then_random,release,0.05,1174,1.0,0.0,-1.0,124,122,239
JB GPT-5.4,9,disagreement_then_random,release,0.2,4697,7.308388546452742,1.7390617245342495,-5.569326821918493,124,122,239
JB GPT-5.4,9,disagreement_then_random,release,0.5,11744,28.530691429638576,35.34831440340473,6.817622973766152,124,122,239
JB GPT-5.4,9,disagreement_then_random,release,0.84,19729,12.863264264707814,48.60023222652513,35.736967961817314,124,122,239
JB GPT-5.4,9,disagreement_then_random,release,0.95,22313,4.291514541059114,24.28805958926955,19.996545048210436,124,122,239
JB GPT-5.4,10,random_criterion,release,0.05,1174,7.467579183229661,3.6248138060289428,-3.8427653772007186,120,117,232
JB GPT-5.4,10,random_criterion,release,0.2,4697,21.197706129058535,15.403110121432873,-5.794596007625662,120,117,232
JB GPT-5.4,10,random_criterion,release,0.5,11744,24.912644650227627,40.69912149989167,15.78647684966404,120,117,232
JB GPT-5.4,10,random_criterion,release,0.84,19729,10.858330684726646,45.56679394115432,34.70846325642768,120,117,232
JB GPT-5.4,10,random_criterion,release,0.95,22313,3.697019445497072,21.514277780497736,17.817258335000663,120,117,232
JB GPT-5.4,10,disagreement_then_random,release,0.05,1174,1.0,0.0,-1.0,120,117,232
JB GPT-5.4,10,disagreement_then_random,release,0.2,4697,8.176476678859512,1.7187558144413835,-6.457720864418128,120,117,232
JB GPT-5.4,10,disagreement_then_random,release,0.5,11744,28.292278349430248,34.604281992397404,6.312003642967156,120,117,232
JB GPT-5.4,10,disagreement_then_random,release,0.84,19729,12.4129060990568,46.39240156193958,33.97949546288278,120,117,232
JB GPT-5.4,10,disagreement_then_random,release,0.95,22313,4.115452273478899,22.708842426225473,18.593390152746572,120,117,232
JB GPT-5.4,11,random_criterion,release,0.05,1174,7.460452947168319,3.7256731879931,-3.7347797591752188,130,127,237
JB GPT-5.4,11,random_criterion,release,0.2,4697,21.00359044859962,15.862218709703331,-5.141371738896289,130,127,237
JB GPT-5.4,11,random_criterion,release,0.5,11744,25.085905106145944,42.59071072759209,17.504805621446145,130,127,237
JB GPT-5.4,11,random_criterion,release,0.84,19729,11.444044990571811,49.73842357032471,38.2943785797529,130,127,237
JB GPT-5.4,11,random_criterion,release,0.95,22313,3.9594228252610857,24.15756031860485,20.198137493343765,130,127,237
JB GPT-5.4,11,disagreement_then_random,release,0.05,1174,0.0,0.0,0.0,130,127,237
JB GPT-5.4,11,disagreement_then_random,release,0.2,4697,6.217665593883699,1.7227414210874958,-4.494924172796203,130,127,237
JB GPT-5.4,11,disagreement_then_random,release,0.5,11744,27.938864300714762,36.304615937470345,8.365751636755583,130,127,237
JB GPT-5.4,11,disagreement_then_random,release,0.84,19729,13.455285121892805,51.57413854370221,38.118853421809405,130,127,237
JB GPT-5.4,11,disagreement_then_random,release,0.95,22313,4.630176518320283,26.055014307269545,21.42483778894926,130,127,237
JB GPT-5.4,12,random_criterion,release,0.05,1174,7.896788670980214,3.4795908215084426,-4.417197849471772,115,112,248
JB GPT-5.4,12,random_criterion,release,0.2,4697,22.505177901791743,14.864918720888978,-7.640259180902765,115,112,248
JB GPT-5.4,12,random_criterion,release,0.5,11744,27.498925826067236,39.439024139348284,11.940098313281048,115,112,248
JB GPT-5.4,12,random_criterion,release,0.84,19729,12.615636368153355,44.91970974540169,32.304073377248336,115,112,248
JB GPT-5.4,12,random_criterion,release,0.95,22313,4.322574863895011,21.971821118426732,17.64924625453172,115,112,248
JB GPT-5.4,12,disagreement_then_random,release,0.05,1174,0.0,0.0,0.0,115,112,248
JB GPT-5.4,12,disagreement_then_random,release,0.2,4697,4.619465844116175,1.659921367498979,-2.959544476617196,115,112,248
JB GPT-5.4,12,disagreement_then_random,release,0.5,11744,29.785514200849498,33.67468574179362,3.889171540944119,115,112,248
JB GPT-5.4,12,disagreement_then_random,release,0.84,19729,14.48555935799928,46.155626721539235,31.670067363539957,115,112,248
JB GPT-5.4,12,disagreement_then_random,release,0.95,22313,4.915296891679367,23.534332411461335,18.619035519781967,115,112,248
JB GPT-5.4,13,random_criterion,release,0.05,1174,7.711478927132018,3.8321190754394427,-3.879359851692575,126,122,241
JB GPT-5.4,13,random_criterion,release,0.2,4697,21.95230017684396,16.31496993129005,-5.637330245553908,126,122,241
JB GPT-5.4,13,random_criterion,release,0.5,11744,26.511521697540445,43.30355896765857,16.792037270118122,126,122,241
JB GPT-5.4,13,random_criterion,release,0.84,19729,11.662503146417507,49.524663312231745,37.86216016581424,126,122,241
JB GPT-5.4,13,random_criterion,release,0.95,22313,3.9237092155314834,23.944642400932707,20.020933185401223,126,122,241
JB GPT-5.4,13,disagreement_then_random,release,0.05,1174,1.0,0.0,-1.0,126,122,241
JB GPT-5.4,13,disagreement_then_random,release,0.2,4697,8.384733079343277,1.8582581900216717,-6.526474889321606,126,122,241
JB GPT-5.4,13,disagreement_then_random,release,0.5,11744,30.66668108706066,37.36625095162464,6.699569864563983,126,122,241
JB GPT-5.4,13,disagreement_then_random,release,0.84,19729,14.050254009372225,50.72944010335718,36.67918609398495,126,122,241
JB GPT-5.4,13,disagreement_then_random,release,0.95,22313,4.666972007297114,25.38972461378758,20.722752606490463,126,122,241
JB GPT-5.4,14,random_criterion,release,0.05,1174,7.4882595799684255,3.616844946466326,-3.8714146335020994,112,111,236
JB GPT-5.4,14,random_criterion,release,0.2,4697,22.005156616268703,15.25628501842599,-6.748871597842713,112,111,236
JB GPT-5.4,14,random_criterion,release,0.5,11744,28.028531083994167,39.677570945059415,11.649039861065248,112,111,236
JB GPT-5.4,14,random_criterion,release,0.84,19729,13.06820540769046,43.90077502375987,30.83256961606941,112,111,236
JB GPT-5.4,14,random_criterion,release,0.95,22313,4.473245941144492,20.886660691362067,16.413414750217576,112,111,236
JB GPT-5.4,14,disagreement_then_random,release,0.05,1174,0.0,0.0,0.0,112,111,236
JB GPT-5.4,14,disagreement_then_random,release,0.2,4697,4.533437116944879,2.6384878215029124,-1.8949492954419664,112,111,236
JB GPT-5.4,14,disagreement_then_random,release,0.5,11744,30.38212390925347,33.830505139382275,3.448381230128806,112,111,236
JB GPT-5.4,14,disagreement_then_random,release,0.84,19729,15.084305703795282,44.59502065670435,29.51071495290907,112,111,236
JB GPT-5.4,14,disagreement_then_random,release,0.95,22313,5.106749793397911,22.068373490615144,16.961623697217235,112,111,236
JB GPT-5.4,15,random_criterion,release,0.05,1174,7.978590854069893,3.247288945331727,-4.731301908738166,121,119,238
JB GPT-5.4,15,random_criterion,release,0.2,4697,22.912664069863748,14.158027824709102,-8.754636245154646,121,119,238
JB GPT-5.4,15,random_criterion,release,0.5,11744,27.554246526416613,38.92857580792753,11.374329281510917,121,119,238
JB GPT-5.4,15,random_criterion,release,0.84,19729,11.975494397956092,45.36024257855035,33.38474818059426,121,119,238
JB GPT-5.4,15,random_criterion,release,0.95,22313,4.021795539730218,21.850617279932806,17.82882174020259,121,119,238
JB GPT-5.4,15,disagreement_then_random,release,0.05,1174,0.0,0.0,0.0,121,119,238
JB GPT-5.4,15,disagreement_then_random,release,0.2,4697,5.56390270787737,2.563341314805946,-3.0005613930714237,121,119,238
JB GPT-5.4,15,disagreement_then_random,release,0.5,11744,29.95338503338508,33.95367116764481,4.000286134259735,121,119,238
JB GPT-5.4,15,disagreement_then_random,release,0.84,19729,13.90115410062657,46.80127291136051,32.90011881073394,121,119,238
JB GPT-5.4,15,disagreement_then_random,release,0.95,22313,4.647172594340214,23.29887349279899,18.651700898458778,121,119,238
JB GPT-5.4,16,random_criterion,release,0.05,1174,7.19924951842838,3.567487747882802,-3.631761770545578,118,115,226
JB GPT-5.4,16,random_criterion,release,0.2,4697,20.638522487525275,15.096576851643839,-5.5419456358814365,118,115,226
JB GPT-5.4,16,random_criterion,release,0.5,11744,25.36187599572942,39.73017365200368,14.368297656274258,118,115,226
JB GPT-5.4,16,random_criterion,release,0.84,19729,11.559720250336012,44.54143936330569,32.98171911296968,118,115,226
JB GPT-5.4,16,random_criterion,release,0.95,22313,3.945100275691292,21.21456082493286,17.26946054924157,118,115,226
JB GPT-5.4,16,disagreement_then_random,release,0.05,1174,1.0,0.0,-1.0,118,115,226
JB GPT-5.4,16,disagreement_then_random,release,0.2,4697,7.330915166855396,1.6584008140483373,-5.672514352807059,118,115,226
JB GPT-5.4,16,disagreement_then_random,release,0.5,11744,29.422244973630242,33.473924209659366,4.051679236029123,118,115,226
JB GPT-5.4,16,disagreement_then_random,release,0.84,19729,13.744052008366259,45.21487480546956,31.470822797103303,118,115,226
JB GPT-5.4,16,disagreement_then_random,release,0.95,22313,4.6295365263594634,22.414793231638143,17.78525670527868,118,115,226
JB GPT-5.4,17,random_criterion,release,0.05,1174,7.6348167854309255,3.65934182047775,-3.9754749649531753,112,110,250
JB GPT-5.4,17,random_criterion,release,0.2,4697,22.23082460691267,15.337616231098101,-6.893208375814568,112,110,250
JB GPT-5.4,17,random_criterion,release,0.5,11744,28.60679477085137,39.56238909180825,10.95559432095688,112,110,250
JB GPT-5.4,17,random_criterion,release,0.84,19729,14.300307209242758,44.21738120341571,29.917073994172952,112,110,250
JB GPT-5.4,17,random_criterion,release,0.95,22313,5.088674271865453,21.36354238218874,16.274868110323286,112,110,250
JB GPT-5.4,17,disagreement_then_random,release,0.05,1174,0.0,0.0,0.0,112,110,250
JB GPT-5.4,17,disagreement_then_random,release,0.2,4697,5.551681513701748,1.6972981637854574,-3.854383349916291,112,110,250
JB GPT-5.4,17,disagreement_then_random,release,0.5,11744,31.650478679218235,33.571917654197,1.9214389749787664,112,110,250
JB GPT-5.4,17,disagreement_then_random,release,0.84,19729,16.94541435569871,44.56837258061604,27.622958224917333,112,110,250
JB GPT-5.4,17,disagreement_then_random,release,0.95,22313,6.01756031540456,22.123234377847254,16.105674062442695,112,110,250
JB GPT-5.4,18,random_criterion,release,0.05,1174,7.366757233429759,3.862039054979911,-3.504718178449848,122,118,235
JB GPT-5.4,18,random_criterion,release,0.2,4697,21.00983032621411,16.195384713231697,-4.814445612982414,122,118,235
JB GPT-5.4,18,random_criterion,release,0.5,11744,25.482442789292307,42.02531509305113,16.54287230375882,122,118,235
JB GPT-5.4,18,random_criterion,release,0.84,19729,11.57539327691488,47.30718937861527,35.73179610170039,122,118,235
JB GPT-5.4,18,random_criterion,release,0.95,22313,3.9754898105173715,22.708513466726487,18.733023656209117,122,118,235
JB GPT-5.4,18,disagreement_then_random,release,0.05,1174,2.0,0.0,-2.0,122,118,235
JB GPT-5.4,18,disagreement_then_random,release,0.2,4697,9.102344088164916,1.7779677426479783,-7.324376345516938,122,118,235
JB GPT-5.4,18,disagreement_then_random,release,0.5,11744,29.05303192716902,35.52950240000007,6.47647047283105,122,118,235
JB GPT-5.4,18,disagreement_then_random,release,0.84,19729,13.38613845475415,47.93722876216765,34.5510903074135,122,118,235
JB GPT-5.4,18,disagreement_then_random,release,0.95,22313,4.543167017547934,23.93556912504924,19.392402107501308,122,118,235
JB GPT-5.4,19,random_criterion,release,0.05,1174,7.694147079520778,3.567108400555001,-4.127038678965777,117,113,240
JB GPT-5.4,19,random_criterion,release,0.2,4697,21.941763172456287,15.071666444366956,-6.870096728089331,117,113,240
JB GPT-5.4,19,random_criterion,release,0.5,11744,26.34473329125474,39.37682733464248,13.032094043387737,117,113,240
JB GPT-5.4,19,random_criterion,release,0.84,19729,11.831256646901977,43.86879834295332,32.03754169605134,117,113,240
JB GPT-5.4,19,random_criterion,release,0.95,22313,4.038448642221734,20.934699049522237,16.896250407300503,117,113,240
JB GPT-5.4,19,disagreement_then_random,release,0.05,1174,0.0,0.0,0.0,117,113,240
JB GPT-5.4,19,disagreement_then_random,release,0.2,4697,5.561084515520658,1.6194019578037067,-3.941682557716952,117,113,240
JB GPT-5.4,19,disagreement_then_random,release,0.5,11744,29.477853741834515,32.74814983961991,3.2702960977853976,117,113,240
JB GPT-5.4,19,disagreement_then_random,release,0.84,19729,13.932844284725357,44.256047549303446,30.32320326457809,117,113,240
JB GPT-5.4,19,disagreement_then_random,release,0.95,22313,4.727970164375024,22.0116409918312,17.283670827456177,117,113,240
JB GPT-5.4,20,random_criterion,release,0.05,1174,7.661574950216931,3.535346228749759,-4.126228721467172,131,124,237
JB GPT-5.4,20,random_criterion,release,0.2,4697,22.321719717395474,15.199500351087616,-7.122219366307858,131,124,237
JB GPT-5.4,20,random_criterion,release,0.5,11744,27.758435455146042,41.321869394008985,13.563433938862943,131,124,237
JB GPT-5.4,20,random_criterion,release,0.84,19729,12.702000571151164,48.510350183089315,35.808349611938155,131,124,237
JB GPT-5.4,20,random_criterion,release,0.95,22313,4.333643721507992,23.637032813967338,19.303389092459344,131,124,237
JB GPT-5.4,20,disagreement_then_random,release,0.05,1174,2.0,0.0,-2.0,131,124,237
JB GPT-5.4,20,disagreement_then_random,release,0.2,4697,8.267255909532805,1.7990690235748106,-6.468186885957994,131,124,237
JB GPT-5.4,20,disagreement_then_random,release,0.5,11744,31.45271191895744,36.55638694211705,5.10367502315961,131,124,237
JB GPT-5.4,20,disagreement_then_random,release,0.84,19729,15.223427554771586,50.046138007160536,34.82271045238895,131,124,237
JB GPT-5.4,20,disagreement_then_random,release,0.95,22313,5.156421812828181,25.032894436574836,19.876472623746654,131,124,237
JB GPT-5.4,21,random_criterion,release,0.05,1174,7.288196506241411,3.9122239349201053,-3.3759725713213053,119,117,230
JB GPT-5.4,21,random_criterion,release,0.2,4697,20.51652612470672,16.398898186026795,-4.117627938679924,119,117,230
JB GPT-5.4,21,random_criterion,release,0.5,11744,24.539021917550297,42.31174661403299,17.772724696482694,119,117,230
JB GPT-5.4,21,random_criterion,release,0.84,19729,11.287936633106945,46.13063112257696,34.84269448947001,119,117,230
JB GPT-5.4,21,random_criterion,release,0.95,22313,3.9111333377721627,21.54429231998246,17.633158982210297,119,117,230
JB GPT-5.4,21,disagreement_then_random,release,0.05,1174,1.0,0.0,-1.0,119,117,230
JB GPT-5.4,21,disagreement_then_random,release,0.2,4697,8.207478966187061,1.8371554060693491,-6.370323560117712,119,117,230
JB GPT-5.4,21,disagreement_then_random,release,0.5,11744,28.50626970341612,36.19289214337677,7.686622439960647,119,117,230
JB GPT-5.4,21,disagreement_then_random,release,0.84,19729,13.451950943729274,46.67016056170663,33.21820961797736,119,117,230
JB GPT-5.4,21,disagreement_then_random,release,0.95,22313,4.594829801968077,22.42838948445116,17.833559682483084,119,117,230
JB GPT-5.4,22,random_criterion,release,0.05,1174,7.642139371745497,3.8156220151974996,-3.8265173565479973,126,124,249
JB GPT-5.4,22,random_criterion,release,0.2,4697,21.412181649622838,16.094571088112072,-5.317610561510765,126,124,249
JB GPT-5.4,22,random_criterion,release,0.5,11744,25.204888403597703,42.40815723222471,17.203268828627007,126,124,249
JB GPT-5.4,22,random_criterion,release,0.84,19729,11.338445130544265,48.52601958698635,37.187574456442086,126,124,249
JB GPT-5.4,22,random_criterion,release,0.95,22313,3.8862228171125666,23.50245508456753,19.61623226745496,126,124,249
JB GPT-5.4,22,disagreement_then_random,release,0.05,1174,0.0,0.0,0.0,126,124,249
JB GPT-5.4,22,disagreement_then_random,release,0.2,4697,7.38548186606422,1.7990381778218,-5.5864436882424195,126,124,249
JB GPT-5.4,22,disagreement_then_random,release,0.5,11744,29.401356135919627,36.38161302025203,6.980256884332405,126,124,249
JB GPT-5.4,22,disagreement_then_random,release,0.84,19729,13.692776733207303,49.697674509391724,36.00489777618442,126,124,249
JB GPT-5.4,22,disagreement_then_random,release,0.95,22313,4.624909483787274,25.016714089536947,20.391804605749673,126,124,249
JB GPT-5.4,23,random_criterion,release,0.05,1174,7.88235193132319,3.415298798200468,-4.467053133122722,121,116,251
JB GPT-5.4,23,random_criterion,release,0.2,4697,22.639464655449657,14.477086342910093,-8.162378312539564,121,116,251
JB GPT-5.4,23,random_criterion,release,0.5,11744,27.841406550386242,38.45415203602458,10.612745485638339,121,116,251
JB GPT-5.4,23,random_criterion,release,0.84,19729,12.96302848059551,43.67865159533227,30.715623114736758,121,116,251
JB GPT-5.4,23,random_criterion,release,0.95,22313,4.488080788683446,20.675218465756288,16.18713767707284,121,116,251
JB GPT-5.4,23,disagreement_then_random,release,0.05,1174,0.0,0.0,0.0,121,116,251
JB GPT-5.4,23,disagreement_then_random,release,0.2,4697,6.620271059103445,1.6404581581297812,-4.979812900973664,121,116,251
JB GPT-5.4,23,disagreement_then_random,release,0.5,11744,31.157517644181812,33.57545574759288,2.417938103411071,121,116,251
JB GPT-5.4,23,disagreement_then_random,release,0.84,19729,14.781613895767794,44.93527942856086,30.153665532793067,121,116,251
JB GPT-5.4,23,disagreement_then_random,release,0.95,22313,5.022169433604455,21.756223226279488,16.734053792675034,121,116,251
JB GPT-5.4,24,random_criterion,release,0.05,1174,7.7141003540117765,3.6600697649493954,-4.054030589062381,115,113,241
JB GPT-5.4,24,random_criterion,release,0.2,4697,22.272635602628043,15.379805592108642,-6.8928300105194005,115,113,241
JB GPT-5.4,24,random_criterion,release,0.5,11744,27.3663200420356,40.02148145598765,12.655161413952047,115,113,241
JB GPT-5.4,24,random_criterion,release,0.84,19729,12.172255651516886,44.911409392827345,32.73915374131046,115,113,241
JB GPT-5.4,24,random_criterion,release,0.95,22313,4.109567130706905,21.656004585928358,17.54643745522145,115,113,241
JB GPT-5.4,24,disagreement_then_random,release,0.05,1174,1.0,0.0,-1.0,115,113,241
JB GPT-5.4,24,disagreement_then_random,release,0.2,4697,7.485019292736953,1.6782277154694902,-5.806791577267463,115,113,241
JB GPT-5.4,24,disagreement_then_random,release,0.5,11744,31.18565235957786,33.55864382882328,2.37299146924542,115,113,241
JB GPT-5.4,24,disagreement_then_random,release,0.84,19729,14.465917764065898,44.995835900827466,30.529918136761566,115,113,241
JB GPT-5.4,24,disagreement_then_random,release,0.95,22313,4.7953278839254985,22.537305165718962,17.741977281793464,115,113,241
JB GPT-5.4,25,random_criterion,release,0.05,1174,6.941924807960992,3.869757198196921,-3.0721676097640707,125,123,221
JB GPT-5.4,25,random_criterion,release,0.2,4697,19.871804086857797,16.324662986709765,-3.547141100148032,125,123,221
JB GPT-5.4,25,random_criterion,release,0.5,11744,23.881801135051816,42.67749343092181,18.79569229586999,125,123,221
JB GPT-5.4,25,random_criterion,release,0.84,19729,10.60818262677469,47.65448058458009,37.0462979578054,125,123,221
JB GPT-5.4,25,random_criterion,release,0.95,22313,3.609093150957302,22.656330491382576,19.047237340425273,125,123,221
JB GPT-5.4,25,disagreement_then_random,release,0.05,1174,0.0,0.0,0.0,125,123,221
JB GPT-5.4,25,disagreement_then_random,release,0.2,4697,6.069342643823772,1.7604646929421524,-4.3088779508816195,125,123,221
JB GPT-5.4,25,disagreement_then_random,release,0.5,11744,26.531695268808946,35.963164334346146,9.4314690655372,125,123,221
JB GPT-5.4,25,disagreement_then_random,release,0.84,19729,12.222701614979053,48.621244517129306,36.398542902150254,125,123,221
JB GPT-5.4,25,disagreement_then_random,release,0.95,22313,4.101165262946218,24.006946007662734,19.905780744716516,125,123,221
JB GPT-5.4,26,random_criterion,release,0.05,1174,7.516224213379247,3.667315033972046,-3.848909179407201,115,114,245
JB GPT-5.4,26,random_criterion,release,0.2,4697,21.540935014497858,15.484118516709847,-6.056816497788011,115,114,245
JB GPT-5.4,26,random_criterion,release,0.5,11744,26.533283250509996,40.48121098350327,13.947927732993271,115,114,245
JB GPT-5.4,26,random_criterion,release,0.84,19729,12.355628219491894,45.79799904271855,33.44237082322665,115,114,245
JB GPT-5.4,26,random_criterion,release,0.95,22313,4.2609767152782885,22.466819860375267,18.205843145096978,115,114,245
JB GPT-5.4,26,disagreement_then_random,release,0.05,1174,0.0,0.0,0.0,115,114,245
JB GPT-5.4,26,disagreement_then_random,release,0.2,4697,7.448063527907052,1.7382348636320786,-5.709828664274973,115,114,245
JB GPT-5.4,26,disagreement_then_random,release,0.5,11744,30.715946418187514,34.73920511439504,4.023258696207527,115,114,245
JB GPT-5.4,26,disagreement_then_random,release,0.84,19729,14.565189267815969,46.32047609363682,31.755286825820853,115,114,245
JB GPT-5.4,26,disagreement_then_random,release,0.95,22313,4.922818999212589,23.46442769601356,18.54160869680097,115,114,245
JB GPT-5.4,27,random_criterion,release,0.05,1174,7.672558881643204,3.4846195230776282,-4.1879393585655755,116,116,242
JB GPT-5.4,27,random_criterion,release,0.2,4697,21.538245790132674,14.952864883647202,-6.585380906485472,116,116,242
JB GPT-5.4,27,random_criterion,release,0.5,11744,26.097436123153155,40.13950176543914,14.042065642285987,116,116,242
JB GPT-5.4,27,random_criterion,release,0.84,19729,12.33625308763071,46.107339626301496,33.77108653867079,116,116,242
JB GPT-5.4,27,random_criterion,release,0.95,22313,4.291586848033038,22.262186758826473,17.970599910793435,116,116,242
JB GPT-5.4,27,disagreement_then_random,release,0.05,1174,1.0,0.0,-1.0,116,116,242
JB GPT-5.4,27,disagreement_then_random,release,0.2,4697,7.340203262627485,1.620993789428217,-5.7192094731992675,116,116,242
JB GPT-5.4,27,disagreement_then_random,release,0.5,11744,29.095985958534786,33.49007028023012,4.394084321695335,116,116,242
JB GPT-5.4,27,disagreement_then_random,release,0.84,19729,14.323799529439698,46.70830039005025,32.38450086061055,116,116,242
JB GPT-5.4,27,disagreement_then_random,release,0.95,22313,4.936893713073589,23.528010793402956,18.59111708032937,116,116,242
JB GPT-5.4,28,random_criterion,release,0.05,1174,7.406152466661364,3.4223772336032887,-3.9837752330580756,112,110,231
JB GPT-5.4,28,random_criterion,release,0.2,4697,21.373921323530393,14.56350534810051,-6.810415975429883,112,110,231
JB GPT-5.4,28,random_criterion,release,0.5,11744,26.225651632183943,38.49781201626594,12.272160384081996,112,110,231
JB GPT-5.4,28,random_criterion,release,0.84,19729,11.91444806998242,43.3734078824399,31.45895981245748,112,110,231
JB GPT-5.4,28,random_criterion,release,0.95,22313,4.079379656355238,20.85838060752387,16.779000951168634,112,110,231
JB GPT-5.4,28,disagreement_then_random,release,0.05,1174,0.0,0.0,0.0,112,110,231
JB GPT-5.4,28,disagreement_then_random,release,0.2,4697,6.356778907116039,1.6591340566709727,-4.697644850445067,112,110,231
JB GPT-5.4,28,disagreement_then_random,release,0.5,11744,29.603795714191538,33.396921662973924,3.793125948782386,112,110,231
JB GPT-5.4,28,disagreement_then_random,release,0.84,19729,14.172260473214143,44.60949038105078,30.437229907836638,112,110,231
JB GPT-5.4,28,disagreement_then_random,release,0.95,22313,4.79804772166668,22.225857798506482,17.4278100768398,112,110,231
JB GPT-5.4,29,random_criterion,release,0.05,1174,7.319729288131938,3.980192739917297,-3.3395365482146406,132,130,227
JB GPT-5.4,29,random_criterion,release,0.2,4697,20.807200219291193,16.911408271223998,-3.8957919480671954,132,130,227
JB GPT-5.4,29,random_criterion,release,0.5,11744,24.53874960941269,44.940391636790395,20.401642027377704,132,130,227
JB GPT-5.4,29,random_criterion,release,0.84,19729,10.57935771616169,51.7258441087365,41.146486392574815,132,130,227
JB GPT-5.4,29,random_criterion,release,0.95,22313,3.5716416662573187,25.198717776356304,21.627076110098987,132,130,227
JB GPT-5.4,29,disagreement_then_random,release,0.05,1174,0.0,0.0,0.0,132,130,227
JB GPT-5.4,29,disagreement_then_random,release,0.2,4697,4.430575475586979,2.859083972642064,-1.571491502944915,132,130,227
JB GPT-5.4,29,disagreement_then_random,release,0.5,11744,27.510084474835374,38.820176017472626,11.310091542637252,132,130,227
JB GPT-5.4,29,disagreement_then_random,release,0.84,19729,12.25451788779577,53.06087748188702,40.80635959409125,132,130,227
JB GPT-5.4,29,disagreement_then_random,release,0.95,22313,4.060119587506581,26.873710911920412,22.81359132441383,132,130,227
JB GPT-5.4,30,random_criterion,release,0.05,1174,7.555285727685221,3.729657986512502,-3.825627741172719,125,122,235
JB GPT-5.4,30,random_criterion,release,0.2,4697,21.245767228445125,15.8760105580694,-5.369756670375725,125,122,235
JB GPT-5.4,30,random_criterion,release,0.5,11744,24.897880939502606,42.0722250227046,17.174344083201994,125,122,235
JB GPT-5.4,30,random_criterion,release,0.84,19729,10.694002003980554,47.6820738198967,36.98807181591614,125,122,235
JB GPT-5.4,30,random_criterion,release,0.95,22313,3.586961520177659,22.894569946491316,19.307608426313656,125,122,235
JB GPT-5.4,30,disagreement_then_random,release,0.05,1174,0.0,0.0,0.0,125,122,235
JB GPT-5.4,30,disagreement_then_random,release,0.2,4697,7.416292251108107,2.7398187589923517,-4.676473492115756,125,122,235
JB GPT-5.4,30,disagreement_then_random,release,0.5,11744,28.714198959974528,36.42665075593585,7.712451795961325,125,122,235
JB GPT-5.4,30,disagreement_then_random,release,0.84,19729,12.656558996002689,49.078428075643885,36.4218690796412,125,122,235
JB GPT-5.4,30,disagreement_then_random,release,0.95,22313,4.187705299824715,24.387900342600503,20.20019504277579,125,122,235
JB GPT-5.4,31,random_criterion,release,0.05,1174,7.7617084409828845,3.7277791399109805,-4.033929301071904,124,123,246
JB GPT-5.4,31,random_criterion,release,0.2,4697,22.12366371902746,15.875333181281801,-6.248330537745657,124,123,246
JB GPT-5.4,31,random_criterion,release,0.5,11744,26.975785009029664,42.457836282209506,15.482051273179842,124,123,246
JB GPT-5.4,31,random_criterion,release,0.84,19729,12.185514674629815,49.379676383676156,37.19416170904634,124,123,246
JB GPT-5.4,31,random_criterion,release,0.95,22313,4.144565883515407,23.985123220677124,19.84055733716172,124,123,246
JB GPT-5.4,31,disagreement_then_random,release,0.05,1174,1.0,0.0,-1.0,124,123,246
JB GPT-5.4,31,disagreement_then_random,release,0.2,4697,7.317100009853458,1.7593301956447018,-5.557769814208757,124,123,246
JB GPT-5.4,31,disagreement_then_random,release,0.5,11744,30.071687983362665,35.95854024631345,5.886852262950782,124,123,246
JB GPT-5.4,31,disagreement_then_random,release,0.84,19729,14.270551109121659,50.546430339578805,36.27587923045715,124,123,246
JB GPT-5.4,31,disagreement_then_random,release,0.95,22313,4.808954940235808,25.634552371154157,20.82559743091835,124,123,246
JB GPT-5.4,32,random_criterion,release,0.05,1174,7.715692673848765,3.614491989902539,-4.101200683946226,115,113,240
JB GPT-5.4,32,random_criterion,release,0.2,4697,22.350862553896278,15.22940294917827,-7.121459604718007,115,113,240
JB GPT-5.4,32,random_criterion,release,0.5,11744,28.02324467491576,39.76890164298425,11.745656968068488,115,113,240
JB GPT-5.4,32,random_criterion,release,0.84,19729,12.96155063847058,45.303181130447435,32.34163049197686,115,113,240
JB GPT-5.4,32,random_criterion,release,0.95,22313,4.4283595915250675,22.008697764213736,17.58033817268867,115,113,240
JB GPT-5.4,32,disagreement_then_random,release,0.05,1174,1.0,0.0,-1.0,115,113,240
JB GPT-5.4,32,disagreement_then_random,release,0.2,4697,7.321272234309442,1.6194262221717852,-5.701846012137656,115,113,240
JB GPT-5.4,32,disagreement_then_random,release,0.5,11744,30.837463982937955,32.98565117086442,2.1481871879264673,115,113,240
JB GPT-5.4,32,disagreement_then_random,release,0.84,19729,15.215269336493922,45.697168927288054,30.481899590794132,115,113,240
JB GPT-5.4,32,disagreement_then_random,release,0.95,22313,5.19589569514729,23.12206649452159,17.9261707993743,115,113,240
JB GPT-5.4,33,random_criterion,release,0.05,1174,7.050987409277425,4.226845026896091,-2.8241423823813347,128,127,232
JB GPT-5.4,33,random_criterion,release,0.2,4697,20.062271966226106,17.81730520640025,-2.244966759825857,128,127,232
JB GPT-5.4,33,random_criterion,release,0.5,11744,24.229725001160606,46.31806015748937,22.088335156328764,128,127,232
JB GPT-5.4,33,random_criterion,release,0.84,19729,10.931201294622067,51.702261688112266,40.7710603934902,128,127,232
JB GPT-5.4,33,random_criterion,release,0.95,22313,3.742225654936368,24.817738387945653,21.075512733009283,128,127,232
JB GPT-5.4,33,disagreement_then_random,release,0.05,1174,0.0,0.0,0.0,128,127,232
JB GPT-5.4,33,disagreement_then_random,release,0.2,4697,6.2652755171890036,1.9170909868055743,-4.3481845303834294,128,127,232
JB GPT-5.4,33,disagreement_then_random,release,0.5,11744,27.272535663877782,38.17865510602218,10.906119442144394,128,127,232
JB GPT-5.4,33,disagreement_then_random,release,0.84,19729,12.731259060717155,51.87265140042877,39.141392339711615,128,127,232
JB GPT-5.4,33,disagreement_then_random,release,0.95,22313,4.314781208112486,26.16971373401151,21.854932525899024,128,127,232
JB GPT-5.4,34,random_criterion,release,0.05,1174,7.490778605817137,3.921991159328086,-3.5687874464890506,122,119,238
JB GPT-5.4,34,random_criterion,release,0.2,4697,21.655166839708684,16.55020590265582,-5.104960937052866,122,119,238
JB GPT-5.4,34,random_criterion,release,0.5,11744,26.92663099066232,43.315356885997915,16.388725895335593,122,119,238
JB GPT-5.4,34,random_criterion,release,0.84,19729,12.452897566901495,49.445564496462815,36.992666929561324,122,119,238
JB GPT-5.4,34,random_criterion,release,0.95,22313,4.272485316688094,24.22425035494794,19.951765038259847,122,119,238
JB GPT-5.4,34,disagreement_then_random,release,0.05,1174,0.0,0.0,0.0,122,119,238
JB GPT-5.4,34,disagreement_then_random,release,0.2,4697,5.380413534782608,2.875783995035724,-2.5046295397468845,122,119,238
JB GPT-5.4,34,disagreement_then_random,release,0.5,11744,29.46921564020207,38.014997464334044,8.545781824131975,122,119,238
JB GPT-5.4,34,disagreement_then_random,release,0.84,19729,14.310374820143213,51.020431462377985,36.710056642234775,122,119,238
JB GPT-5.4,34,disagreement_then_random,release,0.95,22313,4.854748711016356,25.949900349755552,21.095151638739196,122,119,238
JB GPT-5.4,35,random_criterion,release,0.05,1174,7.110020681665236,3.879638747382186,-3.23038193428305,132,128,233
JB GPT-5.4,35,random_criterion,release,0.2,4697,20.37231070029672,16.4829516514189,-3.889359048877818,132,128,233
JB GPT-5.4,35,random_criterion,release,0.5,11744,25.043516207936882,43.85091228185502,18.807396073918135,132,128,233
JB GPT-5.4,35,random_criterion,release,0.84,19729,11.359525344029608,51.10134632147185,39.741820977442245,132,128,233
JB GPT-5.4,35,random_criterion,release,0.95,22313,3.8590179941499527,24.991422789500888,21.132404795350936,132,128,233
JB GPT-5.4,35,disagreement_then_random,release,0.05,1174,1.0,0.0,-1.0,132,128,233
JB GPT-5.4,35,disagreement_then_random,release,0.2,4697,8.10490478158194,1.8594934833334331,-6.245411298248507,132,128,233
JB GPT-5.4,35,disagreement_then_random,release,0.5,11744,29.141157858528643,38.04961421227439,8.908456353745748,132,128,233
JB GPT-5.4,35,disagreement_then_random,release,0.84,19729,13.814362278335482,52.73024351073124,38.91588123239576,132,128,233
JB GPT-5.4,35,disagreement_then_random,release,0.95,22313,4.641834597804734,26.60576942546389,21.963934827659156,132,128,233
JB GPT-5.4,36,random_criterion,release,0.05,1174,7.354342405278038,4.17940518569837,-3.174937219579668,132,130,237
JB GPT-5.4,36,random_criterion,release,0.2,4697,20.8546498461033,17.669111223751102,-3.1855386223521975,132,130,237
JB GPT-5.4,36,random_criterion,release,0.5,11744,25.255131007106737,46.45395905467167,21.198828047564934,132,130,237
JB GPT-5.4,36,random_criterion,release,0.84,19729,11.726607098423402,53.24207287432031,41.51546577589691,132,130,237
JB GPT-5.4,36,random_criterion,release,0.95,22313,4.059664363413386,25.973597425659378,21.91393306224599,132,130,237
JB GPT-5.4,36,disagreement_then_random,release,0.05,1174,0.0,0.0,0.0,132,130,237
JB GPT-5.4,36,disagreement_then_random,release,0.2,4697,5.353047927213088,2.956089264770943,-2.396958662442145,132,130,237
JB GPT-5.4,36,disagreement_then_random,release,0.5,11744,28.288453377617756,39.904091748023646,11.61563837040589,132,130,237
JB GPT-5.4,36,disagreement_then_random,release,0.84,19729,13.686879475548587,54.337749377226416,40.65086990167783,132,130,237
JB GPT-5.4,36,disagreement_then_random,release,0.95,22313,4.664724629947957,27.669087573128436,23.00436294318048,132,130,237
JB GPT-5.4,37,random_criterion,release,0.05,1174,7.49322757933634,3.922121956643158,-3.5711056226931817,127,124,233
JB GPT-5.4,37,random_criterion,release,0.2,4697,20.913038719500896,16.55978272889805,-4.353255990602847,127,124,233
JB GPT-5.4,37,random_criterion,release,0.5,11744,24.31056921764003,43.47488556109793,19.164316343457898,127,124,233
JB GPT-5.4,37,random_criterion,release,0.84,19729,10.487351114698386,48.83042517372078,38.3430740590224,127,124,233
JB GPT-5.4,37,random_criterion,release,0.95,22313,3.530607951146482,23.01317108878348,19.482563137636998,127,124,233
JB GPT-5.4,37,disagreement_then_random,release,0.05,1174,0.0,0.0,0.0,127,124,233
JB GPT-5.4,37,disagreement_then_random,release,0.2,4697,5.384097416625015,1.7012685055660879,-3.682828911058927,127,124,233
JB GPT-5.4,37,disagreement_then_random,release,0.5,11744,27.375194728335643,35.207106893573766,7.831912165238123,127,124,233
JB GPT-5.4,37,disagreement_then_random,release,0.84,19729,12.382684616720638,48.68803306434624,36.305348447625605,127,124,233
JB GPT-5.4,37,disagreement_then_random,release,0.95,22313,4.118959753852438,23.933397215220793,19.814437461368357,127,124,233
JB GPT-5.4,38,random_criterion,release,0.05,1174,7.477315562147637,3.680537844023457,-3.7967777181241797,131,126,232
JB GPT-5.4,38,random_criterion,release,0.2,4697,21.23842303297876,15.729421667794401,-5.509001365184357,131,126,232
JB GPT-5.4,38,random_criterion,release,0.5,11744,25.84868479158112,42.28024595135611,16.431561159774986,131,126,232
JB GPT-5.4,38,random_criterion,release,0.84,19729,11.64010943348274,48.59881309344096,36.95870365995822,131,126,232
JB GPT-5.4,38,random_criterion,release,0.95,22313,3.95428931176087,23.313541943274814,19.359252631513943,131,126,232
JB GPT-5.4,38,disagreement_then_random,release,0.05,1174,0.0,0.0,0.0,131,126,232
JB GPT-5.4,38,disagreement_then_random,release,0.2,4697,5.442794454900692,1.7223160135886058,-3.7204784413120864,131,126,232
JB GPT-5.4,38,disagreement_then_random,release,0.5,11744,28.66223446893994,35.902692591313894,7.240458122373955,131,126,232
JB GPT-5.4,38,disagreement_then_random,release,0.84,19729,13.507977077462778,49.438792506234506,35.93081542877173,131,126,232
JB GPT-5.4,38,disagreement_then_random,release,0.95,22313,4.527104794176159,24.49316818370926,19.966063389533097,131,126,232
JB GPT-5.4,39,random_criterion,release,0.05,1174,6.99446449231022,3.8823269473568245,-3.1121375449533955,131,126,216
JB GPT-5.4,39,random_criterion,release,0.2,4697,20.117753619993398,16.52295693270667,-3.5947966872867276,131,126,216
JB GPT-5.4,39,random_criterion,release,0.5,11744,24.5616668259294,43.65804717249032,19.09638034656092,131,126,216
JB GPT-5.4,39,random_criterion,release,0.84,19729,11.068070235049305,48.53873578303349,37.47066554798418,131,126,216
JB GPT-5.4,39,random_criterion,release,0.95,22313,3.7614926038770076,22.976971657103547,19.215479053226538,131,126,216
JB GPT-5.4,39,disagreement_then_random,release,0.05,1174,1.0,0.0,-1.0,131,126,216
JB GPT-5.4,39,disagreement_then_random,release,0.2,4697,7.21962771966536,1.85864342698963,-5.36098429267573,131,126,216
JB GPT-5.4,39,disagreement_then_random,release,0.5,11744,28.774283287190382,37.32264437895748,8.548361091767095,131,126,216
JB GPT-5.4,39,disagreement_then_random,release,0.84,19729,13.533967391530027,49.305209189818136,35.77124179828811,131,126,216
JB GPT-5.4,39,disagreement_then_random,release,0.95,22313,4.56769452757988,24.182383978644182,19.6146894510643,131,126,216
JB GPT-5.4,40,random_criterion,release,0.05,1174,7.34221138956608,4.050460463074024,-3.291750926492056,118,118,236
JB GPT-5.4,40,random_criterion,release,0.2,4697,20.729634981623793,16.849155577680165,-3.880479403943628,118,118,236
JB GPT-5.4,40,random_criterion,release,0.5,11744,24.754348082014822,43.27819685433186,18.523848772317038,118,118,236
JB GPT-5.4,40,random_criterion,release,0.84,19729,11.365669693981152,48.001772280332794,36.63610258635164,118,118,236
JB GPT-5.4,40,random_criterion,release,0.95,22313,3.950178684762042,22.980135099431067,19.029956414669023,118,118,236
JB GPT-5.4,40,disagreement_then_random,release,0.05,1174,0.0,0.0,0.0,118,118,236
JB GPT-5.4,40,disagreement_then_random,release,0.2,4697,6.290906779081993,1.7779909469662762,-4.512915832115717,118,118,236
JB GPT-5.4,40,disagreement_then_random,release,0.5,11744,27.986447550845956,35.6546891222356,7.668241571389647,118,118,236
JB GPT-5.4,40,disagreement_then_random,release,0.84,19729,13.256809924018201,48.31933082194456,35.06252089792636,118,118,236
JB GPT-5.4,40,disagreement_then_random,release,0.95,22313,4.531181774629742,24.24518170699777,19.713999932368026,118,118,236
JB GPT-5.4,41,random_criterion,release,0.05,1174,7.127148946980234,3.8727548102746665,-3.2543941367055673,131,128,225
JB GPT-5.4,41,random_criterion,release,0.2,4697,20.132295441046207,16.39943898972143,-3.7328564513247784,131,128,225
JB GPT-5.4,41,random_criterion,release,0.5,11744,23.837587297175084,43.64940604010162,19.811818742926533,131,128,225
JB GPT-5.4,41,random_criterion,release,0.84,19729,10.345296841198056,51.16970568849381,40.82440884729576,131,128,225
JB GPT-5.4,41,random_criterion,release,0.95,22313,3.455973885596142,24.975860316401594,21.519886430805453,131,128,225
JB GPT-5.4,41,disagreement_then_random,release,0.05,1174,1.0,0.0,-1.0,131,128,225
JB GPT-5.4,41,disagreement_then_random,release,0.2,4697,7.230362218751444,1.9171222991625962,-5.313239919588848,131,128,225
JB GPT-5.4,41,disagreement_then_random,release,0.5,11744,27.45302107844527,38.41902354236053,10.966002463915256,131,128,225
JB GPT-5.4,41,disagreement_then_random,release,0.84,19729,12.068922071036638,52.624567568871186,40.55564549783455,131,128,225
JB GPT-5.4,41,disagreement_then_random,release,0.95,22313,3.9686934638326186,26.38876094332163,22.42006747948901,131,128,225
JB GPT-5.4,42,random_criterion,release,0.05,1174,7.524747874330971,3.7193116308727796,-3.805436243458191,120,115,245
JB GPT-5.4,42,random_criterion,release,0.2,4697,21.285978561995076,15.696238023691421,-5.589740538303655,120,115,245
JB GPT-5.4,42,random_criterion,release,0.5,11744,25.584046487958897,40.930840207233835,15.346793719274938,120,115,245
JB GPT-5.4,42,random_criterion,release,0.84,19729,11.603489799734977,46.33319009362223,34.72970029388725,120,115,245
JB GPT-5.4,42,random_criterion,release,0.95,22313,3.979665461629579,22.648960536313282,18.669295074683703,120,115,245
JB GPT-5.4,42,disagreement_then_random,release,0.05,1174,0.0,0.0,0.0,120,115,245
JB GPT-5.4,42,disagreement_then_random,release,0.2,4697,6.3660034503125145,2.7374553691030736,-3.628548081209441,120,115,245
JB GPT-5.4,42,disagreement_then_random,release,0.5,11744,28.884217314652673,35.59527421675954,6.7110569021068684,120,115,245
JB GPT-5.4,42,disagreement_then_random,release,0.84,19729,13.775962085988215,47.6247310070866,33.84876892109838,120,115,245
JB GPT-5.4,42,disagreement_then_random,release,0.95,22313,4.672939198618659,24.175277804023693,19.502338605405036,120,115,245
JB GPT-5.4,43,random_criterion,release,0.05,1174,7.377213612862717,3.9828262378374513,-3.394387375025266,132,131,239
JB GPT-5.4,43,random_criterion,release,0.2,4697,21.294953699699644,16.962583241234658,-4.332370458464986,132,131,239
JB GPT-5.4,43,random_criterion,release,0.5,11744,26.88834210347173,45.43706914670918,18.54872704323745,132,131,239
JB GPT-5.4,43,random_criterion,release,0.84,19729,12.768296979880455,53.45305298025954,40.68475600037909,132,131,239
JB GPT-5.4,43,random_criterion,release,0.95,22313,4.435267723192435,26.389029794545195,21.95376207135276,132,131,239
JB GPT-5.4,43,disagreement_then_random,release,0.05,1174,1.0,0.0,-1.0,132,131,239
JB GPT-5.4,43,disagreement_then_random,release,0.2,4697,9.228541519017488,1.9378068620577735,-7.290734656959715,132,131,239
JB GPT-5.4,43,disagreement_then_random,release,0.5,11744,30.615929271580683,39.18858644810835,8.57265717652767,132,131,239
JB GPT-5.4,43,disagreement_then_random,release,0.84,19729,14.996564459019558,54.85376234241518,39.85719788339562,132,131,239
JB GPT-5.4,43,disagreement_then_random,release,0.95,22313,5.166230538542056,28.20535699439776,23.039126455855705,132,131,239
JB GPT-5.4,44,random_criterion,release,0.05,1174,7.7350502529985,3.22494637396624,-4.510103879032259,112,108,233
JB GPT-5.4,44,random_criterion,release,0.2,4697,22.273091900685007,13.807397315943529,-8.465694584741478,112,108,233
JB GPT-5.4,44,random_criterion,release,0.5,11744,27.829259319582825,36.918765764302506,9.089506444719682,112,108,233
JB GPT-5.4,44,random_criterion,release,0.84,19729,12.951288531857658,41.570884902223,28.619596370365343,112,108,233
JB GPT-5.4,44,random_criterion,release,0.95,22313,4.456325849275496,19.603824405826074,15.147498556550579,112,108,233
JB GPT-5.4,44,disagreement_then_random,release,0.05,1174,0.0,0.0,0.0,112,108,233
JB GPT-5.4,44,disagreement_then_random,release,0.2,4697,5.290072584734592,1.5216017290455754,-3.7684708556890163,112,108,233
JB GPT-5.4,44,disagreement_then_random,release,0.5,11744,29.95556531454526,31.39751118879159,1.4419458742463291,112,108,233
JB GPT-5.4,44,disagreement_then_random,release,0.84,19729,15.19386306937444,42.38985422292728,27.195991153552843,112,108,233
JB GPT-5.4,44,disagreement_then_random,release,0.95,22313,5.195379315947087,20.656311419629816,15.46093210368273,112,108,233
JB GPT-5.4,45,random_criterion,release,0.05,1174,7.863901917484184,3.4646050616256647,-4.39929685585852,108,104,245
JB GPT-5.4,45,random_criterion,release,0.2,4697,22.14299541927428,14.62277622966822,-7.520219189606058,108,104,245
JB GPT-5.4,45,random_criterion,release,0.5,11744,26.55023858405359,37.83190754054537,11.281668956491782,108,104,245
JB GPT-5.4,45,random_criterion,release,0.84,19729,12.189540096701343,40.828193019851575,28.638652923150232,108,104,245
JB GPT-5.4,45,random_criterion,release,0.95,22313,4.207460216336808,19.314019284383264,15.106559068046455,108,104,245
JB GPT-5.4,45,disagreement_then_random,release,0.05,1174,1.0,0.0,-1.0,108,104,245
JB GPT-5.4,45,disagreement_then_random,release,0.2,4697,7.405975175744508,1.5788659160556837,-5.827109259688823,108,104,245
JB GPT-5.4,45,disagreement_then_random,release,0.5,11744,30.289679835031762,31.611578340336738,1.3218985053049757,108,104,245
JB GPT-5.4,45,disagreement_then_random,release,0.84,19729,14.563158412881364,41.481037115830034,26.91787870294867,108,104,245
JB GPT-5.4,45,disagreement_then_random,release,0.95,22313,4.960234238825707,20.445929335272723,15.485695096447017,108,104,245
JB GPT-5.4,46,random_criterion,release,0.05,1174,7.870637203603961,3.233164403412772,-4.637472800191189,119,116,238
JB GPT-5.4,46,random_criterion,release,0.2,4697,22.591856032688383,13.97021095587403,-8.621645076814353,119,116,238
JB GPT-5.4,46,random_criterion,release,0.5,11744,27.623155564177573,38.20376151472473,10.58060595054716,119,116,238
JB GPT-5.4,46,random_criterion,release,0.84,19729,12.146767839074204,45.02760180046531,32.880833961391104,119,116,238
JB GPT-5.4,46,random_criterion,release,0.95,22313,4.0486212110324695,21.961460925587858,17.91283971455539,119,116,238
JB GPT-5.4,46,disagreement_then_random,release,0.05,1174,0.0,0.0,0.0,119,116,238
JB GPT-5.4,46,disagreement_then_random,release,0.2,4697,6.632673317017303,1.5041374886631182,-5.128535828354185,119,116,238
JB GPT-5.4,46,disagreement_then_random,release,0.5,11744,31.013772150399955,32.14073235782718,1.1269602074272278,119,116,238
JB GPT-5.4,46,disagreement_then_random,release,0.84,19729,14.254675124803027,45.95328545739818,31.698610332595152,119,116,238
JB GPT-5.4,46,disagreement_then_random,release,0.95,22313,4.6957609292571165,23.278447779162732,18.582686849905617,119,116,238
JB GPT-5.4,47,random_criterion,release,0.05,1174,7.29697015411208,3.740023285575812,-3.556946868536268,132,128,229
JB GPT-5.4,47,random_criterion,release,0.2,4697,20.352153618806817,16.060853319130157,-4.29130029967666,132,128,229
JB GPT-5.4,47,random_criterion,release,0.5,11744,24.27901238569389,43.41416447661704,19.13515209092315,132,128,229
JB GPT-5.4,47,random_criterion,release,0.84,19729,11.117203003770529,50.28173196821233,39.1645289644418,132,128,229
JB GPT-5.4,47,random_criterion,release,0.95,22313,3.8293184662791577,24.167972046731464,20.338653580452306,132,128,229
JB GPT-5.4,47,disagreement_then_random,release,0.05,1174,0.0,0.0,0.0,132,128,229
JB GPT-5.4,47,disagreement_then_random,release,0.2,4697,7.189244389178621,1.8399757990993373,-5.349268590079284,132,128,229
JB GPT-5.4,47,disagreement_then_random,release,0.5,11744,27.674638690520297,37.66940571108317,9.994767020562875,132,128,229
JB GPT-5.4,47,disagreement_then_random,release,0.84,19729,13.046966520949121,51.924780602841665,38.877814081892545,132,128,229
JB GPT-5.4,47,disagreement_then_random,release,0.95,22313,4.432056671540746,25.829326274286316,21.39726960274557,132,128,229
JB GPT-5.4,48,random_criterion,release,0.05,1174,7.45948417733239,3.774663149708026,-3.6848210276243645,127,122,235
JB GPT-5.4,48,random_criterion,release,0.2,4697,21.277633459795197,15.999817832265544,-5.2778156275296535,127,122,235
JB GPT-5.4,48,random_criterion,release,0.5,11744,25.439937951821232,42.24000438541851,16.800066433597276,127,122,235
JB GPT-5.4,48,random_criterion,release,0.84,19729,10.95706632662088,48.264633956857566,37.30756763023668,127,122,235
JB GPT-5.4,48,random_criterion,release,0.95,22313,3.651895476567461,23.33676192306727,19.68486644649981,127,122,235
JB GPT-5.4,48,disagreement_then_random,release,0.05,1174,1.0,0.0,-1.0,127,122,235
JB GPT-5.4,48,disagreement_then_random,release,0.2,4697,5.431272697909851,1.6817813419991348,-3.749491355910716,127,122,235
JB GPT-5.4,48,disagreement_then_random,release,0.5,11744,28.82352339410662,34.92867700016748,6.105153606060863,127,122,235
JB GPT-5.4,48,disagreement_then_random,release,0.84,19729,13.151803713914033,48.6388983621533,35.487094648239264,127,122,235
JB GPT-5.4,48,disagreement_then_random,release,0.95,22313,4.33089635911971,24.57171420880509,20.24081784968538,127,122,235
JB GPT-5.4,49,random_criterion,release,0.05,1174,8.035494505063546,3.229802031201933,-4.805692473861614,110,109,246
JB GPT-5.4,49,random_criterion,release,0.2,4697,23.634098018671107,13.875880182020788,-9.758217836650319,110,109,246
JB GPT-5.4,49,random_criterion,release,0.5,11744,29.88945678547032,37.16387750191636,7.274420716446041,110,109,246
JB GPT-5.4,49,random_criterion,release,0.84,19729,13.75760795573022,42.28333453182363,28.525726576093405,110,109,246
JB GPT-5.4,49,random_criterion,release,0.95,22313,4.70814502391755,20.447833278573682,15.739688254656134,110,109,246
JB GPT-5.4,49,disagreement_then_random,release,0.05,1174,0.0,0.0,0.0,110,109,246
JB GPT-5.4,49,disagreement_then_random,release,0.2,4697,7.686223124903042,1.5025004410749812,-6.18372268382806,110,109,246
JB GPT-5.4,49,disagreement_then_random,release,0.5,11744,33.86390726220819,31.228471486613966,-2.635435775594221,110,109,246
JB GPT-5.4,49,disagreement_then_random,release,0.84,19729,16.359675055720537,43.12971257172079,26.77003751600025,110,109,246
JB GPT-5.4,49,disagreement_then_random,release,0.95,22313,5.557540949906682,21.82694632433362,16.26940537442694,110,109,246
JB GPT-5.4,50,random_criterion,release,0.05,1174,7.538704838051332,3.7725404171505326,-3.7661644209008,127,124,233
JB GPT-5.4,50,random_criterion,release,0.2,4697,21.841866107960012,15.98380469622412,-5.858061411735893,127,124,233
JB GPT-5.4,50,random_criterion,release,0.5,11744,27.365378866569618,42.34913978349387,14.98376091692425,127,124,233
JB GPT-5.4,50,random_criterion,release,0.84,19729,12.839285496330984,48.307465948782664,35.468180452451676,127,124,233
JB GPT-5.4,50,random_criterion,release,0.95,22313,4.4426855096011275,23.03216023933166,18.589474729730533,127,124,233
JB GPT-5.4,50,disagreement_then_random,release,0.05,1174,2.0,0.0,-2.0,127,124,233
JB GPT-5.4,50,disagreement_then_random,release,0.2,4697,8.373361690150176,1.819290471337073,-6.554071218813103,127,124,233
JB GPT-5.4,50,disagreement_then_random,release,0.5,11744,31.55671350316338,36.80710408046887,5.250390577305488,127,124,233
JB GPT-5.4,50,disagreement_then_random,release,0.84,19729,15.194044606918196,49.34267163755782,34.148627030639624,127,124,233
JB GPT-5.4,50,disagreement_then_random,release,0.95,22313,5.1527776566057995,24.123640068511165,18.970862411905365,127,124,233
JB GPT-5.4,51,random_criterion,release,0.05,1174,7.44452509864542,3.6349246524043637,-3.8096004462410566,123,121,234
JB GPT-5.4,51,random_criterion,release,0.2,4697,20.995352266719447,15.571350769461105,-5.424001497258342,123,121,234
JB GPT-5.4,51,random_criterion,release,0.5,11744,24.20055589084918,41.84367234488959,17.64311645404041,123,121,234
JB GPT-5.4,51,random_criterion,release,0.84,19729,10.07102374180588,48.7571071112386,38.686083369432716,123,121,234
JB GPT-5.4,51,random_criterion,release,0.95,22313,3.3528417179477636,23.842416709917217,20.48957499196945,123,121,234
JB GPT-5.4,51,disagreement_then_random,release,0.05,1174,1.0,0.0,-1.0,123,121,234
JB GPT-5.4,51,disagreement_then_random,release,0.2,4697,6.251831612464504,1.6627023729879244,-4.58912923947658,123,121,234
JB GPT-5.4,51,disagreement_then_random,release,0.5,11744,26.955822196875705,34.84655930866915,7.890737111793445,123,121,234
JB GPT-5.4,51,disagreement_then_random,release,0.84,19729,11.56866023517102,49.403646028306824,37.8349857931358,123,121,234
JB GPT-5.4,51,disagreement_then_random,release,0.95,22313,3.7837513239100207,25.278791182145596,21.495039858235575,123,121,234
JB GPT-5.4,52,random_criterion,release,0.05,1174,7.37918196998086,3.777526252719943,-3.601655717260917,125,122,238
JB GPT-5.4,52,random_criterion,release,0.2,4697,20.88574798170474,16.06123197586468,-4.82451600584006,125,122,238
JB GPT-5.4,52,random_criterion,release,0.5,11744,25.53844094038242,42.70993457134809,17.171493630965674,125,122,238
JB GPT-5.4,52,random_criterion,release,0.84,19729,11.837128347649651,49.01868077340257,37.18155242575292,125,122,238
JB GPT-5.4,52,random_criterion,release,0.95,22313,4.073369785273592,23.736740813192654,19.663371027919062,125,122,238
JB GPT-5.4,52,disagreement_then_random,release,0.05,1174,0.0,0.0,0.0,125,122,238
JB GPT-5.4,52,disagreement_then_random,release,0.2,4697,6.330671970127348,1.817769484506686,-4.512902485620662,125,122,238
JB GPT-5.4,52,disagreement_then_random,release,0.5,11744,28.828952195515818,36.62774956685721,7.798797371341394,125,122,238
JB GPT-5.4,52,disagreement_then_random,release,0.84,19729,13.910891803870118,50.42618130469943,36.51528950082931,125,122,238
JB GPT-5.4,52,disagreement_then_random,release,0.95,22313,4.729715655695697,25.45939361723805,20.72967796154235,125,122,238
JB GPT-5.4,53,random_criterion,release,0.05,1174,7.374147637217248,3.625561934865218,-3.7485857023520297,125,122,238
JB GPT-5.4,53,random_criterion,release,0.2,4697,21.074264513097244,15.45168534255607,-5.622579170541174,125,122,238
JB GPT-5.4,53,random_criterion,release,0.5,11744,25.20482892998237,41.49627416767457,16.2914452376922,125,122,238
JB GPT-5.4,53,random_criterion,release,0.84,19729,10.793890985991702,49.0573205354171,38.263429549425396,125,122,238
JB GPT-5.4,53,random_criterion,release,0.95,22313,3.5986599971672915,24.290593111675605,20.691933114508313,125,122,238
JB GPT-5.4,53,disagreement_then_random,release,0.05,1174,0.0,1.0,1.0,125,122,238
JB GPT-5.4,53,disagreement_then_random,release,0.2,4697,7.3418626006848795,2.7398337554569703,-4.60202884522791,125,122,238
JB GPT-5.4,53,disagreement_then_random,release,0.5,11744,28.352321000675868,36.53094856787118,8.17862756719531,125,122,238
JB GPT-5.4,53,disagreement_then_random,release,0.84,19729,12.434478488093589,50.56801922871438,38.13354074062079,125,122,238
JB GPT-5.4,53,disagreement_then_random,release,0.95,22313,4.085718805783662,25.984571567695767,21.898852761912103,125,122,238
JB GPT-5.4,54,random_criterion,release,0.05,1174,7.043665455753136,4.060685327768705,-2.9829801279844315,127,126,237
JB GPT-5.4,54,random_criterion,release,0.2,4697,19.973370854359388,17.024106926077994,-2.9492639282813933,127,126,237
JB GPT-5.4,54,random_criterion,release,0.5,11744,24.086651277848198,44.585799876011876,20.49914859816368,127,126,237
JB GPT-5.4,54,random_criterion,release,0.84,19729,10.933323811104458,51.38715458953998,40.453830778435524,127,126,237
JB GPT-5.4,54,random_criterion,release,0.95,22313,3.7439666300063976,25.02620625366633,21.282239623659933,127,126,237
JB GPT-5.4,54,disagreement_then_random,release,0.05,1174,0.0,0.0,0.0,127,126,237
JB GPT-5.4,54,disagreement_then_random,release,0.2,4697,5.4274276684215925,1.837643426751405,-3.5897842416701877,127,126,237
JB GPT-5.4,54,disagreement_then_random,release,0.5,11744,28.323178881534826,37.087523572078894,8.764344690544068,127,126,237
JB GPT-5.4,54,disagreement_then_random,release,0.84,19729,13.120403354109904,52.15298003072456,39.03257667661465,127,126,237
JB GPT-5.4,54,disagreement_then_random,release,0.95,22313,4.3999391149186735,26.441082686129832,22.04114357121116,127,126,237
JB GPT-5.4,55,random_criterion,release,0.05,1174,7.648128633172829,3.5723639000714282,-4.0757647331014,119,117,247
JB GPT-5.4,55,random_criterion,release,0.2,4697,21.95102091841077,15.17175872013407,-6.779262198276699,119,117,247
JB GPT-5.4,55,random_criterion,release,0.5,11744,26.884362831362075,40.30880455939639,13.424441728034317,119,117,247
JB GPT-5.4,55,random_criterion,release,0.84,19729,12.083832713448846,46.20880002059053,34.12496730714169,119,117,247
JB GPT-5.4,55,random_criterion,release,0.95,22313,4.1013135154573375,22.03960905986024,17.9382955444029,119,117,247
JB GPT-5.4,55,disagreement_then_random,release,0.05,1174,1.0,0.0,-1.0,119,117,247
JB GPT-5.4,55,disagreement_then_random,release,0.2,4697,7.3347697935525344,1.7199303405168653,-5.614839453035669,119,117,247
JB GPT-5.4,55,disagreement_then_random,release,0.5,11744,30.004830896008517,35.05371023308347,5.048879337074954,119,117,247
JB GPT-5.4,55,disagreement_then_random,release,0.84,19729,14.02834016271167,47.83371946309806,33.80537930038639,119,117,247
JB GPT-5.4,55,disagreement_then_random,release,0.95,22313,4.703438787658531,23.477611101113567,18.774172313455036,119,117,247
JB GPT-5.4,56,random_criterion,release,0.05,1174,7.85901446468525,3.519870506816284,-4.3391439578689655,116,114,241
JB GPT-5.4,56,random_criterion,release,0.2,4697,22.533395512197593,14.929213111810979,-7.604182400386614,116,114,241
JB GPT-5.4,56,random_criterion,release,0.5,11744,27.942772215028825,39.49405277120031,11.551280556171484,116,114,241
JB GPT-5.4,56,random_criterion,release,0.84,19729,12.837234666882381,45.110641163892275,32.273406497009894,116,114,241
JB GPT-5.4,56,random_criterion,release,0.95,22313,4.381225251363263,21.730448109392924,17.349222858029663,116,114,241
JB GPT-5.4,56,disagreement_then_random,release,0.05,1174,0.0,0.0,0.0,116,114,241
JB GPT-5.4,56,disagreement_then_random,release,0.2,4697,6.423075572632742,2.659164914509924,-3.763910658122818,116,114,241
JB GPT-5.4,56,disagreement_then_random,release,0.5,11744,29.66643679100307,34.605189978157824,4.938753187154756,116,114,241
JB GPT-5.4,56,disagreement_then_random,release,0.84,19729,14.273217117327052,46.54016307290981,32.26694595558276,116,114,241
JB GPT-5.4,56,disagreement_then_random,release,0.95,22313,4.813713733660022,23.170911218815363,18.35719748515534,116,114,241
JB GPT-5.4,57,random_criterion,release,0.05,1174,7.3158653787402805,3.622703187190378,-3.6931621915499027,122,121,233
JB GPT-5.4,57,random_criterion,release,0.2,4697,20.659545636090936,15.389962701632147,-5.269582934458789,122,121,233
JB GPT-5.4,57,random_criterion,release,0.5,11744,24.11318794010572,40.91496250639067,16.80177456628495,122,121,233
JB GPT-5.4,57,random_criterion,release,0.84,19729,10.23835870545863,47.341896608757025,37.103537903298395,122,121,233
JB GPT-5.4,57,random_criterion,release,0.95,22313,3.408013071273074,23.247378187793416,19.83936511652034,122,121,233
JB GPT-5.4,57,disagreement_then_random,release,0.05,1174,0.0,0.0,0.0,122,121,233
JB GPT-5.4,57,disagreement_then_random,release,0.2,4697,5.3858150462871945,2.73905406504062,-2.6467609812465747,122,121,233
JB GPT-5.4,57,disagreement_then_random,release,0.5,11744,27.312142242975483,36.257865094810924,8.945722851835441,122,121,233
JB GPT-5.4,57,disagreement_then_random,release,0.84,19729,12.094694799890346,48.899938015626965,36.80524321573662,122,121,233
JB GPT-5.4,57,disagreement_then_random,release,0.95,22313,3.9700066845308926,24.722148175088833,20.75214149055794,122,121,233
JB GPT-5.4,58,random_criterion,release,0.05,1174,7.444177751290146,3.7153026028999383,-3.728875148390208,119,117,236
JB GPT-5.4,58,random_criterion,release,0.2,4697,21.100290031527678,15.676699067723382,-5.423590963804296,119,117,236
JB GPT-5.4,58,random_criterion,release,0.5,11744,25.56116175155108,41.259700409072,15.698538657520924,119,117,236
JB GPT-5.4,58,random_criterion,release,0.84,19729,12.00532933137406,47.26047807271813,35.25514874134407,119,117,236
JB GPT-5.4,58,random_criterion,release,0.95,22313,4.186456698267909,23.024150671813487,18.837693973545576,119,117,236
JB GPT-5.4,58,disagreement_then_random,release,0.05,1174,0.0,0.0,0.0,119,117,236
JB GPT-5.4,58,disagreement_then_random,release,0.2,4697,4.41336653339869,2.6786612160799548,-1.7347053173187348,119,117,236
JB GPT-5.4,58,disagreement_then_random,release,0.5,11744,28.35268033440725,35.044274943669045,6.691594609261795,119,117,236
JB GPT-5.4,58,disagreement_then_random,release,0.84,19729,14.034034989796135,48.049029378662375,34.01499438886624,119,117,236
JB GPT-5.4,58,disagreement_then_random,release,0.95,22313,4.820949874509224,24.32054901952999,19.499599145020767,119,117,236
JB GPT-5.4,59,random_criterion,release,0.05,1174,7.7010229510427415,3.4499883464522507,-4.25103460459049,131,128,230
JB GPT-5.4,59,random_criterion,release,0.2,4697,21.367247871224798,15.018032352551886,-6.349215518672912,131,128,230
JB GPT-5.4,59,random_criterion,release,0.5,11744,24.73987523833878,41.61164706018739,16.871771821848608,131,128,230
JB GPT-5.4,59,random_criterion,release,0.84,19729,10.946994784892386,50.87267188766809,39.92567710277571,131,128,230
JB GPT-5.4,59,random_criterion,release,0.95,22313,3.742710242302047,25.405904744668945,21.6631945023669,131,128,230
JB GPT-5.4,59,disagreement_then_random,release,0.05,1174,0.0,0.0,0.0,131,128,230
JB GPT-5.4,59,disagreement_then_random,release,0.2,4697,7.4183991310385204,1.7231196581585657,-5.695279472879955,131,128,230
JB GPT-5.4,59,disagreement_then_random,release,0.5,11744,28.922566880894642,36.37080605333618,7.448239172441539,131,128,230
JB GPT-5.4,59,disagreement_then_random,release,0.84,19729,13.167734836198589,52.70998634830078,39.54225151210219,131,128,230
JB GPT-5.4,59,disagreement_then_random,release,0.95,22313,4.4412115250366035,27.29551689633864,22.854305371302036,131,128,230
JB GPT-5.4,60,random_criterion,release,0.05,1174,7.670416180291333,3.5229750219920892,-4.1474411582992445,123,119,244
JB GPT-5.4,60,random_criterion,release,0.2,4697,21.75007398696372,15.003449430580217,-6.7466245563835034,123,119,244
JB GPT-5.4,60,random_criterion,release,0.5,11744,25.93663156733175,40.016581905870915,14.079950338539163,123,119,244
JB GPT-5.4,60,random_criterion,release,0.84,19729,11.535523889061093,45.32992586364054,33.79440197457944,123,119,244
JB GPT-5.4,60,random_criterion,release,0.95,22313,3.9377434623355883,21.538110234572002,17.600366772236413,123,119,244
JB GPT-5.4,60,disagreement_then_random,release,0.05,1174,0.0,0.0,0.0,123,119,244
JB GPT-5.4,60,disagreement_then_random,release,0.2,4697,8.17579776340707,1.7000710729568551,-6.475726690450215,123,119,244
JB GPT-5.4,60,disagreement_then_random,release,0.5,11744,28.537983066288966,34.63523058766773,6.097247521378762,123,119,244
JB GPT-5.4,60,disagreement_then_random,release,0.84,19729,13.11124740473243,46.587862680973295,33.476615276240864,123,119,244
JB GPT-5.4,60,disagreement_then_random,release,0.95,22313,4.434397156738317,22.86059599466624,18.426198837927924,123,119,244
JB GPT-5.4,61,random_criterion,release,0.05,1174,7.158786818927795,3.6628151145129877,-3.4959717044148073,120,119,239
JB GPT-5.4,61,random_criterion,release,0.2,4697,20.427685714483708,15.435455005518298,-4.99223070896541,120,119,239
JB GPT-5.4,61,random_criterion,release,0.5,11744,25.75501147369199,40.47063638767941,14.715624913987423,120,119,239
JB GPT-5.4,61,random_criterion,release,0.84,19729,12.428002389534075,45.236242636593914,32.80824024705984,120,119,239
JB GPT-5.4,61,random_criterion,release,0.95,22313,4.334572986111227,21.389808392613702,17.055235406502476,120,119,239
JB GPT-5.4,61,disagreement_then_random,release,0.05,1174,0.0,0.0,0.0,120,119,239
JB GPT-5.4,61,disagreement_then_random,release,0.2,4697,7.325887238183235,1.7187785758455398,-5.607108662337695,120,119,239
JB GPT-5.4,61,disagreement_then_random,release,0.5,11744,29.9174591000046,34.700995593792626,4.783536493788027,120,119,239
JB GPT-5.4,61,disagreement_then_random,release,0.84,19729,14.841806661050676,46.40943223791165,31.567625576860976,120,119,239
JB GPT-5.4,61,disagreement_then_random,release,0.95,22313,5.078499020632814,22.629206116427767,17.55070709579495,120,119,239
JB GPT-5.4,62,random_criterion,release,0.05,1174,7.328750490088104,4.0745554140333615,-3.2541950760547422,127,126,227
JB GPT-5.4,62,random_criterion,release,0.2,4697,20.979579140013065,17.195274571799192,-3.784304568213873,127,126,227
JB GPT-5.4,62,random_criterion,release,0.5,11744,25.85015341499311,45.08127233714107,19.231118922147964,127,126,227
JB GPT-5.4,62,random_criterion,release,0.84,19729,12.22958910864038,51.09045065231862,38.86086154367824,127,126,227
JB GPT-5.4,62,random_criterion,release,0.95,22313,4.275104614423455,24.44988900281082,20.174784388387366,127,126,227
JB GPT-5.4,62,disagreement_then_random,release,0.05,1174,0.0,1.0,1.0,127,126,227
JB GPT-5.4,62,disagreement_then_random,release,0.2,4697,7.184637925735638,2.858666968719094,-4.325970957016544,127,126,227
JB GPT-5.4,62,disagreement_then_random,release,0.5,11744,29.3892965995771,38.57005182162384,9.180755222046741,127,126,227
JB GPT-5.4,62,disagreement_then_random,release,0.84,19729,14.630627416560925,52.213991870496365,37.58336445393544,127,126,227
JB GPT-5.4,62,disagreement_then_random,release,0.95,22313,5.047210215458873,25.96583269797094,20.918622482512067,127,126,227
JB GPT-5.4,63,random_criterion,release,0.05,1174,7.803389466682971,3.3821354390484992,-4.421254027634472,119,112,247
JB GPT-5.4,63,random_criterion,release,0.2,4697,22.55224397736623,14.509380476360747,-8.042863501005485,119,112,247
JB GPT-5.4,63,random_criterion,release,0.5,11744,27.99768632211852,38.81810690598938,10.820420583870863,119,112,247
JB GPT-5.4,63,random_criterion,release,0.84,19729,13.069691137402264,43.85454104074528,30.784849903343016,119,112,247
JB GPT-5.4,63,random_criterion,release,0.95,22313,4.531398848921784,20.818897417108758,16.287498568186976,119,112,247
JB GPT-5.4,63,disagreement_then_random,release,0.05,1174,0.0,0.0,0.0,119,112,247
JB GPT-5.4,63,disagreement_then_random,release,0.2,4697,6.354984780817582,1.560993051161925,-4.793991729655657,119,112,247
JB GPT-5.4,63,disagreement_then_random,release,0.5,11744,29.715042529272026,32.19130636385992,2.476263834587897,119,112,247
JB GPT-5.4,63,disagreement_then_random,release,0.84,19729,14.962472249307138,44.2498061402325,29.28733389092536,119,112,247
JB GPT-5.4,63,disagreement_then_random,release,0.95,22313,5.202389563260668,21.939670951245816,16.73728138798515,119,112,247
JB GPT-5.4-mini,0,random_criterion,release,0.05,1174,11.015051441086207,2.027296509257845,-8.987754931828363,118,118,465
JB GPT-5.4-mini,0,random_criterion,release,0.2,4697,30.336032491304096,10.217472407565094,-20.118560083739002,118,118,465
JB GPT-5.4-mini,0,random_criterion,release,0.5,11744,36.58134246523937,33.472289175276416,-3.109053289962958,118,118,465
JB GPT-5.4-mini,0,random_criterion,release,0.84,19729,16.798420448130397,42.53396336252677,25.735542914396373,118,118,465
JB GPT-5.4-mini,0,random_criterion,release,0.95,22313,5.76052707487679,20.534412952170527,14.773885877293736,118,118,465
JB GPT-5.4-mini,0,disagreement_then_random,release,0.05,1174,2.0,1.0,-1.0,118,118,465
JB GPT-5.4-mini,0,disagreement_then_random,release,0.2,4697,21.88305538681437,6.640048032855613,-15.243007353958756,118,118,465
JB GPT-5.4-mini,0,disagreement_then_random,release,0.5,11744,44.133594268612384,38.24977719230837,-5.8838170763040125,118,118,465
JB GPT-5.4-mini,0,disagreement_then_random,release,0.84,19729,19.349306751487063,47.371857767469734,28.02255101598267,118,118,465
JB GPT-5.4-mini,0,disagreement_then_random,release,0.95,22313,6.477682010039974,22.618640115008986,16.140958104969013,118,118,465
JB GPT-5.4-mini,1,random_criterion,release,0.05,1174,10.227598923514387,2.440152481289297,-7.7874464422250895,136,134,440
JB GPT-5.4-mini,1,random_criterion,release,0.2,4697,28.39555224174247,12.04823207387178,-16.34732016787069,136,134,440
JB GPT-5.4-mini,1,random_criterion,release,0.5,11744,34.07567935256766,39.157797889113645,5.082118536545984,136,134,440
JB GPT-5.4-mini,1,random_criterion,release,0.84,19729,15.365753551960859,51.5620015551546,36.196248003193745,136,134,440
JB GPT-5.4-mini,1,random_criterion,release,0.95,22313,5.242937894926749,25.515832987453337,20.27289509252659,136,134,440
JB GPT-5.4-mini,1,disagreement_then_random,release,0.05,1174,1.0,0.0,-1.0,136,134,440
JB GPT-5.4-mini,1,disagreement_then_random,release,0.2,4697,17.959041204291424,5.821700564816516,-12.137340639474907,136,134,440
JB GPT-5.4-mini,1,disagreement_then_random,release,0.5,11744,40.9044009659389,41.90001122409359,0.9956102581546915,136,134,440
JB GPT-5.4-mini,1,disagreement_then_random,release,0.84,19729,17.65798592203283,55.30510535901066,37.64711943697783,136,134,440
JB GPT-5.4-mini,1,disagreement_then_random,release,0.95,22313,5.854097168751621,27.20948687985033,21.35538971109871,136,134,440
JB GPT-5.4-mini,2,random_criterion,release,0.05,1174,10.892753296600285,1.7474622262248365,-9.145291070375448,119,119,450
JB GPT-5.4-mini,2,random_criterion,release,0.2,4697,29.990092781604204,9.339071547159183,-20.65102123444502,119,119,450
JB GPT-5.4-mini,2,random_criterion,release,0.5,11744,35.72557559682185,32.26245391103157,-3.463121685790277,119,119,450
JB GPT-5.4-mini,2,random_criterion,release,0.84,19729,16.00349111406817,41.1687250529375,25.165233938869335,119,119,450
JB GPT-5.4-mini,2,random_criterion,release,0.95,22313,5.443011403586684,19.726548457145796,14.283537053559112,119,119,450
JB GPT-5.4-mini,2,disagreement_then_random,release,0.05,1174,3.0,0.0,-3.0,119,119,450
JB GPT-5.4-mini,2,disagreement_then_random,release,0.2,4697,25.54681322555933,1.817305571518364,-23.729507654040965,119,119,450
JB GPT-5.4-mini,2,disagreement_then_random,release,0.5,11744,43.44538277000763,35.9422207270233,-7.503162042984336,119,119,450
JB GPT-5.4-mini,2,disagreement_then_random,release,0.84,19729,18.282831429319796,45.795088002787935,27.51225657346814,119,119,450
JB GPT-5.4-mini,2,disagreement_then_random,release,0.95,22313,6.076394568643474,21.735940915857157,15.659546347213682,119,119,450
JB GPT-5.4-mini,3,random_criterion,release,0.05,1174,10.288109461961348,2.402026588421448,-7.8860828735399,132,132,436
JB GPT-5.4-mini,3,random_criterion,release,0.2,4697,27.817593841601607,12.007911443369704,-15.809682398231903,132,132,436
JB GPT-5.4-mini,3,random_criterion,release,0.5,11744,32.49326297716521,39.27641704692198,6.783154069756769,132,132,436
JB GPT-5.4-mini,3,random_criterion,release,0.84,19729,14.66634577637664,51.88105837117763,37.21471259480099,132,132,436
JB GPT-5.4-mini,3,random_criterion,release,0.95,22313,5.032857767368147,25.90527372588477,20.872415958516623,132,132,436
JB GPT-5.4-mini,3,disagreement_then_random,release,0.05,1174,3.0,0.0,-3.0,132,132,436
JB GPT-5.4-mini,3,disagreement_then_random,release,0.2,4697,20.676942396966627,4.958422552515384,-15.718519844451244,132,132,436
JB GPT-5.4-mini,3,disagreement_then_random,release,0.5,11744,39.26329319913493,42.59712949297954,3.3338362938446124,132,132,436
JB GPT-5.4-mini,3,disagreement_then_random,release,0.84,19729,16.31610976068093,56.90523081405329,40.58912105337236,132,132,436
JB GPT-5.4-mini,3,disagreement_then_random,release,0.95,22313,5.418874526862986,28.57190005381557,23.153025526952582,132,132,436
JB GPT-5.4-mini,4,random_criterion,release,0.05,1174,10.283108540225188,2.0501125721788025,-8.232995968046385,130,129,439
JB GPT-5.4-mini,4,random_criterion,release,0.2,4697,27.869233201679886,10.593675191310897,-17.27555801036899,130,129,439
JB GPT-5.4-mini,4,random_criterion,release,0.5,11744,33.294129574055674,35.723105471753186,2.428975897697512,130,129,439
JB GPT-5.4-mini,4,random_criterion,release,0.84,19729,15.075608616586859,46.67384133185531,31.59823271526845,130,129,439
JB GPT-5.4-mini,4,random_criterion,release,0.95,22313,5.1174967588752915,22.973392973094874,17.855896214219584,130,129,439
JB GPT-5.4-mini,4,disagreement_then_random,release,0.05,1174,3.0,0.0,-3.0,130,129,439
JB GPT-5.4-mini,4,disagreement_then_random,release,0.2,4697,20.9136428731711,4.800621585015886,-16.113021288155213,130,129,439
JB GPT-5.4-mini,4,disagreement_then_random,release,0.5,11744,42.14566606763793,39.925330835881525,-2.2203352317564082,130,129,439
JB GPT-5.4-mini,4,disagreement_then_random,release,0.84,19729,17.404828396863174,52.2025261945243,34.79769779766113,130,129,439
JB GPT-5.4-mini,4,disagreement_then_random,release,0.95,22313,5.666555906596647,25.605255341724117,19.938699435127468,130,129,439
JB GPT-5.4-mini,5,random_criterion,release,0.05,1174,11.079381436830305,2.0904854712372334,-8.988895965593072,129,128,458
JB GPT-5.4-mini,5,random_criterion,release,0.2,4697,30.08119226107997,10.657658167381785,-19.423534093698187,129,128,458
JB GPT-5.4-mini,5,random_criterion,release,0.5,11744,35.13674289847789,35.57793721326452,0.4411943147866282,129,128,458
JB GPT-5.4-mini,5,random_criterion,release,0.84,19729,16.043588662633237,46.14609701162767,30.10250834899443,129,128,458
JB GPT-5.4-mini,5,random_criterion,release,0.95,22313,5.541873599895519,22.799346517028425,17.257472917132908,129,128,458
JB GPT-5.4-mini,5,disagreement_then_random,release,0.05,1174,3.0,0.0,-3.0,129,128,458
JB GPT-5.4-mini,5,disagreement_then_random,release,0.2,4697,21.875839186339093,2.918257380369304,-18.957581805969788,129,128,458
JB GPT-5.4-mini,5,disagreement_then_random,release,0.5,11744,43.16106234055861,39.42249910960132,-3.73856323095729,129,128,458
JB GPT-5.4-mini,5,disagreement_then_random,release,0.84,19729,18.92451730864352,50.90038922246863,31.975871913825113,129,128,458
JB GPT-5.4-mini,5,disagreement_then_random,release,0.95,22313,6.386504219928882,24.820328497601764,18.433824277672883,129,128,458
JB GPT-5.4-mini,6,random_criterion,release,0.05,1174,10.319349488828115,2.212183382084084,-8.107166106744032,134,133,436
JB GPT-5.4-mini,6,random_criterion,release,0.2,4697,28.188935389228963,11.371795824933374,-16.817139564295587,134,133,436
JB GPT-5.4-mini,6,random_criterion,release,0.5,11744,32.532636845602084,38.205215880983395,5.672579035381311,134,133,436
JB GPT-5.4-mini,6,random_criterion,release,0.84,19729,14.293647101581392,50.670362767334495,36.3767156657531,134,133,436
JB GPT-5.4-mini,6,random_criterion,release,0.95,22313,4.862828049291731,25.165809379534977,20.302981330243245,134,133,436
JB GPT-5.4-mini,6,disagreement_then_random,release,0.05,1174,2.0,0.0,-2.0,134,133,436
JB GPT-5.4-mini,6,disagreement_then_random,release,0.2,4697,24.237535912649204,2.881684536201645,-21.355851376447557,134,133,436
JB GPT-5.4-mini,6,disagreement_then_random,release,0.5,11744,39.51624799012554,40.04513036688655,0.5288823767610111,134,133,436
JB GPT-5.4-mini,6,disagreement_then_random,release,0.84,19729,16.573577073016544,55.58256334240308,39.00898626938653,134,133,436
JB GPT-5.4-mini,6,disagreement_then_random,release,0.95,22313,5.531312647134889,27.97349554797931,22.442182900844422,134,133,436
JB GPT-5.4-mini,7,random_criterion,release,0.05,1174,10.718868533263342,1.9073938338360144,-8.811474699427327,128,127,458
JB GPT-5.4-mini,7,random_criterion,release,0.2,4697,29.950229514131838,10.098617000743118,-19.85161251338872,128,127,458
JB GPT-5.4-mini,7,random_criterion,release,0.5,11744,36.55822413210627,34.871989857298,-1.686234274808271,128,127,458
JB GPT-5.4-mini,7,random_criterion,release,0.84,19729,16.714711602308906,45.913707700124775,29.19899609781587,128,127,458
JB GPT-5.4-mini,7,random_criterion,release,0.95,22313,5.71811234283281,22.286682520415823,16.568570177583013,128,127,458
JB GPT-5.4-mini,7,disagreement_then_random,release,0.05,1174,3.0,0.0,-3.0,128,127,458
JB GPT-5.4-mini,7,disagreement_then_random,release,0.2,4697,23.65327299709014,3.838762957206071,-19.81451003988407,128,127,458
JB GPT-5.4-mini,7,disagreement_then_random,release,0.5,11744,44.25775487985669,39.04184966033428,-5.215905219522412,128,127,458
JB GPT-5.4-mini,7,disagreement_then_random,release,0.84,19729,19.621205402789943,51.1162007869352,31.49499538414526,128,127,458
JB GPT-5.4-mini,7,disagreement_then_random,release,0.95,22313,6.5909970700470195,24.702863953547507,18.111866883500486,128,127,458
JB GPT-5.4-mini,8,random_criterion,release,0.05,1174,9.908062924255246,2.8346646814673435,-7.073398242787903,138,137,437
JB GPT-5.4-mini,8,random_criterion,release,0.2,4697,27.140155634180132,13.542306396480031,-13.597849237700101,138,137,437
JB GPT-5.4-mini,8,random_criterion,release,0.5,11744,32.84704792265763,42.15780869100274,9.310760768345112,138,137,437
JB GPT-5.4-mini,8,random_criterion,release,0.84,19729,16.039086786940935,54.8177945485842,38.77870776164327,138,137,437
JB GPT-5.4-mini,8,random_criterion,release,0.95,22313,5.673879593302228,27.66844620653383,21.9945666132316,138,137,437
JB GPT-5.4-mini,8,disagreement_then_random,release,0.05,1174,2.0,1.0,-1.0,138,137,437
JB GPT-5.4-mini,8,disagreement_then_random,release,0.2,4697,22.54774009397711,5.017672822959081,-17.53006727101803,138,137,437
JB GPT-5.4-mini,8,disagreement_then_random,release,0.5,11744,41.40757703802001,43.73316022704889,2.325583189028883,138,137,437
JB GPT-5.4-mini,8,disagreement_then_random,release,0.84,19729,18.497884170573638,59.21640203854313,40.718517867969496,138,137,437
JB GPT-5.4-mini,8,disagreement_then_random,release,0.95,22313,6.302317430434552,30.294040382380174,23.991722951945622,138,137,437
JB GPT-5.4-mini,9,random_criterion,release,0.05,1174,10.662059583000207,1.7693291131854212,-8.892730469814786,126,124,451
JB GPT-5.4-mini,9,random_criterion,release,0.2,4697,29.23594278188387,9.6665924831158,-19.56935029876807,126,124,451
JB GPT-5.4-mini,9,random_criterion,release,0.5,11744,35.06120752275209,34.306197314240165,-0.7550102085119264,126,124,451
JB GPT-5.4-mini,9,random_criterion,release,0.84,19729,16.283551922727852,46.796967924808364,30.51341600208051,126,124,451
JB GPT-5.4-mini,9,random_criterion,release,0.95,22313,5.607573400506085,23.58416594628048,17.976592545774395,126,124,451
JB GPT-5.4-mini,9,disagreement_then_random,release,0.05,1174,3.0,0.0,-3.0,126,124,451
JB GPT-5.4-mini,9,disagreement_then_random,release,0.2,4697,24.44185424572047,1.9178939866339877,-22.523960259086483,126,124,451
JB GPT-5.4-mini,9,disagreement_then_random,release,0.5,11744,43.63385237462096,38.46349341760813,-5.17035895701283,126,124,451
JB GPT-5.4-mini,9,disagreement_then_random,release,0.84,19729,19.505498395190607,51.38095226611039,31.875453870919785,126,124,451
JB GPT-5.4-mini,9,disagreement_then_random,release,0.95,22313,6.5424604780961655,25.6692771402805,19.126816662184332,126,124,451
JB GPT-5.4-mini,10,random_criterion,release,0.05,1174,10.216933681288484,2.207195998972975,-8.00973768231551,132,131,437
JB GPT-5.4-mini,10,random_criterion,release,0.2,4697,28.13159917234502,11.292775349502346,-16.838823822842674,132,131,437
JB GPT-5.4-mini,10,random_criterion,release,0.5,11744,33.621341914412355,37.698003937579294,4.076662023166939,132,131,437
JB GPT-5.4-mini,10,random_criterion,release,0.84,19729,15.439248389607547,49.05592206357786,33.61667367397031,132,131,437
JB GPT-5.4-mini,10,random_criterion,release,0.95,22313,5.314973204438101,24.009290325892422,18.694317121454322,132,131,437
JB GPT-5.4-mini,10,disagreement_then_random,release,0.05,1174,3.0,0.0,-3.0,132,131,437
JB GPT-5.4-mini,10,disagreement_then_random,release,0.2,4697,23.591587092756946,2.9393284363380987,-20.652258656418848,132,131,437
JB GPT-5.4-mini,10,disagreement_then_random,release,0.5,11744,42.63463168241416,40.389030228369464,-2.245601454044696,132,131,437
JB GPT-5.4-mini,10,disagreement_then_random,release,0.84,19729,18.277756911524566,54.03578070129358,35.75802378976901,132,131,437
JB GPT-5.4-mini,10,disagreement_then_random,release,0.95,22313,6.116055555599647,26.53105147551591,20.41499591991626,132,131,437
JB GPT-5.4-mini,11,random_criterion,release,0.05,1174,10.238771381870441,2.4951234174438994,-7.7436479644265415,139,138,437
JB GPT-5.4-mini,11,random_criterion,release,0.2,4697,28.012243568720276,12.325688895717036,-15.68655467300324,139,138,437
JB GPT-5.4-mini,11,random_criterion,release,0.5,11744,32.92107158564421,40.04815563844238,7.127084052798168,139,138,437
JB GPT-5.4-mini,11,random_criterion,release,0.84,19729,14.84116169879202,53.51926696976743,38.67810527097541,139,138,437
JB GPT-5.4-mini,11,random_criterion,release,0.95,22313,5.084989823507595,27.01090433745297,21.925914513945376,139,138,437
JB GPT-5.4-mini,11,disagreement_then_random,release,0.05,1174,3.0,0.0,-3.0,139,138,437
JB GPT-5.4-mini,11,disagreement_then_random,release,0.2,4697,21.820714327743822,5.841960654201551,-15.978753673542272,139,138,437
JB GPT-5.4-mini,11,disagreement_then_random,release,0.5,11744,40.813255157923166,42.44670028666678,1.6334451287436167,139,138,437
JB GPT-5.4-mini,11,disagreement_then_random,release,0.84,19729,16.8424740272753,58.24640780830612,41.403933781030815,139,138,437
JB GPT-5.4-mini,11,disagreement_then_random,release,0.95,22313,5.558279829396682,29.852300085962725,24.294020256566043,139,138,437
JB GPT-5.4-mini,12,random_criterion,release,0.05,1174,10.4491488279923,2.102234063202159,-8.34691476479014,131,131,446
JB GPT-5.4-mini,12,random_criterion,release,0.2,4697,28.53360912666324,10.814103008912129,-17.71950611775111,131,131,446
JB GPT-5.4-mini,12,random_criterion,release,0.5,11744,33.743512538619626,36.326928424761874,2.583415886142248,131,131,446
JB GPT-5.4-mini,12,random_criterion,release,0.84,19729,14.884518701500808,47.95804574343469,33.07352704193388,131,131,446
JB GPT-5.4-mini,12,random_criterion,release,0.95,22313,4.999991972222857,23.78893116085628,18.78893918863342,131,131,446
JB GPT-5.4-mini,12,disagreement_then_random,release,0.05,1174,3.0,0.0,-3.0,131,131,446
JB GPT-5.4-mini,12,disagreement_then_random,release,0.2,4697,21.84668077144732,2.8400063348086895,-19.006674436638633,131,131,446
JB GPT-5.4-mini,12,disagreement_then_random,release,0.5,11744,41.45537896994478,38.80407059701623,-2.651308372928554,131,131,446
JB GPT-5.4-mini,12,disagreement_then_random,release,0.84,19729,16.78418689874936,53.19519745373852,36.41101055498916,131,131,446
JB GPT-5.4-mini,12,disagreement_then_random,release,0.95,22313,5.43699399444069,26.4983388169466,21.06134482250591,131,131,446
JB GPT-5.4-mini,13,random_criterion,release,0.05,1174,10.163785065758368,2.502880068263547,-7.660904997494821,145,145,441
JB GPT-5.4-mini,13,random_criterion,release,0.2,4697,27.68307895994279,12.465745233675756,-15.217333726267034,145,145,441
JB GPT-5.4-mini,13,random_criterion,release,0.5,11744,33.017092121642534,41.1284183174791,8.111326195836568,145,145,441
JB GPT-5.4-mini,13,random_criterion,release,0.84,19729,14.999189175626372,55.358609735240826,40.359420559614456,145,145,441
JB GPT-5.4-mini,13,random_criterion,release,0.95,22313,5.136532392966558,27.69249528708032,22.55596289411376,145,145,441
JB GPT-5.4-mini,13,disagreement_then_random,release,0.05,1174,2.0,1.0,-1.0,145,145,441
JB GPT-5.4-mini,13,disagreement_then_random,release,0.2,4697,20.479090599042106,9.05742722283396,-11.421663376208146,145,145,441
JB GPT-5.4-mini,13,disagreement_then_random,release,0.5,11744,39.498988802752585,48.42547950225244,8.926490699499858,145,145,441
JB GPT-5.4-mini,13,disagreement_then_random,release,0.84,19729,17.211305897460175,61.97215754735458,44.760851649894406,145,145,441
JB GPT-5.4-mini,13,disagreement_then_random,release,0.95,22313,5.764516226797515,30.61421832374755,24.849702096950036,145,145,441
JB GPT-5.4-mini,14,random_criterion,release,0.05,1174,11.104816175676731,1.8595358206473787,-9.245280355029353,124,123,452
JB GPT-5.4-mini,14,random_criterion,release,0.2,4697,31.04889623257921,9.914297515225956,-21.134598717353256,124,123,452
JB GPT-5.4-mini,14,random_criterion,release,0.5,11744,38.08308661535427,34.14034283653447,-3.9427437788197963,124,123,452
JB GPT-5.4-mini,14,random_criterion,release,0.84,19729,17.404672046443586,44.281013720863726,26.87634167442014,124,123,452
JB GPT-5.4-mini,14,random_criterion,release,0.95,22313,5.9279146724143414,21.69786697695463,15.769952304540286,124,123,452
JB GPT-5.4-mini,14,disagreement_then_random,release,0.05,1174,2.0,1.0,-1.0,124,123,452
JB GPT-5.4-mini,14,disagreement_then_random,release,0.2,4697,23.975315753881336,2.838754837018615,-21.13656091686272,124,123,452
JB GPT-5.4-mini,14,disagreement_then_random,release,0.5,11744,46.45300257540372,37.8869170654365,-8.566085509967223,124,123,452
JB GPT-5.4-mini,14,disagreement_then_random,release,0.84,19729,19.93324249765039,49.07732588529046,29.144083387640073,124,123,452
JB GPT-5.4-mini,14,disagreement_then_random,release,0.95,22313,6.584209384369111,23.951344470429376,17.367135086060266,124,123,452
JB GPT-5.4-mini,15,random_criterion,release,0.05,1174,10.765273156481022,1.8955399148968035,-8.86973324158422,127,126,446
JB GPT-5.4-mini,15,random_criterion,release,0.2,4697,30.158274183961783,9.939650978709887,-20.218623205251895,127,126,446
JB GPT-5.4-mini,15,random_criterion,release,0.5,11744,36.98799232862362,34.26755539929018,-2.720436929333438,127,126,446
JB GPT-5.4-mini,15,random_criterion,release,0.84,19729,16.921732991599,45.684807620617796,28.763074629018796,127,126,446
JB GPT-5.4-mini,15,random_criterion,release,0.95,22313,5.776110365920783,22.53311053379342,16.757000167872636,127,126,446
JB GPT-5.4-mini,15,disagreement_then_random,release,0.05,1174,2.0,0.0,-2.0,127,126,446
JB GPT-5.4-mini,15,disagreement_then_random,release,0.2,4697,22.02291397735064,2.8781240148608034,-19.14478996248984,127,126,446
JB GPT-5.4-mini,15,disagreement_then_random,release,0.5,11744,44.26509968111392,38.66297727280993,-5.602122408303984,127,126,446
JB GPT-5.4-mini,15,disagreement_then_random,release,0.84,19729,19.52306894697077,50.918512276356644,31.395443329385873,127,126,446
JB GPT-5.4-mini,15,disagreement_then_random,release,0.95,22313,6.542657399012794,24.87364548002145,18.33098808100866,127,126,446
JB GPT-5.4-mini,16,random_criterion,release,0.05,1174,10.344735152236705,2.272512978888761,-8.072222173347944,142,141,440
JB GPT-5.4-mini,16,random_criterion,release,0.2,4697,28.174515184576244,11.749645795821053,-16.42486938875519,142,141,440
JB GPT-5.4-mini,16,random_criterion,release,0.5,11744,32.948118554157546,39.68233141805211,6.734212863894562,142,141,440
JB GPT-5.4-mini,16,random_criterion,release,0.84,19729,14.566530700957191,52.163361513636815,37.59683081267963,142,141,440
JB GPT-5.4-mini,16,random_criterion,release,0.95,22313,4.928354543901819,25.922175218949846,20.993820675048028,142,141,440
JB GPT-5.4-mini,16,disagreement_then_random,release,0.05,1174,2.0,1.0,-1.0,142,141,440
JB GPT-5.4-mini,16,disagreement_then_random,release,0.2,4697,24.486412111361325,5.038317974321151,-19.448094137040172,142,141,440
JB GPT-5.4-mini,16,disagreement_then_random,release,0.5,11744,41.389000443024095,44.137811224941885,2.74881078191779,142,141,440
JB GPT-5.4-mini,16,disagreement_then_random,release,0.84,19729,16.715101255730346,57.731597684204154,41.01649642847381,142,141,440
JB GPT-5.4-mini,16,disagreement_then_random,release,0.95,22313,5.429440693771056,28.71159284306472,23.282152149293665,142,141,440
JB GPT-5.4-mini,17,random_criterion,release,0.05,1174,9.740105783544065,2.457601811185214,-7.282503972358851,141,141,429
JB GPT-5.4-mini,17,random_criterion,release,0.2,4697,26.39667822675013,12.32048157305478,-14.07619665369535,141,141,429
JB GPT-5.4-mini,17,random_criterion,release,0.5,11744,30.660137220984208,40.547376881033856,9.887239660049648,141,141,429
JB GPT-5.4-mini,17,random_criterion,release,0.84,19729,13.55422768293644,53.25195021779259,39.69772253485615,141,141,429
JB GPT-5.4-mini,17,random_criterion,release,0.95,22313,4.615622076920024,26.25719286417568,21.641570787255652,141,141,429
JB GPT-5.4-mini,17,disagreement_then_random,release,0.05,1174,2.0,0.0,-2.0,141,141,429
JB GPT-5.4-mini,17,disagreement_then_random,release,0.2,4697,20.534128417703872,5.058586005650274,-15.4755424120536,141,141,429
JB GPT-5.4-mini,17,disagreement_then_random,release,0.5,11744,38.79207429089451,44.72722497110176,5.935150680207251,141,141,429
JB GPT-5.4-mini,17,disagreement_then_random,release,0.84,19729,15.682091755566347,59.00757592399337,43.325484168427025,141,141,429
JB GPT-5.4-mini,17,disagreement_then_random,release,0.95,22313,5.111724916437854,29.011165649472815,23.89944073303496,141,141,429
JB GPT-5.4-mini,18,random_criterion,release,0.05,1174,10.321591413156407,2.489370506864702,-7.832220906291704,128,127,449
JB GPT-5.4-mini,18,random_criterion,release,0.2,4697,28.142419007360093,12.194588378055121,-15.947830629304972,128,127,449
JB GPT-5.4-mini,18,random_criterion,release,0.5,11744,33.48212091344969,38.69882924426628,5.216708330816587,128,127,449
JB GPT-5.4-mini,18,random_criterion,release,0.84,19729,15.460125539342712,49.26632353795507,33.806197998612355,128,127,449
JB GPT-5.4-mini,18,random_criterion,release,0.95,22313,5.320471583910976,24.180784614222915,18.86031303031194,128,127,449
JB GPT-5.4-mini,18,disagreement_then_random,release,0.05,1174,1.0,1.0,0.0,128,127,449
JB GPT-5.4-mini,18,disagreement_then_random,release,0.2,4697,23.3033560654379,3.93775294722165,-19.36560311821625,128,127,449
JB GPT-5.4-mini,18,disagreement_then_random,release,0.5,11744,40.276182302949785,40.8447213463151,0.5685390433653126,128,127,449
JB GPT-5.4-mini,18,disagreement_then_random,release,0.84,19729,17.462291699282435,53.908967131694794,36.44667543241236,128,127,449
JB GPT-5.4-mini,18,disagreement_then_random,release,0.95,22313,5.869846691234569,26.66462694947853,20.79478025824396,128,127,449
JB GPT-5.4-mini,19,random_criterion,release,0.05,1174,10.502284801928361,2.192852729870552,-8.30943207205781,134,134,443
JB GPT-5.4-mini,19,random_criterion,release,0.2,4697,29.35379691622983,11.09634118523187,-18.25745573099796,134,134,443
JB GPT-5.4-mini,19,random_criterion,release,0.5,11744,35.48102185611202,36.988693642675436,1.5076717865634137,134,134,443
JB GPT-5.4-mini,19,random_criterion,release,0.84,19729,15.997043097007097,49.42710588105453,33.430062784047436,134,134,443
JB GPT-5.4-mini,19,random_criterion,release,0.95,22313,5.416027219324073,24.710851524251794,19.294824304927722,134,134,443
JB GPT-5.4-mini,19,disagreement_then_random,release,0.05,1174,3.0,0.0,-3.0,134,134,443
JB GPT-5.4-mini,19,disagreement_then_random,release,0.2,4697,23.961445172995816,3.8407861398497425,-20.120659033146072,134,134,443
JB GPT-5.4-mini,19,disagreement_then_random,release,0.5,11744,44.63329838651974,40.009132488188875,-4.624165898330865,134,134,443
JB GPT-5.4-mini,19,disagreement_then_random,release,0.84,19729,18.431061057517763,54.69642009980052,36.26535904228275,134,134,443
JB GPT-5.4-mini,19,disagreement_then_random,release,0.95,22313,5.984037031602941,27.56865679943347,21.584619767830528,134,134,443
JB GPT-5.4-mini,20,random_criterion,release,0.05,1174,10.244303466936417,2.2374704778137535,-8.006832989122664,127,127,453
JB GPT-5.4-mini,20,random_criterion,release,0.2,4697,28.17556348455806,11.191745529053085,-16.983817955504975,127,127,453
JB GPT-5.4-mini,20,random_criterion,release,0.5,11744,33.45128178405394,36.56612371071239,3.1148419266584497,127,127,453
JB GPT-5.4-mini,20,random_criterion,release,0.84,19729,14.774026034121725,47.59469294150692,32.820666907385196,127,127,453
JB GPT-5.4-mini,20,random_criterion,release,0.95,22313,4.983453153399702,23.784573022083364,18.801119868683664,127,127,453
JB GPT-5.4-mini,20,disagreement_then_random,release,0.05,1174,2.0,0.0,-2.0,127,127,453
JB GPT-5.4-mini,20,disagreement_then_random,release,0.2,4697,23.689388736832385,2.839210334584362,-20.850178402248023,127,127,453
JB GPT-5.4-mini,20,disagreement_then_random,release,0.5,11744,43.023669534690605,38.399524368426,-4.624145166264604,127,127,453
JB GPT-5.4-mini,20,disagreement_then_random,release,0.84,19729,17.50025251803982,51.69394016758144,34.193687649541616,127,127,453
JB GPT-5.4-mini,20,disagreement_then_random,release,0.95,22313,5.676988539379329,25.99869987528308,20.32171133590375,127,127,453
JB GPT-5.4-mini,21,random_criterion,release,0.05,1174,10.86729387234642,2.0923789073743437,-8.774914964972076,127,127,458
JB GPT-5.4-mini,21,random_criterion,release,0.2,4697,29.424349028783386,10.663732575275384,-18.760616453508,127,127,458
JB GPT-5.4-mini,21,random_criterion,release,0.5,11744,34.95415807883017,35.50439046274099,0.5502323839108243,127,127,458
JB GPT-5.4-mini,21,random_criterion,release,0.84,19729,16.042823353572516,46.16785317151534,30.125029817942824,127,127,458
JB GPT-5.4-mini,21,random_criterion,release,0.95,22313,5.5136283240088275,22.55509571700233,17.041467392993503,127,127,458
JB GPT-5.4-mini,21,disagreement_then_random,release,0.05,1174,3.0,0.0,-3.0,127,127,458
JB GPT-5.4-mini,21,disagreement_then_random,release,0.2,4697,22.69801627620556,2.760510965697293,-19.937505310508268,127,127,458
JB GPT-5.4-mini,21,disagreement_then_random,release,0.5,11744,42.58270432148188,37.224285612057464,-5.358418709424413,127,127,458
JB GPT-5.4-mini,21,disagreement_then_random,release,0.84,19729,18.864421354950217,50.125861989849426,31.26144063489921,127,127,458
JB GPT-5.4-mini,21,disagreement_then_random,release,0.95,22313,6.349213583296911,24.590692870268327,18.241479286971416,127,127,458
JB GPT-5.4-mini,22,random_criterion,release,0.05,1174,10.311275503384396,2.1472448225254053,-8.16403068085899,128,128,436
JB GPT-5.4-mini,22,random_criterion,release,0.2,4697,28.112116377524696,10.938907822233828,-17.17320855529087,128,128,436
JB GPT-5.4-mini,22,random_criterion,release,0.5,11744,33.90660290757958,36.50734667201127,2.600743764431691,128,128,436
JB GPT-5.4-mini,22,random_criterion,release,0.84,19729,15.989635645817216,48.3718452840654,32.382209638248185,128,128,436
JB GPT-5.4-mini,22,random_criterion,release,0.95,22313,5.542986684325619,24.009339405745934,18.466352721420314,128,128,436
JB GPT-5.4-mini,22,disagreement_then_random,release,0.05,1174,2.0,1.0,-1.0,128,128,436
JB GPT-5.4-mini,22,disagreement_then_random,release,0.2,4697,23.683539804958194,4.820125530811733,-18.86341427414646,128,128,436
JB GPT-5.4-mini,22,disagreement_then_random,release,0.5,11744,43.584315916025616,40.41680716672556,-3.1675087493000547,128,128,436
JB GPT-5.4-mini,22,disagreement_then_random,release,0.84,19729,19.17596623694946,53.92511446619027,34.74914822924082,128,128,436
JB GPT-5.4-mini,22,disagreement_then_random,release,0.95,22313,6.426295881984869,26.675354392624712,20.24905851063984,128,128,436
JB GPT-5.4-mini,23,random_criterion,release,0.05,1174,10.834851860444752,1.8423161043712528,-8.992535756073499,119,119,466
JB GPT-5.4-mini,23,random_criterion,release,0.2,4697,29.549139268641948,9.652430140109452,-19.896709128532496,119,119,466
JB GPT-5.4-mini,23,random_criterion,release,0.5,11744,35.37395374944553,32.80050377136285,-2.573449978082685,119,119,466
JB GPT-5.4-mini,23,random_criterion,release,0.84,19729,16.308412416781266,42.96141914648118,26.65300672969991,119,119,466
JB GPT-5.4-mini,23,random_criterion,release,0.95,22313,5.60849158548409,21.373109216878333,15.764617631394243,119,119,466
JB GPT-5.4-mini,23,disagreement_then_random,release,0.05,1174,2.0,1.0,-1.0,119,119,466
JB GPT-5.4-mini,23,disagreement_then_random,release,0.2,4697,24.780922206584204,3.699654210267223,-21.08126799631698,119,119,466
JB GPT-5.4-mini,23,disagreement_then_random,release,0.5,11744,44.96528405863417,36.370606443912315,-8.594677614721853,119,119,466
JB GPT-5.4-mini,23,disagreement_then_random,release,0.84,19729,19.515413211167502,47.83738082733544,28.321967616167935,119,119,466
JB GPT-5.4-mini,23,disagreement_then_random,release,0.95,22313,6.537538645310333,23.864974650069243,17.32743600475891,119,119,466
JB GPT-5.4-mini,24,random_criterion,release,0.05,1174,10.778821583899738,1.8622811742295828,-8.916540409670155,127,127,457
JB GPT-5.4-mini,24,random_criterion,release,0.2,4697,29.88135220387357,9.970021968328345,-19.911330235545222,127,127,457
JB GPT-5.4-mini,24,random_criterion,release,0.5,11744,36.814263696312395,34.6400440625911,-2.174219633721293,127,127,457
JB GPT-5.4-mini,24,random_criterion,release,0.84,19729,17.31005928544368,45.90091479657012,28.590855511126442,127,127,457
JB GPT-5.4-mini,24,random_criterion,release,0.95,22313,5.952628789440405,22.725966855446742,16.77333806600634,127,127,457
JB GPT-5.4-mini,24,disagreement_then_random,release,0.05,1174,2.0,1.0,-1.0,127,127,457
JB GPT-5.4-mini,24,disagreement_then_random,release,0.2,4697,22.03399601367196,3.8200623276291332,-18.213933686042825,127,127,457
JB GPT-5.4-mini,24,disagreement_then_random,release,0.5,11744,44.472302608861,38.91627016581161,-5.556032443049389,127,127,457
JB GPT-5.4-mini,24,disagreement_then_random,release,0.84,19729,20.01341446922653,50.91565488087085,30.902240411644318,127,127,457
JB GPT-5.4-mini,24,disagreement_then_random,release,0.95,22313,6.720785829349407,25.11490271498255,18.394116885633142,127,127,457
JB GPT-5.4-mini,25,random_criterion,release,0.05,1174,10.689991903724154,1.9121354719421244,-8.77785643178203,127,126,449
JB GPT-5.4-mini,25,random_criterion,release,0.2,4697,29.028053677913533,10.160372244319118,-18.867681433594413,127,126,449
JB GPT-5.4-mini,25,random_criterion,release,0.5,11744,34.77511859315024,34.93537363394961,0.16025504079937036,127,126,449
JB GPT-5.4-mini,25,random_criterion,release,0.84,19729,16.22703994440712,45.4037561947974,29.17671625039028,127,126,449
JB GPT-5.4-mini,25,random_criterion,release,0.95,22313,5.600781589485384,22.162975848099165,16.562194258613783,127,126,449
JB GPT-5.4-mini,25,disagreement_then_random,release,0.05,1174,1.0,0.0,-1.0,127,126,449
JB GPT-5.4-mini,25,disagreement_then_random,release,0.2,4697,20.94220634139862,2.8987772621906647,-18.043429079207954,127,126,449
JB GPT-5.4-mini,25,disagreement_then_random,release,0.5,11744,42.37633940922549,39.16455963252585,-3.211779776699636,127,126,449
JB GPT-5.4-mini,25,disagreement_then_random,release,0.84,19729,18.791543539816754,50.79287096860579,32.00132742878904,127,126,449
JB GPT-5.4-mini,25,disagreement_then_random,release,0.95,22313,6.339320618805144,24.64732054422302,18.307999925417878,127,126,449
JB GPT-5.4-mini,26,random_criterion,release,0.05,1174,11.037649856325261,2.2527874337420553,-8.784862422583206,135,134,452
JB GPT-5.4-mini,26,random_criterion,release,0.2,4697,29.727340445970064,11.447610103690902,-18.279730342279162,135,134,452
JB GPT-5.4-mini,26,random_criterion,release,0.5,11744,35.15035364948914,38.18414341871415,3.0337897692250095,135,134,452
JB GPT-5.4-mini,26,random_criterion,release,0.84,19729,16.13314301832004,50.4664249669932,34.33328194867316,135,134,452
JB GPT-5.4-mini,26,random_criterion,release,0.95,22313,5.553302846803397,25.018978132222813,19.465675285419415,135,134,452
JB GPT-5.4-mini,26,disagreement_then_random,release,0.05,1174,2.0,0.0,-2.0,135,134,452
JB GPT-5.4-mini,26,disagreement_then_random,release,0.2,4697,24.679874500701622,3.9779098485971995,-20.701964652104422,135,134,452
JB GPT-5.4-mini,26,disagreement_then_random,release,0.5,11744,44.02899328624365,41.84513193832764,-2.1838613479160074,135,134,452
JB GPT-5.4-mini,26,disagreement_then_random,release,0.84,19729,19.08551628028792,55.83164831875196,36.74613203846404,135,134,452
JB GPT-5.4-mini,26,disagreement_then_random,release,0.95,22313,6.404459766909427,27.718910315178462,21.314450548269036,135,134,452
JB GPT-5.4-mini,27,random_criterion,release,0.05,1174,10.592171607601804,2.21190967062352,-8.380261936978284,132,132,450
JB GPT-5.4-mini,27,random_criterion,release,0.2,4697,29.322326470372346,11.349720935079905,-17.97260553529244,132,132,450
JB GPT-5.4-mini,27,random_criterion,release,0.5,11744,34.25048641105938,37.738121635889,3.4876352248296243,132,132,450
JB GPT-5.4-mini,27,random_criterion,release,0.84,19729,15.432567214416036,48.75484752920347,33.322280314787434,132,132,450
JB GPT-5.4-mini,27,random_criterion,release,0.95,22313,5.338248523347628,23.93034494552066,18.592096422173032,132,132,450
JB GPT-5.4-mini,27,disagreement_then_random,release,0.05,1174,3.0,0.0,-3.0,132,132,450
JB GPT-5.4-mini,27,disagreement_then_random,release,0.2,4697,25.578787799487127,3.958792822932297,-21.619994976554832,132,132,450
JB GPT-5.4-mini,27,disagreement_then_random,release,0.5,11744,42.65120475789648,41.516353286340454,-1.1348514715560256,132,132,450
JB GPT-5.4-mini,27,disagreement_then_random,release,0.84,19729,17.748016168977994,54.515320866506634,36.767304697528644,132,132,450
JB GPT-5.4-mini,27,disagreement_then_random,release,0.95,22313,5.9318578369862465,26.81887665167183,20.887018814685582,132,132,450
JB GPT-5.4-mini,28,random_criterion,release,0.05,1174,10.424450720840372,2.3344657199295162,-8.089985000910856,128,128,445
JB GPT-5.4-mini,28,random_criterion,release,0.2,4697,28.242242855416126,11.525815872243614,-16.71642698317251,128,128,445
JB GPT-5.4-mini,28,random_criterion,release,0.5,11744,33.1337080425895,37.117714339344,3.984006296754501,128,128,445
JB GPT-5.4-mini,28,random_criterion,release,0.84,19729,14.91842101672919,48.37149242507921,33.45307140835002,128,128,445
JB GPT-5.4-mini,28,random_criterion,release,0.95,22313,5.095711949817166,24.140701933948037,19.044989984130872,128,128,445
JB GPT-5.4-mini,28,disagreement_then_random,release,0.05,1174,2.0,1.0,-1.0,128,128,445
JB GPT-5.4-mini,28,disagreement_then_random,release,0.2,4697,23.651008601028828,5.857856892943909,-17.79315170808492,128,128,445
JB GPT-5.4-mini,28,disagreement_then_random,release,0.5,11744,41.86798123767696,41.17069021939394,-0.6972910182830176,128,128,445
JB GPT-5.4-mini,28,disagreement_then_random,release,0.84,19729,17.529522087601954,53.22710911905489,35.69758703145293,128,128,445
JB GPT-5.4-mini,28,disagreement_then_random,release,0.95,22313,5.797368756733715,26.61862783325458,20.821259076520864,128,128,445
JB GPT-5.4-mini,29,random_criterion,release,0.05,1174,10.350649702881777,2.4497448034911047,-7.900904899390672,133,133,438
JB GPT-5.4-mini,29,random_criterion,release,0.2,4697,27.862412300324976,12.17814549604309,-15.684266804281886,133,133,438
JB GPT-5.4-mini,29,random_criterion,release,0.5,11744,32.08779700030911,39.500745240952604,7.412948240643495,133,133,438
JB GPT-5.4-mini,29,random_criterion,release,0.84,19729,14.2490206613078,51.278275645906426,37.02925498459862,133,133,438
JB GPT-5.4-mini,29,random_criterion,release,0.95,22313,4.8568785862461,25.495474005091978,20.638595418845878,133,133,438
JB GPT-5.4-mini,29,disagreement_then_random,release,0.05,1174,3.0,0.0,-3.0,133,133,438
JB GPT-5.4-mini,29,disagreement_then_random,release,0.2,4697,23.38327482553232,3.9393444686839825,-19.44393035684834,133,133,438
JB GPT-5.4-mini,29,disagreement_then_random,release,0.5,11744,39.11960869049791,41.53993862858533,2.42032993808742,133,133,438
JB GPT-5.4-mini,29,disagreement_then_random,release,0.84,19729,15.998662938762468,55.95428512206406,39.955622183301585,133,133,438
JB GPT-5.4-mini,29,disagreement_then_random,release,0.95,22313,5.2665740459119625,27.981518601457964,22.714944555546,133,133,438
JB GPT-5.4-mini,30,random_criterion,release,0.05,1174,10.500644497399879,2.449140822919034,-8.051503674480845,133,130,444
JB GPT-5.4-mini,30,random_criterion,release,0.2,4697,28.47232190817573,12.143273921233492,-16.329047986942236,133,130,444
JB GPT-5.4-mini,30,random_criterion,release,0.5,11744,33.65958822196945,39.082472839615015,5.422884617645565,133,130,444
JB GPT-5.4-mini,30,random_criterion,release,0.84,19729,15.443977373487543,49.75947874536064,34.3155013718731,133,130,444
JB GPT-5.4-mini,30,random_criterion,release,0.95,22313,5.316671916797288,24.227221488596896,18.910549571799606,133,130,444
JB GPT-5.4-mini,30,disagreement_then_random,release,0.05,1174,3.0,0.0,-3.0,133,130,444
JB GPT-5.4-mini,30,disagreement_then_random,release,0.2,4697,23.69309048680447,4.054654608429245,-19.638435878375223,133,130,444
JB GPT-5.4-mini,30,disagreement_then_random,release,0.5,11744,42.38655219494538,42.35709272906434,-0.029459465881039648,133,130,444
JB GPT-5.4-mini,30,disagreement_then_random,release,0.84,19729,17.845820461746893,54.427724419284395,36.581903957537506,133,130,444
JB GPT-5.4-mini,30,disagreement_then_random,release,0.95,22313,5.912494706795551,26.38405414635949,20.47155943956394,133,130,444
JB GPT-5.4-mini,31,random_criterion,release,0.05,1174,9.983702385876644,2.626981299648906,-7.356721086227738,128,127,452
JB GPT-5.4-mini,31,random_criterion,release,0.2,4697,27.369049809228503,12.60675645874031,-14.762293350488193,128,127,452
JB GPT-5.4-mini,31,random_criterion,release,0.5,11744,33.17315037731455,39.28291213847354,6.1097617611589925,128,127,452
JB GPT-5.4-mini,31,random_criterion,release,0.84,19729,15.700627715053765,50.16973506163004,34.46910734657628,128,127,452
JB GPT-5.4-mini,31,random_criterion,release,0.95,22313,5.445810863974946,24.744470102791865,19.29865923881692,128,127,452
JB GPT-5.4-mini,31,disagreement_then_random,release,0.05,1174,2.0,1.0,-1.0,128,127,452
JB GPT-5.4-mini,31,disagreement_then_random,release,0.2,4697,23.642802545150843,5.956035506616029,-17.686767038534814,128,127,452
JB GPT-5.4-mini,31,disagreement_then_random,release,0.5,11744,42.993255212831905,42.593634833871334,-0.3996203789605701,128,127,452
JB GPT-5.4-mini,31,disagreement_then_random,release,0.84,19729,18.792837405093927,54.96158843576267,36.168751030668744,128,127,452
JB GPT-5.4-mini,31,disagreement_then_random,release,0.95,22313,6.299619439120663,27.272023569331324,20.972404130210663,128,127,452
JB GPT-5.4-mini,32,random_criterion,release,0.05,1174,10.168039117072471,2.284953184941027,-7.8830859321314435,128,128,442
JB GPT-5.4-mini,32,random_criterion,release,0.2,4697,28.171153684660904,11.35045516822188,-16.820698516439023,128,128,442
JB GPT-5.4-mini,32,random_criterion,release,0.5,11744,34.5829478109971,36.771230472521,2.1882826615238997,128,128,442
JB GPT-5.4-mini,32,random_criterion,release,0.84,19729,16.254092283273565,46.98288073739214,30.72878845411858,128,128,442
JB GPT-5.4-mini,32,random_criterion,release,0.95,22313,5.605032404770493,22.94150946928937,17.336477064518878,128,128,442
JB GPT-5.4-mini,32,disagreement_then_random,release,0.05,1174,2.0,1.0,-1.0,128,128,442
JB GPT-5.4-mini,32,disagreement_then_random,release,0.2,4697,23.801219418690618,3.917113874385847,-19.88410554430477,128,128,442
JB GPT-5.4-mini,32,disagreement_then_random,release,0.5,11744,44.45270897776985,40.211062587916594,-4.241646389853258,128,128,442
JB GPT-5.4-mini,32,disagreement_then_random,release,0.84,19729,19.154867415547344,51.71920819181663,32.56434077626928,128,128,442
JB GPT-5.4-mini,32,disagreement_then_random,release,0.95,22313,6.3767251467782184,25.102736027348826,18.726010880570605,128,128,442
JB GPT-5.4-mini,33,random_criterion,release,0.05,1174,10.593326216417546,2.0320719774456784,-8.561254238971868,137,136,443
JB GPT-5.4-mini,33,random_criterion,release,0.2,4697,28.923281496071954,10.879216793848844,-18.04406470222311,137,136,443
JB GPT-5.4-mini,33,random_criterion,release,0.5,11744,33.46675962225868,37.891258147649346,4.424498525390668,137,136,443
JB GPT-5.4-mini,33,random_criterion,release,0.84,19729,14.365609881118118,50.82218557817142,36.4565756970533,137,136,443
JB GPT-5.4-mini,33,random_criterion,release,0.95,22313,4.834405068697571,25.386108430625043,20.551703361927473,137,136,443
JB GPT-5.4-mini,33,disagreement_then_random,release,0.05,1174,3.0,0.0,-3.0,137,136,443
JB GPT-5.4-mini,33,disagreement_then_random,release,0.2,4697,23.612109377908467,4.880912342731931,-18.731197035176535,137,136,443
JB GPT-5.4-mini,33,disagreement_then_random,release,0.5,11744,41.0457562254433,41.82132967913933,0.7755734536960333,137,136,443
JB GPT-5.4-mini,33,disagreement_then_random,release,0.84,19729,16.783929079416747,56.14003399146587,39.35610491204912,137,136,443
JB GPT-5.4-mini,33,disagreement_then_random,release,0.95,22313,5.511707963077882,28.150218872903622,22.63851090982574,137,136,443
JB GPT-5.4-mini,34,random_criterion,release,0.05,1174,10.900734327283292,2.107233563251388,-8.793500764031904,130,130,453
JB GPT-5.4-mini,34,random_criterion,release,0.2,4697,29.622275562489396,10.896011380069822,-18.726264182419573,130,130,453
JB GPT-5.4-mini,34,random_criterion,release,0.5,11744,35.24151360393526,36.915570334284176,1.6740567303489158,130,130,453
JB GPT-5.4-mini,34,random_criterion,release,0.84,19729,16.254657774892465,49.434049140411084,33.17939136551862,130,130,453
JB GPT-5.4-mini,34,random_criterion,release,0.95,22313,5.601732800359322,24.634153472797976,19.032420672438654,130,130,453
JB GPT-5.4-mini,34,disagreement_then_random,release,0.05,1174,3.0,0.0,-3.0,130,130,453
JB GPT-5.4-mini,34,disagreement_then_random,release,0.2,4697,22.889754936873,3.93737502642024,-18.95237991045276,130,130,453
JB GPT-5.4-mini,34,disagreement_then_random,release,0.5,11744,43.61737262330718,40.851308935035654,-2.7660636882715295,130,130,453
JB GPT-5.4-mini,34,disagreement_then_random,release,0.84,19729,18.819598730029213,54.36210227439865,35.54250354436944,130,130,453
JB GPT-5.4-mini,34,disagreement_then_random,release,0.95,22313,6.298215434833243,26.992062470384155,20.693847035550913,130,130,453
JB GPT-5.4-mini,35,random_criterion,release,0.05,1174,10.715174040578084,2.0322904155150274,-8.682883625063056,119,119,459
JB GPT-5.4-mini,35,random_criterion,release,0.2,4697,30.060297315933326,10.298423619553228,-19.7618736963801,119,119,459
JB GPT-5.4-mini,35,random_criterion,release,0.5,11744,36.824541373521164,34.07457457967014,-2.749966793851023,119,119,459
JB GPT-5.4-mini,35,random_criterion,release,0.84,19729,17.420755348540013,44.998907508782715,27.578152160242702,119,119,459
JB GPT-5.4-mini,35,random_criterion,release,0.95,22313,6.084089317239296,22.498703928795734,16.414614611556438,119,119,459
JB GPT-5.4-mini,35,disagreement_then_random,release,0.05,1174,3.0,0.0,-3.0,119,119,459
JB GPT-5.4-mini,35,disagreement_then_random,release,0.2,4697,21.69310429772999,3.7585183193511758,-17.934585978378816,119,119,459
JB GPT-5.4-mini,35,disagreement_then_random,release,0.5,11744,42.65229394771492,37.42288273299948,-5.229411214715434,119,119,459
JB GPT-5.4-mini,35,disagreement_then_random,release,0.84,19729,18.95726460631549,50.03382386240099,31.076559256085503,119,119,459
JB GPT-5.4-mini,35,disagreement_then_random,release,0.95,22313,6.394918666341349,25.25771421165149,18.862795545310142,119,119,459
JB GPT-5.4-mini,36,random_criterion,release,0.05,1174,10.590473199851909,2.1524860429867676,-8.437987156865141,134,134,455
JB GPT-5.4-mini,36,random_criterion,release,0.2,4697,29.470553777742953,11.033949511890327,-18.436604265852626,134,134,455
JB GPT-5.4-mini,36,random_criterion,release,0.5,11744,36.21761628886214,37.18991191062352,0.9722956217613827,134,134,455
JB GPT-5.4-mini,36,random_criterion,release,0.84,19729,16.57324597822484,50.55835969618142,33.98511371795658,134,134,455
JB GPT-5.4-mini,36,random_criterion,release,0.95,22313,5.612332417896109,25.85530898034034,20.24297656244423,134,134,455
JB GPT-5.4-mini,36,disagreement_then_random,release,0.05,1174,2.0,0.0,-2.0,134,134,455
JB GPT-5.4-mini,36,disagreement_then_random,release,0.2,4697,19.13377208916577,2.919485526163219,-16.214286563002553,134,134,455
JB GPT-5.4-mini,36,disagreement_then_random,release,0.5,11744,44.71414460241701,40.20536537159847,-4.50877923081854,134,134,455
JB GPT-5.4-mini,36,disagreement_then_random,release,0.84,19729,19.901011352450354,55.41279343672593,35.51178208427557,134,134,455
JB GPT-5.4-mini,36,disagreement_then_random,release,0.95,22313,6.553279028627129,28.393044659662976,21.839765631035846,134,134,455
JB GPT-5.4-mini,37,random_criterion,release,0.05,1174,11.062240961117457,2.0975132500690767,-8.96472771104838,130,129,462
JB GPT-5.4-mini,37,random_criterion,release,0.2,4697,29.878018028066936,10.754597653709167,-19.12342037435777,130,129,462
JB GPT-5.4-mini,37,random_criterion,release,0.5,11744,35.031353044814686,36.13913558516901,1.1077825403543216,130,129,462
JB GPT-5.4-mini,37,random_criterion,release,0.84,19729,15.76612307733056,47.37179111150369,31.605668034173128,130,129,462
JB GPT-5.4-mini,37,random_criterion,release,0.95,22313,5.383793080034453,23.23069440465605,17.846901324621598,130,129,462
JB GPT-5.4-mini,37,disagreement_then_random,release,0.05,1174,3.0,0.0,-3.0,130,129,462
JB GPT-5.4-mini,37,disagreement_then_random,release,0.2,4697,24.88176982419062,1.7827635357975833,-23.099006288393035,130,129,462
JB GPT-5.4-mini,37,disagreement_then_random,release,0.5,11744,43.89515303843989,37.5171260983416,-6.378026940098287,130,129,462
JB GPT-5.4-mini,37,disagreement_then_random,release,0.84,19729,17.68430617649281,52.09061798077997,34.40631180428716,130,129,462
JB GPT-5.4-mini,37,disagreement_then_random,release,0.95,22313,5.770357006804149,25.707413323333455,19.937056316529308,130,129,462
JB GPT-5.4-mini,38,random_criterion,release,0.05,1174,10.466740964300653,2.144343826959054,-8.3223971373416,123,121,458
JB GPT-5.4-mini,38,random_criterion,release,0.2,4697,28.196663789078556,10.867280419738691,-17.329383369339865,123,121,458
JB GPT-5.4-mini,38,random_criterion,release,0.5,11744,33.16415765571422,35.61842393971132,2.4542662839971,123,121,458
JB GPT-5.4-mini,38,random_criterion,release,0.84,19729,15.533304739282043,45.28885759887618,29.755552859594133,123,121,458
JB GPT-5.4-mini,38,random_criterion,release,0.95,22313,5.3924192491223435,22.006959966999702,16.614540717877357,123,121,458
JB GPT-5.4-mini,38,disagreement_then_random,release,0.05,1174,3.0,0.0,-3.0,123,121,458
JB GPT-5.4-mini,38,disagreement_then_random,release,0.2,4697,21.028708932789264,3.915515326071465,-17.1131936067178,123,121,458
JB GPT-5.4-mini,38,disagreement_then_random,release,0.5,11744,41.97317308540306,39.55905350574826,-2.414119579654802,123,121,458
JB GPT-5.4-mini,38,disagreement_then_random,release,0.84,19729,18.043098098527544,50.44121298653133,32.39811488800379,123,121,458
JB GPT-5.4-mini,38,disagreement_then_random,release,0.95,22313,6.016050104935625,24.479101250143742,18.463051145208116,123,121,458
JB GPT-5.4-mini,39,random_criterion,release,0.05,1174,11.088987696018776,1.8827138503123915,-9.206273845706384,123,122,465
JB GPT-5.4-mini,39,random_criterion,release,0.2,4697,30.989725668392282,9.72276971800649,-21.266955950385793,123,122,465
JB GPT-5.4-mini,39,random_criterion,release,0.5,11744,38.05457444563971,32.88886668407399,-5.16570776156572,123,122,465
JB GPT-5.4-mini,39,random_criterion,release,0.84,19729,17.816558882058626,43.509246639921386,25.69268775786276,123,122,465
JB GPT-5.4-mini,39,random_criterion,release,0.95,22313,6.136632303710651,21.565723336678175,15.429091032967523,123,122,465
JB GPT-5.4-mini,39,disagreement_then_random,release,0.05,1174,3.0,0.0,-3.0,123,122,465
JB GPT-5.4-mini,39,disagreement_then_random,release,0.2,4697,21.155248487610248,3.7565881107861108,-17.398660376824136,123,122,465
JB GPT-5.4-mini,39,disagreement_then_random,release,0.5,11744,44.60590192145262,37.00010793379652,-7.605793987656099,123,122,465
JB GPT-5.4-mini,39,disagreement_then_random,release,0.84,19729,19.937146803216255,48.98976964619233,29.052622842976074,123,122,465
JB GPT-5.4-mini,39,disagreement_then_random,release,0.95,22313,6.708273340166431,24.289332795085485,17.581059454919053,123,122,465
JB GPT-5.4-mini,40,random_criterion,release,0.05,1174,10.46782256104923,2.327312120141318,-8.140510440907912,122,122,456
JB GPT-5.4-mini,40,random_criterion,release,0.2,4697,28.81773470080316,11.419645923521603,-17.398088777281558,122,122,456
JB GPT-5.4-mini,40,random_criterion,release,0.5,11744,35.19451753535496,36.33284875642852,1.1383312210735568,122,122,456
JB GPT-5.4-mini,40,random_criterion,release,0.84,19729,16.40165206461473,45.85596827257783,29.454316207963103,122,122,456
JB GPT-5.4-mini,40,random_criterion,release,0.95,22313,5.651416524372723,22.515873716633408,16.864457192260684,122,122,456
JB GPT-5.4-mini,40,disagreement_then_random,release,0.05,1174,2.0,0.0,-2.0,122,122,456
JB GPT-5.4-mini,40,disagreement_then_random,release,0.2,4697,20.11114225753576,5.682143383470783,-14.428998874064977,122,122,456
JB GPT-5.4-mini,40,disagreement_then_random,release,0.5,11744,42.57275016027329,38.76763270531403,-3.805117454959259,122,122,456
JB GPT-5.4-mini,40,disagreement_then_random,release,0.84,19729,18.53163386908474,50.03538452840672,31.503750659321984,122,122,456
JB GPT-5.4-mini,40,disagreement_then_random,release,0.95,22313,6.189160838508891,24.604729867864208,18.415569029355318,122,122,456
JB GPT-5.4-mini,41,random_criterion,release,0.05,1174,10.102853750685837,2.487651661411207,-7.6152020892746295,136,136,439
JB GPT-5.4-mini,41,random_criterion,release,0.2,4697,27.27369538456974,12.209567819747157,-15.064127564822584,136,136,439
JB GPT-5.4-mini,41,random_criterion,release,0.5,11744,32.24013742470333,39.396016134896634,7.155878710193306,136,136,439
JB GPT-5.4-mini,41,random_criterion,release,0.84,19729,14.486797222826866,52.16426436674372,37.67746714391686,136,136,439
JB GPT-5.4-mini,41,random_criterion,release,0.95,22313,4.919340417045357,26.298102300168196,21.378761883122838,136,136,439
JB GPT-5.4-mini,41,disagreement_then_random,release,0.05,1174,3.0,0.0,-3.0,136,136,439
JB GPT-5.4-mini,41,disagreement_then_random,release,0.2,4697,19.812872272512628,5.9782810373145585,-13.834591235198069,136,136,439
JB GPT-5.4-mini,41,disagreement_then_random,release,0.5,11744,40.3983889008913,43.880615115441316,3.4822262145500176,136,136,439
JB GPT-5.4-mini,41,disagreement_then_random,release,0.84,19729,16.98298808476824,57.73567507475467,40.75268698998643,136,136,439
JB GPT-5.4-mini,41,disagreement_then_random,release,0.95,22313,5.57816246367258,29.079754530019898,23.501592066347317,136,136,439
JB GPT-5.4-mini,42,random_criterion,release,0.05,1174,9.96027204747346,2.6866773992734547,-7.273594648200005,131,129,441
JB GPT-5.4-mini,42,random_criterion,release,0.2,4697,27.297211051162762,12.94331081486183,-14.353900236300932,131,129,441
JB GPT-5.4-mini,42,random_criterion,release,0.5,11744,32.66247921665521,40.18266331012553,7.52018409347032,131,129,441
JB GPT-5.4-mini,42,random_criterion,release,0.84,19729,15.140643900667957,50.13612369243585,34.99547979176789,131,129,441
JB GPT-5.4-mini,42,random_criterion,release,0.95,22313,5.24860411116854,24.53984538859048,19.29124127742194,131,129,441
JB GPT-5.4-mini,42,disagreement_then_random,release,0.05,1174,3.0,0.0,-3.0,131,129,441
JB GPT-5.4-mini,42,disagreement_then_random,release,0.2,4697,23.72863037458484,5.035923593959451,-18.692706780625386,131,129,441
JB GPT-5.4-mini,42,disagreement_then_random,release,0.5,11744,41.87471939512222,43.12086574390204,1.246146348779817,131,129,441
JB GPT-5.4-mini,42,disagreement_then_random,release,0.84,19729,17.572192310316215,54.910365902550964,37.33817359223475,131,129,441
JB GPT-5.4-mini,42,disagreement_then_random,release,0.95,22313,5.878154976934185,26.912021844164812,21.03386686723063,131,129,441
JB GPT-5.4-mini,43,random_criterion,release,0.05,1174,10.086229100909106,2.472212575903196,-7.61401652500591,144,143,427
JB GPT-5.4-mini,43,random_criterion,release,0.2,4697,27.54814373653304,12.537348461625655,-15.010795274907384,144,143,427
JB GPT-5.4-mini,43,random_criterion,release,0.5,11744,32.85526599457178,41.65609890962198,8.8008329150502,144,143,427
JB GPT-5.4-mini,43,random_criterion,release,0.84,19729,15.025791294443941,54.95175336015408,39.92596206571014,144,143,427
JB GPT-5.4-mini,43,random_criterion,release,0.95,22313,5.142330436936781,27.21307231199394,22.07074187505716,144,143,427
JB GPT-5.4-mini,43,disagreement_then_random,release,0.05,1174,3.0,0.0,-3.0,144,143,427
JB GPT-5.4-mini,43,disagreement_then_random,release,0.2,4697,25.56516068184845,3.1002881581036754,-22.464872523744774,144,143,427
JB GPT-5.4-mini,43,disagreement_then_random,release,0.5,11744,43.1089393085319,44.14022210823969,1.031282799707789,144,143,427
JB GPT-5.4-mini,43,disagreement_then_random,release,0.84,19729,17.997107870081624,59.904099753906735,41.906991883825114,144,143,427
JB GPT-5.4-mini,43,disagreement_then_random,release,0.95,22313,5.967181024146785,29.668532652907388,23.7013516287606,144,143,427
JB GPT-5.4-mini,44,random_criterion,release,0.05,1174,10.458322064572284,2.4824104417980752,-7.975911622774209,132,132,445
JB GPT-5.4-mini,44,random_criterion,release,0.2,4697,28.416597958587086,12.114545392822787,-16.3020525657643,132,132,445
JB GPT-5.4-mini,44,random_criterion,release,0.5,11744,33.68056429113318,38.73375944039586,5.053195149262677,132,132,445
JB GPT-5.4-mini,44,random_criterion,release,0.84,19729,15.152442358525647,50.86502236425867,35.712580005733024,132,132,445
JB GPT-5.4-mini,44,random_criterion,release,0.95,22313,5.156248865092058,25.520996381612505,20.364747516520445,132,132,445
JB GPT-5.4-mini,44,disagreement_then_random,release,0.05,1174,3.0,0.0,-3.0,132,132,445
JB GPT-5.4-mini,44,disagreement_then_random,release,0.2,4697,23.55504730614409,3.016097460781147,-20.538949845362943,132,132,445
JB GPT-5.4-mini,44,disagreement_then_random,release,0.5,11744,40.465191953315475,41.15836570599415,0.6931737526786748,132,132,445
JB GPT-5.4-mini,44,disagreement_then_random,release,0.84,19729,16.773334042591948,55.48928110077294,38.715947058180994,132,132,445
JB GPT-5.4-mini,44,disagreement_then_random,release,0.95,22313,5.553288101368429,27.956179185616108,22.402891084247678,132,132,445
JB GPT-5.4-mini,45,random_criterion,release,0.05,1174,10.332516570957543,1.9946498205420662,-8.337866750415476,122,122,455
JB GPT-5.4-mini,45,random_criterion,release,0.2,4697,28.29456703196049,10.286246462837056,-18.008320569123434,122,122,455
JB GPT-5.4-mini,45,random_criterion,release,0.5,11744,34.34948006246328,34.50132759218308,0.1518475297198023,122,122,455
JB GPT-5.4-mini,45,random_criterion,release,0.84,19729,16.473130177813513,45.59728359533047,29.124153417516954,122,122,455
JB GPT-5.4-mini,45,random_criterion,release,0.95,22313,5.756305266497351,22.769544501970643,17.013239235473293,122,122,455
JB GPT-5.4-mini,45,disagreement_then_random,release,0.05,1174,3.0,0.0,-3.0,122,122,455
JB GPT-5.4-mini,45,disagreement_then_random,release,0.2,4697,21.809382200635376,3.779520325063343,-18.02986187557203,122,122,455
JB GPT-5.4-mini,45,disagreement_then_random,release,0.5,11744,42.38301634518483,37.95225597352963,-4.430760371655197,122,122,455
JB GPT-5.4-mini,45,disagreement_then_random,release,0.84,19729,18.85708299941279,50.47041749440025,31.613334494987463,122,122,455
JB GPT-5.4-mini,45,disagreement_then_random,release,0.95,22313,6.3839771275121375,25.29426670190621,18.91028957439407,122,122,455
JB GPT-5.4-mini,46,random_criterion,release,0.05,1174,9.75868713784095,2.5500996317500415,-7.2085875060909075,139,138,426
JB GPT-5.4-mini,46,random_criterion,release,0.2,4697,26.51768603003264,12.603683621912209,-13.91400240812043,139,138,426
JB GPT-5.4-mini,46,random_criterion,release,0.5,11744,32.007402966724534,40.8396895305046,8.832286563780066,139,138,426
JB GPT-5.4-mini,46,random_criterion,release,0.84,19729,14.626107540389459,53.20953299650049,38.58342545611103,139,138,426
JB GPT-5.4-mini,46,random_criterion,release,0.95,22313,4.971748500427006,26.486282856255343,21.51453435582834,139,138,426
JB GPT-5.4-mini,46,disagreement_then_random,release,0.05,1174,3.0,0.0,-3.0,139,138,426
JB GPT-5.4-mini,46,disagreement_then_random,release,0.2,4697,21.345194651245613,6.057412232124746,-15.287782419120866,139,138,426
JB GPT-5.4-mini,46,disagreement_then_random,release,0.5,11744,39.73073832880159,45.33250138598824,5.601763057186645,139,138,426
JB GPT-5.4-mini,46,disagreement_then_random,release,0.84,19729,17.35964807811291,58.66429517501754,41.30464709690463,139,138,426
JB GPT-5.4-mini,46,disagreement_then_random,release,0.95,22313,5.749479138124882,29.081211699655128,23.331732561530245,139,138,426
JB GPT-5.4-mini,47,random_criterion,release,0.05,1174,10.967297262232622,1.9001644171742305,-9.067132845058392,126,126,454
JB GPT-5.4-mini,47,random_criterion,release,0.2,4697,30.318024715551385,9.996263598281727,-20.32176111726966,126,126,454
JB GPT-5.4-mini,47,random_criterion,release,0.5,11744,35.70679958128351,34.37262316931893,-1.3341764119645845,126,126,454
JB GPT-5.4-mini,47,random_criterion,release,0.84,19729,15.8705211618331,45.80523761605944,29.934716454226344,126,126,454
JB GPT-5.4-mini,47,random_criterion,release,0.95,22313,5.39545688714654,22.93411395269058,17.53865706554404,126,126,454
JB GPT-5.4-mini,47,disagreement_then_random,release,0.05,1174,2.0,0.0,-2.0,126,126,454
JB GPT-5.4-mini,47,disagreement_then_random,release,0.2,4697,24.718125602943946,2.7608896459114454,-21.957235957032502,126,126,454
JB GPT-5.4-mini,47,disagreement_then_random,release,0.5,11744,43.71868971141173,37.32260014484712,-6.396089566564605,126,126,454
JB GPT-5.4-mini,47,disagreement_then_random,release,0.84,19729,18.360993587330526,51.24513079355803,32.88413720622751,126,126,454
JB GPT-5.4-mini,47,disagreement_then_random,release,0.95,22313,6.086474507463375,25.81169526815627,19.725220760692896,126,126,454
JB GPT-5.4-mini,48,random_criterion,release,0.05,1174,10.80417751246832,1.899685642317943,-8.904491870150377,122,122,458
JB GPT-5.4-mini,48,random_criterion,release,0.2,4697,29.78756000836862,9.970044422435556,-19.817515585933062,122,122,458
JB GPT-5.4-mini,48,random_criterion,release,0.5,11744,36.262178591780966,34.14743059095109,-2.114748000829877,122,122,458
JB GPT-5.4-mini,48,random_criterion,release,0.84,19729,17.08435426638187,45.35342345598564,28.269069189603773,122,122,458
JB GPT-5.4-mini,48,random_criterion,release,0.95,22313,5.922171202939282,22.33840649754505,16.41623529460577,122,122,458
JB GPT-5.4-mini,48,disagreement_then_random,release,0.05,1174,3.0,0.0,-3.0,122,122,458
JB GPT-5.4-mini,48,disagreement_then_random,release,0.2,4697,22.680638320286228,2.7994325768997346,-19.881205743386495,122,122,458
JB GPT-5.4-mini,48,disagreement_then_random,release,0.5,11744,44.03437350117005,37.55572566949794,-6.478647831672113,122,122,458
JB GPT-5.4-mini,48,disagreement_then_random,release,0.84,19729,19.543799435604342,50.49094936121463,30.94714992561029,122,122,458
JB GPT-5.4-mini,48,disagreement_then_random,release,0.95,22313,6.578768886066788,24.824005671524404,18.245236785457614,122,122,458
JB GPT-5.4-mini,49,random_criterion,release,0.05,1174,10.820548676125016,2.047230214885967,-8.773318461239048,125,125,447
JB GPT-5.4-mini,49,random_criterion,release,0.2,4697,29.60374126592436,10.526858822865794,-19.076882443058565,125,125,447
JB GPT-5.4-mini,49,random_criterion,release,0.5,11744,35.33750734863881,35.023196625782276,-0.3143107228565327,125,125,447
JB GPT-5.4-mini,49,random_criterion,release,0.84,19729,16.32910976779441,44.569938111100434,28.240828343306024,125,125,447
JB GPT-5.4-mini,49,random_criterion,release,0.95,22313,5.639461227200375,21.619219901058997,15.979758673858623,125,125,447
JB GPT-5.4-mini,49,disagreement_then_random,release,0.05,1174,1.0,1.0,0.0,125,125,447
JB GPT-5.4-mini,49,disagreement_then_random,release,0.2,4697,20.05149548630711,4.740211787391145,-15.311283698915966,125,125,447
JB GPT-5.4-mini,49,disagreement_then_random,release,0.5,11744,44.09902621997646,38.42376455742331,-5.675261662553147,125,125,447
JB GPT-5.4-mini,49,disagreement_then_random,release,0.84,19729,20.077995406428645,49.01068337819331,28.93268797176467,125,125,447
JB GPT-5.4-mini,49,disagreement_then_random,release,0.95,22313,6.767582471705144,23.63674620101905,16.869163729313907,125,125,447
JB GPT-5.4-mini,50,random_criterion,release,0.05,1174,10.413061210287864,1.9873032676613787,-8.425757942626486,121,121,451
JB GPT-5.4-mini,50,random_criterion,release,0.2,4697,28.92521444773248,10.1787226205183,-18.74649182721418,121,121,451
JB GPT-5.4-mini,50,random_criterion,release,0.5,11744,35.75326236685736,33.997290836564495,-1.755971530292868,121,121,451
JB GPT-5.4-mini,50,random_criterion,release,0.84,19729,16.74528355485397,43.92668124157611,27.181397686722143,121,121,451
JB GPT-5.4-mini,50,random_criterion,release,0.95,22313,5.757161871800446,21.29155823032258,15.534396358522134,121,121,451
JB GPT-5.4-mini,50,disagreement_then_random,release,0.05,1174,3.0,0.0,-3.0,121,121,451
JB GPT-5.4-mini,50,disagreement_then_random,release,0.2,4697,21.039966019473052,3.721119047356623,-17.31884697211643,121,121,451
JB GPT-5.4-mini,50,disagreement_then_random,release,0.5,11744,43.651977066444545,37.39055460706176,-6.261422459382786,121,121,451
JB GPT-5.4-mini,50,disagreement_then_random,release,0.84,19729,19.525202012319628,48.86715157144613,29.3419495591265,121,121,451
JB GPT-5.4-mini,50,disagreement_then_random,release,0.95,22313,6.580412325727109,23.489903844378404,16.909491518651294,121,121,451
JB GPT-5.4-mini,51,random_criterion,release,0.05,1174,10.494946677466016,2.5019946173210976,-7.992952060144919,136,136,438
JB GPT-5.4-mini,51,random_criterion,release,0.2,4697,28.154418519727116,12.405630134153771,-15.748788385573345,136,136,438
JB GPT-5.4-mini,51,random_criterion,release,0.5,11744,31.79934562601981,40.05457292837182,8.255227302352008,136,136,438
JB GPT-5.4-mini,51,random_criterion,release,0.84,19729,13.38419963769178,51.22066425560449,37.83646461791271,136,136,438
JB GPT-5.4-mini,51,random_criterion,release,0.95,22313,4.467375879251955,25.018896380471006,20.551520501219052,136,136,438
JB GPT-5.4-mini,51,disagreement_then_random,release,0.05,1174,3.0,0.0,-3.0,136,136,438
JB GPT-5.4-mini,51,disagreement_then_random,release,0.2,4697,21.53472681807202,6.978318446032391,-14.556408372039629,136,136,438
JB GPT-5.4-mini,51,disagreement_then_random,release,0.5,11744,39.50110070725957,44.93164593362683,5.430545226367265,136,136,438
JB GPT-5.4-mini,51,disagreement_then_random,release,0.84,19729,15.486042322513722,56.80518964586466,41.31914732335093,136,136,438
JB GPT-5.4-mini,51,disagreement_then_random,release,0.95,22313,4.968617504825998,27.58274401212566,22.61412650729966,136,136,438
JB GPT-5.4-mini,52,random_criterion,release,0.05,1174,10.424121734269812,2.0097539524093984,-8.414367781860413,131,131,446
JB GPT-5.4-mini,52,random_criterion,release,0.2,4697,28.874679617019204,10.534759303817282,-18.339920313201922,131,131,446
JB GPT-5.4-mini,52,random_criterion,release,0.5,11744,34.534878535351396,36.1444866758665,1.6096081405151068,131,131,446
JB GPT-5.4-mini,52,random_criterion,release,0.84,19729,15.941343280852049,48.84546165394594,32.904118373093894,131,131,446
JB GPT-5.4-mini,52,random_criterion,release,0.95,22313,5.501908720783585,24.440338175621065,18.93842945483748,131,131,446
JB GPT-5.4-mini,52,disagreement_then_random,release,0.05,1174,3.0,0.0,-3.0,131,131,446
JB GPT-5.4-mini,52,disagreement_then_random,release,0.2,4697,21.87851582366913,4.839975483073583,-17.038540340595546,131,131,446
JB GPT-5.4-mini,52,disagreement_then_random,release,0.5,11744,41.997138564499664,40.61505680889465,-1.3820817556050145,131,131,446
JB GPT-5.4-mini,52,disagreement_then_random,release,0.84,19729,18.476446499277344,54.2564444635833,35.779997964305956,131,131,446
JB GPT-5.4-mini,52,disagreement_then_random,release,0.95,22313,6.2593382397568895,27.1480386360885,20.88870039633161,131,131,446
JB GPT-5.4-mini,53,random_criterion,release,0.05,1174,10.440782299984095,2.254554740104442,-8.186227559879653,130,130,442
JB GPT-5.4-mini,53,random_criterion,release,0.2,4697,28.054085638067917,11.444144623219666,-16.609941014848253,130,130,442
JB GPT-5.4-mini,53,random_criterion,release,0.5,11744,32.547156045351095,37.86570722414919,5.318551178798096,130,130,442
JB GPT-5.4-mini,53,random_criterion,release,0.84,19729,14.510405513123022,49.79555886948941,35.28515335636639,130,130,442
JB GPT-5.4-mini,53,random_criterion,release,0.95,22313,4.950048592959025,24.819714950012497,19.86966635705347,130,130,442
JB GPT-5.4-mini,53,disagreement_then_random,release,0.05,1174,2.0,1.0,-1.0,130,130,442
JB GPT-5.4-mini,53,disagreement_then_random,release,0.2,4697,21.657762415125863,6.898785674469992,-14.758976740655871,130,130,442
JB GPT-5.4-mini,53,disagreement_then_random,release,0.5,11744,40.56191683287524,43.318822536458576,2.7569057035833353,130,130,442
JB GPT-5.4-mini,53,disagreement_then_random,release,0.84,19729,17.092105564669147,55.65798235132807,38.565876786658926,130,130,442
JB GPT-5.4-mini,53,disagreement_then_random,release,0.95,22313,5.666343184685959,27.572374374018324,21.906031189332364,130,130,442
JB GPT-5.4-mini,54,random_criterion,release,0.05,1174,10.564309747794569,2.0673521684626848,-8.496957579331884,134,134,438
JB GPT-5.4-mini,54,random_criterion,release,0.2,4697,29.101449756674796,10.861681457303986,-18.23976829937081,134,134,438
JB GPT-5.4-mini,54,random_criterion,release,0.5,11744,35.71906323487502,37.38931664494133,1.6702534100663087,134,134,438
JB GPT-5.4-mini,54,random_criterion,release,0.84,19729,17.013027998050024,50.102493675904014,33.089465677853994,134,134,438
JB GPT-5.4-mini,54,random_criterion,release,0.95,22313,5.9148262772816995,24.880953852064636,18.966127574782938,134,134,438
JB GPT-5.4-mini,54,disagreement_then_random,release,0.05,1174,1.0,0.0,-1.0,134,134,438
JB GPT-5.4-mini,54,disagreement_then_random,release,0.2,4697,20.83212427184313,4.900391542444954,-15.931732729398178,134,134,438
JB GPT-5.4-mini,54,disagreement_then_random,release,0.5,11744,43.9634258678652,41.96395950455806,-1.9994663633071355,134,134,438
JB GPT-5.4-mini,54,disagreement_then_random,release,0.84,19729,20.458043323933463,55.00907739900955,34.55103407507609,134,134,438
JB GPT-5.4-mini,54,disagreement_then_random,release,0.95,22313,7.002072894716837,27.07154568115068,20.069472786433845,134,134,438
JB GPT-5.4-mini,55,random_criterion,release,0.05,1174,10.554653187704043,1.7094630847086554,-8.845190102995387,120,120,443
JB GPT-5.4-mini,55,random_criterion,release,0.2,4697,29.0984258597436,9.308948162576465,-19.789477697167136,120,120,443
JB GPT-5.4-mini,55,random_criterion,release,0.5,11744,34.32844296453813,32.68042371475608,-1.6480192497820454,120,120,443
JB GPT-5.4-mini,55,random_criterion,release,0.84,19729,15.204403346764732,42.704350047743844,27.499946700979113,120,120,443
JB GPT-5.4-mini,55,random_criterion,release,0.95,22313,5.15973772559824,20.76705772160335,15.60731999600511,120,120,443
JB GPT-5.4-mini,55,disagreement_then_random,release,0.05,1174,2.0,0.0,-2.0,120,120,443
JB GPT-5.4-mini,55,disagreement_then_random,release,0.2,4697,20.96009490496948,2.778755164546089,-18.18133974042339,120,120,443
JB GPT-5.4-mini,55,disagreement_then_random,release,0.5,11744,41.28463219981874,36.701454808912885,-4.583177390905853,120,120,443
JB GPT-5.4-mini,55,disagreement_then_random,release,0.84,19729,16.950912646421163,47.34711928784243,30.39620664142127,120,120,443
JB GPT-5.4-mini,55,disagreement_then_random,release,0.95,22313,5.571596239432081,22.825503918902797,17.253907679470714,120,120,443
JB GPT-5.4-mini,56,random_criterion,release,0.05,1174,10.466307850736152,2.5594524000040897,-7.9068554507320625,138,138,446
JB GPT-5.4-mini,56,random_criterion,release,0.2,4697,28.355623740329364,12.722689386501697,-15.632934353827666,138,138,446
JB GPT-5.4-mini,56,random_criterion,release,0.5,11744,33.1563371439152,41.29459477954653,8.138257635631327,138,138,446
JB GPT-5.4-mini,56,random_criterion,release,0.84,19729,14.620301614576062,54.137786798418716,39.51748518384265,138,138,446
JB GPT-5.4-mini,56,random_criterion,release,0.95,22313,4.93510585935821,27.045043670106224,22.109937810748015,138,138,446
JB GPT-5.4-mini,56,disagreement_then_random,release,0.05,1174,2.0,1.0,-1.0,138,138,446
JB GPT-5.4-mini,56,disagreement_then_random,release,0.2,4697,20.529437154812502,7.076475505852665,-13.452961648959837,138,138,446
JB GPT-5.4-mini,56,disagreement_then_random,release,0.5,11744,38.6485572371887,46.37597180156236,7.72741456437366,138,138,446
JB GPT-5.4-mini,56,disagreement_then_random,release,0.84,19729,16.027863889191917,59.88316769918309,43.85530380999117,138,138,446
JB GPT-5.4-mini,56,disagreement_then_random,release,0.95,22313,5.274520667474389,29.907227803878556,24.632707136404164,138,138,446
JB GPT-5.4-mini,57,random_criterion,release,0.05,1174,10.384949800506439,2.3499165919963136,-8.035033208510125,136,135,449
JB GPT-5.4-mini,57,random_criterion,release,0.2,4697,28.714010132782562,11.789702157319788,-16.924307975462774,136,135,449
JB GPT-5.4-mini,57,random_criterion,release,0.5,11744,34.410926934402546,38.694147251209806,4.28322031680726,136,135,449
JB GPT-5.4-mini,57,random_criterion,release,0.84,19729,15.277028661454738,50.09840407867943,34.821375417224694,136,135,449
JB GPT-5.4-mini,57,random_criterion,release,0.95,22313,5.140593208472515,24.4873968517347,19.346803643262184,136,135,449
JB GPT-5.4-mini,57,disagreement_then_random,release,0.05,1174,3.0,0.0,-3.0,136,135,449
JB GPT-5.4-mini,57,disagreement_then_random,release,0.2,4697,21.780859325115554,4.918705709150125,-16.86215361596543,136,135,449
JB GPT-5.4-mini,57,disagreement_then_random,release,0.5,11744,42.28960813433759,41.96749009671724,-0.3221180376203492,136,135,449
JB GPT-5.4-mini,57,disagreement_then_random,release,0.84,19729,17.427981235275293,55.345190479374786,37.917209244099496,136,135,449
JB GPT-5.4-mini,57,disagreement_then_random,release,0.95,22313,5.63457237355967,27.15329495042627,21.5187225768666,136,135,449
JB GPT-5.4-mini,58,random_criterion,release,0.05,1174,10.42738550059644,2.3447884784157575,-8.082597022180682,132,132,437
JB GPT-5.4-mini,58,random_criterion,release,0.2,4697,28.118801924963183,11.700517067357636,-16.41828485760555,132,132,437
JB GPT-5.4-mini,58,random_criterion,release,0.5,11744,32.45060754506866,38.1433584308275,5.692750885758841,132,132,437
JB GPT-5.4-mini,58,random_criterion,release,0.84,19729,14.252208630479211,49.69522566729096,35.44301703681175,132,132,437
JB GPT-5.4-mini,58,random_criterion,release,0.95,22313,4.826875674402977,24.561935768375577,19.7350600939726,132,132,437
JB GPT-5.4-mini,58,disagreement_then_random,release,0.05,1174,3.0,0.0,-3.0,132,132,437
JB GPT-5.4-mini,58,disagreement_then_random,release,0.2,4697,23.53374832839711,3.9381617224921617,-19.59558660590495,132,132,437
JB GPT-5.4-mini,58,disagreement_then_random,release,0.5,11744,41.53593511935998,41.02626084525085,-0.5096742741091305,132,132,437
JB GPT-5.4-mini,58,disagreement_then_random,release,0.84,19729,16.746632649327797,54.128610076152846,37.381977426825046,132,132,437
JB GPT-5.4-mini,58,disagreement_then_random,release,0.95,22313,5.430687341303734,26.670649131550135,21.2399617902464,132,132,437
JB GPT-5.4-mini,59,random_criterion,release,0.05,1174,10.451579028382124,2.2878178354603427,-8.16376119292178,132,131,439
JB GPT-5.4-mini,59,random_criterion,release,0.2,4697,28.34953983649679,11.413461020485775,-16.936078816011012,132,131,439
JB GPT-5.4-mini,59,random_criterion,release,0.5,11744,33.88318263238142,37.3885515709852,3.5053689386037803,132,131,439
JB GPT-5.4-mini,59,random_criterion,release,0.84,19729,15.581733237384912,48.891052686965054,33.309319449580144,132,131,439
JB GPT-5.4-mini,59,random_criterion,release,0.95,22313,5.336032449604689,24.142171514349243,18.806139064744556,132,131,439
JB GPT-5.4-mini,59,disagreement_then_random,release,0.05,1174,3.0,0.0,-3.0,132,131,439
JB GPT-5.4-mini,59,disagreement_then_random,release,0.2,4697,21.81565115790085,2.8995963400841265,-18.916054817816722,132,131,439
JB GPT-5.4-mini,59,disagreement_then_random,release,0.5,11744,42.370443381746114,39.73340500109852,-2.6370383806475957,132,131,439
JB GPT-5.4-mini,59,disagreement_then_random,release,0.84,19729,18.250480811514073,53.64080601283564,35.390325201321566,132,131,439
JB GPT-5.4-mini,59,disagreement_then_random,release,0.95,22313,6.080000191341209,26.568323396694808,20.4883232053536,132,131,439
JB GPT-5.4-mini,60,random_criterion,release,0.05,1174,10.777739847857474,2.307402630820522,-8.47033721703695,138,136,442
JB GPT-5.4-mini,60,random_criterion,release,0.2,4697,29.57497841071522,11.705199487694761,-17.869778923020462,138,136,442
JB GPT-5.4-mini,60,random_criterion,release,0.5,11744,34.306790465032165,38.78132264972307,4.474532184690908,138,136,442
JB GPT-5.4-mini,60,random_criterion,release,0.84,19729,14.726776060315425,50.112462427593904,35.38568636727848,138,136,442
JB GPT-5.4-mini,60,random_criterion,release,0.95,22313,4.942162810640594,24.488887254871898,19.5467244442313,138,136,442
JB GPT-5.4-mini,60,disagreement_then_random,release,0.05,1174,3.0,0.0,-3.0,138,136,442
JB GPT-5.4-mini,60,disagreement_then_random,release,0.2,4697,25.784655521478644,2.9198796241334066,-22.864775897345236,138,136,442
JB GPT-5.4-mini,60,disagreement_then_random,release,0.5,11744,43.575782287298864,40.34880195217035,-3.2269803351285162,138,136,442
JB GPT-5.4-mini,60,disagreement_then_random,release,0.84,19729,17.26635130753129,54.45339813886369,37.187046831332395,138,136,442
JB GPT-5.4-mini,60,disagreement_then_random,release,0.95,22313,5.604551455849945,26.699950116295298,21.095398660445355,138,136,442
JB GPT-5.4-mini,61,random_criterion,release,0.05,1174,10.608891350953195,2.087640078212331,-8.521251272740864,125,125,458
JB GPT-5.4-mini,61,random_criterion,release,0.2,4697,29.70283245956311,10.600113683217057,-19.10271877634605,125,125,458
JB GPT-5.4-mini,61,random_criterion,release,0.5,11744,37.2436572814793,35.22437902298037,-2.019278258498929,125,125,458
JB GPT-5.4-mini,61,random_criterion,release,0.84,19729,17.54247741075329,45.98208245165154,28.439605040898254,125,125,458
JB GPT-5.4-mini,61,random_criterion,release,0.95,22313,6.040114755878715,22.667494967966704,16.62738021208799,125,125,458
JB GPT-5.4-mini,61,disagreement_then_random,release,0.05,1174,3.0,0.0,-3.0,125,125,458
JB GPT-5.4-mini,61,disagreement_then_random,release,0.2,4697,23.760548481052812,2.760109675182691,-21.00043880587012,125,125,458
JB GPT-5.4-mini,61,disagreement_then_random,release,0.5,11744,45.205589862786816,37.06292609926229,-8.142663763524524,125,125,458
JB GPT-5.4-mini,61,disagreement_then_random,release,0.84,19729,20.352218507259387,49.81242983114766,29.460211323888274,125,125,458
JB GPT-5.4-mini,61,disagreement_then_random,release,0.95,22313,6.836626388002182,24.504757357736295,17.668130969734115,125,125,458
JB GPT-5.4-mini,62,random_criterion,release,0.05,1174,10.512750585629158,2.292212425301558,-8.2205381603276,130,129,443
JB GPT-5.4-mini,62,random_criterion,release,0.2,4697,28.87931605658119,11.459542294107596,-17.419773762473593,130,129,443
JB GPT-5.4-mini,62,random_criterion,release,0.5,11744,34.948854602795905,37.488842088143535,2.5399874853476305,130,129,443
JB GPT-5.4-mini,62,random_criterion,release,0.84,19729,16.259835994737053,49.10469564859505,32.844859653857995,130,129,443
JB GPT-5.4-mini,62,random_criterion,release,0.95,22313,5.6036062124560715,24.313792668610304,18.710186456154233,130,129,443
JB GPT-5.4-mini,62,disagreement_then_random,release,0.05,1174,3.0,0.0,-3.0,130,129,443
JB GPT-5.4-mini,62,disagreement_then_random,release,0.2,4697,20.820660315544092,3.8984305093324076,-16.922229806211686,130,129,443
JB GPT-5.4-mini,62,disagreement_then_random,release,0.5,11744,42.409200115615825,40.426658905602025,-1.9825412100137996,130,129,443
JB GPT-5.4-mini,62,disagreement_then_random,release,0.84,19729,18.898366733270855,54.066485751305194,35.16811901803434,130,129,443
JB GPT-5.4-mini,62,disagreement_then_random,release,0.95,22313,6.387919659538003,26.87461705465641,20.48669739511841,130,129,443
JB GPT-5.4-mini,63,random_criterion,release,0.05,1174,10.77391520628993,2.0770880228055875,-8.696827183484341,137,135,453
JB GPT-5.4-mini,63,random_criterion,release,0.2,4697,29.901508531218454,11.004699692716471,-18.896808838501983,137,135,453
JB GPT-5.4-mini,63,random_criterion,release,0.5,11744,35.540339520507146,38.06076442795116,2.520424907444017,137,135,453
JB GPT-5.4-mini,63,random_criterion,release,0.84,19729,15.956659329158741,50.89730909815739,34.940649768998654,137,135,453
JB GPT-5.4-mini,63,random_criterion,release,0.95,22313,5.43940922410919,25.194841627690977,19.755432403581786,137,135,453
JB GPT-5.4-mini,63,disagreement_then_random,release,0.05,1174,3.0,0.0,-3.0,137,135,453
JB GPT-5.4-mini,63,disagreement_then_random,release,0.2,4697,22.955732709257973,3.998949724011583,-18.956782985246388,137,135,453
JB GPT-5.4-mini,63,disagreement_then_random,release,0.5,11744,45.041977117794495,42.50210363332969,-2.539873484464806,137,135,453
JB GPT-5.4-mini,63,disagreement_then_random,release,0.84,19729,19.041211784773605,55.90765693792573,36.86644515315213,137,135,453
JB GPT-5.4-mini,63,disagreement_then_random,release,0.95,22313,6.248209036098624,27.325453351840295,21.077244315741673,137,135,453
JB GPT-5.4 | binary_only,0,random_criterion,release,0.05,1011,1.3359536364664473,0.6822743532480195,-0.6536792832184277,163,35,47
JB GPT-5.4 | binary_only,0,random_criterion,release,0.2,4046,4.150707142478586,3.125631530172794,-1.025075612305792,163,35,47
JB GPT-5.4 | binary_only,0,random_criterion,release,0.5,10114,5.773740284392954,9.456106566686968,3.682366282294014,163,35,47
JB GPT-5.4 | binary_only,0,random_criterion,release,0.84,16992,2.889670023129507,11.879673691859907,8.990003668730399,163,35,47
JB GPT-5.4 | binary_only,0,random_criterion,release,0.95,19218,1.0042658392454622,5.846080194542502,4.841814355297039,163,35,47
JB GPT-5.4 | binary_only,0,disagreement_then_random,release,0.05,1011,11.0,7.0,-4.0,163,35,47
JB GPT-5.4 | binary_only,0,disagreement_then_random,release,0.2,4046,27.748794883413623,14.27839758776836,-13.470397295645263,163,35,47
JB GPT-5.4 | binary_only,0,disagreement_then_random,release,0.5,10114,14.381875551260414,18.721750105286752,4.339874554026338,163,35,47
JB GPT-5.4 | binary_only,0,disagreement_then_random,release,0.84,16992,4.152609199005425,15.95547871757832,11.802869518572894,163,35,47
JB GPT-5.4 | binary_only,0,disagreement_then_random,release,0.95,19218,1.2808556790262535,7.229233325396891,5.948377646370637,163,35,47
JB GPT-5.4 | binary_only,1,random_criterion,release,0.05,1011,1.4231770790271945,0.6350409441983276,-0.7881361348288669,161,35,54
JB GPT-5.4 | binary_only,1,random_criterion,release,0.2,4046,4.353065484294594,2.9814190814672097,-1.371646402827384,161,35,54
JB GPT-5.4 | binary_only,1,random_criterion,release,0.5,10114,5.881152406020839,9.409193944052188,3.5280415380313483,161,35,54
JB GPT-5.4 | binary_only,1,random_criterion,release,0.84,16992,3.022749175665925,11.898470489555457,8.875721313889532,161,35,54
JB GPT-5.4 | binary_only,1,random_criterion,release,0.95,19218,1.0815465900891998,5.631461192516102,4.549914602426902,161,35,54
JB GPT-5.4 | binary_only,1,disagreement_then_random,release,0.05,1011,8.0,5.0,-3.0,161,35,54
JB GPT-5.4 | binary_only,1,disagreement_then_random,release,0.2,4046,32.33098696770689,14.383712277235237,-17.947274690471655,161,35,54
JB GPT-5.4 | binary_only,1,disagreement_then_random,release,0.5,10114,15.631185650724978,19.65286217182711,4.0216765211021315,161,35,54
JB GPT-5.4 | binary_only,1,disagreement_then_random,release,0.84,16992,4.440030743758805,15.999855875232956,11.559825131474152,161,35,54
JB GPT-5.4 | binary_only,1,disagreement_then_random,release,0.95,19218,1.3892003544736182,6.885584267013098,5.496383912539479,161,35,54
JB GPT-5.4 | binary_only,2,random_criterion,release,0.05,1011,1.783827785805444,0.5394539161928464,-1.2443738696125977,154,29,64
JB GPT-5.4 | binary_only,2,random_criterion,release,0.2,4046,5.442401851851786,2.6215521549163956,-2.8208496969353902,154,29,64
JB GPT-5.4 | binary_only,2,random_criterion,release,0.5,10114,7.406636976641564,8.32751635969136,0.9208793830497966,154,29,64
JB GPT-5.4 | binary_only,2,random_criterion,release,0.84,16992,3.6901009609153275,10.034851580192926,6.344750619277599,154,29,64
JB GPT-5.4 | binary_only,2,random_criterion,release,0.95,19218,1.2873581101486238,4.622015975394856,3.334657865246232,154,29,64
JB GPT-5.4 | binary_only,2,disagreement_then_random,release,0.05,1011,18.0,5.0,-13.0,154,29,64
JB GPT-5.4 | binary_only,2,disagreement_then_random,release,0.2,4046,34.290469522756375,12.301858903510018,-21.98861061924636,154,29,64
JB GPT-5.4 | binary_only,2,disagreement_then_random,release,0.5,10114,17.757610778544837,16.518225719352845,-1.2393850591919922,154,29,64
JB GPT-5.4 | binary_only,2,disagreement_then_random,release,0.84,16992,5.290892183443854,13.369548195816302,8.078656012372448,154,29,64
JB GPT-5.4 | binary_only,2,disagreement_then_random,release,0.95,19218,1.6422437809579702,5.713961524301645,4.071717743343675,154,29,64
JB GPT-5.4 | binary_only,3,random_criterion,release,0.05,1011,1.5736849735971012,0.6400314773615821,-0.9336534962355192,161,35,48
JB GPT-5.4 | binary_only,3,random_criterion,release,0.2,4046,4.566603894676198,3.061025352173368,-1.5055785425028296,161,35,48
JB GPT-5.4 | binary_only,3,random_criterion,release,0.5,10114,5.66047989261849,9.858628076918013,4.198148184299523,161,35,48
JB GPT-5.4 | binary_only,3,random_criterion,release,0.84,16992,2.5646526282552125,12.415799111460778,9.851146483205566,161,35,48
JB GPT-5.4 | binary_only,3,random_criterion,release,0.95,19218,0.8694045780820662,5.804445884051848,4.935041305969782,161,35,48
JB GPT-5.4 | binary_only,3,disagreement_then_random,release,0.05,1011,11.0,6.0,-5.0,161,35,48
JB GPT-5.4 | binary_only,3,disagreement_then_random,release,0.2,4046,29.196434903631943,17.276263909970748,-11.920170993661195,161,35,48
JB GPT-5.4 | binary_only,3,disagreement_then_random,release,0.5,10114,13.285952819594113,21.365017806346348,8.079064986752234,161,35,48
JB GPT-5.4 | binary_only,3,disagreement_then_random,release,0.84,16992,3.6186735999816584,16.90292790963926,13.284254309657602,161,35,48
JB GPT-5.4 | binary_only,3,disagreement_then_random,release,0.95,19218,1.102619332758811,7.23177044912299,6.129151116364179,161,35,48
JB GPT-5.4 | binary_only,4,random_criterion,release,0.05,1011,1.7554707286849132,0.7447282641577203,-1.0107424645271927,165,36,57
JB GPT-5.4 | binary_only,4,random_criterion,release,0.2,4046,5.140302653628905,3.5244156452122133,-1.6158870084166916,165,36,57
JB GPT-5.4 | binary_only,4,random_criterion,release,0.5,10114,6.617539718373646,11.050027366959114,4.432487648585468,165,36,57
JB GPT-5.4 | binary_only,4,random_criterion,release,0.84,16992,3.1864563801997736,13.532554454238804,10.34609807403903,165,36,57
JB GPT-5.4 | binary_only,4,random_criterion,release,0.95,19218,1.1017539697837777,6.281927542383183,5.180173572599406,165,36,57
JB GPT-5.4 | binary_only,4,disagreement_then_random,release,0.05,1011,11.0,6.0,-5.0,165,36,57
JB GPT-5.4 | binary_only,4,disagreement_then_random,release,0.2,4046,28.67453496534584,19.24924753707255,-9.42528742827329,165,36,57
JB GPT-5.4 | binary_only,4,disagreement_then_random,release,0.5,10114,14.939648364067795,23.039277038546885,8.09962867447909,165,36,57
JB GPT-5.4 | binary_only,4,disagreement_then_random,release,0.84,16992,4.443857461394748,17.99721784419109,13.553360382796344,165,36,57
JB GPT-5.4 | binary_only,4,disagreement_then_random,release,0.95,19218,1.3918077105885638,7.673692320799294,6.28188461021073,165,36,57
JB GPT-5.4 | binary_only,5,random_criterion,release,0.05,1011,1.2050671407573836,0.8846798134579479,-0.32038732729943575,167,39,40
JB GPT-5.4 | binary_only,5,random_criterion,release,0.2,4046,3.491042200511491,3.964466123017301,0.4734239225058099,167,39,40
JB GPT-5.4 | binary_only,5,random_criterion,release,0.5,10114,4.668180384361528,11.557139075705031,6.888958691343503,167,39,40
JB GPT-5.4 | binary_only,5,random_criterion,release,0.84,16992,2.4840869545401376,13.601246225351577,11.11715927081144,167,39,40
JB GPT-5.4 | binary_only,5,random_criterion,release,0.95,19218,0.8931776977209372,6.3271120886839185,5.433934390962981,167,39,40
JB GPT-5.4 | binary_only,5,disagreement_then_random,release,0.05,1011,11.0,7.0,-4.0,167,39,40
JB GPT-5.4 | binary_only,5,disagreement_then_random,release,0.2,4046,24.55432411325376,18.40999717883134,-6.14432693442242,167,39,40
JB GPT-5.4 | binary_only,5,disagreement_then_random,release,0.5,10114,11.386656847987764,23.75227835297515,12.365621504987386,167,39,40
JB GPT-5.4 | binary_only,5,disagreement_then_random,release,0.84,16992,3.4684585314542846,18.43261384576344,14.964155314309156,167,39,40
JB GPT-5.4 | binary_only,5,disagreement_then_random,release,0.95,19218,1.1274280746761762,7.845007489386138,6.717579414709961,167,39,40
JB GPT-5.4 | binary_only,6,random_criterion,release,0.05,1011,1.7115854725548865,0.7494704514124279,-0.9621150211424586,166,38,57
JB GPT-5.4 | binary_only,6,random_criterion,release,0.2,4046,5.002708140893208,3.5886628129658167,-1.4140453279273917,166,38,57
JB GPT-5.4 | binary_only,6,random_criterion,release,0.5,10114,6.4475905166776455,11.315611989530748,4.868021472853102,166,38,57
JB GPT-5.4 | binary_only,6,random_criterion,release,0.84,16992,3.2151493420741715,13.95280528755786,10.737655945483688,166,38,57
JB GPT-5.4 | binary_only,6,random_criterion,release,0.95,19218,1.1359063645185734,6.576086993944848,5.4401806294262745,166,38,57
JB GPT-5.4 | binary_only,6,disagreement_then_random,release,0.05,1011,14.0,5.0,-9.0,166,38,57
JB GPT-5.4 | binary_only,6,disagreement_then_random,release,0.2,4046,34.8744044853038,16.463454791174286,-18.410949694129513,166,38,57
JB GPT-5.4 | binary_only,6,disagreement_then_random,release,0.5,10114,15.76387979646534,22.60683264039903,6.842952843933691,166,38,57
JB GPT-5.4 | binary_only,6,disagreement_then_random,release,0.84,16992,4.536166715467282,18.649877835553202,14.11371112008592,166,38,57
JB GPT-5.4 | binary_only,6,disagreement_then_random,release,0.95,19218,1.4393585935064015,8.118778484427459,6.679419890921057,166,38,57
JB GPT-5.4 | binary_only,7,random_criterion,release,0.05,1011,1.37088179358156,0.8944125499285625,-0.4764692436529976,172,40,44
JB GPT-5.4 | binary_only,7,random_criterion,release,0.2,4046,3.785454584285555,4.108391145880187,0.322936561594632,172,40,44
JB GPT-5.4 | binary_only,7,random_criterion,release,0.5,10114,4.198508240048548,12.288500410226021,8.089992170177474,172,40,44
JB GPT-5.4 | binary_only,7,random_criterion,release,0.84,16992,1.6657538660724285,14.740968439345767,13.075214573273339,172,40,44
JB GPT-5.4 | binary_only,7,random_criterion,release,0.95,19218,0.5416804789340828,6.959231465874357,6.417550986940274,172,40,44
JB GPT-5.4 | binary_only,7,disagreement_then_random,release,0.05,1011,11.0,4.0,-7.0,172,40,44
JB GPT-5.4 | binary_only,7,disagreement_then_random,release,0.2,4046,24.261840098695274,20.382999979196136,-3.878840119499138,172,40,44
JB GPT-5.4 | binary_only,7,disagreement_then_random,release,0.5,10114,9.89270110786247,25.47459711868986,15.581896010827391,172,40,44
JB GPT-5.4 | binary_only,7,disagreement_then_random,release,0.84,16992,2.355263008282441,19.872746437981895,17.517483429699453,172,40,44
JB GPT-5.4 | binary_only,7,disagreement_then_random,release,0.95,19218,0.6876194464728381,8.609809225664463,7.922189779191625,172,40,44
JB GPT-5.4 | binary_only,8,random_criterion,release,0.05,1011,1.4870026058033425,0.7394890614862911,-0.7475135443170514,164,36,52
JB GPT-5.4 | binary_only,8,random_criterion,release,0.2,4046,4.45455642621021,3.429072118606119,-1.0254843076040916,164,36,52
JB GPT-5.4 | binary_only,8,random_criterion,release,0.5,10114,6.241512510354483,10.366771832074154,4.12525932171967,164,36,52
JB GPT-5.4 | binary_only,8,random_criterion,release,0.84,16992,3.257218240258734,12.143455653604395,8.886237413345661,164,36,52
JB GPT-5.4 | binary_only,8,random_criterion,release,0.95,19218,1.143784721670733,5.513608976171781,4.369824254501048,164,36,52
JB GPT-5.4 | binary_only,8,disagreement_then_random,release,0.05,1011,13.0,4.0,-9.0,164,36,52
JB GPT-5.4 | binary_only,8,disagreement_then_random,release,0.2,4046,32.39367640118946,17.408555095285326,-14.985121305904133,164,36,52
JB GPT-5.4 | binary_only,8,disagreement_then_random,release,0.5,10114,16.596855091194772,22.484703620925256,5.8878485297304834,164,36,52
JB GPT-5.4 | binary_only,8,disagreement_then_random,release,0.84,16992,4.71672755788774,16.803763023128425,12.087035465240685,164,36,52
JB GPT-5.4 | binary_only,8,disagreement_then_random,release,0.95,19218,1.4228426422122162,6.8849458776061105,5.4621032353938945,164,36,52
JB GPT-5.4 | binary_only,9,random_criterion,release,0.05,1011,1.6119596189308683,0.48036580177833443,-1.1315938171525337,147,29,54
JB GPT-5.4 | binary_only,9,random_criterion,release,0.2,4046,5.056236926626056,2.317466801651018,-2.738770124975038,147,29,54
JB GPT-5.4 | binary_only,9,random_criterion,release,0.5,10114,7.161020069031236,7.683134634783294,0.5221145657520587,147,29,54
JB GPT-5.4 | binary_only,9,random_criterion,release,0.84,16992,3.6382692702849564,9.972442367901344,6.334173097616388,147,29,54
JB GPT-5.4 | binary_only,9,random_criterion,release,0.95,19218,1.2807107242333233,4.742262709623709,3.461551985390386,147,29,54
JB GPT-5.4 | binary_only,9,disagreement_then_random,release,0.05,1011,11.0,4.0,-7.0,147,29,54
JB GPT-5.4 | binary_only,9,disagreement_then_random,release,0.2,4046,32.57988481317473,14.221444469807203,-18.358440343367526,147,29,54
JB GPT-5.4 | binary_only,9,disagreement_then_random,release,0.5,10114,17.820480487812098,17.53496270515987,-0.28551778265222794,147,29,54
JB GPT-5.4 | binary_only,9,disagreement_then_random,release,0.84,16992,5.2839623997778995,13.782990870245968,8.499028470468069,147,29,54
JB GPT-5.4 | binary_only,9,disagreement_then_random,release,0.95,19218,1.639617919246919,5.926104225901579,4.28648630665466,147,29,54
JB GPT-5.4 | binary_only,10,random_criterion,release,0.05,1011,1.3988714890247487,0.784600176704471,-0.6142713123202777,165,34,46
JB GPT-5.4 | binary_only,10,random_criterion,release,0.2,4046,4.159251598734999,3.5569456465792975,-0.6023059521557013,165,34,46
JB GPT-5.4 | binary_only,10,random_criterion,release,0.5,10114,5.7190056605270465,10.499551683402805,4.780546022875758,165,34,46
JB GPT-5.4 | binary_only,10,random_criterion,release,0.84,16992,3.1019085904592267,12.432405066573223,9.330496476113996,165,34,46
JB GPT-5.4 | binary_only,10,random_criterion,release,0.95,19218,1.1238310396038855,5.785886979813444,4.662055940209559,165,34,46
JB GPT-5.4 | binary_only,10,disagreement_then_random,release,0.05,1011,12.0,7.0,-5.0,165,34,46
JB GPT-5.4 | binary_only,10,disagreement_then_random,release,0.2,4046,28.548504447401836,16.302569057448917,-12.245935389952919,165,34,46
JB GPT-5.4 | binary_only,10,disagreement_then_random,release,0.5,10114,14.340858868256172,20.576853681785686,6.235994813529514,165,34,46
JB GPT-5.4 | binary_only,10,disagreement_then_random,release,0.84,16992,4.3254847151338485,16.365749977406402,12.040265262272554,165,34,46
JB GPT-5.4 | binary_only,10,disagreement_then_random,release,0.95,19218,1.3781238735620973,7.064085072080527,5.685961198518429,165,34,46
JB GPT-5.4 | binary_only,11,random_criterion,release,0.05,1011,1.3852274607914787,0.9392756440995872,-0.44595181669189154,175,39,51
JB GPT-5.4 | binary_only,11,random_criterion,release,0.2,4046,3.943764251476363,4.2212914018860594,0.27752715040969633,175,39,51
JB GPT-5.4 | binary_only,11,random_criterion,release,0.5,10114,4.965556505503281,12.275984273176014,7.310427767672733,175,39,51
JB GPT-5.4 | binary_only,11,random_criterion,release,0.84,16992,2.5895370728103146,14.948122685885451,12.358585613075137,175,39,51
JB GPT-5.4 | binary_only,11,random_criterion,release,0.95,19218,0.9363921471356952,7.165207267429054,6.228815120293358,175,39,51
JB GPT-5.4 | binary_only,11,disagreement_then_random,release,0.05,1011,9.0,6.0,-3.0,175,39,51
JB GPT-5.4 | binary_only,11,disagreement_then_random,release,0.2,4046,26.448283532434164,19.40928705284945,-7.038996479584714,175,39,51
JB GPT-5.4 | binary_only,11,disagreement_then_random,release,0.5,10114,12.266188665920334,24.703781206330326,12.437592540409993,175,39,51
JB GPT-5.4 | binary_only,11,disagreement_then_random,release,0.84,16992,3.6984919254753787,19.865952697683397,16.167460772208017,175,39,51
JB GPT-5.4 | binary_only,11,disagreement_then_random,release,0.95,19218,1.191875787703837,8.792671766966826,7.6007959792629896,175,39,51
JB GPT-5.4 | binary_only,12,random_criterion,release,0.05,1011,1.2067144140592925,0.6250589979621327,-0.5816554160971598,157,29,46
JB GPT-5.4 | binary_only,12,random_criterion,release,0.2,4046,3.8148015795511143,2.8214448070509466,-0.9933567725001677,157,29,46
JB GPT-5.4 | binary_only,12,random_criterion,release,0.5,10114,5.429960931821347,8.460061720530312,3.0301007887089657,157,29,46
JB GPT-5.4 | binary_only,12,random_criterion,release,0.84,16992,2.81379332939872,10.461326878333994,7.647533548935273,157,29,46
JB GPT-5.4 | binary_only,12,random_criterion,release,0.95,19218,0.9951362966053178,4.958199788458515,3.9630634918531973,157,29,46
JB GPT-5.4 | binary_only,12,disagreement_then_random,release,0.05,1011,9.0,3.0,-6.0,157,29,46
JB GPT-5.4 | binary_only,12,disagreement_then_random,release,0.2,4046,23.98786977880649,14.247076182689451,-9.74079359611704,157,29,46
JB GPT-5.4 | binary_only,12,disagreement_then_random,release,0.5,10114,13.003562706070833,17.699183763945026,4.6956210578741935,157,29,46
JB GPT-5.4 | binary_only,12,disagreement_then_random,release,0.84,16992,4.007263574972451,14.006751855142511,9.999488280170059,157,29,46
JB GPT-5.4 | binary_only,12,disagreement_then_random,release,0.95,19218,1.2663023138824547,6.070237951025341,4.803935637142886,157,29,46
JB GPT-5.4 | binary_only,13,random_criterion,release,0.05,1011,1.4515591367854748,0.6922553896084722,-0.7593037471770026,160,35,47
JB GPT-5.4 | binary_only,13,random_criterion,release,0.2,4046,4.327065349107923,3.2847291643402836,-1.0423361847676396,160,35,47
JB GPT-5.4 | binary_only,13,random_criterion,release,0.5,10114,5.7034177417407665,10.331559191227813,4.628141449487046,160,35,47
JB GPT-5.4 | binary_only,13,random_criterion,release,0.84,16992,2.8399396951019695,12.528439294509624,9.688499599407654,160,35,47
JB GPT-5.4 | binary_only,13,random_criterion,release,0.95,19218,0.9976376194481644,5.743635930684718,4.745998311236553,160,35,47
JB GPT-5.4 | binary_only,13,disagreement_then_random,release,0.05,1011,16.0,3.0,-13.0,160,35,47
JB GPT-5.4 | binary_only,13,disagreement_then_random,release,0.2,4046,30.315677264831766,17.302588188900174,-13.013089075931592,160,35,47
JB GPT-5.4 | binary_only,13,disagreement_then_random,release,0.5,10114,14.39416141323069,21.60193711327971,7.207775700049021,160,35,47
JB GPT-5.4 | binary_only,13,disagreement_then_random,release,0.84,16992,3.9975822303920396,16.914352286943014,12.916770056550975,160,35,47
JB GPT-5.4 | binary_only,13,disagreement_then_random,release,0.95,19218,1.223778410563864,7.115273048198809,5.891494637634945,160,35,47
JB GPT-5.4 | binary_only,14,random_criterion,release,0.05,1011,1.4191432690740322,0.8366996221144173,-0.5824436469596149,159,35,50
JB GPT-5.4 | binary_only,14,random_criterion,release,0.2,4046,4.007993426365242,3.7727091817300757,-0.23528424463516595,159,35,50
JB GPT-5.4 | binary_only,14,random_criterion,release,0.5,10114,5.174044872168596,10.862669505232914,5.688624633064317,159,35,50
JB GPT-5.4 | binary_only,14,random_criterion,release,0.84,16992,2.812067533923132,12.33059398522803,9.518526451304897,159,35,50
JB GPT-5.4 | binary_only,14,random_criterion,release,0.95,19218,1.0264971730322219,5.61388324129063,4.587386068258407,159,35,50
JB GPT-5.4 | binary_only,14,disagreement_then_random,release,0.05,1011,10.0,6.0,-4.0,159,35,50
JB GPT-5.4 | binary_only,14,disagreement_then_random,release,0.2,4046,26.641980259536616,16.46124194486395,-10.180738314672666,159,35,50
JB GPT-5.4 | binary_only,14,disagreement_then_random,release,0.5,10114,12.972120719376075,22.039531522555908,9.067410803179833,159,35,50
JB GPT-5.4 | binary_only,14,disagreement_then_random,release,0.84,16992,4.034016001996294,16.720808012265977,12.686792010269683,159,35,50
JB GPT-5.4 | binary_only,14,disagreement_then_random,release,0.95,19218,1.309134886476685,6.929336474195946,5.620201587719261,159,35,50
JB GPT-5.4 | binary_only,15,random_criterion,release,0.05,1011,1.5295243288339355,0.4748767862489896,-1.054647542584946,154,24,56
JB GPT-5.4 | binary_only,15,random_criterion,release,0.2,4046,4.49004240838878,2.2054911964985577,-2.2845512118902227,154,24,56
JB GPT-5.4 | binary_only,15,random_criterion,release,0.5,10114,6.02175364835122,6.734103809102217,0.7123501607509972,154,24,56
JB GPT-5.4 | binary_only,15,random_criterion,release,0.84,16992,3.235063768141771,7.849426385834466,4.614362617692695,154,24,56
JB GPT-5.4 | binary_only,15,random_criterion,release,0.95,19218,1.171218639576098,3.53627353530063,2.365054895724532,154,24,56
JB GPT-5.4 | binary_only,15,disagreement_then_random,release,0.05,1011,14.0,1.0,-13.0,154,24,56
JB GPT-5.4 | binary_only,15,disagreement_then_random,release,0.2,4046,32.13896246279844,8.30114873613625,-23.83781372666219,154,24,56
JB GPT-5.4 | binary_only,15,disagreement_then_random,release,0.5,10114,15.339598014241119,12.455650941046793,-2.883947073194326,154,24,56
JB GPT-5.4 | binary_only,15,disagreement_then_random,release,0.84,16992,4.667330824926209,10.284129080664734,5.616798255738525,154,24,56
JB GPT-5.4 | binary_only,15,disagreement_then_random,release,0.95,19218,1.4955942595333194,4.282315478468973,2.786721218935654,154,24,56
JB GPT-5.4 | binary_only,16,random_criterion,release,0.05,1011,1.4515111591007757,0.7945815666306075,-0.6569295924701681,157,37,49
JB GPT-5.4 | binary_only,16,random_criterion,release,0.2,4046,4.0424218577930615,3.7165363369258784,-0.32588552086718314,157,37,49
JB GPT-5.4 | binary_only,16,random_criterion,release,0.5,10114,4.918720568105701,11.448178977277315,6.529458409171615,157,37,49
JB GPT-5.4 | binary_only,16,random_criterion,release,0.84,16992,2.3190680749687025,14.191502692031735,11.872434617063032,157,37,49
JB GPT-5.4 | binary_only,16,random_criterion,release,0.95,19218,0.8083728213667845,6.771273241633786,5.962900420267001,157,37,49
JB GPT-5.4 | binary_only,16,disagreement_then_random,release,0.05,1011,13.0,6.0,-7.0,157,37,49
JB GPT-5.4 | binary_only,16,disagreement_then_random,release,0.2,4046,26.579542229900863,19.328910395078086,-7.2506318348227765,157,37,49
JB GPT-5.4 | binary_only,16,disagreement_then_random,release,0.5,10114,12.905187542648953,23.776487362637454,10.8712998199885,157,37,49
JB GPT-5.4 | binary_only,16,disagreement_then_random,release,0.84,16992,3.473973460955996,18.6471069447673,15.173133483811306,157,37,49
JB GPT-5.4 | binary_only,16,disagreement_then_random,release,0.95,19218,1.0460955799914942,8.183984241794636,7.137888661803142,157,37,49
JB GPT-5.4 | binary_only,17,random_criterion,release,0.05,1011,1.3807567540027619,0.6747939780435512,-0.7059627759592106,155,30,52
JB GPT-5.4 | binary_only,17,random_criterion,release,0.2,4046,4.2692478532766325,3.006996308178171,-1.2622515450984615,155,30,52
JB GPT-5.4 | binary_only,17,random_criterion,release,0.5,10114,5.929973288483606,8.756483966599117,2.8265106781155103,155,30,52
JB GPT-5.4 | binary_only,17,random_criterion,release,0.84,16992,3.1301624811681807,10.33442161779579,7.204259136627609,155,30,52
JB GPT-5.4 | binary_only,17,random_criterion,release,0.95,19218,1.1264382049881292,4.754799529369816,3.628361324381687,155,30,52
JB GPT-5.4 | binary_only,17,disagreement_then_random,release,0.05,1011,7.0,2.0,-5.0,155,30,52
JB GPT-5.4 | binary_only,17,disagreement_then_random,release,0.2,4046,30.764591099903022,9.356738940202847,-21.407852159700177,155,30,52
JB GPT-5.4 | binary_only,17,disagreement_then_random,release,0.5,10114,16.390155264377032,14.595857743309852,-1.7942975210671808,155,30,52
JB GPT-5.4 | binary_only,17,disagreement_then_random,release,0.84,16992,4.720527833637367,13.264014275723813,8.543486442086447,155,30,52
JB GPT-5.4 | binary_only,17,disagreement_then_random,release,0.95,19218,1.460184580262334,5.794827432721835,4.334642852459501,155,30,52
JB GPT-5.4 | binary_only,18,random_criterion,release,0.05,1011,1.2547183617837707,0.9314156513549695,-0.3233027104288012,162,34,53
JB GPT-5.4 | binary_only,18,random_criterion,release,0.2,4046,3.6772176588404935,4.077198750670608,0.399981091830115,162,34,53
JB GPT-5.4 | binary_only,18,random_criterion,release,0.5,10114,5.066611701791769,11.175337534464724,6.108725832672955,162,34,53
JB GPT-5.4 | binary_only,18,random_criterion,release,0.84,16992,2.8752011675345233,12.353861522719605,9.478660355185081,162,34,53
JB GPT-5.4 | binary_only,18,random_criterion,release,0.95,19218,1.0650626388636493,5.636621004511035,4.571558365647386,162,34,53
JB GPT-5.4 | binary_only,18,disagreement_then_random,release,0.05,1011,9.0,8.0,-1.0,162,34,53
JB GPT-5.4 | binary_only,18,disagreement_then_random,release,0.2,4046,26.700467457634115,21.298856147221603,-5.4016113104125125,162,34,53
JB GPT-5.4 | binary_only,18,disagreement_then_random,release,0.5,10114,13.575850582967892,24.594691571955412,11.01884098898752,162,34,53
JB GPT-5.4 | binary_only,18,disagreement_then_random,release,0.84,16992,4.224526973252299,17.162465638198054,12.937938664945754,162,34,53
JB GPT-5.4 | binary_only,18,disagreement_then_random,release,0.95,19218,1.3674736757238244,7.073729918810933,5.706256243087109,162,34,53
JB GPT-5.4 | binary_only,19,random_criterion,release,0.05,1011,1.5276328835228277,0.694259420329003,-0.8333734631938247,158,34,54
JB GPT-5.4 | binary_only,19,random_criterion,release,0.2,4046,4.800432164644714,3.2947231789755276,-1.505708985669186,158,34,54
JB GPT-5.4 | binary_only,19,random_criterion,release,0.5,10114,6.806984828316041,10.192925653546224,3.3859408252301835,158,34,54
JB GPT-5.4 | binary_only,19,random_criterion,release,0.84,16992,3.507019672706382,12.170200523706539,8.663180851000156,158,34,54
JB GPT-5.4 | binary_only,19,random_criterion,release,0.95,19218,1.2349135665811932,5.573222597471769,4.338309030890576,158,34,54
JB GPT-5.4 | binary_only,19,disagreement_then_random,release,0.05,1011,10.0,5.0,-5.0,158,34,54
JB GPT-5.4 | binary_only,19,disagreement_then_random,release,0.2,4046,31.42028077030089,18.274091454980358,-13.146189315320534,158,34,54
JB GPT-5.4 | binary_only,19,disagreement_then_random,release,0.5,10114,16.229694026268575,21.9445495706048,5.714855544336224,158,34,54
JB GPT-5.4 | binary_only,19,disagreement_then_random,release,0.84,16992,4.999573732974626,16.55188222166843,11.552308488693804,158,34,54
JB GPT-5.4 | binary_only,19,disagreement_then_random,release,0.95,19218,1.5732643573178835,6.915714071800291,5.342449714482408,158,34,54
JB GPT-5.4 | binary_only,20,random_criterion,release,0.05,1011,1.7109968619905953,0.6902581497673164,-1.020738712223279,165,39,61
JB GPT-5.4 | binary_only,20,random_criterion,release,0.2,4046,4.9727613289008366,3.276849379659501,-1.6959119492413355,165,39,61
JB GPT-5.4 | binary_only,20,random_criterion,release,0.5,10114,6.222985295908688,10.569261350127396,4.346276054218708,165,39,61
JB GPT-5.4 | binary_only,20,random_criterion,release,0.84,16992,2.9882163532610497,13.559155207801743,10.570938854540692,165,39,61
JB GPT-5.4 | binary_only,20,random_criterion,release,0.95,19218,1.0455933638198842,6.4218202126500685,5.376226848830184,165,39,61
JB GPT-5.4 | binary_only,20,disagreement_then_random,release,0.05,1011,15.0,4.0,-11.0,165,39,61
JB GPT-5.4 | binary_only,20,disagreement_then_random,release,0.2,4046,36.072865943880856,20.276953360512394,-15.795912583368462,165,39,61
JB GPT-5.4 | binary_only,20,disagreement_then_random,release,0.5,10114,17.092957652798102,24.340356097227563,7.247398444429461,165,39,61
JB GPT-5.4 | binary_only,20,disagreement_then_random,release,0.84,16992,4.496032470158517,18.763925625498814,14.267893155340296,165,39,61
JB GPT-5.4 | binary_only,20,disagreement_then_random,release,0.95,19218,1.3538171997426298,8.03813632283492,6.68431912309229,165,39,61
JB GPT-5.4 | binary_only,21,random_criterion,release,0.05,1011,1.505765554869265,0.5848142579549174,-0.9209512969143476,161,31,54
JB GPT-5.4 | binary_only,21,random_criterion,release,0.2,4046,4.557437114336265,2.765556731349047,-1.7918803829872183,161,31,54
JB GPT-5.4 | binary_only,21,random_criterion,release,0.5,10114,6.023778136294301,8.698737794639984,2.6749596583456823,161,31,54
JB GPT-5.4 | binary_only,21,random_criterion,release,0.84,16992,2.8289247417794336,10.97108887242025,8.142164130640817,161,31,54
JB GPT-5.4 | binary_only,21,random_criterion,release,0.95,19218,0.9642391340613243,5.289511979135227,4.325272845073902,161,31,54
JB GPT-5.4 | binary_only,21,disagreement_then_random,release,0.05,1011,16.0,5.0,-11.0,161,31,54
JB GPT-5.4 | binary_only,21,disagreement_then_random,release,0.2,4046,34.12913960108894,17.29964704394793,-16.829492557141005,161,31,54
JB GPT-5.4 | binary_only,21,disagreement_then_random,release,0.5,10114,16.109656940157404,20.951903650891776,4.842246710734372,161,31,54
JB GPT-5.4 | binary_only,21,disagreement_then_random,release,0.84,16992,4.208886778257686,15.5058238013126,11.296937023054912,161,31,54
JB GPT-5.4 | binary_only,21,disagreement_then_random,release,0.95,19218,1.2454644646395223,6.624315605995971,5.378851141356448,161,31,54
JB GPT-5.4 | binary_only,22,random_criterion,release,0.05,1011,1.4263950845614413,0.6799027729025943,-0.746492311658847,157,32,53
JB GPT-5.4 | binary_only,22,random_criterion,release,0.2,4046,4.415798770047751,3.09292921176411,-1.3228695582836405,157,32,53
JB GPT-5.4 | binary_only,22,random_criterion,release,0.5,10114,6.084303091955912,9.253530758123453,3.169227666167542,157,32,53
JB GPT-5.4 | binary_only,22,random_criterion,release,0.84,16992,3.069722744108648,10.847431670950812,7.7777089268421635,157,32,53
JB GPT-5.4 | binary_only,22,random_criterion,release,0.95,19218,1.0864949821193721,4.922443512182703,3.8359485300633307,157,32,53
JB GPT-5.4 | binary_only,22,disagreement_then_random,release,0.05,1011,14.0,6.0,-8.0,157,32,53
JB GPT-5.4 | binary_only,22,disagreement_then_random,release,0.2,4046,30.64459872074855,17.24772731281489,-13.39687140793366,157,32,53
JB GPT-5.4 | binary_only,22,disagreement_then_random,release,0.5,10114,16.083085936110393,20.578019167497406,4.494933231387012,157,32,53
JB GPT-5.4 | binary_only,22,disagreement_then_random,release,0.84,16992,4.575360650883408,14.98078489583353,10.405424244950122,157,32,53
JB GPT-5.4 | binary_only,22,disagreement_then_random,release,0.95,19218,1.403658706656631,6.130010190760352,4.726351484103721,157,32,53
JB GPT-5.4 | binary_only,23,random_criterion,release,0.05,1011,1.307950107102135,0.732251799071953,-0.5756983080301821,163,34,49
JB GPT-5.4 | binary_only,23,random_criterion,release,0.2,4046,3.8643872086621207,3.325321974375953,-0.5390652342861677,163,34,49
JB GPT-5.4 | binary_only,23,random_criterion,release,0.5,10114,5.041783520687753,9.92503778052028,4.883254259832526,163,34,49
JB GPT-5.4 | binary_only,23,random_criterion,release,0.84,16992,2.3850866574818763,12.300257048663227,9.91517039118135,163,34,49
JB GPT-5.4 | binary_only,23,random_criterion,release,0.95,19218,0.8171570432325211,5.959521114396495,5.142364071163973,163,34,49
JB GPT-5.4 | binary_only,23,disagreement_then_random,release,0.05,1011,14.0,5.0,-9.0,163,34,49
JB GPT-5.4 | binary_only,23,disagreement_then_random,release,0.2,4046,27.89686837040105,15.329624737521439,-12.567243632879613,163,34,49
JB GPT-5.4 | binary_only,23,disagreement_then_random,release,0.5,10114,14.664759312498179,20.00100862006548,5.336249307567302,163,34,49
JB GPT-5.4 | binary_only,23,disagreement_then_random,release,0.84,16992,3.7513837893715527,16.54786283185894,12.796479042487388,163,34,49
JB GPT-5.4 | binary_only,23,disagreement_then_random,release,0.95,19218,1.0771814627864904,7.341897402581065,6.264715939794574,163,34,49
JB GPT-5.4 | binary_only,24,random_criterion,release,0.05,1011,1.598785023663731,0.687395526398077,-0.9113894972656541,150,37,57
JB GPT-5.4 | binary_only,24,random_criterion,release,0.2,4046,4.5456139052974045,3.2146564701239093,-1.3309574351734952,150,37,57
JB GPT-5.4 | binary_only,24,random_criterion,release,0.5,10114,5.793251447541954,10.057786934411455,4.264535486869501,150,37,57
JB GPT-5.4 | binary_only,24,random_criterion,release,0.84,16992,2.924197530571031,12.852025595020585,9.927828064449553,150,37,57
JB GPT-5.4 | binary_only,24,random_criterion,release,0.95,19218,1.0385646061783007,6.244324735214864,5.205760129036563,150,37,57
JB GPT-5.4 | binary_only,24,disagreement_then_random,release,0.05,1011,12.0,3.0,-9.0,150,37,57
JB GPT-5.4 | binary_only,24,disagreement_then_random,release,0.2,4046,31.235539440783427,18.35519586806843,-12.880343572714995,150,37,57
JB GPT-5.4 | binary_only,24,disagreement_then_random,release,0.5,10114,14.743258453820859,22.92871762005079,8.185459166229931,150,37,57
JB GPT-5.4 | binary_only,24,disagreement_then_random,release,0.84,16992,4.255370203829193,17.76449288725083,13.509122683421639,150,37,57
JB GPT-5.4 | binary_only,24,disagreement_then_random,release,0.95,19218,1.3312266062080869,7.79325164730119,6.462025041093103,150,37,57
JB GPT-5.4 | binary_only,25,random_criterion,release,0.05,1011,1.5226824365243166,0.6472684762600457,-0.8754139602642709,160,36,45
JB GPT-5.4 | binary_only,25,random_criterion,release,0.2,4046,4.39763008962276,3.164637333165164,-1.2329927564575964,160,36,45
JB GPT-5.4 | binary_only,25,random_criterion,release,0.5,10114,5.547173150071633,10.311998585391057,4.764825435319424,160,36,45
JB GPT-5.4 | binary_only,25,random_criterion,release,0.84,16992,2.634632870336549,12.701160545580143,10.066527675243593,160,36,45
JB GPT-5.4 | binary_only,25,random_criterion,release,0.95,19218,0.9097743420756719,5.828609805885279,4.918835463809607,160,36,45
JB GPT-5.4 | binary_only,25,disagreement_then_random,release,0.05,1011,9.0,7.0,-2.0,160,36,45
JB GPT-5.4 | binary_only,25,disagreement_then_random,release,0.2,4046,21.994824681937864,19.275532508088755,-2.7192921738491087,160,36,45
JB GPT-5.4 | binary_only,25,disagreement_then_random,release,0.5,10114,11.70650158082404,23.1733772366329,11.466875655808858,160,36,45
JB GPT-5.4 | binary_only,25,disagreement_then_random,release,0.84,16992,3.4424595630942867,17.566079300561118,14.12361973746683,160,36,45
JB GPT-5.4 | binary_only,25,disagreement_then_random,release,0.95,19218,1.0474415586819206,7.311577400017136,6.264135841335215,160,36,45
JB GPT-5.4 | binary_only,26,random_criterion,release,0.05,1011,1.7577078727873812,0.6249338987546388,-1.1327739740327423,154,28,65
JB GPT-5.4 | binary_only,26,random_criterion,release,0.2,4046,5.11209301117135,2.812814571037727,-2.299278440133623,154,28,65
JB GPT-5.4 | binary_only,26,random_criterion,release,0.5,10114,6.479809015887428,8.280686937026445,1.8008779211390173,154,28,65
JB GPT-5.4 | binary_only,26,random_criterion,release,0.84,16992,3.276265790603074,9.65126006674422,6.3749942761411456,154,28,65
JB GPT-5.4 | binary_only,26,random_criterion,release,0.95,19218,1.1742880352617595,4.420480359404486,3.2461923241427266,154,28,65
JB GPT-5.4 | binary_only,26,disagreement_then_random,release,0.05,1011,15.0,3.0,-12.0,154,28,65
JB GPT-5.4 | binary_only,26,disagreement_then_random,release,0.2,4046,35.19848403893865,14.247037334199476,-20.951446704739176,154,28,65
JB GPT-5.4 | binary_only,26,disagreement_then_random,release,0.5,10114,17.020937065519806,17.586832873882372,0.5658958083625656,154,28,65
JB GPT-5.4 | binary_only,26,disagreement_then_random,release,0.84,16992,4.712232555378892,13.236931069754373,8.52469851437548,154,28,65
JB GPT-5.4 | binary_only,26,disagreement_then_random,release,0.95,19218,1.4573893227643329,5.520600143839221,4.063210821074889,154,28,65
JB GPT-5.4 | binary_only,27,random_criterion,release,0.05,1011,1.453351601417751,0.8779404147631882,-0.5754111866545628,163,39,50
JB GPT-5.4 | binary_only,27,random_criterion,release,0.2,4046,4.3304611470626,3.8924261378863267,-0.43803500917627325,163,39,50
JB GPT-5.4 | binary_only,27,random_criterion,release,0.5,10114,5.613579400358204,11.534599779902614,5.92102037954441,163,39,50
JB GPT-5.4 | binary_only,27,random_criterion,release,0.84,16992,2.728012018181487,14.129729917323523,11.401717899142035,163,39,50
JB GPT-5.4 | binary_only,27,random_criterion,release,0.95,19218,0.9525377084417274,6.639050603680271,5.686512895238544,163,39,50
JB GPT-5.4 | binary_only,27,disagreement_then_random,release,0.05,1011,9.0,6.0,-3.0,163,39,50
JB GPT-5.4 | binary_only,27,disagreement_then_random,release,0.2,4046,26.74692379078045,21.302548825740352,-5.444374965040097,163,39,50
JB GPT-5.4 | binary_only,27,disagreement_then_random,release,0.5,10114,13.474160530887772,25.47238221404557,11.998221683157798,163,39,50
JB GPT-5.4 | binary_only,27,disagreement_then_random,release,0.84,16992,3.8924071022174664,19.48251082405613,15.590103721838664,163,39,50
JB GPT-5.4 | binary_only,27,disagreement_then_random,release,0.95,19218,1.2129416627542395,8.311946271077844,7.099004608323604,163,39,50
JB GPT-5.4 | binary_only,28,random_criterion,release,0.05,1011,1.4539298196794286,0.6821495474845464,-0.7717802721948822,155,32,53
JB GPT-5.4 | binary_only,28,random_criterion,release,0.2,4046,4.3589114917902405,3.1172518217609197,-1.2416596700293208,155,32,53
JB GPT-5.4 | binary_only,28,random_criterion,release,0.5,10114,5.828413879367581,9.28479466303438,3.4563807836667984,155,32,53
JB GPT-5.4 | binary_only,28,random_criterion,release,0.84,16992,2.998360113187545,10.78582421822179,7.787464105034246,155,32,53
JB GPT-5.4 | binary_only,28,random_criterion,release,0.95,19218,1.0775698237896187,4.883977758932737,3.806407935143118,155,32,53
JB GPT-5.4 | binary_only,28,disagreement_then_random,release,0.05,1011,14.0,5.0,-9.0,155,32,53
JB GPT-5.4 | binary_only,28,disagreement_then_random,release,0.2,4046,30.440436507597326,12.356696516004666,-18.083739991592658,155,32,53
JB GPT-5.4 | binary_only,28,disagreement_then_random,release,0.5,10114,15.029739295820113,17.385921485281315,2.3561821894612027,155,32,53
JB GPT-5.4 | binary_only,28,disagreement_then_random,release,0.84,16992,4.383417698689722,14.337490651375242,9.954072952685522,155,32,53
JB GPT-5.4 | binary_only,28,disagreement_then_random,release,0.95,19218,1.3826085817048757,6.052528609622318,4.669920027917442,155,32,53
JB GPT-5.4 | binary_only,29,random_criterion,release,0.05,1011,1.6425029016833337,0.7446044004869589,-0.8978985011963748,169,38,53
JB GPT-5.4 | binary_only,29,random_criterion,release,0.2,4046,4.934817529972078,3.5170626787808335,-1.4177548511912441,169,38,53
JB GPT-5.4 | binary_only,29,random_criterion,release,0.5,10114,6.340206014863896,10.993094387244124,4.652888372380228,169,38,53
JB GPT-5.4 | binary_only,29,random_criterion,release,0.84,16992,2.937917425739362,13.867240491644745,10.929323065905383,169,38,53
JB GPT-5.4 | binary_only,29,random_criterion,release,0.95,19218,1.0075762760802618,6.665124857107337,5.657548581027075,169,38,53
JB GPT-5.4 | binary_only,29,disagreement_then_random,release,0.05,1011,11.0,3.0,-8.0,169,38,53
JB GPT-5.4 | binary_only,29,disagreement_then_random,release,0.2,4046,29.540874133551096,18.330352506980965,-11.21052162657013,169,38,53
JB GPT-5.4 | binary_only,29,disagreement_then_random,release,0.5,10114,14.566811308357023,23.06075172325594,8.493940414898917,169,38,53
JB GPT-5.4 | binary_only,29,disagreement_then_random,release,0.84,16992,4.0915133744830445,18.71797745359797,14.626464079114927,169,38,53
JB GPT-5.4 | binary_only,29,disagreement_then_random,release,0.95,19218,1.271508351992119,8.282303119095463,7.010794767103344,169,38,53
JB GPT-5.4 | binary_only,30,random_criterion,release,0.05,1011,1.418010568955046,0.7869708005057009,-0.6310397684493451,157,35,51
JB GPT-5.4 | binary_only,30,random_criterion,release,0.2,4046,3.9534903179097527,3.588579815792019,-0.3649105021177337,157,35,51
JB GPT-5.4 | binary_only,30,random_criterion,release,0.5,10114,4.751208716200104,10.593073161444229,5.841864445244125,157,35,51
JB GPT-5.4 | binary_only,30,random_criterion,release,0.84,16992,2.352714334022755,12.44320996064355,10.090495626620795,157,35,51
JB GPT-5.4 | binary_only,30,random_criterion,release,0.95,19218,0.8441579840352323,5.806967718211876,4.962809734176644,157,35,51
JB GPT-5.4 | binary_only,30,disagreement_then_random,release,0.05,1011,9.0,5.0,-4.0,157,35,51
JB GPT-5.4 | binary_only,30,disagreement_then_random,release,0.2,4046,25.65166144555166,17.276204914894002,-8.375456530657658,157,35,51
JB GPT-5.4 | binary_only,30,disagreement_then_random,release,0.5,10114,12.233929862263311,21.20583237319937,8.97190251093606,157,35,51
JB GPT-5.4 | binary_only,30,disagreement_then_random,release,0.84,16992,3.4320069573217338,16.404604722112737,12.972597764791002,157,35,51
JB GPT-5.4 | binary_only,30,disagreement_then_random,release,0.95,19218,1.0816319457283132,7.08172570852987,6.000093762801557,157,35,51
JB GPT-5.4 | binary_only,31,random_criterion,release,0.05,1011,1.290663599891843,0.7952050721436997,-0.49545852774814325,164,44,43
JB GPT-5.4 | binary_only,31,random_criterion,release,0.2,4046,3.9541435881305924,3.7572295244317666,-0.1969140636988258,164,44,43
JB GPT-5.4 | binary_only,31,random_criterion,release,0.5,10114,5.237582127766619,12.057668165055457,6.820086037288838,164,44,43
JB GPT-5.4 | binary_only,31,random_criterion,release,0.84,16992,2.5744279138857378,15.589183285360384,13.014755371474646,164,44,43
JB GPT-5.4 | binary_only,31,random_criterion,release,0.95,19218,0.9027909232314174,7.449163139908599,6.546372216677182,164,44,43
JB GPT-5.4 | binary_only,31,disagreement_then_random,release,0.05,1011,11.0,3.0,-8.0,164,44,43
JB GPT-5.4 | binary_only,31,disagreement_then_random,release,0.2,4046,27.529515742878328,20.464855480919468,-7.06466026195886,164,44,43
JB GPT-5.4 | binary_only,31,disagreement_then_random,release,0.5,10114,13.53429329869896,26.69832880839428,13.164035509695319,164,44,43
JB GPT-5.4 | binary_only,31,disagreement_then_random,release,0.84,16992,3.801206238758949,21.503870151142007,17.70266391238306,164,44,43
JB GPT-5.4 | binary_only,31,disagreement_then_random,release,0.95,19218,1.1629811841064301,9.327211041987105,8.164229857880676,164,44,43
JB GPT-5.4 | binary_only,32,random_criterion,release,0.05,1011,1.6833377989185043,0.7723723364458474,-0.910965462472657,152,32,53
JB GPT-5.4 | binary_only,32,random_criterion,release,0.2,4046,4.758276587217328,3.3734156099985553,-1.3848609772187723,152,32,53
JB GPT-5.4 | binary_only,32,random_criterion,release,0.5,10114,5.946590155264432,9.565796834709237,3.6192066794448055,152,32,53
JB GPT-5.4 | binary_only,32,random_criterion,release,0.84,16992,2.9323128961894356,11.207390412254028,8.275077516064593,152,32,53
JB GPT-5.4 | binary_only,32,random_criterion,release,0.95,19218,1.038817407197522,5.190054325922144,4.1512369187246225,152,32,53
JB GPT-5.4 | binary_only,32,disagreement_then_random,release,0.05,1011,8.0,4.0,-4.0,152,32,53
JB GPT-5.4 | binary_only,32,disagreement_then_random,release,0.2,4046,29.29999300584578,19.219213492557635,-10.080779513288146,152,32,53
JB GPT-5.4 | binary_only,32,disagreement_then_random,release,0.5,10114,13.905207103461699,21.944027577159105,8.038820473697406,152,32,53
JB GPT-5.4 | binary_only,32,disagreement_then_random,release,0.84,16992,4.108970397970439,15.772483809531591,11.663513411561151,152,32,53
JB GPT-5.4 | binary_only,32,disagreement_then_random,release,0.95,19218,1.3141106991988047,6.572815946342519,5.258705247143714,152,32,53
JB GPT-5.4 | binary_only,33,random_criterion,release,0.05,1011,1.6762158082299343,0.5851876257107911,-1.0910281825191432,150,35,47
JB GPT-5.4 | binary_only,33,random_criterion,release,0.2,4046,4.925212744019869,2.789229449678186,-2.135983294341683,150,35,47
JB GPT-5.4 | binary_only,33,random_criterion,release,0.5,10114,6.023802084200982,8.999299428834881,2.975497344633899,150,35,47
JB GPT-5.4 | binary_only,33,random_criterion,release,0.84,16992,2.614575426972157,11.263585603658854,8.649010176686696,150,35,47
JB GPT-5.4 | binary_only,33,random_criterion,release,0.95,19218,0.8743832638417125,5.235697170830893,4.36131390698918,150,35,47
JB GPT-5.4 | binary_only,33,disagreement_then_random,release,0.05,1011,16.0,4.0,-12.0,150,35,47
JB GPT-5.4 | binary_only,33,disagreement_then_random,release,0.2,4046,34.99536895940573,15.409304111569197,-19.586064847836532,150,35,47
JB GPT-5.4 | binary_only,33,disagreement_then_random,release,0.5,10114,15.629133464137281,20.668923737867267,5.039790273729986,150,35,47
JB GPT-5.4 | binary_only,33,disagreement_then_random,release,0.84,16992,3.7227753543703086,15.885209703167186,12.162434348796879,150,35,47
JB GPT-5.4 | binary_only,33,disagreement_then_random,release,0.95,19218,1.0711700704745715,6.602301701179133,5.531131630704562,150,35,47
JB GPT-5.4 | binary_only,34,random_criterion,release,0.05,1011,1.5416987769473136,0.6799037002803312,-0.8617950766669824,160,33,51
JB GPT-5.4 | binary_only,34,random_criterion,release,0.2,4046,4.581150524881745,3.093897243293897,-1.487253281587848,160,33,51
JB GPT-5.4 | binary_only,34,random_criterion,release,0.5,10114,5.909514867631613,9.348891319559872,3.4393764519282586,160,33,51
JB GPT-5.4 | binary_only,34,random_criterion,release,0.84,16992,2.7280070217842924,11.744578210654028,9.016571188869737,160,33,51
JB GPT-5.4 | binary_only,34,random_criterion,release,0.95,19218,0.9211506433154812,5.644845219066546,4.723694575751065,160,33,51
JB GPT-5.4 | binary_only,34,disagreement_then_random,release,0.05,1011,13.0,3.0,-10.0,160,33,51
JB GPT-5.4 | binary_only,34,disagreement_then_random,release,0.2,4046,31.29451712043365,15.30254991292264,-15.99196720751101,160,33,51
JB GPT-5.4 | binary_only,34,disagreement_then_random,release,0.5,10114,15.18710908442462,19.549681237210947,4.362572152786328,160,33,51
JB GPT-5.4 | binary_only,34,disagreement_then_random,release,0.84,16992,4.049777781889864,15.788487905395929,11.738710123506065,160,33,51
JB GPT-5.4 | binary_only,34,disagreement_then_random,release,0.95,19218,1.190760125487194,6.957167910854437,5.766407785367243,160,33,51
JB GPT-5.4 | binary_only,35,random_criterion,release,0.05,1011,1.4893624143714952,0.5803268964283862,-0.909035517943109,167,32,51
JB GPT-5.4 | binary_only,35,random_criterion,release,0.2,4046,4.420011171889484,2.71843334913513,-1.7015778227543539,167,32,51
JB GPT-5.4 | binary_only,35,random_criterion,release,0.5,10114,5.9553541605125115,8.67532923223926,2.719975071726749,167,32,51
JB GPT-5.4 | binary_only,35,random_criterion,release,0.84,16992,3.184441041058756,11.076830486350039,7.892389445291283,167,32,51
JB GPT-5.4 | binary_only,35,random_criterion,release,0.95,19218,1.1630899256782625,5.382144607714302,4.21905468203604,167,32,51
JB GPT-5.4 | binary_only,35,disagreement_then_random,release,0.05,1011,11.0,3.0,-8.0,167,32,51
JB GPT-5.4 | binary_only,35,disagreement_then_random,release,0.2,4046,29.202663442432588,16.24774906007504,-12.954914382357547,167,32,51
JB GPT-5.4 | binary_only,35,disagreement_then_random,release,0.5,10114,13.90588600051374,19.703894635343342,5.798008634829602,167,32,51
JB GPT-5.4 | binary_only,35,disagreement_then_random,release,0.84,16992,4.3661178818274164,15.121260298977862,10.755142417150445,167,32,51
JB GPT-5.4 | binary_only,35,disagreement_then_random,release,0.95,19218,1.4217030448301782,6.617591813397848,5.19588876856767,167,32,51
JB GPT-5.4 | binary_only,36,random_criterion,release,0.05,1011,1.6320259555195664,0.737242609702489,-0.8947833458170774,164,36,51
JB GPT-5.4 | binary_only,36,random_criterion,release,0.2,4046,4.842438435401855,3.4051123714447162,-1.4373260639571384,164,36,51
JB GPT-5.4 | binary_only,36,random_criterion,release,0.5,10114,6.238624973798453,10.374265227676458,4.135640253878005,164,36,51
JB GPT-5.4 | binary_only,36,random_criterion,release,0.84,16992,2.9431121859153584,12.683603229190638,9.740491043275279,164,36,51
JB GPT-5.4 | binary_only,36,random_criterion,release,0.95,19218,1.0093628889095132,5.987511641540127,4.978148752630614,164,36,51
JB GPT-5.4 | binary_only,36,disagreement_then_random,release,0.05,1011,11.0,6.0,-5.0,164,36,51
JB GPT-5.4 | binary_only,36,disagreement_then_random,release,0.2,4046,30.416077072703047,21.247668316958972,-9.168408755744075,164,36,51
JB GPT-5.4 | binary_only,36,disagreement_then_random,release,0.5,10114,14.854121239479941,24.40931031166154,9.555189072181598,164,36,51
JB GPT-5.4 | binary_only,36,disagreement_then_random,release,0.84,16992,4.166601603123336,17.599823276872755,13.433221673749419,164,36,51
JB GPT-5.4 | binary_only,36,disagreement_then_random,release,0.95,19218,1.2812923066320052,7.452265790681366,6.170973484049361,164,36,51
JB GPT-5.4 | binary_only,37,random_criterion,release,0.05,1011,1.5998184936479372,0.5375805246936703,-1.0622379689542667,159,33,54
JB GPT-5.4 | binary_only,37,random_criterion,release,0.2,4046,4.859715763801125,2.6209635537043154,-2.2387522100968096,159,33,54
JB GPT-5.4 | binary_only,37,random_criterion,release,0.5,10114,6.639485530298558,8.608949297669426,1.9694637673708684,159,33,54
JB GPT-5.4 | binary_only,37,random_criterion,release,0.84,16992,3.4405774417914308,10.59289501198466,7.15231757019323,159,33,54
JB GPT-5.4 | binary_only,37,random_criterion,release,0.95,19218,1.2261276975430706,4.8325205310752715,3.606392833532201,159,33,54
JB GPT-5.4 | binary_only,37,disagreement_then_random,release,0.05,1011,13.0,5.0,-8.0,159,33,54
JB GPT-5.4 | binary_only,37,disagreement_then_random,release,0.2,4046,32.432204330369,18.274012215170437,-14.15819211519856,159,33,54
JB GPT-5.4 | binary_only,37,disagreement_then_random,release,0.5,10114,16.250027650744897,21.68534354196099,5.435315891216092,159,33,54
JB GPT-5.4 | binary_only,37,disagreement_then_random,release,0.84,16992,4.761327789030588,15.137792766751145,10.376464977720557,159,33,54
JB GPT-5.4 | binary_only,37,disagreement_then_random,release,0.95,19218,1.5036180161361896,6.0466837277100645,4.543065711573875,159,33,54
JB GPT-5.4 | binary_only,38,random_criterion,release,0.05,1011,1.7912354816361908,0.6396577247742933,-1.1515777568618977,164,34,58
JB GPT-5.4 | binary_only,38,random_criterion,release,0.2,4046,4.871940290501647,3.036734432801542,-1.835205857700105,164,34,58
JB GPT-5.4 | binary_only,38,random_criterion,release,0.5,10114,5.655583320248747,9.46835596413666,3.8127726438879126,164,34,58
JB GPT-5.4 | binary_only,38,random_criterion,release,0.84,16992,2.58518928472681,11.13354961926172,8.548360334534909,164,34,58
JB GPT-5.4 | binary_only,38,random_criterion,release,0.95,19218,0.9015792470240882,5.024134401734692,4.122555154710604,164,34,58
JB GPT-5.4 | binary_only,38,disagreement_then_random,release,0.05,1011,10.0,6.0,-4.0,164,34,58
JB GPT-5.4 | binary_only,38,disagreement_then_random,release,0.2,4046,32.74121805295357,16.27620490071037,-16.465013152243202,164,34,58
JB GPT-5.4 | binary_only,38,disagreement_then_random,release,0.5,10114,13.91341671487964,20.19661502635407,6.283198311474431,164,34,58
JB GPT-5.4 | binary_only,38,disagreement_then_random,release,0.84,16992,3.59663199687861,15.188452291289323,11.591820294410713,164,34,58
JB GPT-5.4 | binary_only,38,disagreement_then_random,release,0.95,19218,1.096975915422914,6.237465737857924,5.14048982243501,164,34,58
JB GPT-5.4 | binary_only,39,random_criterion,release,0.05,1011,1.644957221773906,0.6897599609210674,-0.9551972608528385,154,35,49
JB GPT-5.4 | binary_only,39,random_criterion,release,0.2,4046,4.583126328425322,3.244735666508131,-1.3383906619171908,154,35,49
JB GPT-5.4 | binary_only,39,random_criterion,release,0.5,10114,5.20245909471628,10.085495568668,4.883036473951719,154,35,49
JB GPT-5.4 | binary_only,39,random_criterion,release,0.84,16992,2.188117085395077,12.070644360357871,9.882527274962793,154,35,49
JB GPT-5.4 | binary_only,39,random_criterion,release,0.95,19218,0.7294650405450039,5.50459240343848,4.775127362893476,154,35,49
JB GPT-5.4 | binary_only,39,disagreement_then_random,release,0.05,1011,12.0,6.0,-6.0,154,35,49
JB GPT-5.4 | binary_only,39,disagreement_then_random,release,0.2,4046,30.16430255139222,17.249881679037358,-12.91442087235486,154,35,49
JB GPT-5.4 | binary_only,39,disagreement_then_random,release,0.5,10114,13.258058529075685,20.998980631433195,7.74092210235751,154,35,49
JB GPT-5.4 | binary_only,39,disagreement_then_random,release,0.84,16992,3.2160528531608783,16.160793641644574,12.944740788483696,154,35,49
JB GPT-5.4 | binary_only,39,disagreement_then_random,release,0.95,19218,0.938345481952563,6.760942430489987,5.822596948537424,154,35,49
JB GPT-5.4 | binary_only,40,random_criterion,release,0.05,1011,1.6426027985841574,0.6401556660814071,-1.0024471325027502,161,35,50
JB GPT-5.4 | binary_only,40,random_criterion,release,0.2,4046,5.0176960614714785,3.068776383985399,-1.9489196774860793,161,35,50
JB GPT-5.4 | binary_only,40,random_criterion,release,0.5,10114,7.062828267832184,9.972057869576254,2.9092296017440704,161,35,50
JB GPT-5.4 | binary_only,40,random_criterion,release,0.84,16992,3.792991779925317,12.965945671975357,9.172953892050039,161,35,50
JB GPT-5.4 | binary_only,40,random_criterion,release,0.95,19218,1.3635065417058125,6.271871101716695,4.908364560010882,161,35,50
JB GPT-5.4 | binary_only,40,disagreement_then_random,release,0.05,1011,9.0,9.0,0.0,161,35,50
JB GPT-5.4 | binary_only,40,disagreement_then_random,release,0.2,4046,28.013162404542207,19.248516678966556,-8.764645725575651,161,35,50
JB GPT-5.4 | binary_only,40,disagreement_then_random,release,0.5,10114,16.596067466590483,22.887682940010645,6.291615473420162,161,35,50
JB GPT-5.4 | binary_only,40,disagreement_then_random,release,0.84,16992,5.427139341598773,17.875427441664485,12.448288100065712,161,35,50
JB GPT-5.4 | binary_only,40,disagreement_then_random,release,0.95,19218,1.7382560047027917,7.8078329971995295,6.069576992496738,161,35,50
JB GPT-5.4 | binary_only,41,random_criterion,release,0.05,1011,1.450725924067179,0.5849380910079051,-0.865787833059274,154,32,51
JB GPT-5.4 | binary_only,41,random_criterion,release,0.2,4046,4.297462453662716,2.7727891671797775,-1.5246732864829382,154,32,51
JB GPT-5.4 | binary_only,41,random_criterion,release,0.5,10114,5.613553134202367,8.733989466444525,3.120436332242158,154,32,51
JB GPT-5.4 | binary_only,41,random_criterion,release,0.84,16992,2.8831792998660397,10.418943423602817,7.535764123736778,154,32,51
JB GPT-5.4 | binary_only,41,random_criterion,release,0.95,19218,1.0338456735865997,4.7190558897905746,3.685210216203975,154,32,51
JB GPT-5.4 | binary_only,41,disagreement_then_random,release,0.05,1011,14.0,2.0,-12.0,154,32,51
JB GPT-5.4 | binary_only,41,disagreement_then_random,release,0.2,4046,28.464204656170683,12.356677801805613,-16.10752685436507,154,32,51
JB GPT-5.4 | binary_only,41,disagreement_then_random,release,0.5,10114,13.432863446850833,17.32776896869137,3.8949055218405366,154,32,51
JB GPT-5.4 | binary_only,41,disagreement_then_random,release,0.84,16992,4.011383970175385,13.86883957875336,9.857455608577975,154,32,51
JB GPT-5.4 | binary_only,41,disagreement_then_random,release,0.95,19218,1.3034897814490283,5.741124107565916,4.437634326116888,154,32,51
JB GPT-5.4 | binary_only,42,random_criterion,release,0.05,1011,1.474438479796195,0.645022010562747,-0.8294164692334479,177,36,50
JB GPT-5.4 | binary_only,42,random_criterion,release,0.2,4046,4.285468415884216,3.140634169742369,-1.1448342461418468,177,36,50
JB GPT-5.4 | binary_only,42,random_criterion,release,0.5,10114,5.8283721609681844,10.31196056792249,4.483588406954306,177,36,50
JB GPT-5.4 | binary_only,42,random_criterion,release,0.84,16992,3.211646679535958,13.150373477460821,9.938726797924863,177,36,50
JB GPT-5.4 | binary_only,42,random_criterion,release,0.95,19218,1.1688250211871187,6.282450408051055,5.113625386863936,177,36,50
JB GPT-5.4 | binary_only,42,disagreement_then_random,release,0.05,1011,10.0,6.0,-4.0,177,36,50
JB GPT-5.4 | binary_only,42,disagreement_then_random,release,0.2,4046,27.554096326595722,21.24776660503655,-6.306329721559173,177,36,50
JB GPT-5.4 | binary_only,42,disagreement_then_random,release,0.5,10114,13.956938298343788,24.65913218562695,10.702193887283164,177,36,50
JB GPT-5.4 | binary_only,42,disagreement_then_random,release,0.84,16992,4.348704605274867,18.38751526766277,14.038810662387903,177,36,50
JB GPT-5.4 | binary_only,42,disagreement_then_random,release,0.95,19218,1.3837712020758592,7.856614440712537,6.472843238636678,177,36,50
JB GPT-5.4 | binary_only,43,random_criterion,release,0.05,1011,1.5735899818534036,0.8395690677443742,-0.7340209141090294,158,38,50
JB GPT-5.4 | binary_only,43,random_criterion,release,0.2,4046,4.565066142198502,3.837149610379435,-0.7279165318190666,158,38,50
JB GPT-5.4 | binary_only,43,random_criterion,release,0.5,10114,5.707337124646788,11.50299974549198,5.795662620845192,158,38,50
JB GPT-5.4 | binary_only,43,random_criterion,release,0.84,16992,2.721570694223857,14.219592420159552,11.498021725935695,158,38,50
JB GPT-5.4 | binary_only,43,random_criterion,release,0.95,19218,0.9507346420022027,6.825611395770668,5.874876753768465,158,38,50
JB GPT-5.4 | binary_only,43,disagreement_then_random,release,0.05,1011,14.0,5.0,-9.0,158,38,50
JB GPT-5.4 | binary_only,43,disagreement_then_random,release,0.2,4046,28.397420939500762,16.437130527157247,-11.960290412343515,158,38,50
JB GPT-5.4 | binary_only,43,disagreement_then_random,release,0.5,10114,13.472574571371242,22.382149507285764,8.909574935914522,158,38,50
JB GPT-5.4 | binary_only,43,disagreement_then_random,release,0.84,16992,3.8488581890884994,18.881767351240008,15.032909162151508,158,38,50
JB GPT-5.4 | binary_only,43,disagreement_then_random,release,0.95,19218,1.206636962017333,8.435425184223746,7.228788222206413,158,38,50
JB GPT-5.4 | binary_only,44,random_criterion,release,0.05,1011,1.3337231459859844,0.8320821785140976,-0.5016409674718868,154,36,47
JB GPT-5.4 | binary_only,44,random_criterion,release,0.2,4046,3.784779315928023,3.716581302526831,-0.06819801340119236,154,36,47
JB GPT-5.4 | binary_only,44,random_criterion,release,0.5,10114,4.579368674557779,10.710314167482307,6.130945492924528,154,36,47
JB GPT-5.4 | binary_only,44,random_criterion,release,0.84,16992,2.02312410061994,12.242776838162687,10.219652737542747,154,36,47
JB GPT-5.4 | binary_only,44,random_criterion,release,0.95,19218,0.6793516454830195,5.574252434562315,4.894900789079295,154,36,47
JB GPT-5.4 | binary_only,44,disagreement_then_random,release,0.05,1011,17.0,5.0,-12.0,154,36,47
JB GPT-5.4 | binary_only,44,disagreement_then_random,release,0.2,4046,29.205761428452398,14.437072546826565,-14.768688881625833,154,36,47
JB GPT-5.4 | binary_only,44,disagreement_then_random,release,0.5,10114,12.313697211776224,20.240200787388876,7.926503575612651,154,36,47
JB GPT-5.4 | binary_only,44,disagreement_then_random,release,0.84,16992,2.9377798022728894,16.308214806589028,13.370435004316139,154,36,47
JB GPT-5.4 | binary_only,44,disagreement_then_random,release,0.95,19218,0.867532588100226,6.878994338992484,6.011461750892258,154,36,47
JB GPT-5.4 | binary_only,45,random_criterion,release,0.05,1011,1.3697519930077116,0.7321272875918888,-0.6376247054158227,165,34,49
JB GPT-5.4 | binary_only,45,random_criterion,release,0.2,4046,4.155065398487676,3.3172106305723665,-0.8378547679153097,165,34,49
JB GPT-5.4 | binary_only,45,random_criterion,release,0.5,10114,5.673123881997303,9.77693251593312,4.1038086339358175,165,34,49
JB GPT-5.4 | binary_only,45,random_criterion,release,0.84,16992,2.9849752387845596,11.496540662788396,8.511565424003837,165,34,49
JB GPT-5.4 | binary_only,45,random_criterion,release,0.95,19218,1.0770235686949834,5.333919744193786,4.256896175498802,165,34,49
JB GPT-5.4 | binary_only,45,disagreement_then_random,release,0.05,1011,12.0,4.0,-8.0,165,34,49
JB GPT-5.4 | binary_only,45,disagreement_then_random,release,0.2,4046,27.524283303964086,14.38300055059037,-13.141282753373716,165,34,49
JB GPT-5.4 | binary_only,45,disagreement_then_random,release,0.5,10114,13.461320717258383,19.52728104245236,6.065960325193975,165,34,49
JB GPT-5.4 | binary_only,45,disagreement_then_random,release,0.84,16992,4.170626646278409,15.577876199237721,11.407249552959312,165,34,49
JB GPT-5.4 | binary_only,45,disagreement_then_random,release,0.95,19218,1.3607624466162132,6.6405712524259535,5.27980880580974,165,34,49
JB GPT-5.4 | binary_only,46,random_criterion,release,0.05,1011,1.6870779679809882,0.8699565898049708,-0.8171213781760174,158,34,59
JB GPT-5.4 | binary_only,46,random_criterion,release,0.2,4046,4.7901891506007,3.7411188797566206,-1.0490702708440791,158,34,59
JB GPT-5.4 | binary_only,46,random_criterion,release,0.5,10114,6.105755307624156,10.413359198436567,4.307603890812411,158,34,59
JB GPT-5.4 | binary_only,46,random_criterion,release,0.84,16992,3.1472446565659595,12.457980742272824,9.310736085706864,158,34,59
JB GPT-5.4 | binary_only,46,random_criterion,release,0.95,19218,1.128597044362577,6.007977644412438,4.879380600049862,158,34,59
JB GPT-5.4 | binary_only,46,disagreement_then_random,release,0.05,1011,15.0,4.0,-11.0,158,34,59
JB GPT-5.4 | binary_only,46,disagreement_then_random,release,0.2,4046,32.892790421018944,20.27330154693087,-12.619488874088074,158,34,59
JB GPT-5.4 | binary_only,46,disagreement_then_random,release,0.5,10114,15.214964620796268,23.61116588352979,8.396201262733522,158,34,59
JB GPT-5.4 | binary_only,46,disagreement_then_random,release,0.84,16992,4.564056550006036,17.333649947138777,12.769593397132741,158,34,59
JB GPT-5.4 | binary_only,46,disagreement_then_random,release,0.95,19218,1.445212283151873,7.5192187210549015,6.074006437903028,158,34,59
JB GPT-5.4 | binary_only,47,random_criterion,release,0.05,1011,1.5552099306451626,0.5873158589148828,-0.9678940717302797,160,32,54
JB GPT-5.4 | binary_only,47,random_criterion,release,0.2,4046,4.73727289690186,2.8070082376686925,-1.9302646592331678,160,32,54
JB GPT-5.4 | binary_only,47,random_criterion,release,0.5,10114,6.4417252524549165,8.968311939862694,2.526586687407778,160,32,54
JB GPT-5.4 | binary_only,47,random_criterion,release,0.84,16992,3.3179878697380016,11.075389574905678,7.757401705167677,160,32,54
JB GPT-5.4 | binary_only,47,random_criterion,release,0.95,19218,1.1805894286223717,5.101033513399521,3.9204440847771496,160,32,54
JB GPT-5.4 | binary_only,47,disagreement_then_random,release,0.05,1011,10.0,6.0,-4.0,160,32,54
JB GPT-5.4 | binary_only,47,disagreement_then_random,release,0.2,4046,29.496528781840965,15.248537410741475,-14.24799137109949,160,32,54
JB GPT-5.4 | binary_only,47,disagreement_then_random,release,0.5,10114,14.883906520562372,18.991371078346212,4.107464557783841,160,32,54
JB GPT-5.4 | binary_only,47,disagreement_then_random,release,0.84,16992,4.611997426394974,15.07454540523346,10.462547978838487,160,32,54
JB GPT-5.4 | binary_only,47,disagreement_then_random,release,0.95,19218,1.4888783380113415,6.36412244277312,4.875244104761778,160,32,54
JB GPT-5.4 | binary_only,48,random_criterion,release,0.05,1011,1.599232537652739,0.5798228134646051,-1.019409724188134,147,28,57
JB GPT-5.4 | binary_only,48,random_criterion,release,0.2,4046,4.502960235703608,2.68505340745964,-1.8179068282439674,147,28,57
JB GPT-5.4 | binary_only,48,random_criterion,release,0.5,10114,5.609616755386773,8.167636523968348,2.558019768581575,147,28,57
JB GPT-5.4 | binary_only,48,random_criterion,release,0.84,16992,3.0050829837995376,9.572213417667246,6.567130433867709,147,28,57
JB GPT-5.4 | binary_only,48,random_criterion,release,0.95,19218,1.110682203669734,4.333717082141135,3.2230348784714007,147,28,57
JB GPT-5.4 | binary_only,48,disagreement_then_random,release,0.05,1011,13.0,4.0,-9.0,147,28,57
JB GPT-5.4 | binary_only,48,disagreement_then_random,release,0.2,4046,27.41933399869097,14.194389290959787,-13.224944707731183,147,28,57
JB GPT-5.4 | binary_only,48,disagreement_then_random,release,0.5,10114,12.896799690752237,17.12314084165084,4.2263411508986035,147,28,57
JB GPT-5.4 | binary_only,48,disagreement_then_random,release,0.84,16992,4.187095697215592,12.878000960801428,8.690905263585837,147,28,57
JB GPT-5.4 | binary_only,48,disagreement_then_random,release,0.95,19218,1.4033438828072935,5.310643362898855,3.9072994800915613,147,28,57
JB GPT-5.4 | binary_only,49,random_criterion,release,0.05,1011,1.9032630060463755,0.44024529505636323,-1.4630177109900124,155,29,56
JB GPT-5.4 | binary_only,49,random_criterion,release,0.2,4046,5.689847050299811,2.2694952175394096,-3.4203518327604012,155,29,56
JB GPT-5.4 | binary_only,49,random_criterion,release,0.5,10114,7.407662835929127,8.063572048678283,0.6559092127491564,155,29,56
JB GPT-5.4 | binary_only,49,random_criterion,release,0.84,16992,3.354030904725389,11.056362483220246,7.7023315784948565,155,29,56
JB GPT-5.4 | binary_only,49,random_criterion,release,0.95,19218,1.1206702108614373,5.360915326072693,4.2402451152112555,155,29,56
JB GPT-5.4 | binary_only,49,disagreement_then_random,release,0.05,1011,14.0,5.0,-9.0,155,29,56
JB GPT-5.4 | binary_only,49,disagreement_then_random,release,0.2,4046,34.33479724515224,12.222274743087139,-22.112522502065097,155,29,56
JB GPT-5.4 | binary_only,49,disagreement_then_random,release,0.5,10114,17.435699845290824,16.018894080297613,-1.4168057649932102,155,29,56
JB GPT-5.4 | binary_only,49,disagreement_then_random,release,0.84,16992,4.782496167580744,14.400068377893263,9.617572210312519,155,29,56
JB GPT-5.4 | binary_only,49,disagreement_then_random,release,0.95,19218,1.4275617215994714,6.543361321066175,5.115799599466704,155,29,56
JB GPT-5.4 | binary_only,50,random_criterion,release,0.05,1011,1.2842806213717168,0.886926603366895,-0.39735401800482184,164,38,48
JB GPT-5.4 | binary_only,50,random_criterion,release,0.2,4046,3.5546625292201117,3.9888501169536137,0.43418758773350197,164,38,48
JB GPT-5.4 | binary_only,50,random_criterion,release,0.5,10114,4.031486359657576,11.601056034910163,7.569569675252588,164,38,48
JB GPT-5.4 | binary_only,50,random_criterion,release,0.84,16992,1.721683365449577,13.744813833615833,12.023130468166256,164,38,48
JB GPT-5.4 | binary_only,50,random_criterion,release,0.95,19218,0.5800002258566819,6.495796098246643,5.915795872389961,164,38,48
JB GPT-5.4 | binary_only,50,disagreement_then_random,release,0.05,1011,9.0,6.0,-3.0,164,38,48
JB GPT-5.4 | binary_only,50,disagreement_then_random,release,0.2,4046,26.41224673075632,21.301777603922243,-5.110469126834076,164,38,48
JB GPT-5.4 | binary_only,50,disagreement_then_random,release,0.5,10114,11.03210490817504,25.184615751495002,14.152510843319963,164,38,48
JB GPT-5.4 | binary_only,50,disagreement_then_random,release,0.84,16992,2.525791941893909,18.73133177685378,16.20553983495987,164,38,48
JB GPT-5.4 | binary_only,50,disagreement_then_random,release,0.95,19218,0.7427341256702721,8.052522247680734,7.309788122010462,164,38,48
JB GPT-5.4 | binary_only,51,random_criterion,release,0.05,1011,1.887478235881578,0.5945469944254388,-1.2929312414561394,164,32,63
JB GPT-5.4 | binary_only,51,random_criterion,release,0.2,4046,5.4564054705467235,2.909481652701785,-2.5469238178449385,164,32,63
JB GPT-5.4 | binary_only,51,random_criterion,release,0.5,10114,6.750358398194177,9.429155556396703,2.678797158202526,164,32,63
JB GPT-5.4 | binary_only,51,random_criterion,release,0.84,16992,3.2306800376040385,12.009071256255355,8.778391218651317,164,32,63
JB GPT-5.4 | binary_only,51,random_criterion,release,0.95,19218,1.1364016013484033,5.786151692342312,4.6497500909939085,164,32,63
JB GPT-5.4 | binary_only,51,disagreement_then_random,release,0.05,1011,12.0,5.0,-7.0,164,32,63
JB GPT-5.4 | binary_only,51,disagreement_then_random,release,0.2,4046,38.03298101695988,19.16735275653202,-18.86562826042786,164,32,63
JB GPT-5.4 | binary_only,51,disagreement_then_random,release,0.5,10114,17.85011968836403,21.734149169466225,3.8840294811021963,164,32,63
JB GPT-5.4 | binary_only,51,disagreement_then_random,release,0.84,16992,4.759568076349269,16.409747608104176,11.650179531754908,164,32,63
JB GPT-5.4 | binary_only,51,disagreement_then_random,release,0.95,19218,1.4613202665612406,7.138221079042985,5.676900812481745,164,32,63
JB GPT-5.4 | binary_only,52,random_criterion,release,0.05,1011,1.5522409765458027,0.6876382848947986,-0.8646026916510041,156,37,55
JB GPT-5.4 | binary_only,52,random_criterion,release,0.2,4046,4.7522480534095735,3.229037571639573,-1.5232104817700005,156,37,55
JB GPT-5.4 | binary_only,52,random_criterion,release,0.5,10114,6.721011599729236,10.234579969859007,3.5135683701297715,156,37,55
JB GPT-5.4 | binary_only,52,random_criterion,release,0.84,16992,3.639967639972014,13.007740435999963,9.36777279602795,156,37,55
JB GPT-5.4 | binary_only,52,random_criterion,release,0.95,19218,1.313765664564348,6.143722877144707,4.829957212580359,156,37,55
JB GPT-5.4 | binary_only,52,disagreement_then_random,release,0.05,1011,10.0,7.0,-3.0,156,37,55
JB GPT-5.4 | binary_only,52,disagreement_then_random,release,0.2,4046,25.16729479567122,16.38375006731963,-8.78354472835159,156,37,55
JB GPT-5.4 | binary_only,52,disagreement_then_random,release,0.5,10114,15.170585239793805,21.713022728961658,6.5424374891678525,156,37,55
JB GPT-5.4 | binary_only,52,disagreement_then_random,release,0.84,16992,5.1492724742492415,17.709726209765734,12.560453735516493,156,37,55
JB GPT-5.4 | binary_only,52,disagreement_then_random,release,0.95,19218,1.6698574898217413,7.6570203422671845,5.987162852445444,156,37,55
JB GPT-5.4 | binary_only,53,random_criterion,release,0.05,1011,1.314764566213255,0.9891282995987993,-0.32563626661445566,164,39,52
JB GPT-5.4 | binary_only,53,random_criterion,release,0.2,4046,3.8868690648093835,4.412670540839283,0.5258014760298995,164,39,52
JB GPT-5.4 | binary_only,53,random_criterion,release,0.5,10114,4.9885504346765694,12.594514310999731,7.605963876323162,164,39,52
JB GPT-5.4 | binary_only,53,random_criterion,release,0.84,16992,2.375086526935168,14.750190348693456,12.375103821758287,164,39,52
JB GPT-5.4 | binary_only,53,random_criterion,release,0.95,19218,0.8167249015028284,6.920161903737078,6.10343700223425,164,39,52
JB GPT-5.4 | binary_only,53,disagreement_then_random,release,0.05,1011,16.0,7.0,-9.0,164,39,52
JB GPT-5.4 | binary_only,53,disagreement_then_random,release,0.2,4046,31.886511514524113,20.328910895544027,-11.557600618980086,164,39,52
JB GPT-5.4 | binary_only,53,disagreement_then_random,release,0.5,10114,13.643554399943408,24.781487805657427,11.13793340571402,164,39,52
JB GPT-5.4 | binary_only,53,disagreement_then_random,release,0.84,16992,3.494198249941557,19.305690525781934,15.811492275840376,164,39,52
JB GPT-5.4 | binary_only,53,disagreement_then_random,release,0.95,19218,1.0488634015829021,8.351407440003776,7.302544038420874,164,39,52
JB GPT-5.4 | binary_only,54,random_criterion,release,0.05,1011,1.6524866942297103,0.542577879354074,-1.1099088148756362,165,35,54
JB GPT-5.4 | binary_only,54,random_criterion,release,0.2,4046,5.0768701069391495,2.7028045841905364,-2.374065522748613,165,35,54
JB GPT-5.4 | binary_only,54,random_criterion,release,0.5,10114,6.799222542722354,9.179042174540582,2.3798196318182283,165,35,54
JB GPT-5.4 | binary_only,54,random_criterion,release,0.84,16992,3.1563001665614308,11.969650443776924,8.813350277215493,165,35,54
JB GPT-5.4 | binary_only,54,random_criterion,release,0.95,19218,1.06609124782625,5.650468156889534,4.584376909063284,165,35,54
JB GPT-5.4 | binary_only,54,disagreement_then_random,release,0.05,1011,13.0,6.0,-7.0,165,35,54
JB GPT-5.4 | binary_only,54,disagreement_then_random,release,0.2,4046,33.33425386297113,14.356699047460799,-18.97755481551033,165,35,54
JB GPT-5.4 | binary_only,54,disagreement_then_random,release,0.5,10114,16.583531810789204,19.437124361294266,2.8535925505050628,165,35,54
JB GPT-5.4 | binary_only,54,disagreement_then_random,release,0.84,16992,4.528002735106317,16.201826942020727,11.67382420691441,165,35,54
JB GPT-5.4 | binary_only,54,disagreement_then_random,release,0.95,19218,1.35985729864207,6.99831115934483,5.63845386070276,165,35,54
JB GPT-5.4 | binary_only,55,random_criterion,release,0.05,1011,1.4645380157127676,0.7493465569001919,-0.7151914588125757,163,39,50
JB GPT-5.4 | binary_only,55,random_criterion,release,0.2,4046,4.129520729342268,3.5811750641078373,-0.5483456652344305,163,39,50
JB GPT-5.4 | binary_only,55,random_criterion,release,0.5,10114,5.0617840753592835,11.218259395179606,6.156475319820323,163,39,50
JB GPT-5.4 | binary_only,55,random_criterion,release,0.84,16992,2.4407007920448747,13.4425886655254,11.001887873480527,163,39,50
JB GPT-5.4 | binary_only,55,random_criterion,release,0.95,19218,0.85531484329595,6.136278429413753,5.280963586117803,163,39,50
JB GPT-5.4 | binary_only,55,disagreement_then_random,release,0.05,1011,15.0,0.0,-15.0,163,39,50
JB GPT-5.4 | binary_only,55,disagreement_then_random,release,0.2,4046,30.277288366317,16.437840179511998,-13.839448186805,163,39,50
JB GPT-5.4 | binary_only,55,disagreement_then_random,release,0.5,10114,13.47488538671262,22.42822934259713,8.953343955884511,163,39,50
JB GPT-5.4 | binary_only,55,disagreement_then_random,release,0.84,16992,3.559892584800179,18.103653678505353,14.543761093705173,163,39,50
JB GPT-5.4 | binary_only,55,disagreement_then_random,release,0.95,19218,1.0955550885293464,7.606722208444008,6.511167119914662,163,39,50
JB GPT-5.4 | binary_only,56,random_criterion,release,0.05,1011,1.5450504346771152,0.6324204323180785,-0.9126300023590367,160,32,50
JB GPT-5.4 | binary_only,56,random_criterion,release,0.2,4046,4.57747619849732,2.9328642917103127,-1.644611906787007,160,32,50
JB GPT-5.4 | binary_only,56,random_criterion,release,0.5,10114,5.703451734018383,8.995711306469689,3.2922595724513055,160,32,50
JB GPT-5.4 | binary_only,56,random_criterion,release,0.84,16992,2.6182976430484493,10.65679740041256,8.03849975736411,160,32,50
JB GPT-5.4 | binary_only,56,random_criterion,release,0.95,19218,0.9059718649959879,4.838208314603179,3.932236449607191,160,32,50
JB GPT-5.4 | binary_only,56,disagreement_then_random,release,0.05,1011,13.0,4.0,-9.0,160,32,50
JB GPT-5.4 | binary_only,56,disagreement_then_random,release,0.2,4046,28.641293128499548,14.276244778509623,-14.365048349989925,160,32,50
JB GPT-5.4 | binary_only,56,disagreement_then_random,release,0.5,10114,14.081627676203215,18.339087750174887,4.2574600739716715,160,32,50
JB GPT-5.4 | binary_only,56,disagreement_then_random,release,0.84,16992,3.7798217040054705,14.434204519137507,10.654382815132037,160,32,50
JB GPT-5.4 | binary_only,56,disagreement_then_random,release,0.95,19218,1.1573489268984927,6.027947017028865,4.870598090130372,160,32,50
JB GPT-5.4 | binary_only,57,random_criterion,release,0.05,1011,1.5750927609829903,0.6699208267042164,-0.905171934278774,156,27,58
JB GPT-5.4 | binary_only,57,random_criterion,release,0.2,4046,4.956209559399071,2.9329573826684356,-2.0232521767306357,156,27,58
JB GPT-5.4 | binary_only,57,random_criterion,release,0.5,10114,6.974981387622426,8.307323926839542,1.332342539217116,156,27,58
JB GPT-5.4 | binary_only,57,random_criterion,release,0.84,16992,3.4690184512736013,9.483266518572277,6.014248067298675,156,27,58
JB GPT-5.4 | binary_only,57,random_criterion,release,0.95,19218,1.1989204846487813,4.313871447769543,3.1149509631207617,156,27,58
JB GPT-5.4 | binary_only,57,disagreement_then_random,release,0.05,1011,12.0,5.0,-7.0,156,27,58
JB GPT-5.4 | binary_only,57,disagreement_then_random,release,0.2,4046,31.64259603101268,12.247769792609118,-19.39482623840356,156,27,58
JB GPT-5.4 | binary_only,57,disagreement_then_random,release,0.5,10114,16.93203691511176,15.81459092386045,-1.1174459912513086,156,27,58
JB GPT-5.4 | binary_only,57,disagreement_then_random,release,0.84,16992,4.964437729262333,12.620946570608162,7.656508841345828,156,27,58
JB GPT-5.4 | binary_only,57,disagreement_then_random,release,0.95,19218,1.5276275868408948,5.341892524237288,3.814264937396393,156,27,58
JB GPT-5.4 | binary_only,58,random_criterion,release,0.05,1011,1.720199255246756,0.6371626348617775,-1.0830366203849784,163,32,58
JB GPT-5.4 | binary_only,58,random_criterion,release,0.2,4046,5.079674708722086,2.997170195062537,-2.0825045136595493,163,32,58
JB GPT-5.4 | binary_only,58,random_criterion,release,0.5,10114,6.4573896510010815,9.269136445569027,2.811746794567945,163,32,58
JB GPT-5.4 | binary_only,58,random_criterion,release,0.84,16992,3.0357575035013062,11.0057651755638,7.9700076720624935,163,32,58
JB GPT-5.4 | binary_only,58,random_criterion,release,0.95,19218,1.0505476763774155,5.003868861366378,3.9533211849889627,163,32,58
JB GPT-5.4 | binary_only,58,disagreement_then_random,release,0.05,1011,12.0,5.0,-7.0,163,32,58
JB GPT-5.4 | binary_only,58,disagreement_then_random,release,0.2,4046,32.33293169164488,17.274070765007572,-15.058860926637308,163,32,58
JB GPT-5.4 | binary_only,58,disagreement_then_random,release,0.5,10114,15.648890877975653,20.863304169429203,5.21441329145355,163,32,58
JB GPT-5.4 | binary_only,58,disagreement_then_random,release,0.84,16992,4.325199310179343,15.328348539462526,11.003149229283183,163,32,58
JB GPT-5.4 | binary_only,58,disagreement_then_random,release,0.95,19218,1.3359950487277137,6.287139020968034,4.95114397224032,163,32,58
JB GPT-5.4 | binary_only,59,random_criterion,release,0.05,1011,1.581718372375312,0.7247717020586367,-0.8569466703166754,155,33,50
JB GPT-5.4 | binary_only,59,random_criterion,release,0.2,4046,4.629498177199649,3.2068806762033812,-1.4226175009962674,155,33,50
JB GPT-5.4 | binary_only,59,random_criterion,release,0.5,10114,5.742510369926221,9.228166111087829,3.485655741161607,155,33,50
JB GPT-5.4 | binary_only,59,random_criterion,release,0.84,16992,2.6454593425654522,10.686449436163622,8.04099009359817,155,33,50
JB GPT-5.4 | binary_only,59,random_criterion,release,0.95,19218,0.9101350263978046,4.86646902428712,3.9563339978893155,155,33,50
JB GPT-5.4 | binary_only,59,disagreement_then_random,release,0.05,1011,14.0,4.0,-10.0,155,33,50
JB GPT-5.4 | binary_only,59,disagreement_then_random,release,0.2,4046,32.25263114437413,12.461973902817524,-19.7906572415566,155,33,50
JB GPT-5.4 | binary_only,59,disagreement_then_random,release,0.5,10114,14.878376172462469,18.263264670312534,3.3848884978500653,155,33,50
JB GPT-5.4 | binary_only,59,disagreement_then_random,release,0.84,16992,3.849245816245042,14.547022237712765,10.697776421467722,155,33,50
JB GPT-5.4 | binary_only,59,disagreement_then_random,release,0.95,19218,1.1645104539360913,6.04198059331188,4.877470139375789,155,33,50
JB GPT-5.4 | binary_only,60,random_criterion,release,0.05,1011,1.482157783514731,0.7418597613082231,-0.740298022206508,159,35,54
JB GPT-5.4 | binary_only,60,random_criterion,release,0.2,4046,4.389218729091528,3.461009626678595,-0.9282091024129331,159,35,54
JB GPT-5.4 | binary_only,60,random_criterion,release,0.5,10114,6.0891330328560604,10.524564986143133,4.435431953287073,159,35,54
JB GPT-5.4 | binary_only,60,random_criterion,release,0.84,16992,3.346897563621051,13.025334343409229,9.678436779788179,159,35,54
JB GPT-5.4 | binary_only,60,random_criterion,release,0.95,19218,1.216318254959568,6.3464182074715225,5.130099952511955,159,35,54
JB GPT-5.4 | binary_only,60,disagreement_then_random,release,0.05,1011,15.0,4.0,-11.0,159,35,54
JB GPT-5.4 | binary_only,60,disagreement_then_random,release,0.2,4046,31.352578573450785,15.277725724349668,-16.074852849101116,159,35,54
JB GPT-5.4 | binary_only,60,disagreement_then_random,release,0.5,10114,16.141938523823946,19.72484356679321,3.5829050429692657,159,35,54
JB GPT-5.4 | binary_only,60,disagreement_then_random,release,0.84,16992,4.975702266416303,17.009380536807107,12.033678270390805,159,35,54
JB GPT-5.4 | binary_only,60,disagreement_then_random,release,0.95,19218,1.5700187523309614,7.800560545978268,6.230541793647307,159,35,54
JB GPT-5.4 | binary_only,61,random_criterion,release,0.05,1011,1.4138648696197629,0.6947504787953303,-0.7191143908244326,169,37,45
JB GPT-5.4 | binary_only,61,random_criterion,release,0.2,4046,3.908748351153986,3.324283197602551,-0.5844651535514349,169,37,45
JB GPT-5.4 | binary_only,61,random_criterion,release,0.5,10114,4.574455877767419,10.526876321424044,5.952420443656625,169,37,45
JB GPT-5.4 | binary_only,61,random_criterion,release,0.84,16992,2.157373753829935,12.609004031936053,10.451630278106117,169,37,45
JB GPT-5.4 | binary_only,61,random_criterion,release,0.95,19218,0.7582163436104603,5.728984243819955,4.970767900209495,169,37,45
JB GPT-5.4 | binary_only,61,disagreement_then_random,release,0.05,1011,13.0,4.0,-9.0,169,37,45
JB GPT-5.4 | binary_only,61,disagreement_then_random,release,0.2,4046,23.431588696195902,20.301853101277437,-3.129735594918465,169,37,45
JB GPT-5.4 | binary_only,61,disagreement_then_random,release,0.5,10114,9.972383276968735,24.274033793359706,14.301650516390971,169,37,45
JB GPT-5.4 | binary_only,61,disagreement_then_random,release,0.84,16992,2.899262614038766,17.480964436893238,14.581701822854473,169,37,45
JB GPT-5.4 | binary_only,61,disagreement_then_random,release,0.95,19218,0.9455275161238091,7.08451013065271,6.138982614528901,169,37,45
JB GPT-5.4 | binary_only,62,random_criterion,release,0.05,1011,1.4625383781724202,0.5329631271119667,-0.9295752510604535,160,32,48
JB GPT-5.4 | binary_only,62,random_criterion,release,0.2,4046,4.447987871306808,2.5650220678448266,-1.8829658034619818,160,32,48
JB GPT-5.4 | binary_only,62,random_criterion,release,0.5,10114,6.0217992282073185,8.495500184387751,2.4737009561804326,160,32,48
JB GPT-5.4 | binary_only,62,random_criterion,release,0.84,16992,2.9970567856576413,10.959592102410346,7.962535316752705,160,32,48
JB GPT-5.4 | binary_only,62,random_criterion,release,0.95,19218,1.0475853411144607,5.158002235368347,4.110416894253886,160,32,48
JB GPT-5.4 | binary_only,62,disagreement_then_random,release,0.05,1011,10.0,5.0,-5.0,160,32,48
JB GPT-5.4 | binary_only,62,disagreement_then_random,release,0.2,4046,25.057190548848652,12.356736324034651,-12.700454224814,160,32,48
JB GPT-5.4 | binary_only,62,disagreement_then_random,release,0.5,10114,13.789755413919249,17.494484245192172,3.7047288312729236,160,32,48
JB GPT-5.4 | binary_only,62,disagreement_then_random,release,0.84,16992,4.093289829448099,14.853069768926048,10.759779939477948,160,32,48
JB GPT-5.4 | binary_only,62,disagreement_then_random,release,0.95,19218,1.2740910206198721,6.421644399981002,5.1475533793611294,160,32,48
JB GPT-5.4 | binary_only,63,random_criterion,release,0.05,1011,1.3897834928153994,0.8349510370644887,-0.5548324557509107,159,37,51
JB GPT-5.4 | binary_only,63,random_criterion,release,0.2,4046,4.0559054534331,3.780507344500288,-0.27539810893281214,159,37,51
JB GPT-5.4 | binary_only,63,random_criterion,release,0.5,10114,5.427989746647766,11.312981376861792,5.884991630214026,159,37,51
JB GPT-5.4 | binary_only,63,random_criterion,release,0.84,16992,2.82084643564665,13.667174667746023,10.846328232099374,159,37,51
JB GPT-5.4 | binary_only,63,random_criterion,release,0.95,19218,0.9969451235324411,6.333124806595375,5.336179683062934,159,37,51
JB GPT-5.4 | binary_only,63,disagreement_then_random,release,0.05,1011,8.0,8.0,0.0,159,37,51
JB GPT-5.4 | binary_only,63,disagreement_then_random,release,0.2,4046,24.765349440084062,19.276263395310764,-5.489086044773298,159,37,51
JB GPT-5.4 | binary_only,63,disagreement_then_random,release,0.5,10114,13.004567937647478,23.34850658721374,10.343938649566264,159,37,51
JB GPT-5.4 | binary_only,63,disagreement_then_random,release,0.84,16992,4.0620114516555414,18.356255751732462,14.29424430007692,159,37,51
JB GPT-5.4 | binary_only,63,disagreement_then_random,release,0.95,19218,1.2752913170151503,7.836784086906597,6.561492769891447,159,37,51
JB GPT-5.4-mini | binary_only,0,random_criterion,release,0.05,1011,1.3992117570420528,0.4596568567515983,-0.9395549002904545,167,14,46
JB GPT-5.4-mini | binary_only,0,random_criterion,release,0.2,4046,3.898790750574663,1.9513745962880993,-1.9474161542865636,167,14,46
JB GPT-5.4-mini | binary_only,0,random_criterion,release,0.5,10114,4.839272720382953,5.202848179308151,0.36357545892519827,167,14,46
JB GPT-5.4-mini | binary_only,0,random_criterion,release,0.84,16992,2.325757761001409,5.82264280259612,3.4968850415947115,167,14,46
JB GPT-5.4-mini | binary_only,0,random_criterion,release,0.95,19218,0.8101804700389506,2.7027057669870853,1.8925252969481348,167,14,46
JB GPT-5.4-mini | binary_only,0,disagreement_then_random,release,0.05,1011,2.0,0.0,-2.0,167,14,46
JB GPT-5.4-mini | binary_only,0,disagreement_then_random,release,0.2,4046,5.123875621729579,0.24710216102495106,-4.876773460704628,167,14,46
JB GPT-5.4-mini | binary_only,0,disagreement_then_random,release,0.5,10114,5.141132927061218,4.020979166930721,-1.1201537601304965,167,14,46
JB GPT-5.4-mini | binary_only,0,disagreement_then_random,release,0.84,16992,2.4365736696531464,5.398414104685568,2.9618404350324212,167,14,46
JB GPT-5.4-mini | binary_only,0,disagreement_then_random,release,0.95,19218,0.8615937474928697,2.5802959874512403,1.7187022399583707,167,14,46
JB GPT-5.4-mini | binary_only,1,random_criterion,release,0.05,1011,1.522638057658373,0.501525716383231,-1.021112341275142,174,11,54
JB GPT-5.4-mini | binary_only,1,random_criterion,release,0.2,4046,3.9103300961279674,1.9915415050973206,-1.9187885910306468,174,11,54
JB GPT-5.4-mini | binary_only,1,random_criterion,release,0.5,10114,4.620651979299992,4.406276236828996,-0.21437574247099622,174,11,54
JB GPT-5.4-mini | binary_only,1,random_criterion,release,0.84,16992,2.218347655791241,3.726544711217909,1.5081970554266682,174,11,54
JB GPT-5.4-mini | binary_only,1,random_criterion,release,0.95,19218,0.7668607358891575,1.543673756926049,0.7768130210368915,174,11,54
JB GPT-5.4-mini | binary_only,1,disagreement_then_random,release,0.05,1011,4.0,0.0,-4.0,174,11,54
JB GPT-5.4-mini | binary_only,1,disagreement_then_random,release,0.2,4046,6.710514355319731,0.2711587575454647,-6.4393555977742665,174,11,54
JB GPT-5.4-mini | binary_only,1,disagreement_then_random,release,0.5,10114,4.167277032066394,3.6651413523949508,-0.5021356796714436,174,11,54
JB GPT-5.4-mini | binary_only,1,disagreement_then_random,release,0.84,16992,1.8328511514948866,3.874104980553305,2.0412538290584186,174,11,54
JB GPT-5.4-mini | binary_only,1,disagreement_then_random,release,0.95,19218,0.6387279991856655,1.6491669423812851,1.0104389431956196,174,11,54
JB GPT-5.4-mini | binary_only,2,random_criterion,release,0.05,1011,1.3054570281151805,0.5091367607010769,-0.7963202674141036,167,15,44
JB GPT-5.4-mini | binary_only,2,random_criterion,release,0.2,4046,3.5950128074973726,2.119692361083639,-1.4753204464137335,167,15,44
JB GPT-5.4-mini | binary_only,2,random_criterion,release,0.5,10114,4.439691208186058,5.265290618905918,0.8255994107198603,167,15,44
JB GPT-5.4-mini | binary_only,2,random_criterion,release,0.84,16992,2.092516067848294,5.438326715994634,3.3458106481463403,167,15,44
JB GPT-5.4-mini | binary_only,2,random_criterion,release,0.95,19218,0.7197152773317256,2.4749940991416466,1.7552788218099211,167,15,44
JB GPT-5.4-mini | binary_only,2,disagreement_then_random,release,0.05,1011,0.0,1.0,1.0,167,15,44
JB GPT-5.4-mini | binary_only,2,disagreement_then_random,release,0.2,4046,3.9795607867475495,1.272638158308179,-2.7069226284393704,167,15,44
JB GPT-5.4-mini | binary_only,2,disagreement_then_random,release,0.5,10114,3.92081322544835,4.998409856076035,1.0775966306276845,167,15,44
JB GPT-5.4-mini | binary_only,2,disagreement_then_random,release,0.84,16992,2.0810348188539876,5.662620739009928,3.581585920155941,167,15,44
JB GPT-5.4-mini | binary_only,2,disagreement_then_random,release,0.95,19218,0.7459362571592056,2.5985141335215456,1.85257787636234,167,15,44
JB GPT-5.4-mini | binary_only,3,random_criterion,release,0.05,1011,1.4743932040466503,0.5117563174505363,-0.962636886596114,165,15,54
JB GPT-5.4-mini | binary_only,3,random_criterion,release,0.2,4046,4.148752238139538,2.1671968718256647,-1.9815553663138736,165,15,54
JB GPT-5.4-mini | binary_only,3,random_criterion,release,0.5,10114,5.595943780516054,5.574110566371159,-0.021833214144894697,165,15,54
JB GPT-5.4-mini | binary_only,3,random_criterion,release,0.84,16992,2.713425466615959,5.730310415591641,3.016884948975682,165,15,54
JB GPT-5.4-mini | binary_only,3,random_criterion,release,0.95,19218,0.9206707340080543,2.5293616687129177,1.6086909347048635,165,15,54
JB GPT-5.4-mini | binary_only,3,disagreement_then_random,release,0.05,1011,2.0,0.0,-2.0,165,15,54
JB GPT-5.4-mini | binary_only,3,disagreement_then_random,release,0.2,4046,6.2250707642638305,1.247043694371415,-4.978027069892415,165,15,54
JB GPT-5.4-mini | binary_only,3,disagreement_then_random,release,0.5,10114,6.6393663783329915,4.8775042135418385,-1.761862164791153,165,15,54
JB GPT-5.4-mini | binary_only,3,disagreement_then_random,release,0.84,16992,2.9579207599940225,5.496906318873609,2.538985558879587,165,15,54
JB GPT-5.4-mini | binary_only,3,disagreement_then_random,release,0.95,19218,0.9998377645378997,2.445943610846326,1.4461058463084264,165,15,54
JB GPT-5.4-mini | binary_only,4,random_criterion,release,0.05,1011,1.5953264779881093,0.8589806579523763,-0.736345820035733,180,21,54
JB GPT-5.4-mini | binary_only,4,random_criterion,release,0.2,4046,3.96975738923901,3.5191228740795917,-0.4506345151594182,180,21,54
JB GPT-5.4-mini | binary_only,4,random_criterion,release,0.5,10114,4.270624158141937,8.654872941575787,4.384248783433851,180,21,54
JB GPT-5.4-mini | binary_only,4,random_criterion,release,0.84,16992,1.8634940763437966,8.969265046500745,7.105770970156948,180,21,54
JB GPT-5.4-mini | binary_only,4,random_criterion,release,0.95,19218,0.6292966449854825,4.076658900793676,3.4473622558081938,180,21,54
JB GPT-5.4-mini | binary_only,4,disagreement_then_random,release,0.05,1011,2.0,1.0,-1.0,180,21,54
JB GPT-5.4-mini | binary_only,4,disagreement_then_random,release,0.2,4046,5.037283760066059,3.4079107967217395,-1.62937296334432,180,21,54
JB GPT-5.4-mini | binary_only,4,disagreement_then_random,release,0.5,10114,4.221025422969536,8.882276036701862,4.661250613732326,180,21,54
JB GPT-5.4-mini | binary_only,4,disagreement_then_random,release,0.84,16992,1.8685394891278582,9.406668501847841,7.538129012719983,180,21,54
JB GPT-5.4-mini | binary_only,4,disagreement_then_random,release,0.95,19218,0.6424031674025062,4.312260408995973,3.669857241593467,180,21,54
JB GPT-5.4-mini | binary_only,5,random_criterion,release,0.05,1011,1.6822837789569156,0.6041010745804789,-1.0781827043764367,166,15,51
JB GPT-5.4-mini | binary_only,5,random_criterion,release,0.2,4046,4.062290940258843,2.439298446851968,-1.6229924934068753,166,15,51
JB GPT-5.4-mini | binary_only,5,random_criterion,release,0.5,10114,3.8030788457107874,5.718717518855445,1.9156386731446573,166,15,51
JB GPT-5.4-mini | binary_only,5,random_criterion,release,0.84,16992,1.449598507208437,5.299907143256328,3.850308636047891,166,15,51
JB GPT-5.4-mini | binary_only,5,random_criterion,release,0.95,19218,0.48326755702560736,2.263020743788273,1.7797531867626655,166,15,51
JB GPT-5.4-mini | binary_only,5,disagreement_then_random,release,0.05,1011,2.0,0.0,-2.0,166,15,51
JB GPT-5.4-mini | binary_only,5,disagreement_then_random,release,0.2,4046,6.713833452697713,1.2989618808064411,-5.414871571891272,166,15,51
JB GPT-5.4-mini | binary_only,5,disagreement_then_random,release,0.5,10114,3.7993491045678764,5.202016652002211,1.4026675474343344,166,15,51
JB GPT-5.4-mini | binary_only,5,disagreement_then_random,release,0.84,16992,1.24734352889062,5.381499311183765,4.134155782293145,166,15,51
JB GPT-5.4-mini | binary_only,5,disagreement_then_random,release,0.95,19218,0.41183384260413947,2.3226556089569588,1.9108217663528193,166,15,51
JB GPT-5.4-mini | binary_only,6,random_criterion,release,0.05,1011,1.4080484029416263,0.6542033092759376,-0.7538450936656886,171,16,51
JB GPT-5.4-mini | binary_only,6,random_criterion,release,0.2,4046,3.8413784547085643,2.647279271605082,-1.1940991831034822,171,16,51
JB GPT-5.4-mini | binary_only,6,random_criterion,release,0.5,10114,5.086555532381272,6.3280523466439815,1.2414968142627094,171,16,51
JB GPT-5.4-mini | binary_only,6,random_criterion,release,0.84,16992,2.583098306607727,6.142562471809496,3.5594641652017693,171,16,51
JB GPT-5.4-mini | binary_only,6,random_criterion,release,0.95,19218,0.9047782089319578,2.673644291025912,1.7688660820939544,171,16,51
JB GPT-5.4-mini | binary_only,6,disagreement_then_random,release,0.05,1011,0.0,1.0,1.0,171,16,51
JB GPT-5.4-mini | binary_only,6,disagreement_then_random,release,0.2,4046,6.9209776413453765,2.3260159743793536,-4.594961666966023,171,16,51
JB GPT-5.4-mini | binary_only,6,disagreement_then_random,release,0.5,10114,5.898115825285667,6.555471199501876,0.657355374216209,171,16,51
JB GPT-5.4-mini | binary_only,6,disagreement_then_random,release,0.84,16992,2.800473811175624,6.361408710783247,3.560934899607623,171,16,51
JB GPT-5.4-mini | binary_only,6,disagreement_then_random,release,0.95,19218,0.9823035542603036,2.7084796365779162,1.7261760823176127,171,16,51
JB GPT-5.4-mini | binary_only,7,random_criterion,release,0.05,1011,1.4510328156635508,0.5092611976477847,-0.9417716180157661,168,14,55
JB GPT-5.4-mini | binary_only,7,random_criterion,release,0.2,4046,3.9012134698854455,2.127522816522302,-1.7736906533631434,168,14,55
JB GPT-5.4-mini | binary_only,7,random_criterion,release,0.5,10114,4.9211629046403464,5.359030574535209,0.4378676698948629,168,14,55
JB GPT-5.4-mini | binary_only,7,random_criterion,release,0.84,16992,2.37377842843857,5.56734149700388,3.1935630685653096,168,14,55
JB GPT-5.4-mini | binary_only,7,random_criterion,release,0.95,19218,0.8167122798210852,2.523750405594088,1.7070381257730025,168,14,55
JB GPT-5.4-mini | binary_only,7,disagreement_then_random,release,0.05,1011,2.0,0.0,-2.0,168,14,55
JB GPT-5.4-mini | binary_only,7,disagreement_then_random,release,0.2,4046,6.913781117265505,0.2733881624587796,-6.6403929548067255,168,14,55
JB GPT-5.4-mini | binary_only,7,disagreement_then_random,release,0.5,10114,5.393466167581706,4.191726436663528,-1.2017397309181783,168,14,55
JB GPT-5.4-mini | binary_only,7,disagreement_then_random,release,0.84,16992,2.262065937699949,5.403263247356664,3.141197309656715,168,14,55
JB GPT-5.4-mini | binary_only,7,disagreement_then_random,release,0.95,19218,0.7641647577469431,2.5524338931123634,1.7882691353654203,168,14,55
JB GPT-5.4-mini | binary_only,8,random_criterion,release,0.05,1011,1.0529391992349413,0.8114985655569268,-0.2414406336780145,166,22,44
JB GPT-5.4-mini | binary_only,8,random_criterion,release,0.2,4046,2.7304100424046447,3.359134940358071,0.6287248979534263,166,22,44
JB GPT-5.4-mini | binary_only,8,random_criterion,release,0.5,10114,3.1653511793032747,8.37486398781927,5.209512808515995,166,22,44
JB GPT-5.4-mini | binary_only,8,random_criterion,release,0.84,16992,1.3436183353548516,8.385024554604136,7.041406219249285,166,22,44
JB GPT-5.4-mini | binary_only,8,random_criterion,release,0.95,19218,0.4416977754537641,3.6632489642627633,3.2215511888089994,166,22,44
JB GPT-5.4-mini | binary_only,8,disagreement_then_random,release,0.05,1011,1.0,0.0,-1.0,166,22,44
JB GPT-5.4-mini | binary_only,8,disagreement_then_random,release,0.2,4046,3.2238158185797783,0.46346009445925557,-2.7603557241205228,166,22,44
JB GPT-5.4-mini | binary_only,8,disagreement_then_random,release,0.5,10114,3.721735331739619,6.8604340163061615,3.1386986845665423,166,22,44
JB GPT-5.4-mini | binary_only,8,disagreement_then_random,release,0.84,16992,1.3988346979119566,8.101868016363532,6.703033318451576,166,22,44
JB GPT-5.4-mini | binary_only,8,disagreement_then_random,release,0.95,19218,0.43171644725238917,3.5654433235136125,3.1337268762612234,166,22,44
JB GPT-5.4-mini | binary_only,9,random_criterion,release,0.05,1011,1.095938276709514,0.661191655558174,-0.43474662115134,168,18,42
JB GPT-5.4-mini | binary_only,9,random_criterion,release,0.2,4046,3.055804772176775,2.7352433165326273,-0.32056145564414784,168,18,42
JB GPT-5.4-mini | binary_only,9,random_criterion,release,0.5,10114,3.8719737751954666,6.578084015631095,2.7061102404356285,168,18,42
JB GPT-5.4-mini | binary_only,9,random_criterion,release,0.84,16992,1.8352145667806927,6.127427212098128,4.292212645317436,168,18,42
JB GPT-5.4-mini | binary_only,9,random_criterion,release,0.95,19218,0.6267720188431535,2.6132106345043518,1.9864386156611982,168,18,42
JB GPT-5.4-mini | binary_only,9,disagreement_then_random,release,0.05,1011,1.0,0.0,-1.0,168,18,42
JB GPT-5.4-mini | binary_only,9,disagreement_then_random,release,0.2,4046,5.724530673312451,0.3552032721128666,-5.369327401199584,168,18,42
JB GPT-5.4-mini | binary_only,9,disagreement_then_random,release,0.5,10114,3.9950587939390316,5.262309828862957,1.2672510349239254,168,18,42
JB GPT-5.4-mini | binary_only,9,disagreement_then_random,release,0.84,16992,1.7427140471276887,6.09816390301914,4.355449855891451,168,18,42
JB GPT-5.4-mini | binary_only,9,disagreement_then_random,release,0.95,19218,0.5889260981030697,2.6755735620866368,2.0866474639835673,168,18,42
JB GPT-5.4-mini | binary_only,10,random_criterion,release,0.05,1011,1.4487156082566008,0.6542033100395055,-0.7945122982170953,172,15,52
JB GPT-5.4-mini | binary_only,10,random_criterion,release,0.2,4046,3.8425770509198607,2.6472920188994378,-1.195285032020423,172,15,52
JB GPT-5.4-mini | binary_only,10,random_criterion,release,0.5,10114,4.770574891276416,6.335610836435538,1.5650359451591216,172,15,52
JB GPT-5.4-mini | binary_only,10,random_criterion,release,0.84,16992,2.270646120611896,6.314248458588048,4.043602337976152,172,15,52
JB GPT-5.4-mini | binary_only,10,random_criterion,release,0.95,19218,0.7735217430378463,2.8316387659340503,2.0581170228962042,172,15,52
JB GPT-5.4-mini | binary_only,10,disagreement_then_random,release,0.05,1011,1.0,1.0,0.0,172,15,52
JB GPT-5.4-mini | binary_only,10,disagreement_then_random,release,0.2,4046,3.355425950061305,2.2989810126572836,-1.0564449374040215,172,15,52
JB GPT-5.4-mini | binary_only,10,disagreement_then_random,release,0.5,10114,4.99621855746457,6.232958965645946,1.236740408181376,172,15,52
JB GPT-5.4-mini | binary_only,10,disagreement_then_random,release,0.84,16992,2.420597352519453,6.3248177702493855,3.9042204177299324,172,15,52
JB GPT-5.4-mini | binary_only,10,disagreement_then_random,release,0.95,19218,0.8238302473125767,2.827016084341466,2.003185837028889,172,15,52
JB GPT-5.4-mini | binary_only,11,random_criterion,release,0.05,1011,1.4170378796642877,0.5491328174002588,-0.867905062264029,159,11,53
JB GPT-5.4-mini | binary_only,11,random_criterion,release,0.2,4046,3.820670946757866,2.159807303574161,-1.660863643183705,159,11,53
JB GPT-5.4-mini | binary_only,11,random_criterion,release,0.5,10114,4.673737604366199,4.795895658812258,0.12215805444605898,159,11,53
JB GPT-5.4-mini | binary_only,11,random_criterion,release,0.84,16992,2.2222574433564692,4.345747481227973,2.123490037871504,159,11,53
JB GPT-5.4-mini | binary_only,11,random_criterion,release,0.95,19218,0.7669848223882676,1.8884624886510437,1.1214776662627761,159,11,53
JB GPT-5.4-mini | binary_only,11,disagreement_then_random,release,0.05,1011,2.0,0.0,-2.0,159,11,53
JB GPT-5.4-mini | binary_only,11,disagreement_then_random,release,0.2,4046,4.972817507119554,2.2433918662368058,-2.7294256408827486,159,11,53
JB GPT-5.4-mini | binary_only,11,disagreement_then_random,release,0.5,10114,4.371609172972919,5.136655477841086,0.765046304868167,159,11,53
JB GPT-5.4-mini | binary_only,11,disagreement_then_random,release,0.84,16992,2.1239129158429146,4.554284975741195,2.4303720598982808,159,11,53
JB GPT-5.4-mini | binary_only,11,disagreement_then_random,release,0.95,19218,0.7498257602907108,1.9457648033357344,1.1959390430450236,159,11,53
JB GPT-5.4-mini | binary_only,12,random_criterion,release,0.05,1011,1.2190241616598527,0.809127092001525,-0.40989706965832773,173,21,38
JB GPT-5.4-mini | binary_only,12,random_criterion,release,0.2,4046,3.205377731488218,3.3268665644081943,0.12148883291997636,173,21,38
JB GPT-5.4-mini | binary_only,12,random_criterion,release,0.5,10114,3.924960064886538,8.272044382932755,4.3470843180462175,173,21,38
JB GPT-5.4-mini | binary_only,12,random_criterion,release,0.84,16992,1.8243197684702201,8.866178438860864,7.041858670390644,173,21,38
JB GPT-5.4-mini | binary_only,12,random_criterion,release,0.95,19218,0.6247609212037714,4.1574246870402405,3.5326637658364692,173,21,38
JB GPT-5.4-mini | binary_only,12,disagreement_then_random,release,0.05,1011,2.0,0.0,-2.0,173,21,38
JB GPT-5.4-mini | binary_only,12,disagreement_then_random,release,0.2,4046,3.934347715947989,3.3815663155996307,-0.5527814003483584,173,21,38
JB GPT-5.4-mini | binary_only,12,disagreement_then_random,release,0.5,10114,3.891824327179774,8.571076186488336,4.679251859308561,173,21,38
JB GPT-5.4-mini | binary_only,12,disagreement_then_random,release,0.84,16992,2.06284530725456,9.079961704856245,7.0171163976016855,173,21,38
JB GPT-5.4-mini | binary_only,12,disagreement_then_random,release,0.95,19218,0.7429002044107671,4.293945687723257,3.55104548331249,173,21,38
JB GPT-5.4-mini | binary_only,13,random_criterion,release,0.05,1011,1.301747546880035,0.6167029755852937,-0.6850445712947413,159,19,54
JB GPT-5.4-mini | binary_only,13,random_criterion,release,0.2,4046,3.6333380133088813,2.6474285393464423,-0.985909473962439,159,19,54
JB GPT-5.4-mini | binary_only,13,random_criterion,release,0.5,10114,4.816216743525657,7.068882149918555,2.2526654063928984,159,19,54
JB GPT-5.4-mini | binary_only,13,random_criterion,release,0.84,16992,2.446191389172419,7.953037768907996,5.506846379735578,159,19,54
JB GPT-5.4-mini | binary_only,13,random_criterion,release,0.95,19218,0.8571888370471544,3.7022002529077103,2.8450114158605557,159,19,54
JB GPT-5.4-mini | binary_only,13,disagreement_then_random,release,0.05,1011,1.0,1.0,0.0,159,19,54
JB GPT-5.4-mini | binary_only,13,disagreement_then_random,release,0.2,4046,2.217636090639672,4.274117990137004,2.056481899497332,159,19,54
JB GPT-5.4-mini | binary_only,13,disagreement_then_random,release,0.5,10114,4.383537289603366,8.305024947018786,3.9214876574154207,159,19,54
JB GPT-5.4-mini | binary_only,13,disagreement_then_random,release,0.84,16992,2.5781627616746867,8.604171042389929,6.026008280715242,159,19,54
JB GPT-5.4-mini | binary_only,13,disagreement_then_random,release,0.95,19218,0.9206488786237467,3.9841862926500458,3.063537414026299,159,19,54
JB GPT-5.4-mini | binary_only,14,random_criterion,release,0.05,1011,1.182698433604943,0.7040565824705162,-0.4786418511344269,160,17,44
JB GPT-5.4-mini | binary_only,14,random_criterion,release,0.2,4046,3.073056691543375,2.8392927177651557,-0.23376397377821911,160,17,44
JB GPT-5.4-mini | binary_only,14,random_criterion,release,0.5,10114,3.563685330119795,6.703064704222727,3.1393793741029317,160,17,44
JB GPT-5.4-mini | binary_only,14,random_criterion,release,0.84,16992,1.578615978895807,6.389895090967943,4.811279112072135,160,17,44
JB GPT-5.4-mini | binary_only,14,random_criterion,release,0.95,19218,0.5322631311005986,2.7662379957811485,2.2339748646805497,160,17,44
JB GPT-5.4-mini | binary_only,14,disagreement_then_random,release,0.05,1011,1.0,1.0,0.0,160,17,44
JB GPT-5.4-mini | binary_only,14,disagreement_then_random,release,0.2,4046,3.9492184563629404,2.3530504494395306,-1.5961680069234099,160,17,44
JB GPT-5.4-mini | binary_only,14,disagreement_then_random,release,0.5,10114,3.314442712384538,6.878462555386273,3.5640198430017347,160,17,44
JB GPT-5.4-mini | binary_only,14,disagreement_then_random,release,0.84,16992,1.5011512194472074,6.628468058370171,5.1273168389229635,160,17,44
JB GPT-5.4-mini | binary_only,14,disagreement_then_random,release,0.95,19218,0.5216550643752347,2.8163222350912545,2.2946671707160196,160,17,44
JB GPT-5.4-mini | binary_only,15,random_criterion,release,0.05,1011,1.3867020200144622,0.7066761538591299,-0.6800258661553323,167,17,50
JB GPT-5.4-mini | binary_only,15,random_criterion,release,0.2,4046,3.727885304445369,2.886850849277418,-0.841034455167951,167,17,50
JB GPT-5.4-mini | binary_only,15,random_criterion,release,0.5,10114,4.487784049285692,7.023347846266657,2.5355637969809646,167,17,50
JB GPT-5.4-mini | binary_only,15,random_criterion,release,0.84,16992,2.107759725477132,6.862560595634714,4.754800870157583,167,17,50
JB GPT-5.4-mini | binary_only,15,random_criterion,release,0.95,19218,0.7218558305638544,2.980435684623737,2.258579854059883,167,17,50
JB GPT-5.4-mini | binary_only,15,disagreement_then_random,release,0.05,1011,1.0,1.0,0.0,167,17,50
JB GPT-5.4-mini | binary_only,15,disagreement_then_random,release,0.2,4046,4.012081895525475,1.3538211846058819,-2.6582607109195937,167,17,50
JB GPT-5.4-mini | binary_only,15,disagreement_then_random,release,0.5,10114,4.1773259423256786,6.168155735502441,1.9908297931767622,167,17,50
JB GPT-5.4-mini | binary_only,15,disagreement_then_random,release,0.84,16992,2.0207892260828095,6.874008034379612,4.853218808296802,167,17,50
JB GPT-5.4-mini | binary_only,15,disagreement_then_random,release,0.95,19218,0.6994445005793222,3.032852030887465,2.333407530308143,167,17,50
JB GPT-5.4-mini | binary_only,16,random_criterion,release,0.05,1011,1.1508858374767221,0.8539900947851558,-0.2968957426915664,153,20,40
JB GPT-5.4-mini | binary_only,16,random_criterion,release,0.2,4046,3.242710952554185,3.4393991573562213,0.1966882048020362,153,20,40
JB GPT-5.4-mini | binary_only,16,random_criterion,release,0.5,10114,4.016027882971608,8.17861003118118,4.162582148209571,153,20,40
JB GPT-5.4-mini | binary_only,16,random_criterion,release,0.84,16992,1.8570249767795148,8.043353108184405,6.18632813140489,153,20,40
JB GPT-5.4-mini | binary_only,16,random_criterion,release,0.95,19218,0.6291478021442947,3.549096743482222,2.9199489413379274,153,20,40
JB GPT-5.4-mini | binary_only,16,disagreement_then_random,release,0.05,1011,0.0,1.0,1.0,153,20,40
JB GPT-5.4-mini | binary_only,16,disagreement_then_random,release,0.2,4046,3.18071385194748,2.407891108809181,-0.772822743138299,153,20,40
JB GPT-5.4-mini | binary_only,16,disagreement_then_random,release,0.5,10114,4.101936556191139,7.8201288658252235,3.7181923096340848,153,20,40
JB GPT-5.4-mini | binary_only,16,disagreement_then_random,release,0.84,16992,2.0400815452527548,8.165588043040387,6.125506497787632,153,20,40
JB GPT-5.4-mini | binary_only,16,disagreement_then_random,release,0.95,19218,0.7025021044126101,3.5967795318848914,2.8942774274722813,153,20,40
JB GPT-5.4-mini | binary_only,17,random_criterion,release,0.05,1011,1.64449593172082,0.7139134770070583,-0.9305824547137618,170,20,55
JB GPT-5.4-mini | binary_only,17,random_criterion,release,0.2,4046,4.102206841801347,2.9908460980449787,-1.111360743756368,170,20,55
JB GPT-5.4-mini | binary_only,17,random_criterion,release,0.5,10114,4.488077995226448,7.523067568413654,3.0349895731872065,170,20,55
JB GPT-5.4-mini | binary_only,17,random_criterion,release,0.84,16992,2.0737514383174824,7.670649556659328,5.596898118341845,170,20,55
JB GPT-5.4-mini | binary_only,17,random_criterion,release,0.95,19218,0.7173737811692269,3.4327792170889673,2.7154054359197404,170,20,55
JB GPT-5.4-mini | binary_only,17,disagreement_then_random,release,0.05,1011,2.0,0.0,-2.0,170,20,55
JB GPT-5.4-mini | binary_only,17,disagreement_then_random,release,0.2,4046,5.934256535285567,1.3822967142823839,-4.551959821003184,170,20,55
JB GPT-5.4-mini | binary_only,17,disagreement_then_random,release,0.5,10114,4.1716873040312485,6.732455651208089,2.5607683471768405,170,20,55
JB GPT-5.4-mini | binary_only,17,disagreement_then_random,release,0.84,16992,1.7871606927896162,7.775586385387333,5.988425692597717,170,20,55
JB GPT-5.4-mini | binary_only,17,disagreement_then_random,release,0.95,19218,0.632252630103943,3.5609445993112327,2.9286919692072897,170,20,55
JB GPT-5.4-mini | binary_only,18,random_criterion,release,0.05,1011,1.3159331943492414,0.8112490761849085,-0.5046841181643329,167,22,49
JB GPT-5.4-mini | binary_only,18,random_criterion,release,0.2,4046,3.4091544601016235,3.342873386306231,-0.0662810737953925,167,22,49
JB GPT-5.4-mini | binary_only,18,random_criterion,release,0.5,10114,3.978772398622831,8.148092284487628,4.169319885864797,167,22,49
JB GPT-5.4-mini | binary_only,18,random_criterion,release,0.84,16992,1.9132521192576928,8.052400921793318,6.139148802535625,167,22,49
JB GPT-5.4-mini | binary_only,18,random_criterion,release,0.95,19218,0.6673902140785248,3.57285524782748,2.905465033748955,167,22,49
JB GPT-5.4-mini | binary_only,18,disagreement_then_random,release,0.05,1011,2.0,0.0,-2.0,167,22,49
JB GPT-5.4-mini | binary_only,18,disagreement_then_random,release,0.2,4046,5.042356712993918,1.4363475204388958,-3.606009192555022,167,22,49
JB GPT-5.4-mini | binary_only,18,disagreement_then_random,release,0.5,10114,4.422948151918802,7.359286521188647,2.936338369269845,167,22,49
JB GPT-5.4-mini | binary_only,18,disagreement_then_random,release,0.84,16992,2.100912485936876,8.239898206657553,6.138985720720678,167,22,49
JB GPT-5.4-mini | binary_only,18,disagreement_then_random,release,0.95,19218,0.7465832032427229,3.7320092352225807,2.985426031979858,167,22,49
JB GPT-5.4-mini | binary_only,19,random_criterion,release,0.05,1011,1.4759699354517308,0.6092166763353336,-0.8667532591163972,169,16,49
JB GPT-5.4-mini | binary_only,19,random_criterion,release,0.2,4046,4.052801494067167,2.5274149315302514,-1.5253865625369158,169,16,49
JB GPT-5.4-mini | binary_only,19,random_criterion,release,0.5,10114,5.083831814780516,6.327763573585421,1.243931758804905,169,16,49
JB GPT-5.4-mini | binary_only,19,random_criterion,release,0.84,16992,2.3982516093485593,6.544898395590086,4.146646786241527,169,16,49
JB GPT-5.4-mini | binary_only,19,random_criterion,release,0.95,19218,0.8191959000038775,2.9534619143944543,2.134266014390577,169,16,49
JB GPT-5.4-mini | binary_only,19,disagreement_then_random,release,0.05,1011,3.0,0.0,-3.0,169,16,49
JB GPT-5.4-mini | binary_only,19,disagreement_then_random,release,0.2,4046,7.681178416997925,0.3274958909303907,-7.3536825260675345,169,16,49
JB GPT-5.4-mini | binary_only,19,disagreement_then_random,release,0.5,10114,5.893028061691815,4.913924477319415,-0.9791035843724005,169,16,49
JB GPT-5.4-mini | binary_only,19,disagreement_then_random,release,0.84,16992,2.6037042559357233,6.050385752548724,3.446681496613001,169,16,49
JB GPT-5.4-mini | binary_only,19,disagreement_then_random,release,0.95,19218,0.8817897140250259,2.7643052001729984,1.8825154861479725,169,16,49
JB GPT-5.4-mini | binary_only,20,random_criterion,release,0.05,1011,1.2813522749155184,0.5164985046673335,-0.7648537702481849,168,18,51
JB GPT-5.4-mini | binary_only,20,random_criterion,release,0.2,4046,3.1167008622811267,2.2314414927485324,-0.8852593695325943,168,18,51
JB GPT-5.4-mini | binary_only,20,random_criterion,release,0.5,10114,3.377873073998426,5.83582622394056,2.457953149942134,168,18,51
JB GPT-5.4-mini | binary_only,20,random_criterion,release,0.84,16992,1.4576879428340617,5.975842959908683,4.518155017074622,168,18,51
JB GPT-5.4-mini | binary_only,20,random_criterion,release,0.95,19218,0.4868210115455272,2.6233521166467924,2.136531105101265,168,18,51
JB GPT-5.4-mini | binary_only,20,disagreement_then_random,release,0.05,1011,2.0,0.0,-2.0,168,18,51
JB GPT-5.4-mini | binary_only,20,disagreement_then_random,release,0.2,4046,5.766363288600074,0.3025754038373502,-5.4637878847627235,168,18,51
JB GPT-5.4-mini | binary_only,20,disagreement_then_random,release,0.5,10114,3.6686573003919007,4.865264810083861,1.1966075096919604,168,18,51
JB GPT-5.4-mini | binary_only,20,disagreement_then_random,release,0.84,16992,1.3355685486903475,6.13203433601931,4.7964657873289624,168,18,51
JB GPT-5.4-mini | binary_only,20,disagreement_then_random,release,0.95,19218,0.4246101830481239,2.75368337425369,2.329073191205566,168,18,51
JB GPT-5.4-mini | binary_only,21,random_criterion,release,0.05,1011,1.4127381835415724,0.8065077848924467,-0.6062303986491258,167,20,50
JB GPT-5.4-mini | binary_only,21,random_criterion,release,0.2,4046,3.671810126693439,3.2794594424757846,-0.3923506842176545,167,20,50
JB GPT-5.4-mini | binary_only,21,random_criterion,release,0.5,10114,4.212074034732203,7.948596353189634,3.736522318457431,167,20,50
JB GPT-5.4-mini | binary_only,21,random_criterion,release,0.84,16992,1.9438667892774284,8.235543401485735,6.291676612208307,167,20,50
JB GPT-5.4-mini | binary_only,21,random_criterion,release,0.95,19218,0.6701038842649345,3.7896668992670506,3.1195630150021163,167,20,50
JB GPT-5.4-mini | binary_only,21,disagreement_then_random,release,0.05,1011,1.0,0.0,-1.0,167,20,50
JB GPT-5.4-mini | binary_only,21,disagreement_then_random,release,0.2,4046,6.1668166796190516,1.4086209939808427,-4.758195685638209,167,20,50
JB GPT-5.4-mini | binary_only,21,disagreement_then_random,release,0.5,10114,5.616307531076763,6.977370977152406,1.3610634460756428,167,20,50
JB GPT-5.4-mini | binary_only,21,disagreement_then_random,release,0.84,16992,2.1776760571533895,8.186339540279025,6.008663483125636,167,20,50
JB GPT-5.4-mini | binary_only,21,disagreement_then_random,release,0.95,19218,0.7144177278277468,3.8513093099147895,3.136891582087043,167,20,50
JB GPT-5.4-mini | binary_only,22,random_criterion,release,0.05,1011,1.269457105803584,0.66168953551977,-0.607767570283814,174,19,43
JB GPT-5.4-mini | binary_only,22,random_criterion,release,0.2,4046,3.581292725244577,2.767037587155207,-0.8142551380893703,174,19,43
JB GPT-5.4-mini | binary_only,22,random_criterion,release,0.5,10114,4.659795164193601,7.03086616636663,2.3710710021730295,174,19,43
JB GPT-5.4-mini | binary_only,22,random_criterion,release,0.84,16992,2.247986817695152,7.32111204397801,5.073125226282858,174,19,43
JB GPT-5.4-mini | binary_only,22,random_criterion,release,0.95,19218,0.7709932055079101,3.297006179588534,2.526012974080624,174,19,43
JB GPT-5.4-mini | binary_only,22,disagreement_then_random,release,0.05,1011,1.0,0.0,-1.0,174,19,43
JB GPT-5.4-mini | binary_only,22,disagreement_then_random,release,0.2,4046,5.00506778076518,1.3282065737128987,-3.6768612070522813,174,19,43
JB GPT-5.4-mini | binary_only,22,disagreement_then_random,release,0.5,10114,4.780319254586953,5.998132590231561,1.2178133356446086,174,19,43
JB GPT-5.4-mini | binary_only,22,disagreement_then_random,release,0.84,16992,2.1161379695528972,6.8601675795613195,4.744029610008422,174,19,43
JB GPT-5.4-mini | binary_only,22,disagreement_then_random,release,0.95,19218,0.7098940830546757,3.1195855610939276,2.4096914780392518,174,19,43
JB GPT-5.4-mini | binary_only,23,random_criterion,release,0.05,1011,0.9725822058555508,0.7537856538332516,-0.2187965520222992,176,17,48
JB GPT-5.4-mini | binary_only,23,random_criterion,release,0.2,4046,2.643702430126098,3.023527013957905,0.37982458383180706,176,17,48
JB GPT-5.4-mini | binary_only,23,random_criterion,release,0.5,10114,3.6416087223875966,6.968726781311812,3.3271180589242153,176,17,48
JB GPT-5.4-mini | binary_only,23,random_criterion,release,0.84,16992,1.979368917991358,6.350275335089055,4.370906417097697,176,17,48
JB GPT-5.4-mini | binary_only,23,random_criterion,release,0.95,19218,0.707718699345672,2.701748825321948,1.994030125976276,176,17,48
JB GPT-5.4-mini | binary_only,23,disagreement_then_random,release,0.05,1011,2.0,0.0,-2.0,176,17,48
JB GPT-5.4-mini | binary_only,23,disagreement_then_random,release,0.2,4046,4.079676855256652,0.4071405907681829,-3.6725362644884694,176,17,48
JB GPT-5.4-mini | binary_only,23,disagreement_then_random,release,0.5,10114,4.610938263853834,5.61999779222303,1.009059528369196,176,17,48
JB GPT-5.4-mini | binary_only,23,disagreement_then_random,release,0.84,16992,2.453274736500745,6.0716023463555,3.6183276098547554,176,17,48
JB GPT-5.4-mini | binary_only,23,disagreement_then_random,release,0.95,19218,0.8670284871363834,2.599954062742965,1.7329255756065816,176,17,48
JB GPT-5.4-mini | binary_only,24,random_criterion,release,0.05,1011,1.4572831591977908,0.8563607784427707,-0.6009223807550201,179,21,50
JB GPT-5.4-mini | binary_only,24,random_criterion,release,0.2,4046,3.624147928983229,3.4712581488751484,-0.1528897801080804,179,21,50
JB GPT-5.4-mini | binary_only,24,random_criterion,release,0.5,10114,4.018656719241082,8.312137624500236,4.2934809052591545,179,21,50
JB GPT-5.4-mini | binary_only,24,random_criterion,release,0.84,16992,1.7481128017030367,8.517726798300327,6.76961399659729,179,21,50
JB GPT-5.4-mini | binary_only,24,random_criterion,release,0.95,19218,0.5841568929907831,4.027353915550847,3.443197022560064,179,21,50
JB GPT-5.4-mini | binary_only,24,disagreement_then_random,release,0.05,1011,0.0,2.0,2.0,179,21,50
JB GPT-5.4-mini | binary_only,24,disagreement_then_random,release,0.2,4046,4.725902093609091,3.3808365140111687,-1.345065579597922,179,21,50
JB GPT-5.4-mini | binary_only,24,disagreement_then_random,release,0.5,10114,3.2121783022029073,8.45454227451179,5.2423639723088815,179,21,50
JB GPT-5.4-mini | binary_only,24,disagreement_then_random,release,0.84,16992,1.5128290827193913,8.94864320984089,7.435814127121499,179,21,50
JB GPT-5.4-mini | binary_only,24,disagreement_then_random,release,0.95,19218,0.5244785309175923,4.315687010804293,3.7912084798867007,179,21,50
JB GPT-5.4-mini | binary_only,25,random_criterion,release,0.05,1011,1.3181805733874452,0.45940795365569437,-0.8587726197317509,157,15,45
JB GPT-5.4-mini | binary_only,25,random_criterion,release,0.2,4046,3.8019143639437347,1.935611526267467,-1.8663028376762678,157,15,45
JB GPT-5.4-mini | binary_only,25,random_criterion,release,0.5,10114,5.147403523381694,4.9996324032735355,-0.14777112010815863,157,15,45
JB GPT-5.4-mini | binary_only,25,random_criterion,release,0.84,16992,2.673709855786686,5.432439926970843,2.7587300711841567,157,15,45
JB GPT-5.4-mini | binary_only,25,random_criterion,release,0.95,19218,0.947429526952981,2.5046624440313554,1.5572329170783745,157,15,45
JB GPT-5.4-mini | binary_only,25,disagreement_then_random,release,0.05,1011,1.0,1.0,0.0,157,15,45
JB GPT-5.4-mini | binary_only,25,disagreement_then_random,release,0.2,4046,7.74199245746447,2.2192788616711887,-5.522713595793281,157,15,45
JB GPT-5.4-mini | binary_only,25,disagreement_then_random,release,0.5,10114,5.537543705852937,5.407963015740239,-0.12958069011269835,157,15,45
JB GPT-5.4-mini | binary_only,25,disagreement_then_random,release,0.84,16992,2.5814558708210287,5.774494050943782,3.1930381801227536,157,15,45
JB GPT-5.4-mini | binary_only,25,disagreement_then_random,release,0.95,19218,0.918118225947232,2.6434923218637056,1.7253740959164736,157,15,45
JB GPT-5.4-mini | binary_only,26,random_criterion,release,0.05,1011,1.4277976163008255,0.7089229284410817,-0.7188746878597437,157,18,45
JB GPT-5.4-mini | binary_only,26,random_criterion,release,0.2,4046,3.862780257803883,2.9111734592742273,-0.9516067985296557,157,18,45
JB GPT-5.4-mini | binary_only,26,random_criterion,release,0.5,10114,4.65407715368606,7.054611751177583,2.4005345974915224,157,18,45
JB GPT-5.4-mini | binary_only,26,random_criterion,release,0.84,16992,2.058101500204863,6.800953142905692,4.742851642700829,157,18,45
JB GPT-5.4-mini | binary_only,26,random_criterion,release,0.95,19218,0.6838449324757873,2.941969931373775,2.2581249988979875,157,18,45
JB GPT-5.4-mini | binary_only,26,disagreement_then_random,release,0.05,1011,3.0,0.0,-3.0,157,18,45
JB GPT-5.4-mini | binary_only,26,disagreement_then_random,release,0.2,4046,8.010962140340109,0.4078906359513436,-7.603071504388765,157,18,45
JB GPT-5.4-mini | binary_only,26,disagreement_then_random,release,0.5,10114,6.297956851222311,5.826474626891225,-0.4714822243310861,157,18,45
JB GPT-5.4-mini | binary_only,26,disagreement_then_random,release,0.84,16992,2.3725270108956744,6.696919878498787,4.3243928676031125,157,18,45
JB GPT-5.4-mini | binary_only,26,disagreement_then_random,release,0.95,19218,0.7752012846335786,2.9378007504945263,2.1625994658609478,157,18,45
JB GPT-5.4-mini | binary_only,27,random_criterion,release,0.05,1011,0.8767555433303017,0.7612710279564808,-0.11548451537382087,171,20,46
JB GPT-5.4-mini | binary_only,27,random_criterion,release,0.2,4046,2.2453154166787583,3.142607886273466,0.8972924695947078,171,20,46
JB GPT-5.4-mini | binary_only,27,random_criterion,release,0.5,10114,2.681716778304805,7.63274215423866,4.951025375933856,171,20,46
JB GPT-5.4-mini | binary_only,27,random_criterion,release,0.84,16992,1.2701953973531996,7.268796456936224,5.998601059583025,171,20,46
JB GPT-5.4-mini | binary_only,27,random_criterion,release,0.95,19218,0.4342467376108894,3.1245672292998865,2.690320491688997,171,20,46
JB GPT-5.4-mini | binary_only,27,disagreement_then_random,release,0.05,1011,1.0,0.0,-1.0,171,20,46
JB GPT-5.4-mini | binary_only,27,disagreement_then_random,release,0.2,4046,3.893224309312458,2.381528538180262,-1.5116957711321959,171,20,46
JB GPT-5.4-mini | binary_only,27,disagreement_then_random,release,0.5,10114,2.669287539705398,7.505223731202599,4.8359361914972006,171,20,46
JB GPT-5.4-mini | binary_only,27,disagreement_then_random,release,0.84,16992,1.0742004387475181,7.675119427515586,6.600918988768068,171,20,46
JB GPT-5.4-mini | binary_only,27,disagreement_then_random,release,0.95,19218,0.35668341187134406,3.321197501412801,2.964514089541457,171,20,46
JB GPT-5.4-mini | binary_only,28,random_criterion,release,0.05,1011,1.0953347333502954,0.7140382366760955,-0.38129649667419996,174,21,39
JB GPT-5.4-mini | binary_only,28,random_criterion,release,0.2,4046,3.068985612043451,2.999034326670696,-0.0699512853727553,174,21,39
JB GPT-5.4-mini | binary_only,28,random_criterion,release,0.5,10114,4.018483391182185,7.648039758133787,3.6295563669516016,174,21,39
JB GPT-5.4-mini | binary_only,28,random_criterion,release,0.84,16992,2.17859080304878,7.979019891016717,5.800429087967937,174,21,39
JB GPT-5.4-mini | binary_only,28,random_criterion,release,0.95,19218,0.7937018390412842,3.5937261843569352,2.8000243453156513,174,21,39
JB GPT-5.4-mini | binary_only,28,disagreement_then_random,release,0.05,1011,1.0,1.0,0.0,174,21,39
JB GPT-5.4-mini | binary_only,28,disagreement_then_random,release,0.2,4046,3.304109638590957,1.4086390957736439,-1.895470542817313,174,21,39
JB GPT-5.4-mini | binary_only,28,disagreement_then_random,release,0.5,10114,4.669232207909727,6.9730095845787705,2.3037773766690437,174,21,39
JB GPT-5.4-mini | binary_only,28,disagreement_then_random,release,0.84,16992,2.4944039489672747,7.763928704657701,5.269524755690426,174,21,39
JB GPT-5.4-mini | binary_only,28,disagreement_then_random,release,0.95,19218,0.9080599012949098,3.4663641567743877,2.558304255479478,174,21,39
JB GPT-5.4-mini | binary_only,29,random_criterion,release,0.05,1011,1.7058857086662234,0.6042252625746457,-1.1016604460915778,162,15,54
JB GPT-5.4-mini | binary_only,29,random_criterion,release,0.2,4046,4.453258149398852,2.447039266161028,-2.0062188832378243,162,15,54
JB GPT-5.4-mini | binary_only,29,random_criterion,release,0.5,10114,5.146517457318465,5.827819195978125,0.68130173865966,162,15,54
JB GPT-5.4-mini | binary_only,29,random_criterion,release,0.84,16992,2.3574394654282007,5.702329980509506,3.3448905150813055,162,15,54
JB GPT-5.4-mini | binary_only,29,random_criterion,release,0.95,19218,0.8129056947354845,2.541345222314595,1.7284395275791105,162,15,54
JB GPT-5.4-mini | binary_only,29,disagreement_then_random,release,0.05,1011,3.0,0.0,-3.0,162,15,54
JB GPT-5.4-mini | binary_only,29,disagreement_then_random,release,0.2,4046,7.737892713989857,0.3260372073793796,-7.411855506610477,162,15,54
JB GPT-5.4-mini | binary_only,29,disagreement_then_random,release,0.5,10114,5.177800972071137,4.671455126256424,-0.506345845814713,162,15,54
JB GPT-5.4-mini | binary_only,29,disagreement_then_random,release,0.84,16992,2.25821278622479,5.648744839392829,3.3905320531680387,162,15,54
JB GPT-5.4-mini | binary_only,29,disagreement_then_random,release,0.95,19218,0.8012725121647729,2.594548728011139,1.7932762158463662,162,15,54
JB GPT-5.4-mini | binary_only,30,random_criterion,release,0.05,1011,1.49196247440027,0.45691226290363735,-1.0350502114966327,157,12,53
JB GPT-5.4-mini | binary_only,30,random_criterion,release,0.2,4046,4.128014558705128,1.895500172640272,-2.2325143860648557,157,12,53
JB GPT-5.4-mini | binary_only,30,random_criterion,release,0.5,10114,5.003515512497443,4.772066441611421,-0.23144907088602196,157,12,53
JB GPT-5.4-mini | binary_only,30,random_criterion,release,0.84,16992,2.273738049646061,5.409507404381188,3.135769354735127,157,12,53
JB GPT-5.4-mini | binary_only,30,random_criterion,release,0.95,19218,0.7720630564143639,2.6700497673260504,1.8979867109116864,157,12,53
JB GPT-5.4-mini | binary_only,30,disagreement_then_random,release,0.05,1011,2.0,1.0,-1.0,157,12,53
JB GPT-5.4-mini | binary_only,30,disagreement_then_random,release,0.2,4046,7.699548198015922,2.1915140577076655,-5.508034140308256,157,12,53
JB GPT-5.4-mini | binary_only,30,disagreement_then_random,release,0.5,10114,5.727456504072341,4.958848853498471,-0.7686076505738706,157,12,53
JB GPT-5.4-mini | binary_only,30,disagreement_then_random,release,0.84,16992,2.5675764663195504,5.662139654697792,3.0945631883782414,157,12,53
JB GPT-5.4-mini | binary_only,30,disagreement_then_random,release,0.95,19218,0.8781130367212949,2.8293833449404673,1.9512703082191725,157,12,53
JB GPT-5.4-mini | binary_only,31,random_criterion,release,0.05,1011,1.6235389547615504,0.6589454979819603,-0.9645934567795901,169,17,52
JB GPT-5.4-mini | binary_only,31,random_criterion,release,0.2,4046,4.3373389064782595,2.711546844299043,-1.6257920621792166,169,17,52
JB GPT-5.4-mini | binary_only,31,random_criterion,release,0.5,10114,5.61646466628896,6.601228882376339,0.9847642160873793,169,17,52
JB GPT-5.4-mini | binary_only,31,random_criterion,release,0.84,16992,2.941043507395541,6.607000709176581,3.6659572017810396,169,17,52
JB GPT-5.4-mini | binary_only,31,random_criterion,release,0.95,19218,1.0423768371961186,2.9605464411009983,1.9181696039048797,169,17,52
JB GPT-5.4-mini | binary_only,31,disagreement_then_random,release,0.05,1011,0.0,1.0,1.0,169,17,52
JB GPT-5.4-mini | binary_only,31,disagreement_then_random,release,0.2,4046,5.301539262497218,1.353781878180588,-3.94775738431663,169,17,52
JB GPT-5.4-mini | binary_only,31,disagreement_then_random,release,0.5,10114,6.4846421986448295,6.075499047012204,-0.4091431516326258,169,17,52
JB GPT-5.4-mini | binary_only,31,disagreement_then_random,release,0.84,16992,3.2890784525523054,6.7532598002409525,3.464181347688647,169,17,52
JB GPT-5.4-mini | binary_only,31,disagreement_then_random,release,0.95,19218,1.156624179880941,3.066752296319219,1.9101281164382782,169,17,52
JB GPT-5.4-mini | binary_only,32,random_criterion,release,0.05,1011,1.2730683550026125,0.8589806279864132,-0.41408772701619934,170,21,48
JB GPT-5.4-mini | binary_only,32,random_criterion,release,0.2,4046,3.3957173191242354,3.5190080683770275,0.12329074925279215,170,21,48
JB GPT-5.4-mini | binary_only,32,random_criterion,release,0.5,10114,4.299914265421096,8.632430974649353,4.332516709228257,170,21,48
JB GPT-5.4-mini | binary_only,32,random_criterion,release,0.84,16992,2.224497448973206,8.736635832260912,6.512138383287706,170,21,48
JB GPT-5.4-mini | binary_only,32,random_criterion,release,0.95,19218,0.7985561287316322,3.9035465907236624,3.1049904619920303,170,21,48
JB GPT-5.4-mini | binary_only,32,disagreement_then_random,release,0.05,1011,0.0,1.0,1.0,170,21,48
JB GPT-5.4-mini | binary_only,32,disagreement_then_random,release,0.2,4046,5.869440936428342,1.4356942466333802,-4.433746689794962,170,21,48
JB GPT-5.4-mini | binary_only,32,disagreement_then_random,release,0.5,10114,4.488897834966673,7.370056914069608,2.881159079102935,170,21,48
JB GPT-5.4-mini | binary_only,32,disagreement_then_random,release,0.84,16992,2.1684197328412416,8.352738994328469,6.184319261487227,170,21,48
JB GPT-5.4-mini | binary_only,32,disagreement_then_random,release,0.95,19218,0.7910406874586008,3.785052865562955,2.994012178104354,170,21,48
JB GPT-5.4-mini | binary_only,33,random_criterion,release,0.05,1011,0.9693190386703712,0.7569035192930914,-0.21241551937727976,164,21,38
JB GPT-5.4-mini | binary_only,33,random_criterion,release,0.2,4046,2.79802389764827,3.1036047571657623,0.30558085951749225,164,21,38
JB GPT-5.4-mini | binary_only,33,random_criterion,release,0.5,10114,3.8956243823662127,7.853485369070843,3.9578609867046306,164,21,38
JB GPT-5.4-mini | binary_only,33,random_criterion,release,0.84,16992,2.099650018315028,9.266002212576609,7.166352194261581,164,21,38
JB GPT-5.4-mini | binary_only,33,random_criterion,release,0.95,19218,0.7530724583473861,4.6180489244294805,3.864976466082094,164,21,38
JB GPT-5.4-mini | binary_only,33,disagreement_then_random,release,0.05,1011,1.0,2.0,1.0,164,21,38
JB GPT-5.4-mini | binary_only,33,disagreement_then_random,release,0.2,4046,3.1230030589890836,3.3275171235505563,0.2045140645614727,164,21,38
JB GPT-5.4-mini | binary_only,33,disagreement_then_random,release,0.5,10114,3.5673969249433704,8.025525773302611,4.458128848359241,164,21,38
JB GPT-5.4-mini | binary_only,33,disagreement_then_random,release,0.84,16992,1.906935077609631,9.600941092720465,7.694006015110833,164,21,38
JB GPT-5.4-mini | binary_only,33,disagreement_then_random,release,0.95,19218,0.6859574610885956,4.849738852200563,4.163781391111967,164,21,38
JB GPT-5.4-mini | binary_only,34,random_criterion,release,0.05,1011,1.6381915564817917,0.7066764773071169,-0.9315150791746748,172,17,52
JB GPT-5.4-mini | binary_only,34,random_criterion,release,0.2,4046,4.194301045418286,2.8872188269412096,-1.3070822184770767,172,17,52
JB GPT-5.4-mini | binary_only,34,random_criterion,release,0.5,10114,4.760054499233314,7.058482468728901,2.298427969495587,172,17,52
JB GPT-5.4-mini | binary_only,34,random_criterion,release,0.84,16992,1.9730461808685957,7.089135855254351,5.116089674385755,172,17,52
JB GPT-5.4-mini | binary_only,34,random_criterion,release,0.95,19218,0.6413351893862328,3.1275435726723355,2.486208383286103,172,17,52
JB GPT-5.4-mini | binary_only,34,disagreement_then_random,release,0.05,1011,1.0,2.0,1.0,172,17,52
JB GPT-5.4-mini | binary_only,34,disagreement_then_random,release,0.2,4046,4.151654563292599,3.2997118979917865,-0.8519426653008124,172,17,52
JB GPT-5.4-mini | binary_only,34,disagreement_then_random,release,0.5,10114,4.545817124012838,7.392228651623345,2.846411527610507,172,17,52
JB GPT-5.4-mini | binary_only,34,disagreement_then_random,release,0.84,16992,1.99046448325654,7.3823119037663885,5.3918474205098486,172,17,52
JB GPT-5.4-mini | binary_only,34,disagreement_then_random,release,0.95,19218,0.6564176980242858,3.240588266222865,2.584170568198579,172,17,52
JB GPT-5.4-mini | binary_only,35,random_criterion,release,0.05,1011,1.3652795224438645,0.7140385148311247,-0.6512410076127398,178,20,45
JB GPT-5.4-mini | binary_only,35,random_criterion,release,0.2,4046,3.3786879815378903,2.9992261187055367,-0.3794618628323536,178,20,45
JB GPT-5.4-mini | binary_only,35,random_criterion,release,0.5,10114,3.6656242002987676,7.648292222957468,3.9826680226587006,178,20,45
JB GPT-5.4-mini | binary_only,35,random_criterion,release,0.84,16992,1.503613392204925,7.818042883898194,6.314429491693269,178,20,45
JB GPT-5.4-mini | binary_only,35,random_criterion,release,0.95,19218,0.49167531782840135,3.4376637554755582,2.945988437647157,178,20,45
JB GPT-5.4-mini | binary_only,35,disagreement_then_random,release,0.05,1011,1.0,0.0,-1.0,178,20,45
JB GPT-5.4-mini | binary_only,35,disagreement_then_random,release,0.2,4046,4.929901095018366,1.4086395962395848,-3.521261498778781,178,20,45
JB GPT-5.4-mini | binary_only,35,disagreement_then_random,release,0.5,10114,4.133455075074174,6.978198366607129,2.8447432915329554,178,20,45
JB GPT-5.4-mini | binary_only,35,disagreement_then_random,release,0.84,16992,1.6316147233223153,7.621763257781353,5.990148534459038,178,20,45
JB GPT-5.4-mini | binary_only,35,disagreement_then_random,release,0.95,19218,0.5357604047950199,3.316900794113396,2.781140389318376,178,20,45
JB GPT-5.4-mini | binary_only,36,random_criterion,release,0.05,1011,1.7508982759599212,0.5566187631984514,-1.1942795127614698,165,14,55
JB GPT-5.4-mini | binary_only,36,random_criterion,release,0.2,4046,4.684171662276577,2.279335682703408,-2.4048359795731686,165,14,55
JB GPT-5.4-mini | binary_only,36,random_criterion,release,0.5,10114,5.900018022618738,5.4765122535187505,-0.4235057690999877,165,14,55
JB GPT-5.4-mini | binary_only,36,random_criterion,release,0.84,16992,2.8945350723642544,5.221703921843484,2.3271688494792295,165,14,55
JB GPT-5.4-mini | binary_only,36,random_criterion,release,0.95,19218,1.00440467032319,2.2522912894012563,1.2478866190780664,165,14,55
JB GPT-5.4-mini | binary_only,36,disagreement_then_random,release,0.05,1011,1.0,1.0,0.0,165,14,55
JB GPT-5.4-mini | binary_only,36,disagreement_then_random,release,0.2,4046,7.854832032341491,1.2726375880628316,-6.5821944442786595,165,14,55
JB GPT-5.4-mini | binary_only,36,disagreement_then_random,release,0.5,10114,6.94977578720289,4.958077919869611,-1.9916978673332792,165,14,55
JB GPT-5.4-mini | binary_only,36,disagreement_then_random,release,0.84,16992,3.2523974472935975,5.15879381585092,1.9063963685573229,165,14,55
JB GPT-5.4-mini | binary_only,36,disagreement_then_random,release,0.95,19218,1.1132395867156568,2.2211290150427043,1.1078894283270475,165,14,55
JB GPT-5.4-mini | binary_only,37,random_criterion,release,0.05,1011,1.3690655906722193,0.609092224023814,-0.7599733666484053,171,16,51
JB GPT-5.4-mini | binary_only,37,random_criterion,release,0.2,4046,3.6414963398309976,2.5195206508446137,-1.121975688986384,171,16,51
JB GPT-5.4-mini | binary_only,37,random_criterion,release,0.5,10114,4.56052158774676,6.218658035006039,1.6581364472592792,171,16,51
JB GPT-5.4-mini | binary_only,37,random_criterion,release,0.84,16992,2.2963901416534833,6.187982103239583,3.8915919615860997,171,16,51
JB GPT-5.4-mini | binary_only,37,random_criterion,release,0.95,19218,0.8075615003242457,2.709958261437624,1.902396761113378,171,16,51
JB GPT-5.4-mini | binary_only,37,disagreement_then_random,release,0.05,1011,2.0,1.0,-1.0,171,16,51
JB GPT-5.4-mini | binary_only,37,disagreement_then_random,release,0.2,4046,4.10378328256986,2.326017003678498,-1.7777662788913617,171,16,51
JB GPT-5.4-mini | binary_only,37,disagreement_then_random,release,0.5,10114,4.568436601708451,6.5841434409810216,2.0157068392725703,171,16,51
JB GPT-5.4-mini | binary_only,37,disagreement_then_random,release,0.84,16992,2.4054831367626583,6.525198530688141,4.119715393925483,171,16,51
JB GPT-5.4-mini | binary_only,37,disagreement_then_random,release,0.95,19218,0.8605283486088441,2.8030966121300107,1.9425682635211667,171,16,51
JB GPT-5.4-mini | binary_only,38,random_criterion,release,0.05,1011,0.982679394376245,0.7213997478181908,-0.26127964655805413,159,23,40
JB GPT-5.4-mini | binary_only,38,random_criterion,release,0.2,4046,2.7018976722239842,3.1107703947473166,0.4088727225233324,159,23,40
JB GPT-5.4-mini | binary_only,38,random_criterion,release,0.5,10114,3.7015200569705264,8.256861157403465,4.555341100432939,159,23,40
JB GPT-5.4-mini | binary_only,38,random_criterion,release,0.84,16992,1.9931792238862083,9.18953168929451,7.196352465408301,159,23,40
JB GPT-5.4-mini | binary_only,38,random_criterion,release,0.95,19218,0.7097639518353501,4.324394195348489,3.614630243513139,159,23,40
JB GPT-5.4-mini | binary_only,38,disagreement_then_random,release,0.05,1011,1.0,0.0,-1.0,159,23,40
JB GPT-5.4-mini | binary_only,38,disagreement_then_random,release,0.2,4046,4.963764376337855,1.3844872998118811,-3.5792770765259743,159,23,40
JB GPT-5.4-mini | binary_only,38,disagreement_then_random,release,0.5,10114,4.0509289904042705,7.169508109626603,3.118579119222333,159,23,40
JB GPT-5.4-mini | binary_only,38,disagreement_then_random,release,0.84,16992,2.057962786460319,9.151972323830918,7.094009537370599,159,23,40
JB GPT-5.4-mini | binary_only,38,disagreement_then_random,release,0.95,19218,0.7426930741935077,4.487057583424388,3.74436450923088,159,23,40
JB GPT-5.4-mini | binary_only,39,random_criterion,release,0.05,1011,1.4730735643561945,0.6540791535384379,-0.8189944108177566,164,15,53
JB GPT-5.4-mini | binary_only,39,random_criterion,release,0.2,4046,4.121195243711335,2.6396915071328375,-1.4815037365784973,164,15,53
JB GPT-5.4-mini | binary_only,39,random_criterion,release,0.5,10114,5.600744848377655,6.264402647863447,0.663657799485792,164,15,53
JB GPT-5.4-mini | binary_only,39,random_criterion,release,0.84,16992,2.856789177953861,6.557821082108133,3.7010319041542723,164,15,53
JB GPT-5.4-mini | binary_only,39,random_criterion,release,0.95,19218,0.9999566176128634,3.1465322701050855,2.1465756524922224,164,15,53
JB GPT-5.4-mini | binary_only,39,disagreement_then_random,release,0.05,1011,2.0,0.0,-2.0,164,15,53
JB GPT-5.4-mini | binary_only,39,disagreement_then_random,release,0.2,4046,3.3622709876983046,2.298961380720077,-1.0633096069782275,164,15,53
JB GPT-5.4-mini | binary_only,39,disagreement_then_random,release,0.5,10114,5.563973859024276,6.200296908655922,0.6363230496316454,164,15,53
JB GPT-5.4-mini | binary_only,39,disagreement_then_random,release,0.84,16992,2.9656066265197696,6.646112658592592,3.680506032072822,164,15,53
JB GPT-5.4-mini | binary_only,39,disagreement_then_random,release,0.95,19218,1.0421905725473792,3.2373620888521106,2.1951715163047316,164,15,53
JB GPT-5.4-mini | binary_only,40,random_criterion,release,0.05,1011,1.071871296167482,0.903967540609182,-0.16790375555829984,162,21,44
JB GPT-5.4-mini | binary_only,40,random_criterion,release,0.2,4046,2.663951102700847,3.6390896950754104,0.9751385923745635,162,21,44
JB GPT-5.4-mini | binary_only,40,random_criterion,release,0.5,10114,3.196453500919238,8.648089192114703,5.451635691195465,162,21,44
JB GPT-5.4-mini | binary_only,40,random_criterion,release,0.84,16992,1.5291646531867058,8.516694874918903,6.987530221732197,162,21,44
JB GPT-5.4-mini | binary_only,40,random_criterion,release,0.95,19218,0.5272902546632767,3.7836554882900195,3.2563652336267426,162,21,44
JB GPT-5.4-mini | binary_only,40,disagreement_then_random,release,0.05,1011,1.0,1.0,0.0,162,21,44
JB GPT-5.4-mini | binary_only,40,disagreement_then_random,release,0.2,4046,3.958466300671991,1.4619993661140032,-2.4964669345579877,162,21,44
JB GPT-5.4-mini | binary_only,40,disagreement_then_random,release,0.5,10114,3.754838995677736,7.566171562934823,3.811332567257087,162,21,44
JB GPT-5.4-mini | binary_only,40,disagreement_then_random,release,0.84,16992,1.6206507229133051,8.341847795852793,6.721197072939487,162,21,44
JB GPT-5.4-mini | binary_only,40,disagreement_then_random,release,0.95,19218,0.5354975315323909,3.74734192280979,3.211844391277399,162,21,44
JB GPT-5.4-mini | binary_only,41,random_criterion,release,0.05,1011,1.340392427330945,0.761520269139526,-0.5788721581914191,162,22,49
JB GPT-5.4-mini | binary_only,41,random_criterion,release,0.2,4046,3.408718548763741,3.1587925514900586,-0.24992599727368248,162,22,49
JB GPT-5.4-mini | binary_only,41,random_criterion,release,0.5,10114,3.998625878139099,7.882434068855245,3.883808190716146,162,22,49
JB GPT-5.4-mini | binary_only,41,random_criterion,release,0.84,16992,1.843304089471439,8.046514132769529,6.20321004329809,162,22,49
JB GPT-5.4-mini | binary_only,41,random_criterion,release,0.95,19218,0.6270991269267806,3.6025235927171906,2.97542446579041,162,22,49
JB GPT-5.4-mini | binary_only,41,disagreement_then_random,release,0.05,1011,3.0,0.0,-3.0,162,22,49
JB GPT-5.4-mini | binary_only,41,disagreement_then_random,release,0.2,4046,4.139103680030882,0.46344149144161667,-3.675662188589265,162,22,49
JB GPT-5.4-mini | binary_only,41,disagreement_then_random,release,0.5,10114,3.8828413877679058,6.8529936143834815,2.9701522266155758,162,22,49
JB GPT-5.4-mini | binary_only,41,disagreement_then_random,release,0.84,16992,1.6977598307188417,8.394443987098146,6.6966841563793045,162,22,49
JB GPT-5.4-mini | binary_only,41,disagreement_then_random,release,0.95,19218,0.582599523471731,3.836071662185674,3.253472138713943,162,22,49
JB GPT-5.4-mini | binary_only,42,random_criterion,release,0.05,1011,1.387186392293362,0.6588272355984242,-0.7283591566949379,173,18,51
JB GPT-5.4-mini | binary_only,42,random_criterion,release,0.2,4046,3.5601087656142525,2.705212549760143,-0.8548962158541094,173,18,51
JB GPT-5.4-mini | binary_only,42,random_criterion,release,0.5,10114,4.373496627965005,6.553369936766581,2.179873308801576,173,18,51
JB GPT-5.4-mini | binary_only,42,random_criterion,release,0.84,16992,2.1922469206377238,6.688565852162447,4.496318931524723,173,18,51
JB GPT-5.4-mini | binary_only,42,random_criterion,release,0.95,19218,0.764359458195132,3.054047170265843,2.289687712070711,173,18,51
JB GPT-5.4-mini | binary_only,42,disagreement_then_random,release,0.05,1011,2.0,1.0,-1.0,173,18,51
JB GPT-5.4-mini | binary_only,42,disagreement_then_random,release,0.2,4046,6.771647041801002,2.3003838173759643,-4.471263224425038,173,18,51
JB GPT-5.4-mini | binary_only,42,disagreement_then_random,release,0.5,10114,4.953287110896948,6.417748576979283,1.4644614660823345,173,18,51
JB GPT-5.4-mini | binary_only,42,disagreement_then_random,release,0.84,16992,2.1159559430052406,6.903750864718786,4.787794921713545,173,18,51
JB GPT-5.4-mini | binary_only,42,disagreement_then_random,release,0.95,19218,0.7098844760512307,3.2127727846606344,2.502888308609404,173,18,51
JB GPT-5.4-mini | binary_only,43,random_criterion,release,0.05,1011,1.0304284888786457,0.9564403698275622,-0.07398811905108349,168,22,43
JB GPT-5.4-mini | binary_only,43,random_criterion,release,0.2,4046,2.556735755255575,3.8785974475007716,1.3218616922451965,168,22,43
JB GPT-5.4-mini | binary_only,43,random_criterion,release,0.5,10114,3.039111875920002,9.32801910878729,6.288907232867288,168,22,43
JB GPT-5.4-mini | binary_only,43,random_criterion,release,0.84,16992,1.351498265598831,9.008791487402865,7.657293221804034,168,22,43
JB GPT-5.4-mini | binary_only,43,random_criterion,release,0.95,19218,0.4435998615869808,3.895699535383457,3.4520996737964764,168,22,43
JB GPT-5.4-mini | binary_only,43,disagreement_then_random,release,0.05,1011,2.0,0.0,-2.0,168,22,43
JB GPT-5.4-mini | binary_only,43,disagreement_then_random,release,0.2,4046,3.9007937714152794,1.5153968842813679,-2.3853968871339113,168,22,43
JB GPT-5.4-mini | binary_only,43,disagreement_then_random,release,0.5,10114,3.2822505774534623,8.194553482209155,4.912302904755693,168,22,43
JB GPT-5.4-mini | binary_only,43,disagreement_then_random,release,0.84,16992,1.5589543301316906,8.654598873169387,7.095644543037697,168,22,43
JB GPT-5.4-mini | binary_only,43,disagreement_then_random,release,0.95,19218,0.5308184010117096,3.7116904480790502,3.1808720470673406,168,22,43
JB GPT-5.4-mini | binary_only,44,random_criterion,release,0.05,1011,1.2597389782518926,0.7566541874863134,-0.5030847907655792,156,19,48
JB GPT-5.4-mini | binary_only,44,random_criterion,release,0.2,4046,3.073366751344681,3.0870652745956324,0.013698523250951222,156,19,48
JB GPT-5.4-mini | binary_only,44,random_criterion,release,0.5,10114,3.509778134958243,7.5310125618160555,4.021234426857813,156,19,48
JB GPT-5.4-mini | binary_only,44,random_criterion,release,0.84,16992,1.6477867936719846,7.609691800410477,5.961905006738492,156,19,48
JB GPT-5.4-mini | binary_only,44,random_criterion,release,0.95,19218,0.5725437676484292,3.418995798413418,2.8464520307649885,156,19,48
JB GPT-5.4-mini | binary_only,44,disagreement_then_random,release,0.05,1011,2.0,0.0,-2.0,156,19,48
JB GPT-5.4-mini | binary_only,44,disagreement_then_random,release,0.2,4046,3.2513855135873677,1.3808753065460573,-1.8705102070413104,156,19,48
JB GPT-5.4-mini | binary_only,44,disagreement_then_random,release,0.5,10114,4.069276082321047,6.540062003306801,2.4707859209857537,156,19,48
JB GPT-5.4-mini | binary_only,44,disagreement_then_random,release,0.84,16992,1.872010972105692,7.45713164218169,5.585120670075998,156,19,48
JB GPT-5.4-mini | binary_only,44,disagreement_then_random,release,0.95,19218,0.6425878831460786,3.4092606878057214,2.7666728046596427,156,19,48
JB GPT-5.4-mini | binary_only,45,random_criterion,release,0.05,1011,1.7659915067849505,0.5591141773225222,-1.2068773294624284,164,15,57
JB GPT-5.4-mini | binary_only,45,random_criterion,release,0.2,4046,4.725514443443413,2.319280648638628,-2.406233794804785,164,15,57
JB GPT-5.4-mini | binary_only,45,random_criterion,release,0.5,10114,5.487021813030186,5.718546562799147,0.23152474976896098,164,15,57
JB GPT-5.4-mini | binary_only,45,random_criterion,release,0.84,16992,2.3446693477189373,5.767491876420966,3.4228225287020284,164,15,57
JB GPT-5.4-mini | binary_only,45,random_criterion,release,0.95,19218,0.779406852147604,2.6046841595846484,1.8252773074370445,164,15,57
JB GPT-5.4-mini | binary_only,45,disagreement_then_random,release,0.05,1011,2.0,0.0,-2.0,164,15,57
JB GPT-5.4-mini | binary_only,45,disagreement_then_random,release,0.2,4046,4.973882007160985,0.30042312456043285,-4.673458882600553,164,15,57
JB GPT-5.4-mini | binary_only,45,disagreement_then_random,release,0.5,10114,4.081544235356309,4.517829526989614,0.4362852916333049,164,15,57
JB GPT-5.4-mini | binary_only,45,disagreement_then_random,release,0.84,16992,1.5873061261534664,5.634794907525919,4.0474887813724525,164,15,57
JB GPT-5.4-mini | binary_only,45,disagreement_then_random,release,0.95,19218,0.5294444470907801,2.647368447830541,2.1179240007397606,164,15,57
JB GPT-5.4-mini | binary_only,46,random_criterion,release,0.05,1011,1.2707138722252787,0.7064275004793349,-0.5642863717459438,179,17,51
JB GPT-5.4-mini | binary_only,46,random_criterion,release,0.2,4046,3.559919742891349,2.871190165918812,-0.6887295769725372,179,17,51
JB GPT-5.4-mini | binary_only,46,random_criterion,release,0.5,10114,4.5157969927639385,6.812450516989171,2.296653524225232,179,17,51
JB GPT-5.4-mini | binary_only,46,random_criterion,release,0.84,16992,2.200467653454966,6.390377915025431,4.189910261570466,179,17,51
JB GPT-5.4-mini | binary_only,46,random_criterion,release,0.95,19218,0.7646127732407627,2.7378436313606063,1.9732308581198437,179,17,51
JB GPT-5.4-mini | binary_only,46,disagreement_then_random,release,0.05,1011,2.0,0.0,-2.0,179,17,51
JB GPT-5.4-mini | binary_only,46,disagreement_then_random,release,0.2,4046,5.073322352541064,0.38083545748351166,-4.692486895057552,179,17,51
JB GPT-5.4-mini | binary_only,46,disagreement_then_random,release,0.5,10114,4.894214128179126,5.418266984439269,0.524052856260143,179,17,51
JB GPT-5.4-mini | binary_only,46,disagreement_then_random,release,0.84,16992,2.33343515902796,6.016536326038588,3.6831011670106277,179,17,51
JB GPT-5.4-mini | binary_only,46,disagreement_then_random,release,0.95,19218,0.8134700264375865,2.593230078740879,1.7797600523032924,179,17,51
JB GPT-5.4-mini | binary_only,47,random_criterion,release,0.05,1011,1.3017872129053816,0.6118359834065944,-0.6899512294987872,169,18,50
JB GPT-5.4-mini | binary_only,47,random_criterion,release,0.2,4046,3.5201317120856985,2.574819601665937,-0.9453121104197617,169,18,50
JB GPT-5.4-mini | binary_only,47,random_criterion,release,0.5,10114,4.240120016650239,6.64804285417265,2.4079228375224115,169,18,50
JB GPT-5.4-mini | binary_only,47,random_criterion,release,0.84,16992,1.9859393724610959,7.063070445159536,5.07713107269844,169,18,50
JB GPT-5.4-mini | binary_only,47,random_criterion,release,0.95,19218,0.6764064418964819,3.202480428806533,2.526073986910051,169,18,50
JB GPT-5.4-mini | binary_only,47,disagreement_then_random,release,0.05,1011,1.0,1.0,0.0,169,18,50
JB GPT-5.4-mini | binary_only,47,disagreement_then_random,release,0.2,4046,5.824222209266333,2.3011731551803787,-3.5230490540859543,169,18,50
JB GPT-5.4-mini | binary_only,47,disagreement_then_random,release,0.5,10114,4.3895611000324815,6.711449835602134,2.3218887355696527,169,18,50
JB GPT-5.4-mini | binary_only,47,disagreement_then_random,release,0.84,16992,1.8211813892744417,7.633952465090617,5.812771075816176,169,18,50
JB GPT-5.4-mini | binary_only,47,disagreement_then_random,release,0.95,19218,0.5987482169516349,3.5393469637683737,2.9405987468167387,169,18,50
JB GPT-5.4-mini | binary_only,48,random_criterion,release,0.05,1011,1.7891175513255506,0.46190332244889704,-1.3272142288766535,170,15,52
JB GPT-5.4-mini | binary_only,48,random_criterion,release,0.2,4046,4.69294477175909,1.9753777605180503,-2.71756701124104,170,15,52
JB GPT-5.4-mini | binary_only,48,random_criterion,release,0.5,10114,5.550608114814008,5.20300677503625,-0.347601339777758,170,15,52
JB GPT-5.4-mini | binary_only,48,random_criterion,release,0.84,16992,2.4686438012154186,5.446467069821733,2.977823268606314,170,15,52
JB GPT-5.4-mini | binary_only,48,random_criterion,release,0.95,19218,0.8265338049066902,2.403782782751371,1.5772489778446808,170,15,52
JB GPT-5.4-mini | binary_only,48,disagreement_then_random,release,0.05,1011,3.0,0.0,-3.0,170,15,52
JB GPT-5.4-mini | binary_only,48,disagreement_then_random,release,0.2,4046,7.581274035227701,0.2477937395647121,-7.333480295662989,170,15,52
JB GPT-5.4-mini | binary_only,48,disagreement_then_random,release,0.5,10114,5.358274213815925,4.08539734762104,-1.2728768661948848,170,15,52
JB GPT-5.4-mini | binary_only,48,disagreement_then_random,release,0.84,16992,2.3896242238849754,5.341958895206915,2.9523346713219394,170,15,52
JB GPT-5.4-mini | binary_only,48,disagreement_then_random,release,0.95,19218,0.8179486059610133,2.4284445140134494,1.6104959080524361,170,15,52
JB GPT-5.4-mini | binary_only,49,random_criterion,release,0.05,1011,1.308947662932465,0.706801237014064,-0.602146425918401,173,19,46
JB GPT-5.4-mini | binary_only,49,random_criterion,release,0.2,4046,3.3713525927921775,2.8954095983845445,-0.475942994407633,173,19,46
JB GPT-5.4-mini | binary_only,49,random_criterion,release,0.5,10114,4.126977958965634,7.187110759869189,3.0601328009035544,173,19,46
JB GPT-5.4-mini | binary_only,49,random_criterion,release,0.84,16992,2.0462909282582693,7.5219724701188,5.4756815418605305,173,19,46
JB GPT-5.4-mini | binary_only,49,random_criterion,release,0.95,19218,0.7148598442363198,3.411567787615363,2.6967079433790433,173,19,46
JB GPT-5.4-mini | binary_only,49,disagreement_then_random,release,0.05,1011,0.0,2.0,2.0,173,19,46
JB GPT-5.4-mini | binary_only,49,disagreement_then_random,release,0.2,4046,3.868532909376527,2.328207087982887,-1.54032582139364,173,19,46
JB GPT-5.4-mini | binary_only,49,disagreement_then_random,release,0.5,10114,3.9066390775501847,7.0088007480338925,3.102161670483708,173,19,46
JB GPT-5.4-mini | binary_only,49,disagreement_then_random,release,0.84,16992,2.090279819646407,7.646861290344171,5.556581470697765,173,19,46
JB GPT-5.4-mini | binary_only,49,disagreement_then_random,release,0.95,19218,0.7463306189625227,3.4480233304497414,2.701692711487219,173,19,46
JB GPT-5.4-mini | binary_only,50,random_criterion,release,0.05,1011,1.3149103296277418,0.8566096961399186,-0.45830063348782324,165,21,46
JB GPT-5.4-mini | binary_only,50,random_criterion,release,0.2,4046,3.756802571759916,3.487072292803176,-0.26973027895673996,165,21,46
JB GPT-5.4-mini | binary_only,50,random_criterion,release,0.5,10114,5.035467576884344,8.522918236974892,3.4874506600905475,165,21,46
JB GPT-5.4-mini | binary_only,50,random_criterion,release,0.84,16992,2.5652287405910674,8.87136573490064,6.306136994309574,165,21,46
JB GPT-5.4-mini | binary_only,50,random_criterion,release,0.95,19218,0.9025263477480175,4.080207525314432,3.177681177566414,165,21,46
JB GPT-5.4-mini | binary_only,50,disagreement_then_random,release,0.05,1011,2.0,1.0,-1.0,165,21,46
JB GPT-5.4-mini | binary_only,50,disagreement_then_random,release,0.2,4046,5.128100496721537,3.38156581437453,-1.7465346823470065,165,21,46
JB GPT-5.4-mini | binary_only,50,disagreement_then_random,release,0.5,10114,5.605225780588257,8.55894133104091,2.953715550452652,165,21,46
JB GPT-5.4-mini | binary_only,50,disagreement_then_random,release,0.84,16992,2.892869129333309,8.904684506728405,6.011815377395095,165,21,46
JB GPT-5.4-mini | binary_only,50,disagreement_then_random,release,0.95,19218,1.032423286632972,4.116010485824617,3.083587199191645,165,21,46
JB GPT-5.4-mini | binary_only,51,random_criterion,release,0.05,1011,1.2158928669870046,0.6139585853591918,-0.6019342816278128,175,18,47
JB GPT-5.4-mini | binary_only,51,random_criterion,release,0.2,4046,3.1636235834550397,2.591465220838729,-0.5721583626163107,175,18,47
JB GPT-5.4-mini | binary_only,51,random_criterion,release,0.5,10114,4.008130311667315,6.585692343369951,2.5775620317026364,175,18,47
JB GPT-5.4-mini | binary_only,51,random_criterion,release,0.84,16992,2.1017107120135923,6.846683930999964,4.744973218986372,175,18,47
JB GPT-5.4-mini | binary_only,51,random_criterion,release,0.95,19218,0.7530954925702734,3.1074625103929794,2.354367017822706,175,18,47
JB GPT-5.4-mini | binary_only,51,disagreement_then_random,release,0.05,1011,1.0,0.0,-1.0,175,18,47
JB GPT-5.4-mini | binary_only,51,disagreement_then_random,release,0.2,4046,2.965271558998872,0.3552420922558515,-2.6100294667430206,175,18,47
JB GPT-5.4-mini | binary_only,51,disagreement_then_random,release,0.5,10114,3.4918081697032353,5.359056755589512,1.8672485858862764,175,18,47
JB GPT-5.4-mini | binary_only,51,disagreement_then_random,release,0.84,16992,2.1050432830610104,6.662316697257879,4.557273414196868,175,18,47
JB GPT-5.4-mini | binary_only,51,disagreement_then_random,release,0.95,19218,0.7864936602584344,3.1120304790982747,2.3255368188398404,175,18,47
JB GPT-5.4-mini | binary_only,52,random_criterion,release,0.05,1011,1.4107753863674302,0.7139199596913154,-0.6968554266761148,163,21,49
JB GPT-5.4-mini | binary_only,52,random_criterion,release,0.2,4046,3.5292873908490594,2.9926489581922935,-0.5366384326567659,163,21,49
JB GPT-5.4-mini | binary_only,52,random_criterion,release,0.5,10114,4.335924384025087,7.592586582947573,3.256662198922486,163,21,49
JB GPT-5.4-mini | binary_only,52,random_criterion,release,0.84,16992,2.191613608325124,8.054621517934832,5.863007909609708,163,21,49
JB GPT-5.4-mini | binary_only,52,random_criterion,release,0.95,19218,0.7643532712489927,3.7275657978782526,2.9632125266292597,163,21,49
JB GPT-5.4-mini | binary_only,52,disagreement_then_random,release,0.05,1011,3.0,0.0,-3.0,163,21,49
JB GPT-5.4-mini | binary_only,52,disagreement_then_random,release,0.2,4046,6.74536032819756,3.3281677259618108,-3.417192602235749,163,21,49
JB GPT-5.4-mini | binary_only,52,disagreement_then_random,release,0.5,10114,5.211719472687148,7.889962352951951,2.6782428802648033,163,21,49
JB GPT-5.4-mini | binary_only,52,disagreement_then_random,release,0.84,16992,2.6186068960235382,8.005838889315347,5.38723199329181,163,21,49
JB GPT-5.4-mini | binary_only,52,disagreement_then_random,release,0.95,19218,0.9243568980355503,3.669284511325012,2.7449276132894616,163,21,49
JB GPT-5.4-mini | binary_only,53,random_criterion,release,0.05,1011,1.5172166915959675,0.6089677440369419,-0.9082489475590256,169,16,56
JB GPT-5.4-mini | binary_only,53,random_criterion,release,0.2,4046,3.7597699245784333,2.5115497128555657,-1.2482202117228676,169,16,56
JB GPT-5.4-mini | binary_only,53,random_criterion,release,0.5,10114,4.605942454318716,6.109268153274778,1.5033256989560622,169,16,56
JB GPT-5.4-mini | binary_only,53,random_criterion,release,0.84,16992,2.324227966055464,6.112258743815728,3.7880307777602638,169,16,56
JB GPT-5.4-mini | binary_only,53,random_criterion,release,0.95,19218,0.8117349894524067,2.786029571057286,1.9742945816048794,169,16,56
JB GPT-5.4-mini | binary_only,53,disagreement_then_random,release,0.05,1011,3.0,0.0,-3.0,169,16,56
JB GPT-5.4-mini | binary_only,53,disagreement_then_random,release,0.2,4046,6.953372673592085,1.3004029630308622,-5.652969710561223,169,16,56
JB GPT-5.4-mini | binary_only,53,disagreement_then_random,release,0.5,10114,5.303553619046853,5.454568566048983,0.15101494700213003,169,16,56
JB GPT-5.4-mini | binary_only,53,disagreement_then_random,release,0.84,16992,2.258135342898458,6.1740947963421275,3.9159594534436697,169,16,56
JB GPT-5.4-mini | binary_only,53,disagreement_then_random,release,0.95,19218,0.7641160707523145,2.8873408093997632,2.1232247386474485,169,16,56
JB GPT-5.4-mini | binary_only,54,random_criterion,release,0.05,1011,1.416104401524642,0.6090919166662965,-0.8070124848583455,162,16,50
JB GPT-5.4-mini | binary_only,54,random_criterion,release,0.2,4046,3.6109533795752107,2.5192267029045343,-1.0917266766706764,162,16,50
JB GPT-5.4-mini | binary_only,54,random_criterion,release,0.5,10114,4.567861196949939,6.2027913838652875,1.6349301869153487,162,16,50
JB GPT-5.4-mini | binary_only,54,random_criterion,release,0.84,16992,2.396589670364502,6.236528061232695,3.839938390868193,162,16,50
JB GPT-5.4-mini | binary_only,54,random_criterion,release,0.95,19218,0.8521330475961639,2.79251494712649,1.940381899530326,162,16,50
JB GPT-5.4-mini | binary_only,54,disagreement_then_random,release,0.05,1011,3.0,0.0,-3.0,162,16,50
JB GPT-5.4-mini | binary_only,54,disagreement_then_random,release,0.2,4046,8.645919240403915,0.3274777745746447,-8.31844146582927,162,16,50
JB GPT-5.4-mini | binary_only,54,disagreement_then_random,release,0.5,10114,5.93036802225913,4.906076958244243,-1.0242910640148875,162,16,50
JB GPT-5.4-mini | binary_only,54,disagreement_then_random,release,0.84,16992,2.5273660636056334,6.152834491026023,3.6254684274203894,162,16,50
JB GPT-5.4-mini | binary_only,54,disagreement_then_random,release,0.95,19218,0.8718376068956218,2.871542383113594,1.999704776217972,162,16,50
JB GPT-5.4-mini | binary_only,55,random_criterion,release,0.05,1011,1.4270777690586236,0.5563698162988153,-0.8707079527598083,160,14,49
JB GPT-5.4-mini | binary_only,55,random_criterion,release,0.2,4046,3.8543365521803774,2.2634193820629864,-1.590917170117391,160,14,49
JB GPT-5.4-mini | binary_only,55,random_criterion,release,0.5,10114,4.637642412233879,5.249996876467493,0.6123544642336141,160,14,49
JB GPT-5.4-mini | binary_only,55,random_criterion,release,0.84,16992,2.0539818747216083,4.682596737011466,2.628614862289858,160,14,49
JB GPT-5.4-mini | binary_only,55,random_criterion,release,0.95,19218,0.6836417762959724,1.9710143185151079,1.2873725422191353,160,14,49
JB GPT-5.4-mini | binary_only,55,disagreement_then_random,release,0.05,1011,4.0,0.0,-4.0,160,14,49
JB GPT-5.4-mini | binary_only,55,disagreement_then_random,release,0.2,4046,9.3447758118442,0.29965343249727366,-9.045122379346926,160,14,49
JB GPT-5.4-mini | binary_only,55,disagreement_then_random,release,0.5,10114,5.948330171885977,4.26242984886225,-1.685900323023727,160,14,49
JB GPT-5.4-mini | binary_only,55,disagreement_then_random,release,0.84,16992,2.4516707561966764,4.678921274952417,2.2272505187557408,160,14,49
JB GPT-5.4-mini | binary_only,55,disagreement_then_random,release,0.95,19218,0.8247491504042942,2.0123023797347646,1.1875532293304705,160,14,49
JB GPT-5.4-mini | binary_only,56,random_criterion,release,0.05,1011,1.0291952306714933,0.8662176430131636,-0.1629775876583297,176,24,44
JB GPT-5.4-mini | binary_only,56,random_criterion,release,0.2,4046,2.5143605763499686,3.6226965244131235,1.108335948063155,176,24,44
JB GPT-5.4-mini | binary_only,56,random_criterion,release,0.5,10114,2.950359147576999,9.107994846681851,6.157635699104853,176,24,44
JB GPT-5.4-mini | binary_only,56,random_criterion,release,0.84,16992,1.4834010364855643,9.370096942835957,7.8866959063503925,176,24,44
JB GPT-5.4-mini | binary_only,56,random_criterion,release,0.95,19218,0.5224363260041343,4.222064425938989,3.6996280999348543,176,24,44
JB GPT-5.4-mini | binary_only,56,disagreement_then_random,release,0.05,1011,2.0,0.0,-2.0,176,24,44
JB GPT-5.4-mini | binary_only,56,disagreement_then_random,release,0.2,4046,3.94706315610952,2.410773773723964,-1.5362893823855561,176,24,44
JB GPT-5.4-mini | binary_only,56,disagreement_then_random,release,0.5,10114,3.160527347010976,8.33032739829429,5.169800051283314,176,24,44
JB GPT-5.4-mini | binary_only,56,disagreement_then_random,release,0.84,16992,1.4659188073638643,9.51594830338024,8.050029496016375,176,24,44
JB GPT-5.4-mini | binary_only,56,disagreement_then_random,release,0.95,19218,0.5179903227988459,4.402567925520344,3.884577602721498,176,24,44
JB GPT-5.4-mini | binary_only,57,random_criterion,release,0.05,1011,1.4736169829253176,0.6563256184722618,-0.8172913644530558,173,16,51
JB GPT-5.4-mini | binary_only,57,random_criterion,release,0.2,4046,3.784333420755074,2.663682020790414,-1.1206513999646601,173,16,51
JB GPT-5.4-mini | binary_only,57,random_criterion,release,0.5,10114,4.4950658525616936,6.257642277859066,1.7625764252973726,173,16,51
JB GPT-5.4-mini | binary_only,57,random_criterion,release,0.84,16992,2.1809996027780603,6.030937440205742,3.8499378374276816,173,16,51
JB GPT-5.4-mini | binary_only,57,random_criterion,release,0.95,19218,0.7622648324685469,2.697935929897479,1.9356710974289322,173,16,51
JB GPT-5.4-mini | binary_only,57,disagreement_then_random,release,0.05,1011,1.0,0.0,-1.0,173,16,51
JB GPT-5.4-mini | binary_only,57,disagreement_then_random,release,0.2,4046,3.350927323148209,1.3530323476469992,-1.9978949755012099,173,16,51
JB GPT-5.4-mini | binary_only,57,disagreement_then_random,release,0.5,10114,4.413107492886608,5.883386524360483,1.4702790314738747,173,16,51
JB GPT-5.4-mini | binary_only,57,disagreement_then_random,release,0.84,16992,1.9144204194795926,6.242324451676794,4.3279040321972015,173,16,51
JB GPT-5.4-mini | binary_only,57,disagreement_then_random,release,0.95,19218,0.6464758357958027,2.835374551967776,2.1888987161719733,173,16,51
JB GPT-5.4-mini | binary_only,58,random_criterion,release,0.05,1011,1.2688524123332188,0.764140472135122,-0.5047119401980967,166,21,43
JB GPT-5.4-mini | binary_only,58,random_criterion,release,0.2,4046,3.323695344707762,3.2070278987181657,-0.11666744598959644,166,21,43
JB GPT-5.4-mini | binary_only,58,random_criterion,release,0.5,10114,4.132637486017339,8.26493307571388,4.132295589696541,166,21,43
JB GPT-5.4-mini | binary_only,58,random_criterion,release,0.84,16992,2.1209142167810215,8.993361206348437,6.872446989567416,166,21,43
JB GPT-5.4-mini | binary_only,58,random_criterion,release,0.95,19218,0.7553601798629372,4.162344206502707,3.40698402663977,166,21,43
JB GPT-5.4-mini | binary_only,58,disagreement_then_random,release,0.05,1011,2.0,1.0,-1.0,166,21,43
JB GPT-5.4-mini | binary_only,58,disagreement_then_random,release,0.2,4046,3.8771778970276336,4.35453133893477,0.47735344190713613,166,21,43
JB GPT-5.4-mini | binary_only,58,disagreement_then_random,release,0.5,10114,4.105781741548433,9.232241492743881,5.126459751195449,166,21,43
JB GPT-5.4-mini | binary_only,58,disagreement_then_random,release,0.84,16992,2.2188427741727708,9.306433093148645,7.087590318975874,166,21,43
JB GPT-5.4-mini | binary_only,58,disagreement_then_random,release,0.95,19218,0.799980617437756,4.228282901521492,3.4283022840837365,166,21,43
JB GPT-5.4-mini | binary_only,59,random_criterion,release,0.05,1011,1.4024830795049676,0.40693477098536096,-0.9955483085196066,162,12,54
JB GPT-5.4-mini | binary_only,59,random_criterion,release,0.2,4046,3.7829635427618102,1.695618350161102,-2.0873451926007083,162,12,54
JB GPT-5.4-mini | binary_only,59,random_criterion,release,0.5,10114,5.056779451908322,4.257739086609927,-0.7990403652983948,162,12,54
JB GPT-5.4-mini | binary_only,59,random_criterion,release,0.84,16992,2.595146160755953,4.305184738456224,1.7100385777002707,162,12,54
JB GPT-5.4-mini | binary_only,59,random_criterion,release,0.95,19218,0.9068052600325645,1.8909330431136162,0.9841277830810518,162,12,54
JB GPT-5.4-mini | binary_only,59,disagreement_then_random,release,0.05,1011,1.0,1.0,0.0,162,12,54
JB GPT-5.4-mini | binary_only,59,disagreement_then_random,release,0.2,4046,4.962353209946691,1.1922242116569768,-3.7701289982897146,162,12,54
JB GPT-5.4-mini | binary_only,59,disagreement_then_random,release,0.5,10114,4.9684396974450955,4.019740945814414,-0.9486987516306815,162,12,54
JB GPT-5.4-mini | binary_only,59,disagreement_then_random,release,0.84,16992,2.4724520312919154,4.334369205593755,1.8619171743018397,162,12,54
JB GPT-5.4-mini | binary_only,59,disagreement_then_random,release,0.95,19218,0.8676731078133882,1.8922373456585184,1.02456423784513,162,12,54
JB GPT-5.4-mini | binary_only,60,random_criterion,release,0.05,1011,1.296974819807193,0.8513699217556158,-0.4456048980515773,172,18,41
JB GPT-5.4-mini | binary_only,60,random_criterion,release,0.2,4046,3.502796219382535,3.391278713327708,-0.11151750605482702,172,18,41
JB GPT-5.4-mini | binary_only,60,random_criterion,release,0.5,10114,4.136739591588805,7.8192837004311695,3.6825441088423645,172,18,41
JB GPT-5.4-mini | binary_only,60,random_criterion,release,0.84,16992,1.8491121563262014,7.3806230705094595,5.531510914183258,172,18,41
JB GPT-5.4-mini | binary_only,60,random_criterion,release,0.95,19218,0.627245675142795,3.220776347797349,2.593530672654554,172,18,41
JB GPT-5.4-mini | binary_only,60,disagreement_then_random,release,0.05,1011,2.0,0.0,-2.0,172,18,41
JB GPT-5.4-mini | binary_only,60,disagreement_then_random,release,0.2,4046,3.1455770806455097,4.378625698311437,1.233048617665927,172,18,41
JB GPT-5.4-mini | binary_only,60,disagreement_then_random,release,0.5,10114,3.526698290330106,8.929530971442796,5.40283268111269,172,18,41
JB GPT-5.4-mini | binary_only,60,disagreement_then_random,release,0.84,16992,1.6820152728595144,7.8423763148463665,6.160361041986852,172,18,41
JB GPT-5.4-mini | binary_only,60,disagreement_then_random,release,0.95,19218,0.5820019960688411,3.330724337175612,2.7487223411067707,172,18,41
JB GPT-5.4-mini | binary_only,61,random_criterion,release,0.05,1011,1.255761315222328,0.701561139907525,-0.5542001753148029,169,16,44
JB GPT-5.4-mini | binary_only,61,random_criterion,release,0.2,4046,3.424269821023293,2.799258346457121,-0.6250114745661723,169,16,44
JB GPT-5.4-mini | binary_only,61,random_criterion,release,0.5,10114,4.236201682456978,6.45309637687578,2.2168946944188015,169,16,44
JB GPT-5.4-mini | binary_only,61,random_criterion,release,0.84,16992,1.9138369159171096,5.923104338524976,4.009267422607866,169,16,44
JB GPT-5.4-mini | binary_only,61,random_criterion,release,0.95,19218,0.6360133878943779,2.525358824171729,1.889345436277351,169,16,44
JB GPT-5.4-mini | binary_only,61,disagreement_then_random,release,0.05,1011,0.0,0.0,0.0,169,16,44
JB GPT-5.4-mini | binary_only,61,disagreement_then_random,release,0.2,4046,3.33046317724055,0.3793954187418666,-2.9510677584986835,169,16,44
JB GPT-5.4-mini | binary_only,61,disagreement_then_random,release,0.5,10114,4.803625066121304,5.203617691847262,0.3999926257259574,169,16,44
JB GPT-5.4-mini | binary_only,61,disagreement_then_random,release,0.84,16992,2.1726195098358105,5.67829423656205,3.5056747267262396,169,16,44
JB GPT-5.4-mini | binary_only,61,disagreement_then_random,release,0.95,19218,0.7167780602487005,2.4384869718544984,1.721708911605798,169,16,44
JB GPT-5.4-mini | binary_only,62,random_criterion,release,0.05,1011,1.4069869480121044,0.7089229138398376,-0.6980640341722668,169,18,49
JB GPT-5.4-mini | binary_only,62,random_criterion,release,0.2,4046,3.739313970395159,2.9111223813216083,-0.8281915890735507,169,18,49
JB GPT-5.4-mini | binary_only,62,random_criterion,release,0.5,10114,4.524992165449944,7.046804658019047,2.5218124925691034,169,18,49
JB GPT-5.4-mini | binary_only,62,random_criterion,release,0.84,16992,2.110996028670261,6.744737618342987,4.633741589672726,169,18,49
JB GPT-5.4-mini | binary_only,62,random_criterion,release,0.95,19218,0.721973297759682,2.90521705977752,2.183243762017838,169,18,49
JB GPT-5.4-mini | binary_only,62,disagreement_then_random,release,0.05,1011,2.0,0.0,-2.0,169,18,49
JB GPT-5.4-mini | binary_only,62,disagreement_then_random,release,0.2,4046,6.794008975129215,0.3815673587028304,-6.412441616426385,169,18,49
JB GPT-5.4-mini | binary_only,62,disagreement_then_random,release,0.5,10114,4.876477147025447,5.605591977319225,0.7291148302937778,169,18,49
JB GPT-5.4-mini | binary_only,62,disagreement_then_random,release,0.84,16992,1.9521780541719873,6.572046984278247,4.619868930106259,169,18,49
JB GPT-5.4-mini | binary_only,62,disagreement_then_random,release,0.95,19218,0.6501662798994857,2.8864562053771152,2.2362899254776294,169,18,49
JB GPT-5.4-mini | binary_only,63,random_criterion,release,0.05,1011,1.2361344549345834,0.6565745208045974,-0.579559934129986,169,17,41
JB GPT-5.4-mini | binary_only,63,random_criterion,release,0.2,4046,3.2640948236512,2.6794323370405544,-0.5846624866106458,169,17,41
JB GPT-5.4-mini | binary_only,63,random_criterion,release,0.5,10114,4.005807536850712,6.453056207184199,2.4472486703334866,169,17,41
JB GPT-5.4-mini | binary_only,63,random_criterion,release,0.84,16992,2.008012201611047,6.20996980008972,4.201957598478673,169,17,41
JB GPT-5.4-mini | binary_only,63,random_criterion,release,0.95,19218,0.7102488241841807,2.6839348442283875,1.9736860200442068,169,17,41
JB GPT-5.4-mini | binary_only,63,disagreement_then_random,release,0.05,1011,1.0,0.0,-1.0,169,17,41
JB GPT-5.4-mini | binary_only,63,disagreement_then_random,release,0.2,4046,6.764254336676003,0.3545127362967143,-6.409741600379289,169,17,41
JB GPT-5.4-mini | binary_only,63,disagreement_then_random,release,0.5,10114,4.490009986974698,5.228568932362479,0.7385589453877808,169,17,41
JB GPT-5.4-mini | binary_only,63,disagreement_then_random,release,0.84,16992,1.9534341981858214,6.171429998148263,4.217995799962442,169,17,41
JB GPT-5.4-mini | binary_only,63,disagreement_then_random,release,0.95,19218,0.6897394812192378,2.7224988016652674,2.0327593204460297,169,17,41
