dataset,task_order,policy,budget_share,seeds,budget_cap,n_tasks,n_criteria,inference_kind,actual_queries_median,actual_queries_p05,actual_queries_p95,certified_tasks_median,certified_tasks_p05,certified_tasks_p95,residual_errors_median,residual_errors_p05,residual_errors_p95,pass_width_median,pass_width_p05,pass_width_p95,accuracy_ci_width_median,accuracy_ci_width_p05,accuracy_ci_width_p95,sample_agreement_median,sample_agreement_p05,sample_agreement_p95,accuracy_bias,accuracy_rmse,accuracy_within_half_pp,accuracy_interval_covered
DR Gemini 3.1 Pro,release,random_criterion,0.006,31,10,284,1615,exact_conditional_SRS,10.0,10.0,10.0,6.0,4.0,8.5,10.0,10.0,10.0,0.9788732394366197,0.9700704225352113,0.9859154929577465,0.4408668730650155,0.3071207430340557,0.5287925696594427,0.9,0.8,1.0,0.01301308299211024,0.06691302426248766,0,31
DR Gemini 3.1 Pro,release,sc_judge,0.006,31,10,284,1615,logical_bounds_or_census,10.0,10.0,10.0,10.0,9.0,10.0,10.0,10.0,10.0,0.9647887323943662,0.9647887323943662,0.9683098591549296,0.9938080495356038,0.9938080495356038,0.9938080495356038,1.0,0.9,1.0,,,,31
DR Gemini 3.1 Pro,release,sc50_then_srs,0.006,31,10,284,1615,exact_conditional_SRS,10.0,10.0,10.0,8.0,6.0,9.0,10.0,9.5,10.0,0.971830985915493,0.9683098591549296,0.9788732394366197,0.5195046439628483,0.5195046439628483,0.7969040247678019,0.9,0.8,1.0,-0.022291021671826644,0.13460916442518792,0,31
DR Gemini 3.1 Pro,release,random_criterion,0.05,31,81,284,1615,exact_conditional_SRS,81.0,81.0,81.0,44.0,38.0,49.0,10.0,8.5,10.0,0.8450704225352113,0.8274647887323944,0.8661971830985915,0.12260061919504639,0.08699690402476778,0.15603715170278631,0.9259259259259259,0.8641975308641976,0.9691358024691358,-0.0009654116315457031,0.03063629452310306,6,28
DR Gemini 3.1 Pro,release,sc_judge,0.05,31,81,284,1615,logical_bounds_or_census,81.0,81.0,81.0,76.0,74.0,77.0,10.0,10.0,10.0,0.7323943661971831,0.7288732394366197,0.7394366197183099,0.9498452012383901,0.94984520123839,0.9498452012383901,0.9876543209876543,0.9629629629629629,1.0,,,,31
DR Gemini 3.1 Pro,release,sc50_then_srs,0.05,31,81,284,1615,exact_conditional_SRS,81.0,81.0,81.0,55.0,50.5,59.0,10.0,9.0,10.0,0.8063380281690141,0.7922535211267606,0.8221830985915493,0.17708978328173375,0.12321981424148609,0.2256965944272446,0.9506172839506173,0.9197530864197531,0.9876543209876543,-0.0006036055566787926,0.038019030183469624,11,31
DR Gemini 3.1 Pro,release,random_criterion,0.2,31,323,284,1615,exact_conditional_SRS,323.0,323.0,323.0,131.0,118.5,136.0,8.0,5.5,9.0,0.5387323943661971,0.5211267605633803,0.5827464788732395,0.05510835913312684,0.04767801857585141,0.05975232198142416,0.9195046439628483,0.9040247678018576,0.9427244582043344,-0.0037950664136622756,0.013710977570542722,7,30
DR Gemini 3.1 Pro,release,sc_judge,0.2,31,323,284,1615,logical_bounds_or_census,323.0,323.0,323.0,275.0,271.5,278.5,1.0,1.0,2.0,0.03169014084507042,0.019366197183098594,0.04401408450704225,0.8,0.7999999999999999,0.8,0.9566563467492261,0.9458204334365325,0.9628482972136223,,,,31
DR Gemini 3.1 Pro,release,sc50_then_srs,0.2,31,323,284,1615,exact_conditional_SRS,323.0,323.0,323.0,169.0,165.5,177.0,9.0,6.0,9.0,0.40492957746478875,0.3767605633802817,0.41725352112676056,0.07616099071207427,0.0619195046439629,0.0851393188854489,0.9504643962848297,0.9396284829721362,0.9659442724458205,0.002608707445752593,0.015420416343702874,8,30
DR Gemini 3.1 Pro,release,random_criterion,0.5,31,808,284,1615,exact_conditional_SRS,808.0,808.0,808.0,215.0,204.5,221.5,5.0,2.0,7.0,0.24295774647887325,0.22007042253521125,0.27992957746478875,0.026625386996903977,0.025077399380804943,0.02786377708978327,0.9257425742574258,0.916460396039604,0.9313118811881189,-0.001071873890674811,0.005444647531641271,21,30
DR Gemini 3.1 Pro,release,sc_judge,0.5,31,808,284,1615,logical_bounds_or_census,338.0,333.5,342.5,284.0,284.0,284.0,0.0,0.0,0.0,0.0,0.0,0.0,0.7907120743034055,0.7879256965944272,0.7934984520123839,0.9523809523809523,0.9415204678362573,0.9597704213088829,,,,31
DR Gemini 3.1 Pro,release,sc50_then_srs,0.5,31,808,284,1615,exact_conditional_SRS,808.0,808.0,808.0,284.0,284.0,284.0,0.0,0.0,0.0,0.0,0.0,0.0,0.03157894736842104,0.029102167182662564,0.03405572755417963,0.9331683168316832,0.9245049504950495,0.942450495049505,0.0009280351997633269,0.007286519466872353,14,31
DR Gemini 3.1 Pro,release,random_criterion,0.6,31,969,284,1615,exact_conditional_SRS,969.0,969.0,969.0,232.0,222.5,239.0,4.0,1.0,6.0,0.18309859154929578,0.15845070422535212,0.21654929577464788,0.021052631578947323,0.02043343653250773,0.022291021671826616,0.9246646026831785,0.9169246646026832,0.931888544891641,-0.0010652818003262896,0.004696376325130917,23,30
DR Gemini 3.1 Pro,release,sc_judge,0.6,31,969,284,1615,logical_bounds_or_census,338.0,333.5,342.5,284.0,284.0,284.0,0.0,0.0,0.0,0.0,0.0,0.0,0.7907120743034055,0.7879256965944272,0.7934984520123839,0.9523809523809523,0.9415204678362573,0.9597704213088829,,,,31
DR Gemini 3.1 Pro,release,sc50_then_srs,0.6,31,969,284,1615,exact_conditional_SRS,969.0,969.0,969.0,284.0,284.0,284.0,0.0,0.0,0.0,0.0,0.0,0.0,0.024767801857585092,0.0235294117647058,0.026006191950464386,0.9308565531475749,0.9226006191950464,0.9370485036119711,-0.0005043217970243097,0.006045036907429153,19,30
DR Gemini 3.1 Pro,release,random_criterion,1.0,31,1615,284,1615,exact_conditional_SRS,1615.0,1615.0,1615.0,284.0,284.0,284.0,0.0,0.0,0.0,0.0,0.0,0.0,0.0,0.0,0.0,0.9256965944272446,0.9256965944272446,0.9256965944272446,0.0,0.0,31,31
DR Gemini 3.1 Pro,release,sc_judge,1.0,31,1615,284,1615,logical_bounds_or_census,338.0,333.5,342.5,284.0,284.0,284.0,0.0,0.0,0.0,0.0,0.0,0.0,0.7907120743034055,0.7879256965944272,0.7934984520123839,0.9523809523809523,0.9415204678362573,0.9597704213088829,,,,31
DR Gemini 3.1 Pro,release,sc50_then_srs,1.0,31,1615,284,1615,exact_conditional_SRS,1615.0,1615.0,1615.0,284.0,284.0,284.0,0.0,0.0,0.0,0.0,0.0,0.0,0.0,0.0,0.0,0.9256965944272446,0.9256965944272446,0.9256965944272446,0.0,0.0,31,31
DR Gemini 3.1 Pro,predicted_fail_count,sc_judge,0.006,31,10,284,1615,logical_bounds_or_census,10.0,10.0,10.0,4.0,3.0,7.0,9.0,8.0,10.0,0.9859154929577465,0.9753521126760564,0.9894366197183099,0.9938080495356038,0.9938080495356036,0.9938080495356038,0.9,0.8,1.0,,,,31
DR Gemini 3.1 Pro,predicted_fail_count,sc50_then_srs,0.006,31,10,284,1615,exact_conditional_SRS,10.0,10.0,10.0,5.0,3.0,7.0,10.0,8.0,10.0,0.9823943661971831,0.9753521126760564,0.9894366197183099,0.5195046439628483,0.5195046439628482,0.7969040247678019,0.9,0.7,1.0,-0.022530710076900055,0.13474406781195908,0,31
DR Gemini 3.1 Pro,predicted_fail_count,sc_judge,0.05,31,81,284,1615,logical_bounds_or_census,81.0,81.0,81.0,39.0,36.0,41.0,2.0,1.0,2.0,0.8626760563380281,0.8556338028169014,0.8732394366197183,0.94984520123839,0.94984520123839,0.9498452012383901,0.9012345679012346,0.8888888888888888,0.9012345679012346,,,,31
DR Gemini 3.1 Pro,predicted_fail_count,sc50_then_srs,0.05,31,81,284,1615,exact_conditional_SRS,81.0,81.0,81.0,41.0,35.5,45.0,6.0,3.5,8.0,0.8556338028169014,0.8415492957746479,0.875,0.17708978328173375,0.12321981424148604,0.21950464396284836,0.9135802469135802,0.8641975308641975,0.9567901234567902,-0.0034082521989706343,0.03606597076012586,12,31
DR Gemini 3.1 Pro,predicted_fail_count,sc_judge,0.2,31,323,284,1615,logical_bounds_or_census,323.0,323.0,323.0,269.0,265.0,273.5,0.0,0.0,0.0,0.0528169014084507,0.03697183098591549,0.06690140845070422,0.7999999999999999,0.7999999999999999,0.8,0.9504643962848297,0.9380804953560371,0.958204334365325,,,,31
DR Gemini 3.1 Pro,predicted_fail_count,sc50_then_srs,0.2,31,323,284,1615,exact_conditional_SRS,323.0,323.0,323.0,183.0,175.0,191.0,0.0,0.0,0.0,0.35563380281690143,0.3274647887323944,0.38380281690140844,0.07616099071207427,0.0619195046439629,0.0848297213622291,0.9287925696594427,0.9164086687306502,0.9396284829721362,0.00018494475700105912,0.014196531548947306,8,31
DR Gemini 3.1 Pro,predicted_fail_count,sc_judge,0.5,31,808,284,1615,logical_bounds_or_census,338.0,333.5,342.5,284.0,284.0,284.0,0.0,0.0,0.0,0.0,0.0,0.0,0.7907120743034055,0.7879256965944272,0.7934984520123839,0.9523809523809523,0.9415204678362573,0.9597704213088829,,,,31
DR Gemini 3.1 Pro,predicted_fail_count,sc50_then_srs,0.5,31,808,284,1615,exact_conditional_SRS,808.0,808.0,808.0,284.0,284.0,284.0,0.0,0.0,0.0,0.0,0.0,0.0,0.03157894736842104,0.029102167182662564,0.03405572755417963,0.9331683168316832,0.9245049504950495,0.942450495049505,0.0009280351997633269,0.007286519466872353,14,31
DR Gemini 3.1 Pro,predicted_fail_count,sc_judge,0.6,31,969,284,1615,logical_bounds_or_census,338.0,333.5,342.5,284.0,284.0,284.0,0.0,0.0,0.0,0.0,0.0,0.0,0.7907120743034055,0.7879256965944272,0.7934984520123839,0.9523809523809523,0.9415204678362573,0.9597704213088829,,,,31
DR Gemini 3.1 Pro,predicted_fail_count,sc50_then_srs,0.6,31,969,284,1615,exact_conditional_SRS,969.0,969.0,969.0,284.0,284.0,284.0,0.0,0.0,0.0,0.0,0.0,0.0,0.024767801857585092,0.0235294117647058,0.026006191950464386,0.9308565531475749,0.9226006191950464,0.9370485036119711,-0.0005043217970243097,0.006045036907429153,19,30
DR Gemini 3.1 Pro,predicted_fail_count,sc_judge,1.0,31,1615,284,1615,logical_bounds_or_census,338.0,333.5,342.5,284.0,284.0,284.0,0.0,0.0,0.0,0.0,0.0,0.0,0.7907120743034055,0.7879256965944272,0.7934984520123839,0.9523809523809523,0.9415204678362573,0.9597704213088829,,,,31
DR Gemini 3.1 Pro,predicted_fail_count,sc50_then_srs,1.0,31,1615,284,1615,exact_conditional_SRS,1615.0,1615.0,1615.0,284.0,284.0,284.0,0.0,0.0,0.0,0.0,0.0,0.0,0.0,0.0,0.0,0.9256965944272446,0.9256965944272446,0.9256965944272446,0.0,0.0,31,31
DR Gemini 3.1 Pro,random,sc_judge,0.006,31,10,284,1615,logical_bounds_or_census,10.0,10.0,10.0,9.0,5.5,10.0,10.0,9.0,10.0,0.9683098591549296,0.9647887323943662,0.9806338028169015,0.9938080495356038,0.9938080495356038,0.9938080495356038,0.9,0.8500000000000001,1.0,,,,31
DR Gemini 3.1 Pro,random,sc50_then_srs,0.006,31,10,284,1615,exact_conditional_SRS,10.0,10.0,10.0,7.0,4.0,9.0,10.0,9.0,10.0,0.9753521126760564,0.9683098591549296,0.9859154929577465,0.5195046439628483,0.5195046439628483,0.7969040247678019,0.9,0.75,1.0,-0.022350943773094996,0.13466506149534568,0,31
DR Gemini 3.1 Pro,random,sc_judge,0.05,31,81,284,1615,logical_bounds_or_census,81.0,81.0,81.0,68.0,61.5,75.0,8.0,6.0,9.5,0.7605633802816901,0.7359154929577465,0.783450704225352,0.9498452012383901,0.94984520123839,0.9498452012383901,0.9506172839506173,0.9135802469135802,0.9753086419753086,,,,31
DR Gemini 3.1 Pro,random,sc50_then_srs,0.05,31,81,284,1615,exact_conditional_SRS,81.0,81.0,81.0,57.0,49.0,60.5,9.0,7.0,10.0,0.7992957746478874,0.7869718309859155,0.8274647887323944,0.17708978328173375,0.12321981424148604,0.22569659442724455,0.9382716049382716,0.9012345679012346,0.9629629629629629,-0.0022098101736036154,0.03730370128497315,11,31
DR Gemini 3.1 Pro,random,sc_judge,0.2,31,323,284,1615,logical_bounds_or_census,323.0,323.0,323.0,271.0,265.5,276.0,0.0,0.0,1.0,0.045774647887323945,0.02816901408450704,0.06514084507042253,0.8,0.7999999999999999,0.8,0.9504643962848297,0.9396284829721362,0.9597523219814241,,,,31
DR Gemini 3.1 Pro,random,sc50_then_srs,0.2,31,323,284,1615,exact_conditional_SRS,323.0,323.0,323.0,179.0,167.5,189.0,4.0,3.0,7.0,0.36971830985915494,0.3345070422535211,0.4102112676056338,0.07616099071207427,0.06191950464396284,0.0851393188854489,0.934984520123839,0.9210526315789473,0.9520123839009288,0.0003097208197244504,0.014829223447030833,14,31
DR Gemini 3.1 Pro,random,sc_judge,0.5,31,808,284,1615,logical_bounds_or_census,338.0,333.5,342.5,284.0,284.0,284.0,0.0,0.0,0.0,0.0,0.0,0.0,0.7907120743034055,0.7879256965944272,0.7934984520123839,0.9523809523809523,0.9415204678362573,0.9597704213088829,,,,31
DR Gemini 3.1 Pro,random,sc50_then_srs,0.5,31,808,284,1615,exact_conditional_SRS,808.0,808.0,808.0,284.0,284.0,284.0,0.0,0.0,0.0,0.0,0.0,0.0,0.03157894736842104,0.029102167182662564,0.03405572755417963,0.9331683168316832,0.9245049504950495,0.942450495049505,0.0009280351997633269,0.007286519466872353,14,31
DR Gemini 3.1 Pro,random,sc_judge,0.6,31,969,284,1615,logical_bounds_or_census,338.0,333.5,342.5,284.0,284.0,284.0,0.0,0.0,0.0,0.0,0.0,0.0,0.7907120743034055,0.7879256965944272,0.7934984520123839,0.9523809523809523,0.9415204678362573,0.9597704213088829,,,,31
DR Gemini 3.1 Pro,random,sc50_then_srs,0.6,31,969,284,1615,exact_conditional_SRS,969.0,969.0,969.0,284.0,284.0,284.0,0.0,0.0,0.0,0.0,0.0,0.0,0.024767801857585092,0.0235294117647058,0.026006191950464386,0.9308565531475749,0.9226006191950464,0.9370485036119711,-0.0005043217970243097,0.006045036907429153,19,30
DR Gemini 3.1 Pro,random,sc_judge,1.0,31,1615,284,1615,logical_bounds_or_census,338.0,333.5,342.5,284.0,284.0,284.0,0.0,0.0,0.0,0.0,0.0,0.0,0.7907120743034055,0.7879256965944272,0.7934984520123839,0.9523809523809523,0.9415204678362573,0.9597704213088829,,,,31
DR Gemini 3.1 Pro,random,sc50_then_srs,1.0,31,1615,284,1615,exact_conditional_SRS,1615.0,1615.0,1615.0,284.0,284.0,284.0,0.0,0.0,0.0,0.0,0.0,0.0,0.0,0.0,0.0,0.9256965944272446,0.9256965944272446,0.9256965944272446,0.0,0.0,31,31
DR Qwen-plus,release,random_criterion,0.006,31,10,284,1615,exact_conditional_SRS,10.0,10.0,10.0,6.0,4.0,8.5,31.0,30.0,31.0,0.9788732394366197,0.9700704225352113,0.9859154929577465,0.5287925696594427,0.3071207430340557,0.5839009287925696,0.8,0.7,1.0,-0.004174573055028409,0.11200912054455991,0,30
DR Qwen-plus,release,sc_judge,0.006,31,10,284,1615,logical_bounds_or_census,10.0,10.0,10.0,10.0,9.0,10.0,31.0,31.0,31.0,0.9647887323943662,0.9647887323943662,0.9683098591549296,0.9938080495356038,0.9938080495356038,0.9938080495356038,1.0,0.9,1.0,,,,31
DR Qwen-plus,release,sc50_then_srs,0.006,31,10,284,1615,exact_conditional_SRS,10.0,10.0,10.0,8.0,6.0,9.0,31.0,30.0,31.0,0.971830985915493,0.9683098591549296,0.9788732394366197,0.7077399380804954,0.5195046439628483,0.7969040247678019,0.9,0.75,1.0,-0.010166783181863525,0.15993743905152233,0,31
DR Qwen-plus,release,random_criterion,0.05,31,81,284,1615,exact_conditional_SRS,81.0,81.0,81.0,44.0,38.0,49.0,29.0,26.5,30.5,0.8450704225352113,0.8274647887323944,0.8661971830985915,0.1702786377708978,0.15046439628482966,0.18575851393188847,0.8271604938271605,0.7777777777777778,0.8765432098765432,0.003232834352378995,0.03385315474496272,4,31
DR Qwen-plus,release,sc_judge,0.05,31,81,284,1615,logical_bounds_or_census,81.0,81.0,81.0,74.0,70.0,76.0,29.0,29.0,29.0,0.7394366197183099,0.7323943661971831,0.7535211267605634,0.9498452012383901,0.94984520123839,0.9498452012383901,0.9506172839506173,0.9320987654320987,0.9753086419753086,,,,31
DR Qwen-plus,release,sc50_then_srs,0.05,31,81,284,1615,exact_conditional_SRS,81.0,81.0,81.0,54.0,50.0,59.0,29.0,27.0,30.5,0.8098591549295775,0.7922535211267606,0.823943661971831,0.23900928792569665,0.1962848297213622,0.2761609907120743,0.8888888888888888,0.8395061728395061,0.9320987654320987,-0.001165801531180163,0.05912100464829055,0,31
DR Qwen-plus,release,random_criterion,0.2,31,323,284,1615,exact_conditional_SRS,323.0,323.0,323.0,131.0,118.5,136.0,23.0,18.5,26.5,0.5387323943661971,0.5211267605633803,0.5827464788732395,0.07554179566563468,0.07182662538699691,0.08173374613003104,0.8297213622291022,0.7894736842105263,0.8513931888544892,0.001098571856586472,0.02084273912942098,4,30
DR Qwen-plus,release,sc_judge,0.2,31,323,284,1615,logical_bounds_or_census,323.0,323.0,323.0,261.0,256.0,266.5,6.0,5.5,7.0,0.08098591549295775,0.061619718309859156,0.09859154929577464,0.8,0.7999999999999999,0.8,0.8699690402476781,0.8575851393188855,0.8792569659442725,,,,31
DR Qwen-plus,release,sc50_then_srs,0.2,31,323,284,1615,exact_conditional_SRS,323.0,323.0,323.0,167.0,160.5,173.5,22.0,20.0,25.5,0.4119718309859155,0.3890845070422535,0.43485915492957744,0.10835913312693501,0.09597523219814241,0.11578947368421055,0.8730650154798761,0.8513931888544891,0.8978328173374613,-0.0028982076387116143,0.027356493377545463,5,31
DR Qwen-plus,release,random_criterion,0.5,31,808,284,1615,exact_conditional_SRS,808.0,808.0,808.0,215.0,204.5,221.5,12.0,8.5,16.5,0.24295774647887325,0.22007042253521125,0.27992957746478875,0.038390092879256876,0.03653250773993805,0.03839009287925699,0.8205445544554455,0.8081683168316832,0.8366336633663366,-0.0012282300336295135,0.009309630395987617,8,31
DR Qwen-plus,release,sc_judge,0.5,31,808,284,1615,logical_bounds_or_census,358.0,349.0,366.5,284.0,284.0,284.0,0.0,0.0,0.0,0.0,0.0,0.0,0.778328173374613,0.7730650154798762,0.7839009287925698,0.8559556786703602,0.8447802197802198,0.8656327027113544,,,,31
DR Qwen-plus,release,sc50_then_srs,0.5,31,808,284,1615,exact_conditional_SRS,808.0,808.0,808.0,284.0,284.0,284.0,0.0,0.0,0.0,0.0,0.0,0.0,0.045820433436532415,0.04365325077399379,0.04767801857585141,0.8329207920792079,0.817450495049505,0.8452970297029703,-0.0003946500205670982,0.011514107395644744,11,31
DR Qwen-plus,release,random_criterion,0.6,31,969,284,1615,exact_conditional_SRS,969.0,969.0,969.0,232.0,222.5,239.0,11.0,6.0,14.0,0.18309859154929578,0.15845070422535212,0.21654929577464788,0.030959752321981338,0.030340557275541746,0.031888544891640835,0.8224974200206399,0.8106295149638802,0.8317853457172343,-0.001997403375611685,0.007390842341697239,12,31
DR Qwen-plus,release,sc_judge,0.6,31,969,284,1615,logical_bounds_or_census,358.0,349.0,366.5,284.0,284.0,284.0,0.0,0.0,0.0,0.0,0.0,0.0,0.778328173374613,0.7730650154798762,0.7839009287925698,0.8559556786703602,0.8447802197802198,0.8656327027113544,,,,31
DR Qwen-plus,release,sc50_then_srs,0.6,31,969,284,1615,exact_conditional_SRS,969.0,969.0,969.0,284.0,284.0,284.0,0.0,0.0,0.0,0.0,0.0,0.0,0.03467492260061922,0.033436532507739924,0.035913312693498456,0.8286893704850361,0.8209494324045408,0.8400412796697627,-0.0001795835136709778,0.008074254655866801,13,30
DR Qwen-plus,release,random_criterion,1.0,31,1615,284,1615,exact_conditional_SRS,1615.0,1615.0,1615.0,284.0,284.0,284.0,0.0,0.0,0.0,0.0,0.0,0.0,0.0,0.0,0.0,0.8235294117647058,0.8235294117647058,0.8235294117647058,0.0,0.0,31,31
DR Qwen-plus,release,sc_judge,1.0,31,1615,284,1615,logical_bounds_or_census,358.0,349.0,366.5,284.0,284.0,284.0,0.0,0.0,0.0,0.0,0.0,0.0,0.778328173374613,0.7730650154798762,0.7839009287925698,0.8559556786703602,0.8447802197802198,0.8656327027113544,,,,31
DR Qwen-plus,release,sc50_then_srs,1.0,31,1615,284,1615,exact_conditional_SRS,1615.0,1615.0,1615.0,284.0,284.0,284.0,0.0,0.0,0.0,0.0,0.0,0.0,0.0,0.0,0.0,0.8235294117647058,0.8235294117647058,0.8235294117647058,0.0,0.0,31,31
DR Qwen-plus,predicted_fail_count,sc_judge,0.006,31,10,284,1615,logical_bounds_or_census,10.0,10.0,10.0,6.0,3.0,8.0,27.0,25.5,30.5,0.9788732394366197,0.971830985915493,0.9894366197183099,0.9938080495356038,0.9938080495356036,0.9938080495356038,0.6,0.45,0.95,,,,31
DR Qwen-plus,predicted_fail_count,sc50_then_srs,0.006,31,10,284,1615,exact_conditional_SRS,10.0,10.0,10.0,6.0,3.0,7.0,29.0,27.5,31.0,0.9788732394366197,0.9753521126760564,0.9894366197183099,0.7077399380804954,0.5195046439628482,0.7969040247678019,0.7,0.5,0.95,-0.011145510835913268,0.16015717348402164,0,31
DR Qwen-plus,predicted_fail_count,sc_judge,0.05,31,81,284,1615,logical_bounds_or_census,81.0,81.0,81.0,41.0,36.5,44.0,10.0,5.0,12.0,0.8556338028169014,0.8450704225352113,0.8714788732394365,0.9498452012383901,0.94984520123839,0.9498452012383901,0.7407407407407407,0.6790123456790124,0.7654320987654321,,,,31
DR Qwen-plus,predicted_fail_count,sc50_then_srs,0.05,31,81,284,1615,exact_conditional_SRS,81.0,81.0,81.0,44.0,37.5,49.5,19.0,15.0,24.0,0.8450704225352113,0.8257042253521127,0.8679577464788732,0.23900928792569665,0.17708978328173375,0.2761609907120743,0.7654320987654321,0.7098765432098766,0.8395061728395061,-0.0023345260916905206,0.06039991353278252,2,31
DR Qwen-plus,predicted_fail_count,sc_judge,0.2,31,323,284,1615,logical_bounds_or_census,323.0,323.0,323.0,249.0,242.5,258.5,0.0,0.0,0.0,0.12323943661971831,0.08978873239436619,0.14612676056338028,0.8,0.8,0.8,0.8421052631578947,0.8312693498452013,0.8560371517027864,,,,31
DR Qwen-plus,predicted_fail_count,sc50_then_srs,0.2,31,323,284,1615,exact_conditional_SRS,323.0,323.0,323.0,173.0,163.0,179.5,1.0,0.0,2.0,0.3908450704225352,0.36795774647887325,0.426056338028169,0.10340557275541795,0.09287925696594423,0.11300309597523217,0.8018575851393189,0.7755417956656347,0.8204334365325078,-0.0017490842152115469,0.02612265559468644,4,31
DR Qwen-plus,predicted_fail_count,sc_judge,0.5,31,808,284,1615,logical_bounds_or_census,358.0,349.0,366.5,284.0,284.0,284.0,0.0,0.0,0.0,0.0,0.0,0.0,0.778328173374613,0.7730650154798762,0.7839009287925698,0.8559556786703602,0.8447802197802198,0.8656327027113544,,,,31
DR Qwen-plus,predicted_fail_count,sc50_then_srs,0.5,31,808,284,1615,exact_conditional_SRS,808.0,808.0,808.0,284.0,284.0,284.0,0.0,0.0,0.0,0.0,0.0,0.0,0.045820433436532415,0.04365325077399379,0.04767801857585141,0.8329207920792079,0.817450495049505,0.8452970297029703,-0.0003946500205670982,0.011514107395644744,11,31
DR Qwen-plus,predicted_fail_count,sc_judge,0.6,31,969,284,1615,logical_bounds_or_census,358.0,349.0,366.5,284.0,284.0,284.0,0.0,0.0,0.0,0.0,0.0,0.0,0.778328173374613,0.7730650154798762,0.7839009287925698,0.8559556786703602,0.8447802197802198,0.8656327027113544,,,,31
DR Qwen-plus,predicted_fail_count,sc50_then_srs,0.6,31,969,284,1615,exact_conditional_SRS,969.0,969.0,969.0,284.0,284.0,284.0,0.0,0.0,0.0,0.0,0.0,0.0,0.03467492260061922,0.033436532507739924,0.035913312693498456,0.8286893704850361,0.8209494324045408,0.8400412796697627,-0.0001795835136709778,0.008074254655866801,13,30
DR Qwen-plus,predicted_fail_count,sc_judge,1.0,31,1615,284,1615,logical_bounds_or_census,358.0,349.0,366.5,284.0,284.0,284.0,0.0,0.0,0.0,0.0,0.0,0.0,0.778328173374613,0.7730650154798762,0.7839009287925698,0.8559556786703602,0.8447802197802198,0.8656327027113544,,,,31
DR Qwen-plus,predicted_fail_count,sc50_then_srs,1.0,31,1615,284,1615,exact_conditional_SRS,1615.0,1615.0,1615.0,284.0,284.0,284.0,0.0,0.0,0.0,0.0,0.0,0.0,0.0,0.0,0.0,0.8235294117647058,0.8235294117647058,0.8235294117647058,0.0,0.0,31,31
DR Qwen-plus,random,sc_judge,0.006,31,10,284,1615,logical_bounds_or_census,10.0,10.0,10.0,8.0,5.5,10.0,30.0,29.0,31.0,0.971830985915493,0.9647887323943662,0.9806338028169015,0.9938080495356038,0.9938080495356036,0.9938080495356038,0.9,0.55,1.0,,,,31
DR Qwen-plus,random,sc50_then_srs,0.006,31,10,284,1615,exact_conditional_SRS,10.0,10.0,10.0,7.0,4.0,9.0,30.0,29.5,31.0,0.9753521126760564,0.9683098591549296,0.9859154929577465,0.7077399380804954,0.5195046439628483,0.7969040247678019,0.9,0.55,1.0,-0.01054628982322974,0.15999337689383264,0,31
DR Qwen-plus,random,sc_judge,0.05,31,81,284,1615,logical_bounds_or_census,81.0,81.0,81.0,65.0,54.0,72.0,23.0,21.0,28.0,0.7711267605633803,0.7464788732394366,0.8098591549295775,0.9498452012383901,0.94984520123839,0.9498452012383901,0.8518518518518519,0.7839506172839505,0.9074074074074074,,,,31
DR Qwen-plus,random,sc50_then_srs,0.05,31,81,284,1615,exact_conditional_SRS,81.0,81.0,81.0,55.0,48.5,57.5,27.0,24.0,29.0,0.8063380281690141,0.7975352112676057,0.829225352112676,0.23900928792569665,0.18668730650154797,0.2761609907120743,0.8271604938271605,0.7839506172839505,0.8888888888888888,-0.0021679134198712073,0.057992045294132426,0,31
DR Qwen-plus,random,sc_judge,0.2,31,323,284,1615,logical_bounds_or_census,323.0,323.0,323.0,256.0,248.5,263.5,2.0,0.5,5.5,0.09859154929577464,0.0721830985915493,0.125,0.8,0.7999999999999999,0.8,0.8544891640866873,0.8359133126934984,0.868421052631579,,,,31
DR Qwen-plus,random,sc50_then_srs,0.2,31,323,284,1615,exact_conditional_SRS,323.0,323.0,323.0,174.0,166.0,184.5,14.0,10.5,19.0,0.3873239436619718,0.35035211267605637,0.4154929577464789,0.10588235294117654,0.09349845201238394,0.11393188854489167,0.8328173374613003,0.8111455108359134,0.8637770897832817,-0.00298278904091345,0.02612544741219114,3,31
DR Qwen-plus,random,sc_judge,0.5,31,808,284,1615,logical_bounds_or_census,358.0,349.0,366.5,284.0,284.0,284.0,0.0,0.0,0.0,0.0,0.0,0.0,0.778328173374613,0.7730650154798762,0.7839009287925698,0.8559556786703602,0.8447802197802198,0.8656327027113544,,,,31
DR Qwen-plus,random,sc50_then_srs,0.5,31,808,284,1615,exact_conditional_SRS,808.0,808.0,808.0,284.0,284.0,284.0,0.0,0.0,0.0,0.0,0.0,0.0,0.045820433436532415,0.04365325077399379,0.04767801857585141,0.8329207920792079,0.817450495049505,0.8452970297029703,-0.0003946500205670982,0.011514107395644744,11,31
DR Qwen-plus,random,sc_judge,0.6,31,969,284,1615,logical_bounds_or_census,358.0,349.0,366.5,284.0,284.0,284.0,0.0,0.0,0.0,0.0,0.0,0.0,0.778328173374613,0.7730650154798762,0.7839009287925698,0.8559556786703602,0.8447802197802198,0.8656327027113544,,,,31
DR Qwen-plus,random,sc50_then_srs,0.6,31,969,284,1615,exact_conditional_SRS,969.0,969.0,969.0,284.0,284.0,284.0,0.0,0.0,0.0,0.0,0.0,0.0,0.03467492260061922,0.033436532507739924,0.035913312693498456,0.8286893704850361,0.8209494324045408,0.8400412796697627,-0.0001795835136709778,0.008074254655866801,13,30
DR Qwen-plus,random,sc_judge,1.0,31,1615,284,1615,logical_bounds_or_census,358.0,349.0,366.5,284.0,284.0,284.0,0.0,0.0,0.0,0.0,0.0,0.0,0.778328173374613,0.7730650154798762,0.7839009287925698,0.8559556786703602,0.8447802197802198,0.8656327027113544,,,,31
DR Qwen-plus,random,sc50_then_srs,1.0,31,1615,284,1615,exact_conditional_SRS,1615.0,1615.0,1615.0,284.0,284.0,284.0,0.0,0.0,0.0,0.0,0.0,0.0,0.0,0.0,0.0,0.8235294117647058,0.8235294117647058,0.8235294117647058,0.0,0.0,31,31
AC Qwen-plus,release,random_criterion,0.006,31,5,210,843,exact_conditional_SRS,5.0,5.0,5.0,1.0,0.0,2.5,41.0,40.0,41.0,0.9952380952380953,0.9880952380952381,1.0,0.5195729537366548,0.5195729537366548,0.7538552787663108,1.0,0.7,1.0,0.030673860635977535,0.12652479442198916,0,31
AC Qwen-plus,release,sc_judge,0.006,31,5,210,843,logical_bounds_or_census,5.0,5.0,5.0,2.0,2.0,2.0,41.0,41.0,41.0,0.9904761904761905,0.9904761904761905,0.9904761904761905,0.9940688018979834,0.9940688018979834,0.9940688018979834,1.0,1.0,1.0,,,,31
AC Qwen-plus,release,sc50_then_srs,0.006,31,5,210,843,exact_conditional_SRS,5.0,5.0,5.0,1.0,0.0,2.5,41.0,40.0,41.0,0.9952380952380953,0.9880952380952381,1.0,0.7046263345195729,0.7046263345195729,0.8932384341637011,1.0,0.7,1.0,-0.07209275628515668,0.2462970431679675,0,30
AC Qwen-plus,release,random_criterion,0.05,31,42,210,843,exact_conditional_SRS,42.0,42.0,42.0,8.0,5.0,11.0,39.0,36.0,40.5,0.9619047619047619,0.9476190476190476,0.9761904761904762,0.2111506524317912,0.13582443653618037,0.25326215895610915,0.8809523809523809,0.7976190476190477,0.9642857142857142,0.0065571171643953674,0.0556233406397116,2,30
AC Qwen-plus,release,sc_judge,0.05,31,42,210,843,logical_bounds_or_census,42.0,42.0,42.0,16.0,15.0,17.0,37.0,37.0,38.0,0.9238095238095239,0.919047619047619,0.9285714285714286,0.9501779359430605,0.9501779359430605,0.9501779359430605,0.8571428571428571,0.8214285714285714,0.9166666666666667,,,,31
AC Qwen-plus,release,sc50_then_srs,0.05,31,42,210,843,exact_conditional_SRS,42.0,42.0,42.0,13.0,11.0,15.5,39.0,37.5,40.0,0.9380952380952381,0.9261904761904762,0.9476190476190476,0.32028469750889677,0.1909845788849348,0.3748517200474496,0.8809523809523809,0.8333333333333334,0.9523809523809523,-0.02175137073541387,0.07435177090497175,0,30
AC Qwen-plus,release,random_criterion,0.2,31,169,210,843,exact_conditional_SRS,169.0,169.0,169.0,31.0,23.0,37.0,32.0,28.5,35.0,0.8523809523809524,0.8238095238095238,0.8904761904761904,0.09015421115065247,0.08066429418742588,0.10260972716488731,0.8875739644970414,0.8431952662721893,0.9142011834319527,0.004562007228838769,0.022373439361355357,6,30
AC Qwen-plus,release,sc_judge,0.2,31,169,210,843,logical_bounds_or_census,169.0,169.0,169.0,71.0,68.5,75.5,28.0,28.0,29.0,0.6619047619047619,0.6404761904761904,0.6738095238095239,0.7995255041518387,0.7995255041518387,0.7995255041518387,0.8994082840236687,0.893491124260355,0.9053254437869822,,,,31
AC Qwen-plus,release,sc50_then_srs,0.2,31,169,210,843,exact_conditional_SRS,169.0,169.0,169.0,47.0,42.5,51.5,30.0,28.0,32.0,0.7761904761904762,0.7547619047619047,0.7976190476190477,0.12930011862396207,0.11091340450771053,0.14946619217081858,0.863905325443787,0.8372781065088757,0.893491124260355,-0.011838086170066642,0.029627746808712097,3,31
AC Qwen-plus,release,random_criterion,0.5,31,422,210,843,exact_conditional_SRS,422.0,422.0,422.0,77.0,70.0,84.0,20.0,15.5,22.5,0.6333333333333333,0.6,0.6666666666666666,0.043890865954922864,0.04151838671411634,0.04744958481613293,0.8815165876777251,0.8613744075829384,0.8957345971563981,0.0025894698700396103,0.011640007154376443,10,29
AC Qwen-plus,release,sc_judge,0.5,31,422,210,843,logical_bounds_or_census,422.0,422.0,422.0,165.0,161.0,168.0,13.0,12.0,13.0,0.21428571428571427,0.2,0.23333333333333334,0.4994068801897984,0.4994068801897984,0.4994068801897984,0.909952606635071,0.9052132701421801,0.9135071090047393,,,,31
AC Qwen-plus,release,sc50_then_srs,0.5,31,422,210,843,exact_conditional_SRS,422.0,422.0,422.0,120.0,115.0,123.0,19.0,16.5,22.5,0.42857142857142855,0.4142857142857143,0.4523809523809524,0.058125741399762676,0.051008303677342826,0.06049822064056942,0.8862559241706162,0.8767772511848342,0.9040284360189573,0.0030561856112271565,0.013614040383117353,9,29
AC Qwen-plus,release,random_criterion,0.6,31,506,210,843,exact_conditional_SRS,506.0,506.0,506.0,95.0,88.5,102.5,16.0,11.5,19.0,0.5476190476190477,0.5119047619047619,0.5785714285714285,0.03677342823250296,0.03440094899169632,0.038552787663108046,0.8814229249011858,0.8646245059288538,0.8952569169960475,0.0018456061415238945,0.010010775148682526,10,31
AC Qwen-plus,release,sc_judge,0.6,31,506,210,843,logical_bounds_or_census,506.0,506.0,506.0,194.0,193.0,198.5,4.0,2.0,4.0,0.0761904761904762,0.05476190476190476,0.08095238095238096,0.39976275207591927,0.39976275207591927,0.39976275207591927,0.9051383399209486,0.8992094861660079,0.9090909090909091,,,,31
AC Qwen-plus,release,sc50_then_srs,0.6,31,506,210,843,exact_conditional_SRS,506.0,506.0,506.0,138.0,134.0,142.5,15.0,12.5,18.0,0.34285714285714286,0.3214285714285714,0.3619047619047619,0.04507710557532618,0.03973902728351125,0.04863582443653619,0.8893280632411067,0.8764822134387352,0.9051383399209486,0.00320147061648318,0.011920015591893318,14,28
AC Qwen-plus,release,random_criterion,1.0,31,843,210,843,exact_conditional_SRS,843.0,843.0,843.0,210.0,210.0,210.0,0.0,0.0,0.0,0.0,0.0,0.0,0.0,0.0,0.0,0.8790035587188612,0.8790035587188612,0.8790035587188612,0.0,0.0,31,31
AC Qwen-plus,release,sc_judge,1.0,31,843,210,843,logical_bounds_or_census,540.0,532.5,556.5,210.0,210.0,210.0,0.0,0.0,0.0,0.0,0.0,0.0,0.35943060498220636,0.3398576512455516,0.36832740213523135,0.9007220216606499,0.8982549541555753,0.9048470900698796,,,,31
AC Qwen-plus,release,sc50_then_srs,1.0,31,843,210,843,exact_conditional_SRS,843.0,843.0,843.0,210.0,210.0,210.0,0.0,0.0,0.0,0.0,0.0,0.0,0.0,0.0,0.0,0.8790035587188612,0.8790035587188612,0.8790035587188612,0.0,0.0,31,31
AC Qwen-plus,predicted_fail_count,sc_judge,0.006,31,5,210,843,logical_bounds_or_census,5.0,5.0,5.0,1.0,1.0,3.0,41.0,40.0,41.0,0.9952380952380953,0.9857142857142858,0.9952380952380953,0.9940688018979834,0.9940688018979834,0.9940688018979834,1.0,0.8,1.0,,,,31
AC Qwen-plus,predicted_fail_count,sc50_then_srs,0.006,31,5,210,843,exact_conditional_SRS,5.0,5.0,5.0,1.0,0.0,3.0,41.0,40.0,41.0,0.9952380952380953,0.9857142857142858,1.0,0.7046263345195729,0.7046263345195729,0.8932384341637011,0.8,0.6,1.0,-0.0722458194619829,0.2462738817856728,0,30
AC Qwen-plus,predicted_fail_count,sc_judge,0.05,31,42,210,843,logical_bounds_or_census,42.0,42.0,42.0,14.0,10.0,17.5,38.0,36.0,39.5,0.9333333333333333,0.9166666666666666,0.9523809523809523,0.9501779359430605,0.9501779359430605,0.9501779359430605,0.9285714285714286,0.8809523809523809,0.9642857142857142,,,,31
AC Qwen-plus,predicted_fail_count,sc50_then_srs,0.05,31,42,210,843,exact_conditional_SRS,42.0,42.0,42.0,11.0,9.0,13.0,39.0,36.0,40.0,0.9476190476190476,0.9380952380952381,0.9571428571428572,0.32028469750889677,0.1909845788849348,0.3748517200474496,0.9047619047619048,0.8214285714285714,0.9404761904761905,-0.01699001262771205,0.0744170604376805,0,30
AC Qwen-plus,predicted_fail_count,sc_judge,0.2,31,169,210,843,logical_bounds_or_census,169.0,169.0,169.0,54.0,48.0,60.5,29.0,25.0,32.5,0.7428571428571429,0.7119047619047619,0.7714285714285715,0.7995255041518388,0.7995255041518387,0.7995255041518388,0.9289940828402367,0.9053254437869822,0.9497041420118343,,,,31
AC Qwen-plus,predicted_fail_count,sc50_then_srs,0.2,31,169,210,843,exact_conditional_SRS,169.0,169.0,169.0,45.0,38.0,51.0,30.0,26.5,35.0,0.7857142857142857,0.7571428571428571,0.819047619047619,0.12930011862396207,0.11684460260972718,0.14946619217081858,0.893491124260355,0.8668639053254438,0.9289940828402367,-0.011792167217018782,0.030242588335560542,10,31
AC Qwen-plus,predicted_fail_count,sc_judge,0.5,31,422,210,843,logical_bounds_or_census,422.0,422.0,422.0,135.0,130.5,139.0,11.0,9.5,12.0,0.35714285714285715,0.3380952380952381,0.37857142857142856,0.49940688018979834,0.49940688018979834,0.49940688018979834,0.9289099526066351,0.9253554502369667,0.9312796208530806,,,,31
AC Qwen-plus,predicted_fail_count,sc50_then_srs,0.5,31,422,210,843,exact_conditional_SRS,422.0,422.0,422.0,108.0,99.0,112.5,17.0,14.0,20.5,0.4857142857142857,0.4642857142857143,0.5285714285714286,0.058125741399762676,0.053380782918149516,0.06287069988137606,0.8957345971563981,0.8838862559241706,0.9135071090047393,0.0024160043147856743,0.014451279546969783,8,30
AC Qwen-plus,predicted_fail_count,sc_judge,0.6,31,506,210,843,logical_bounds_or_census,506.0,506.0,506.0,188.0,178.0,194.0,2.0,1.0,3.0,0.10476190476190476,0.0761904761904762,0.1523809523809524,0.3997627520759194,0.39976275207591927,0.3997627520759194,0.9169960474308301,0.9100790513833992,0.9209486166007905,,,,31
AC Qwen-plus,predicted_fail_count,sc50_then_srs,0.6,31,506,210,843,exact_conditional_SRS,506.0,506.0,506.0,129.0,123.0,134.5,14.0,10.0,16.5,0.38571428571428573,0.3595238095238095,0.4142857142857143,0.0462633451957295,0.042704626334519546,0.04982206405693951,0.8932806324110671,0.8843873517786561,0.9110671936758893,0.00365082901406297,0.012434763410630587,11,29
AC Qwen-plus,predicted_fail_count,sc_judge,1.0,31,843,210,843,logical_bounds_or_census,540.0,532.5,556.5,210.0,210.0,210.0,0.0,0.0,0.0,0.0,0.0,0.0,0.35943060498220636,0.3398576512455516,0.36832740213523135,0.9007220216606499,0.8982549541555753,0.9048470900698796,,,,31
AC Qwen-plus,predicted_fail_count,sc50_then_srs,1.0,31,843,210,843,exact_conditional_SRS,843.0,843.0,843.0,210.0,210.0,210.0,0.0,0.0,0.0,0.0,0.0,0.0,0.0,0.0,0.0,0.8790035587188612,0.8790035587188612,0.8790035587188612,0.0,0.0,31,31
AC Qwen-plus,random,sc_judge,0.006,31,5,210,843,logical_bounds_or_census,5.0,5.0,5.0,2.0,1.0,3.0,41.0,40.0,41.0,0.9904761904761905,0.9857142857142858,0.9952380952380953,0.9940688018979834,0.9940688018979834,0.9940688018979834,1.0,0.8,1.0,,,,31
AC Qwen-plus,random,sc50_then_srs,0.006,31,5,210,843,exact_conditional_SRS,5.0,5.0,5.0,1.0,0.0,3.0,41.0,40.0,41.0,0.9952380952380953,0.9857142857142858,1.0,0.7046263345195729,0.7046263345195729,0.8932384341637011,0.8,0.6,1.0,-0.0722458194619829,0.2462738817856728,0,30
AC Qwen-plus,random,sc_judge,0.05,31,42,210,843,logical_bounds_or_census,42.0,42.0,42.0,16.0,13.0,20.0,38.0,35.0,39.5,0.9238095238095239,0.9047619047619048,0.9380952380952381,0.9501779359430605,0.9501779359430605,0.9501779359430605,0.9047619047619048,0.8095238095238095,0.9523809523809523,,,,31
AC Qwen-plus,random,sc50_then_srs,0.05,31,42,210,843,exact_conditional_SRS,42.0,42.0,42.0,12.0,9.0,15.5,38.0,36.0,40.0,0.9428571428571428,0.9261904761904762,0.9571428571428572,0.32028469750889677,0.1909845788849348,0.3748517200474496,0.9047619047619048,0.7976190476190477,0.9404761904761905,-0.017678796923430107,0.07449814268089507,0,30
AC Qwen-plus,random,sc_judge,0.2,31,169,210,843,logical_bounds_or_census,169.0,169.0,169.0,65.0,56.5,72.0,28.0,24.0,31.0,0.6904761904761905,0.6571428571428571,0.7309523809523809,0.7995255041518387,0.7995255041518387,0.7995255041518388,0.8994082840236687,0.8609467455621302,0.9230769230769231,,,,31
AC Qwen-plus,random,sc50_then_srs,0.2,31,169,210,843,exact_conditional_SRS,169.0,169.0,169.0,47.0,42.0,55.0,30.0,26.0,33.0,0.7761904761904762,0.7380952380952381,0.8,0.12930011862396207,0.11684460260972718,0.14768683274021355,0.8816568047337278,0.8520710059171598,0.9112426035502958,-0.01006705517702426,0.02766432184215511,5,31
AC Qwen-plus,random,sc_judge,0.5,31,422,210,843,logical_bounds_or_census,422.0,422.0,422.0,164.0,156.0,170.5,9.0,5.0,13.0,0.21904761904761905,0.1880952380952381,0.2571428571428571,0.4994068801897984,0.4994068801897983,0.4994068801897984,0.9004739336492891,0.8886255924170616,0.9123222748815166,,,,31
AC Qwen-plus,random,sc50_then_srs,0.5,31,422,210,843,exact_conditional_SRS,422.0,422.0,422.0,113.0,104.0,118.5,16.0,13.0,21.0,0.46190476190476193,0.4357142857142857,0.5047619047619047,0.05575326215895604,0.05041518386714122,0.06109134045077108,0.8862559241706162,0.8755924170616114,0.90521327014218,0.003857591035865947,0.013755792601537883,9,30
AC Qwen-plus,random,sc_judge,0.6,31,506,210,843,logical_bounds_or_census,506.0,506.0,506.0,195.0,190.5,201.5,3.0,0.5,6.0,0.07142857142857142,0.04047619047619048,0.09285714285714286,0.39976275207591927,0.39976275207591927,0.39976275207591927,0.9011857707509882,0.8952569169960475,0.9090909090909091,,,,31
AC Qwen-plus,random,sc50_then_srs,0.6,31,506,210,843,exact_conditional_SRS,506.0,506.0,506.0,133.0,126.0,137.5,13.0,9.5,16.0,0.36666666666666664,0.34523809523809523,0.4,0.043890865954922864,0.04033214709371291,0.04744958481613293,0.8873517786561265,0.8754940711462451,0.9041501976284585,0.004117883450860809,0.011966516977349226,13,29
AC Qwen-plus,random,sc_judge,1.0,31,843,210,843,logical_bounds_or_census,540.0,532.5,556.5,210.0,210.0,210.0,0.0,0.0,0.0,0.0,0.0,0.0,0.35943060498220636,0.3398576512455516,0.36832740213523135,0.9007220216606499,0.8982549541555753,0.9048470900698796,,,,31
AC Qwen-plus,random,sc50_then_srs,1.0,31,843,210,843,exact_conditional_SRS,843.0,843.0,843.0,210.0,210.0,210.0,0.0,0.0,0.0,0.0,0.0,0.0,0.0,0.0,0.0,0.8790035587188612,0.8790035587188612,0.8790035587188612,0.0,0.0,31,31
AC DeepSeek v4-pro,release,random_criterion,0.006,31,5,210,843,exact_conditional_SRS,5.0,5.0,5.0,1.0,0.0,2.5,30.0,30.0,30.0,0.9952380952380953,0.9880952380952381,1.0,0.5195729537366548,0.5195729537366548,0.7538552787663108,1.0,0.7,1.0,0.0190410591971836,0.11732547656173872,0,31
AC DeepSeek v4-pro,release,sc_judge,0.006,31,5,210,843,logical_bounds_or_census,5.0,5.0,5.0,2.0,2.0,2.0,30.0,30.0,30.0,0.9904761904761905,0.9904761904761905,0.9904761904761905,0.9940688018979834,0.9940688018979834,0.9940688018979834,1.0,1.0,1.0,,,,31
AC DeepSeek v4-pro,release,sc50_then_srs,0.006,31,5,210,843,exact_conditional_SRS,5.0,5.0,5.0,1.0,0.0,2.5,30.0,29.0,30.0,0.9952380952380953,0.9880952380952381,1.0,0.7046263345195729,0.7046263345195729,0.8932384341637011,1.0,0.8,1.0,-0.0194390234569319,0.15219132362808258,0,31
AC DeepSeek v4-pro,release,random_criterion,0.05,31,42,210,843,exact_conditional_SRS,42.0,42.0,42.0,8.0,5.0,11.0,29.0,27.0,30.0,0.9619047619047619,0.9476190476190476,0.9761904761904762,0.17437722419928836,0.12099644128113884,0.230723606168446,0.9285714285714286,0.8452380952380952,0.9761904761904762,-0.004307635119252645,0.0411423202398339,0,31
AC DeepSeek v4-pro,release,sc_judge,0.05,31,42,210,843,logical_bounds_or_census,42.0,42.0,42.0,17.0,17.0,18.0,28.0,28.0,28.0,0.919047619047619,0.9142857142857143,0.919047619047619,0.9501779359430605,0.9501779359430605,0.9501779359430605,0.9285714285714286,0.9047619047619048,0.9523809523809523,,,,31
AC DeepSeek v4-pro,release,sc50_then_srs,0.05,31,42,210,843,exact_conditional_SRS,42.0,42.0,42.0,13.0,11.0,15.5,28.0,26.5,29.0,0.9380952380952381,0.9261904761904762,0.9476190476190476,0.27995255041518396,0.15421115065243185,0.35112692763938314,0.9285714285714286,0.8571428571428571,0.9523809523809523,-0.01164373452285292,0.06534929283160512,0,30
AC DeepSeek v4-pro,release,random_criterion,0.2,31,169,210,843,exact_conditional_SRS,169.0,169.0,169.0,31.0,23.0,37.0,24.0,21.5,28.0,0.8523809523809524,0.8238095238095238,0.8904761904761904,0.07947805456702262,0.059311981020165994,0.09015421115065247,0.9171597633136095,0.8875739644970414,0.9585798816568047,0.0013277551315222004,0.02348659701417271,2,29
AC DeepSeek v4-pro,release,sc_judge,0.2,31,169,210,843,logical_bounds_or_census,169.0,169.0,169.0,75.0,73.5,78.0,23.0,22.0,24.0,0.6428571428571429,0.6285714285714286,0.65,0.7995255041518388,0.7995255041518388,0.7995255041518388,0.9408284023668639,0.9349112426035503,0.9526627218934911,,,,31
AC DeepSeek v4-pro,release,sc50_then_srs,0.2,31,169,210,843,exact_conditional_SRS,169.0,169.0,169.0,51.0,46.0,55.0,24.0,23.0,27.0,0.7571428571428571,0.7380952380952381,0.780952380952381,0.10794780545670224,0.08778173190984573,0.12455516014234869,0.9349112426035503,0.908284023668639,0.9526627218934911,-0.0023985900180299538,0.021849526108183737,6,31
AC DeepSeek v4-pro,release,random_criterion,0.5,31,422,210,843,exact_conditional_SRS,422.0,422.0,422.0,77.0,70.0,84.0,15.0,10.5,20.0,0.6333333333333333,0.6,0.6666666666666666,0.03677342823250296,0.033214709371293005,0.040925266903914626,0.9218009478672986,0.9016587677725119,0.9407582938388626,-9.974496120196229e-05,0.013032155954506044,10,28
AC DeepSeek v4-pro,release,sc_judge,0.5,31,422,210,843,logical_bounds_or_census,422.0,422.0,422.0,170.0,167.0,174.5,6.0,6.0,6.0,0.19047619047619047,0.16904761904761906,0.20476190476190476,0.49940688018979834,0.49940688018979834,0.4994068801897984,0.919431279620853,0.9135071090047393,0.9241706161137441,,,,31
AC DeepSeek v4-pro,release,sc50_then_srs,0.5,31,422,210,843,exact_conditional_SRS,422.0,422.0,422.0,122.0,116.0,126.0,14.0,10.0,17.0,0.41904761904761906,0.4,0.44761904761904764,0.04507710557532618,0.03973902728351125,0.051601423487544484,0.9241706161137441,0.9158767772511849,0.9383886255924171,0.0024241652661566734,0.010650624309647432,11,31
AC DeepSeek v4-pro,release,random_criterion,0.6,31,506,210,843,exact_conditional_SRS,506.0,506.0,506.0,95.0,88.5,102.5,12.0,7.0,16.0,0.5476190476190477,0.5119047619047619,0.5785714285714285,0.03084223013048637,0.02728351126927636,0.032621589561091346,0.9209486166007905,0.9051383399209486,0.9357707509881423,-0.0011807946852593057,0.009697519655910068,13,27
AC DeepSeek v4-pro,release,sc_judge,0.6,31,506,210,843,logical_bounds_or_census,506.0,506.0,506.0,203.0,201.0,209.0,1.0,0.0,1.0,0.03333333333333333,0.004761904761904762,0.04285714285714286,0.3997627520759194,0.3997627520759194,0.3997627520759194,0.9209486166007905,0.91600790513834,0.9268774703557312,,,,31
AC DeepSeek v4-pro,release,sc50_then_srs,0.6,31,506,210,843,exact_conditional_SRS,506.0,506.0,506.0,140.0,136.0,146.0,9.0,6.0,12.0,0.3333333333333333,0.3047619047619048,0.3523809523809524,0.03677342823250296,0.03143534994068797,0.04033214709371291,0.9229249011857708,0.9140316205533596,0.9318181818181819,0.0012281353713725557,0.008270216140635786,18,28
AC DeepSeek v4-pro,release,random_criterion,1.0,31,843,210,843,exact_conditional_SRS,843.0,843.0,843.0,210.0,210.0,210.0,0.0,0.0,0.0,0.0,0.0,0.0,0.0,0.0,0.0,0.9228944246737841,0.9228944246737841,0.9228944246737841,0.0,0.0,31,31
AC DeepSeek v4-pro,release,sc_judge,1.0,31,843,210,843,logical_bounds_or_census,518.0,507.5,524.0,210.0,210.0,210.0,0.0,0.0,0.0,0.0,0.0,0.0,0.38552787663107957,0.37841043890865955,0.3979833926453144,0.9213051823416507,0.9146439672755462,0.9248554913294798,,,,31
AC DeepSeek v4-pro,release,sc50_then_srs,1.0,31,843,210,843,exact_conditional_SRS,843.0,843.0,843.0,210.0,210.0,210.0,0.0,0.0,0.0,0.0,0.0,0.0,0.0,0.0,0.0,0.9228944246737841,0.9228944246737841,0.9228944246737841,0.0,0.0,31,31
AC DeepSeek v4-pro,predicted_fail_count,sc_judge,0.006,31,5,210,843,logical_bounds_or_census,5.0,5.0,5.0,1.0,1.0,3.0,30.0,29.0,30.0,0.9952380952380953,0.9857142857142858,0.9952380952380953,0.9940688018979834,0.9940688018979834,0.9940688018979834,1.0,0.8,1.0,,,,31
AC DeepSeek v4-pro,predicted_fail_count,sc50_then_srs,0.006,31,5,210,843,exact_conditional_SRS,5.0,5.0,5.0,1.0,0.0,3.0,30.0,29.0,30.0,0.9952380952380953,0.9857142857142858,1.0,0.7046263345195729,0.7046263345195729,0.8932384341637011,1.0,0.8,1.0,-0.019515555045345013,0.15223645343487593,0,31
AC DeepSeek v4-pro,predicted_fail_count,sc_judge,0.05,31,42,210,843,logical_bounds_or_census,42.0,42.0,42.0,13.0,9.0,17.0,29.0,26.5,30.0,0.9380952380952381,0.919047619047619,0.9571428571428572,0.9501779359430605,0.9501779359430605,0.9501779359430605,0.9761904761904762,0.9166666666666667,1.0,,,,31
AC DeepSeek v4-pro,predicted_fail_count,sc50_then_srs,0.05,31,42,210,843,exact_conditional_SRS,42.0,42.0,42.0,10.0,8.0,14.0,28.0,26.5,30.0,0.9523809523809523,0.9333333333333333,0.9619047619047619,0.27995255041518385,0.15421115065243185,0.35112692763938314,0.9285714285714286,0.8928571428571428,0.9761904761904762,-0.012261453772187358,0.0634529823867258,0,30
AC DeepSeek v4-pro,predicted_fail_count,sc_judge,0.2,31,169,210,843,logical_bounds_or_census,169.0,169.0,169.0,52.0,46.0,58.0,24.0,20.0,26.0,0.7523809523809524,0.7238095238095238,0.780952380952381,0.7995255041518388,0.7995255041518387,0.7995255041518388,0.9644970414201184,0.9408284023668638,0.9763313609467456,,,,31
AC DeepSeek v4-pro,predicted_fail_count,sc50_then_srs,0.2,31,169,210,843,exact_conditional_SRS,169.0,169.0,169.0,44.0,38.0,49.5,24.0,21.5,26.5,0.7904761904761904,0.7642857142857142,0.819047619047619,0.11387900355871894,0.0919335705812574,0.12692763938315538,0.9349112426035503,0.9112426035502958,0.9556213017751479,-0.005236111204899834,0.021557207571319216,2,31
AC DeepSeek v4-pro,predicted_fail_count,sc_judge,0.5,31,422,210,843,logical_bounds_or_census,422.0,422.0,422.0,147.0,141.0,150.5,9.0,7.0,10.5,0.3,0.2833333333333333,0.32857142857142857,0.4994068801897983,0.4994068801897983,0.49940688018979834,0.9478672985781991,0.943127962085308,0.95260663507109,,,,31
AC DeepSeek v4-pro,predicted_fail_count,sc50_then_srs,0.5,31,422,210,843,exact_conditional_SRS,422.0,422.0,422.0,107.0,100.0,114.0,16.0,12.0,19.0,0.49047619047619045,0.4571428571428572,0.5238095238095238,0.048635824436536135,0.042704626334519546,0.05516014234875449,0.9360189573459715,0.9218009478672986,0.9478672985781991,0.0007555227424858357,0.011972943101185416,10,31
AC DeepSeek v4-pro,predicted_fail_count,sc_judge,0.6,31,506,210,843,logical_bounds_or_census,506.0,506.0,506.0,199.0,195.5,208.5,0.0,0.0,1.0,0.05238095238095238,0.0071428571428571435,0.06904761904761905,0.3997627520759194,0.3997627520759194,0.3997627520759194,0.9209486166007905,0.9150197628458498,0.9258893280632411,,,,31
AC DeepSeek v4-pro,predicted_fail_count,sc50_then_srs,0.6,31,506,210,843,exact_conditional_SRS,506.0,506.0,506.0,129.0,124.0,135.5,12.0,8.5,17.0,0.38571428571428573,0.3547619047619048,0.4095238095238095,0.039145907473309594,0.03677342823250307,0.043890865954922864,0.9347826086956522,0.9239130434782609,0.9426877470355731,0.0008530398392291842,0.00869436713148495,12,30
AC DeepSeek v4-pro,predicted_fail_count,sc_judge,1.0,31,843,210,843,logical_bounds_or_census,518.0,507.5,524.0,210.0,210.0,210.0,0.0,0.0,0.0,0.0,0.0,0.0,0.38552787663107957,0.37841043890865955,0.3979833926453144,0.9213051823416507,0.9146439672755462,0.9248554913294798,,,,31
AC DeepSeek v4-pro,predicted_fail_count,sc50_then_srs,1.0,31,843,210,843,exact_conditional_SRS,843.0,843.0,843.0,210.0,210.0,210.0,0.0,0.0,0.0,0.0,0.0,0.0,0.0,0.0,0.0,0.9228944246737841,0.9228944246737841,0.9228944246737841,0.0,0.0,31,31
AC DeepSeek v4-pro,random,sc_judge,0.006,31,5,210,843,logical_bounds_or_census,5.0,5.0,5.0,2.0,1.0,3.0,30.0,29.0,30.0,0.9904761904761905,0.9857142857142858,0.9952380952380953,0.9940688018979834,0.9940688018979834,0.9940688018979834,1.0,0.6,1.0,,,,31
AC DeepSeek v4-pro,random,sc50_then_srs,0.006,31,5,210,843,exact_conditional_SRS,5.0,5.0,5.0,1.0,0.0,3.0,30.0,28.5,30.0,0.9952380952380953,0.9857142857142858,1.0,0.7046263345195729,0.7046263345195729,0.8932384341637011,1.0,0.6,1.0,-0.019745149810584367,0.1522888230240442,0,31
AC DeepSeek v4-pro,random,sc_judge,0.05,31,42,210,843,logical_bounds_or_census,42.0,42.0,42.0,17.0,13.0,21.5,28.0,25.5,29.0,0.919047619047619,0.8976190476190476,0.9380952380952381,0.9501779359430605,0.9501779359430605,0.9501779359430605,0.9285714285714286,0.8571428571428571,0.9761904761904762,,,,31
AC DeepSeek v4-pro,random,sc50_then_srs,0.05,31,42,210,843,exact_conditional_SRS,42.0,42.0,42.0,13.0,9.0,17.0,28.0,26.0,29.5,0.9380952380952381,0.919047619047619,0.9571428571428572,0.27995255041518396,0.15421115065243185,0.35112692763938314,0.9047619047619048,0.8333333333333334,0.9642857142857142,-0.013600756569416917,0.06402094855338052,0,30
AC DeepSeek v4-pro,random,sc_judge,0.2,31,169,210,843,logical_bounds_or_census,169.0,169.0,169.0,67.0,60.0,76.5,21.0,15.5,24.0,0.680952380952381,0.6357142857142857,0.7142857142857143,0.7995255041518388,0.7995255041518387,0.7995255041518388,0.9230769230769231,0.8875739644970414,0.9556213017751479,,,,31
AC DeepSeek v4-pro,random,sc50_then_srs,0.2,31,169,210,843,exact_conditional_SRS,169.0,169.0,169.0,49.0,43.5,57.5,23.0,20.5,25.0,0.7666666666666667,0.7261904761904762,0.7928571428571428,0.10794780545670224,0.08778173190984573,0.12930011862396207,0.9230769230769231,0.893491124260355,0.9408284023668639,-0.004240750369715134,0.022026009915780482,5,31
AC DeepSeek v4-pro,random,sc_judge,0.5,31,422,210,843,logical_bounds_or_census,422.0,422.0,422.0,172.0,166.0,178.5,6.0,1.5,8.5,0.18095238095238095,0.15,0.20952380952380953,0.49940688018979834,0.49940688018979834,0.4994068801897984,0.9218009478672986,0.9111374407582938,0.933649289099526,,,,31
AC DeepSeek v4-pro,random,sc50_then_srs,0.5,31,422,210,843,exact_conditional_SRS,422.0,422.0,422.0,116.0,108.0,123.0,12.0,9.0,16.0,0.44761904761904764,0.41428571428571426,0.4857142857142857,0.04744958481613282,0.03973902728351125,0.05219454329774614,0.9218009478672986,0.9111374407582938,0.9372037914691943,0.0005493227045102037,0.011279773112310864,10,30
AC DeepSeek v4-pro,random,sc_judge,0.6,31,506,210,843,logical_bounds_or_census,506.0,506.0,506.0,205.0,201.5,209.0,0.0,0.0,1.5,0.023809523809523808,0.004761904761904762,0.04047619047619048,0.3997627520759194,0.3997627520759193,0.3997627520759194,0.9209486166007905,0.9140316205533596,0.9268774703557312,,,,31
AC DeepSeek v4-pro,random,sc50_then_srs,0.6,31,506,210,843,exact_conditional_SRS,506.0,506.0,506.0,135.0,129.0,141.0,9.0,5.5,13.0,0.35714285714285715,0.32857142857142857,0.38571428571428573,0.03558718861209964,0.03202846975088963,0.04033214709371291,0.9209486166007905,0.9130434782608695,0.9328063241106719,0.0011006331400834838,0.007920455591198626,17,31
AC DeepSeek v4-pro,random,sc_judge,1.0,31,843,210,843,logical_bounds_or_census,518.0,507.5,524.0,210.0,210.0,210.0,0.0,0.0,0.0,0.0,0.0,0.0,0.38552787663107957,0.37841043890865955,0.3979833926453144,0.9213051823416507,0.9146439672755462,0.9248554913294798,,,,31
AC DeepSeek v4-pro,random,sc50_then_srs,1.0,31,843,210,843,exact_conditional_SRS,843.0,843.0,843.0,210.0,210.0,210.0,0.0,0.0,0.0,0.0,0.0,0.0,0.0,0.0,0.0,0.9228944246737841,0.9228944246737841,0.9228944246737841,0.0,0.0,31,31
DR GPT-5.4 low,release,random_criterion,0.006,31,10,284,1615,exact_conditional_SRS,10.0,10.0,10.0,6.0,4.0,8.5,10.0,9.5,10.0,0.9788732394366197,0.9700704225352113,0.9859154929577465,0.3071207430340557,0.3071207430340557,0.48482972136222907,1.0,0.8500000000000001,1.0,0.021941476081094632,0.06517927463481055,0,31
DR GPT-5.4 low,release,sc_judge,0.006,31,10,284,1615,logical_bounds_or_census,10.0,10.0,10.0,10.0,9.0,10.0,10.0,10.0,10.0,0.9647887323943662,0.9647887323943662,0.9683098591549296,0.9938080495356038,0.9938080495356038,0.9938080495356038,1.0,0.9,1.0,,,,31
DR GPT-5.4 low,release,sc50_then_srs,0.006,31,10,284,1615,exact_conditional_SRS,10.0,10.0,10.0,8.0,6.0,9.0,10.0,9.5,10.0,0.971830985915493,0.9683098591549296,0.9788732394366197,0.5195046439628483,0.5195046439628483,0.7523219814241486,0.9,0.8,1.0,-0.013442524717866717,0.12303991661482407,0,31
DR GPT-5.4 low,release,random_criterion,0.05,31,81,284,1615,exact_conditional_SRS,81.0,81.0,81.0,44.0,38.0,49.0,9.0,8.0,10.0,0.8450704225352113,0.8274647887323944,0.8661971830985915,0.11455108359133126,0.09349845201238383,0.13746130030959758,0.9382716049382716,0.9012345679012346,0.9629629629629629,0.00788333191542356,0.021057642309534278,8,31
DR GPT-5.4 low,release,sc_judge,0.05,31,81,284,1615,logical_bounds_or_census,81.0,81.0,81.0,76.0,73.5,77.0,10.0,10.0,10.0,0.7323943661971831,0.7288732394366197,0.7411971830985915,0.9498452012383901,0.94984520123839,0.9498452012383901,0.9876543209876543,0.9567901234567902,1.0,,,,31
DR GPT-5.4 low,release,sc50_then_srs,0.05,31,81,284,1615,exact_conditional_SRS,81.0,81.0,81.0,54.0,50.5,59.0,10.0,9.0,10.0,0.8098591549295775,0.7922535211267606,0.8221830985915493,0.17708978328173375,0.12321981424148609,0.22662538699690404,0.9506172839506173,0.9197530864197531,0.9753086419753086,-0.0020831455692964626,0.03946985217327819,3,31
DR GPT-5.4 low,release,random_criterion,0.2,31,323,284,1615,exact_conditional_SRS,323.0,323.0,323.0,131.0,118.5,136.0,7.0,6.0,9.0,0.5387323943661971,0.5211267605633803,0.5827464788732395,0.05448916408668736,0.04643962848297217,0.06037151702786375,0.9226006191950464,0.9024767801857585,0.9458204334365325,0.0017776890042944572,0.014729018263931434,6,29
DR GPT-5.4 low,release,sc_judge,0.2,31,323,284,1615,logical_bounds_or_census,323.0,323.0,323.0,276.0,273.0,280.0,0.0,0.0,1.0,0.028169014084507043,0.014084507042253521,0.03873239436619718,0.8,0.7999999999999999,0.8,0.9473684210526315,0.9396284829721362,0.9566563467492261,,,,31
DR GPT-5.4 low,release,sc50_then_srs,0.2,31,323,284,1615,exact_conditional_SRS,323.0,323.0,323.0,168.0,164.5,177.5,8.0,6.0,8.5,0.4084507042253521,0.375,0.42077464788732394,0.07863777089783275,0.06811145510835914,0.08606811145510834,0.9411764705882353,0.9272445820433437,0.958204334365325,-0.000735093760826925,0.014096921234380212,8,31
DR GPT-5.4 low,release,random_criterion,0.5,31,808,284,1615,exact_conditional_SRS,808.0,808.0,808.0,215.0,204.5,221.5,4.0,2.0,6.5,0.24295774647887325,0.22007042253521125,0.27992957746478875,0.026625386996903977,0.025077399380804943,0.02786377708978327,0.9220297029702971,0.9115099009900991,0.931930693069307,-0.0003117976333736016,0.00645907379180664,19,30
DR GPT-5.4 low,release,sc_judge,0.5,31,808,284,1615,logical_bounds_or_census,337.0,332.0,340.5,284.0,284.0,284.0,0.0,0.0,0.0,0.0,0.0,0.0,0.7913312693498452,0.7891640866873065,0.7944272445820433,0.9492537313432836,0.9383301707779885,0.9580201402625428,,,,31
DR GPT-5.4 low,release,sc50_then_srs,0.5,31,808,284,1615,exact_conditional_SRS,808.0,808.0,808.0,284.0,284.0,284.0,0.0,0.0,0.0,0.0,0.0,0.0,0.03281733746130022,0.030650154798761597,0.034984520123839014,0.9294554455445545,0.9195544554455446,0.9375,-0.0008098847303596786,0.007594361836647294,17,30
DR GPT-5.4 low,release,random_criterion,0.6,31,969,284,1615,exact_conditional_SRS,969.0,969.0,969.0,232.0,222.5,239.0,3.0,1.0,6.5,0.18309859154929578,0.15845070422535212,0.21654929577464788,0.021052631578947434,0.021052631578947323,0.022910216718266263,0.9246646026831785,0.9122807017543859,0.9293085655314757,-0.00041945470887842204,0.004917783068046228,23,29
DR GPT-5.4 low,release,sc_judge,0.6,31,969,284,1615,logical_bounds_or_census,337.0,332.0,340.5,284.0,284.0,284.0,0.0,0.0,0.0,0.0,0.0,0.0,0.7913312693498452,0.7891640866873065,0.7944272445820433,0.9492537313432836,0.9383301707779885,0.9580201402625428,,,,31
DR GPT-5.4 low,release,sc50_then_srs,0.6,31,969,284,1615,exact_conditional_SRS,969.0,969.0,969.0,284.0,284.0,284.0,0.0,0.0,0.0,0.0,0.0,0.0,0.024767801857585092,0.02352941176470591,0.026006191950464386,0.9277605779153767,0.9215686274509804,0.934468524251806,-0.0004848352796461098,0.00518469017391971,20,30
DR GPT-5.4 low,release,random_criterion,1.0,31,1615,284,1615,exact_conditional_SRS,1615.0,1615.0,1615.0,284.0,284.0,284.0,0.0,0.0,0.0,0.0,0.0,0.0,0.0,0.0,0.0,0.923219814241486,0.923219814241486,0.923219814241486,0.0,0.0,31,31
DR GPT-5.4 low,release,sc_judge,1.0,31,1615,284,1615,logical_bounds_or_census,337.0,332.0,340.5,284.0,284.0,284.0,0.0,0.0,0.0,0.0,0.0,0.0,0.7913312693498452,0.7891640866873065,0.7944272445820433,0.9492537313432836,0.9383301707779885,0.9580201402625428,,,,31
DR GPT-5.4 low,release,sc50_then_srs,1.0,31,1615,284,1615,exact_conditional_SRS,1615.0,1615.0,1615.0,284.0,284.0,284.0,0.0,0.0,0.0,0.0,0.0,0.0,0.0,0.0,0.0,0.923219814241486,0.923219814241486,0.923219814241486,0.0,0.0,31,31
DR GPT-5.4 low,predicted_fail_count,sc_judge,0.006,31,10,284,1615,logical_bounds_or_census,10.0,10.0,10.0,4.0,3.0,7.0,9.0,8.0,10.0,0.9859154929577465,0.9753521126760564,0.9894366197183099,0.9938080495356038,0.9938080495356036,0.9938080495356038,0.9,0.8,1.0,,,,31
DR GPT-5.4 low,predicted_fail_count,sc50_then_srs,0.006,31,10,284,1615,exact_conditional_SRS,10.0,10.0,10.0,5.0,2.5,7.0,10.0,8.5,10.0,0.9823943661971831,0.9753521126760564,0.9911971830985915,0.5195046439628483,0.5195046439628483,0.7523219814241486,0.9,0.7,1.0,-0.013562368920403418,0.12325674561360571,0,31
DR GPT-5.4 low,predicted_fail_count,sc_judge,0.05,31,81,284,1615,logical_bounds_or_census,81.0,81.0,81.0,41.0,38.0,44.0,2.0,1.0,2.0,0.8556338028169014,0.8450704225352113,0.8661971830985915,0.94984520123839,0.94984520123839,0.9498452012383901,0.9012345679012346,0.8888888888888888,0.9012345679012346,,,,31
DR GPT-5.4 low,predicted_fail_count,sc50_then_srs,0.05,31,81,284,1615,exact_conditional_SRS,81.0,81.0,81.0,42.0,36.5,47.0,5.0,3.0,8.0,0.852112676056338,0.8345070422535211,0.8714788732394365,0.17708978328173375,0.12321981424148604,0.226625386996904,0.9135802469135802,0.8580246913580247,0.9567901234567902,-0.0034131239145208337,0.03982479971482522,8,31
DR GPT-5.4 low,predicted_fail_count,sc_judge,0.2,31,323,284,1615,logical_bounds_or_census,323.0,323.0,323.0,271.0,267.0,275.0,0.0,0.0,0.0,0.045774647887323945,0.03169014084507042,0.05985915492957746,0.8,0.7999999999999999,0.8,0.9473684210526315,0.9396284829721362,0.9566563467492261,,,,31
DR GPT-5.4 low,predicted_fail_count,sc50_then_srs,0.2,31,323,284,1615,exact_conditional_SRS,323.0,323.0,323.0,186.0,177.5,192.5,0.0,0.0,0.0,0.34507042253521125,0.3221830985915493,0.375,0.07616099071207427,0.06501547987616096,0.08390092879256966,0.9287925696594427,0.9179566563467492,0.9380804953560371,-8.630755326712081e-05,0.013159055092029968,10,31
DR GPT-5.4 low,predicted_fail_count,sc_judge,0.5,31,808,284,1615,logical_bounds_or_census,337.0,332.0,340.5,284.0,284.0,284.0,0.0,0.0,0.0,0.0,0.0,0.0,0.7913312693498452,0.7891640866873065,0.7944272445820433,0.9492537313432836,0.9383301707779885,0.9580201402625428,,,,31
DR GPT-5.4 low,predicted_fail_count,sc50_then_srs,0.5,31,808,284,1615,exact_conditional_SRS,808.0,808.0,808.0,284.0,284.0,284.0,0.0,0.0,0.0,0.0,0.0,0.0,0.03281733746130022,0.030650154798761597,0.034984520123839014,0.9294554455445545,0.9195544554455446,0.9375,-0.0008098847303596786,0.007594361836647294,17,30
DR GPT-5.4 low,predicted_fail_count,sc_judge,0.6,31,969,284,1615,logical_bounds_or_census,337.0,332.0,340.5,284.0,284.0,284.0,0.0,0.0,0.0,0.0,0.0,0.0,0.7913312693498452,0.7891640866873065,0.7944272445820433,0.9492537313432836,0.9383301707779885,0.9580201402625428,,,,31
DR GPT-5.4 low,predicted_fail_count,sc50_then_srs,0.6,31,969,284,1615,exact_conditional_SRS,969.0,969.0,969.0,284.0,284.0,284.0,0.0,0.0,0.0,0.0,0.0,0.0,0.024767801857585092,0.02352941176470591,0.026006191950464386,0.9277605779153767,0.9215686274509804,0.934468524251806,-0.0004848352796461098,0.00518469017391971,20,30
DR GPT-5.4 low,predicted_fail_count,sc_judge,1.0,31,1615,284,1615,logical_bounds_or_census,337.0,332.0,340.5,284.0,284.0,284.0,0.0,0.0,0.0,0.0,0.0,0.0,0.7913312693498452,0.7891640866873065,0.7944272445820433,0.9492537313432836,0.9383301707779885,0.9580201402625428,,,,31
DR GPT-5.4 low,predicted_fail_count,sc50_then_srs,1.0,31,1615,284,1615,exact_conditional_SRS,1615.0,1615.0,1615.0,284.0,284.0,284.0,0.0,0.0,0.0,0.0,0.0,0.0,0.0,0.0,0.0,0.923219814241486,0.923219814241486,0.923219814241486,0.0,0.0,31,31
DR GPT-5.4 low,random,sc_judge,0.006,31,10,284,1615,logical_bounds_or_census,10.0,10.0,10.0,9.0,5.5,10.0,10.0,9.0,10.0,0.9683098591549296,0.9647887323943662,0.9806338028169015,0.9938080495356038,0.9938080495356038,0.9938080495356038,1.0,0.9,1.0,,,,31
DR GPT-5.4 low,random,sc50_then_srs,0.006,31,10,284,1615,exact_conditional_SRS,10.0,10.0,10.0,7.0,4.5,9.0,10.0,9.0,10.0,0.9753521126760564,0.9683098591549296,0.9841549295774648,0.5195046439628483,0.5195046439628483,0.7523219814241486,0.9,0.8,1.0,-0.013442524717866717,0.12310463369141193,0,31
DR GPT-5.4 low,random,sc_judge,0.05,31,81,284,1615,logical_bounds_or_census,81.0,81.0,81.0,69.0,63.0,75.0,8.0,5.0,9.0,0.7570422535211268,0.7359154929577465,0.778169014084507,0.9498452012383901,0.94984520123839,0.9498452012383901,0.9506172839506173,0.9074074074074074,0.9753086419753086,,,,31
DR GPT-5.4 low,random,sc50_then_srs,0.05,31,81,284,1615,exact_conditional_SRS,81.0,81.0,81.0,57.0,50.0,60.0,9.0,7.0,10.0,0.7992957746478874,0.7887323943661971,0.823943661971831,0.17708978328173375,0.12321981424148609,0.226625386996904,0.9382716049382716,0.9012345679012346,0.9629629629629629,-0.0019949675178365153,0.03842921579896347,7,31
DR GPT-5.4 low,random,sc_judge,0.2,31,323,284,1615,logical_bounds_or_census,323.0,323.0,323.0,273.0,268.5,278.0,0.0,0.0,1.0,0.03873239436619718,0.02112676056338028,0.05457746478873239,0.8,0.7999999999999999,0.8,0.9473684210526315,0.936532507739938,0.9566563467492261,,,,31
DR GPT-5.4 low,random,sc50_then_srs,0.2,31,323,284,1615,exact_conditional_SRS,323.0,323.0,323.0,180.0,169.0,188.5,4.0,2.0,7.0,0.36619718309859156,0.3362676056338028,0.40492957746478875,0.07616099071207427,0.06656346749226005,0.0848297213622291,0.9318885448916409,0.9164086687306502,0.9504643962848297,-0.001457118092159154,0.013276410333877279,9,31
DR GPT-5.4 low,random,sc_judge,0.5,31,808,284,1615,logical_bounds_or_census,337.0,332.0,340.5,284.0,284.0,284.0,0.0,0.0,0.0,0.0,0.0,0.0,0.7913312693498452,0.7891640866873065,0.7944272445820433,0.9492537313432836,0.9383301707779885,0.9580201402625428,,,,31
DR GPT-5.4 low,random,sc50_then_srs,0.5,31,808,284,1615,exact_conditional_SRS,808.0,808.0,808.0,284.0,284.0,284.0,0.0,0.0,0.0,0.0,0.0,0.0,0.03281733746130022,0.030650154798761597,0.034984520123839014,0.9294554455445545,0.9195544554455446,0.9375,-0.0008098847303596786,0.007594361836647294,17,30
DR GPT-5.4 low,random,sc_judge,0.6,31,969,284,1615,logical_bounds_or_census,337.0,332.0,340.5,284.0,284.0,284.0,0.0,0.0,0.0,0.0,0.0,0.0,0.7913312693498452,0.7891640866873065,0.7944272445820433,0.9492537313432836,0.9383301707779885,0.9580201402625428,,,,31
DR GPT-5.4 low,random,sc50_then_srs,0.6,31,969,284,1615,exact_conditional_SRS,969.0,969.0,969.0,284.0,284.0,284.0,0.0,0.0,0.0,0.0,0.0,0.0,0.024767801857585092,0.02352941176470591,0.026006191950464386,0.9277605779153767,0.9215686274509804,0.934468524251806,-0.0004848352796461098,0.00518469017391971,20,30
DR GPT-5.4 low,random,sc_judge,1.0,31,1615,284,1615,logical_bounds_or_census,337.0,332.0,340.5,284.0,284.0,284.0,0.0,0.0,0.0,0.0,0.0,0.0,0.7913312693498452,0.7891640866873065,0.7944272445820433,0.9492537313432836,0.9383301707779885,0.9580201402625428,,,,31
DR GPT-5.4 low,random,sc50_then_srs,1.0,31,1615,284,1615,exact_conditional_SRS,1615.0,1615.0,1615.0,284.0,284.0,284.0,0.0,0.0,0.0,0.0,0.0,0.0,0.0,0.0,0.0,0.923219814241486,0.923219814241486,0.923219814241486,0.0,0.0,31,31
JB GPT-5.4,release,random_criterion,0.006,31,141,1539,23487,exact_conditional_SRS,141.0,141.0,141.0,44.0,36.5,53.5,243.0,241.0,245.0,0.9714100064977258,0.9652371669915529,0.9762833008447043,0.14676203857453063,0.13562821986630902,0.15519223400178817,0.7588652482269503,0.7092198581560284,0.8085106382978724,0.002382106031640187,0.03481106656193615,3,30
JB GPT-5.4,release,sc_judge,0.006,31,141,1539,23487,logical_bounds_or_census,141.0,141.0,141.0,62.0,55.5,65.0,240.0,240.0,241.0,0.9597141000649773,0.9577647823261858,0.9639376218323586,0.9939966790139226,0.9939966790139225,0.9939966790139226,0.7304964539007093,0.6914893617021276,0.7730496453900709,,,,31
JB GPT-5.4,release,sc50_then_srs,0.006,31,141,1539,23487,exact_conditional_SRS,141.0,141.0,141.0,64.0,56.0,73.0,242.0,241.0,244.0,0.958414554905783,0.9525666016894087,0.9636127355425601,0.20441095073870652,0.18795503895772125,0.22161195554987867,0.7304964539007093,0.6879432624113475,0.7765957446808511,0.009744600080081415,0.04415446463960714,3,31
JB GPT-5.4,release,random_criterion,0.05,31,1174,1539,23487,exact_conditional_SRS,1174.0,1174.0,1174.0,309.0,284.0,320.5,240.0,235.5,245.5,0.7992202729044834,0.7917478882391162,0.815464587394412,0.048580065568186614,0.047685953931962344,0.049559330693575154,0.7572402044293015,0.74190800681431,0.770442930153322,-0.0022630755254476028,0.010207257249493559,13,30
JB GPT-5.4,release,sc_judge,0.05,31,1174,1539,23487,logical_bounds_or_census,1174.0,1174.0,1174.0,361.0,357.5,369.5,183.0,180.5,184.0,0.7654320987654321,0.7599090318388564,0.7677063027940221,0.9500149018606038,0.9500149018606037,0.9500149018606038,0.7444633730834753,0.7325383304940374,0.7538330494037478,,,,31
JB GPT-5.4,release,sc50_then_srs,0.05,31,1174,1539,23487,exact_conditional_SRS,1174.0,1174.0,1174.0,346.0,332.0,357.5,213.0,208.0,216.5,0.7751786874593892,0.7677063027940221,0.7842755035737492,0.06850598203261382,0.06546174479499295,0.07040064716651762,0.7436115843270868,0.729557069846678,0.756388415672913,-0.0011610088860172158,0.016640103005918793,2,30
JB GPT-5.4,release,random_criterion,0.2,31,4697,1539,23487,exact_conditional_SRS,4697.0,4697.0,4697.0,798.0,777.0,816.0,223.0,213.5,230.5,0.48148148148148145,0.4697855750487329,0.4951267056530214,0.022097330438114682,0.021884446715204176,0.022352790905607378,0.7579305939961678,0.7489887162018309,0.7644241004896742,-0.001943488750428161,0.004994780023173089,20,30
JB GPT-5.4,release,sc_judge,0.2,31,4697,1539,23487,logical_bounds_or_census,4697.0,4697.0,4697.0,1512.0,1487.5,1513.5,15.0,13.0,22.0,0.017543859649122806,0.016569200779727095,0.03346328784925276,0.8000170306978328,0.8000170306978328,0.8000170306978329,0.6953374494358101,0.6862891207153502,0.7024696614860549,,,,31
JB GPT-5.4,release,sc50_then_srs,0.2,31,4697,1539,23487,exact_conditional_SRS,4697.0,4697.0,4697.0,1035.0,1014.0,1057.0,133.0,124.5,139.5,0.32748538011695905,0.31319038336582194,0.341130604288499,0.029463107250819576,0.02899476306041643,0.02982500957976758,0.7445177773046625,0.7375984671066638,0.7505854800936769,0.0012781302624598773,0.005647067717409158,17,31
JB GPT-5.4,release,random_criterion,0.5,31,11744,1539,23487,exact_conditional_SRS,11744.0,11744.0,11744.0,1145.0,1130.5,1162.0,169.0,159.5,178.0,0.25601039636127354,0.24496426250812214,0.26543209876543206,0.010984800102184167,0.010920934985311048,0.011048665219057341,0.7591110354223434,0.7544277929155313,0.7628576294277929,-0.0004333524926813292,0.0028080435413003935,28,30
JB GPT-5.4,release,sc_judge,0.5,31,11744,1539,23487,logical_bounds_or_census,5027.0,4967.5,5132.5,1539.0,1539.0,1539.0,0.0,0.0,0.0,0.0,0.0,0.0,0.7859667049857368,0.7814748584323242,0.7885000212883723,0.6907458024209293,0.6816517357404492,0.6970796510336411,,,,31
JB GPT-5.4,release,sc50_then_srs,0.5,31,11744,1539,23487,exact_conditional_SRS,11744.0,11744.0,11744.0,1539.0,1539.0,1539.0,0.0,0.0,0.0,0.0,0.0,0.0,0.012560139651722202,0.012389832673393775,0.012645293140886471,0.7408889645776566,0.7366740463215259,0.7442523841961852,0.0005099472019839402,0.0031920569721025195,29,30
JB GPT-5.4,release,random_criterion,0.6,31,14092,1539,23487,exact_conditional_SRS,14092.0,14092.0,14092.0,1207.0,1190.5,1215.5,146.0,134.0,158.5,0.2157244964262508,0.2102014294996751,0.22644574398960363,0.008983693106825008,0.00889853961766085,0.009026269851407087,0.7592960544990065,0.7552157252341754,0.7619926199261993,-0.0003032898630241025,0.0023112662983632713,30,30
JB GPT-5.4,release,sc_judge,0.6,31,14092,1539,23487,logical_bounds_or_census,5027.0,4967.5,5132.5,1539.0,1539.0,1539.0,0.0,0.0,0.0,0.0,0.0,0.0,0.7859667049857368,0.7814748584323242,0.7885000212883723,0.6907458024209293,0.6816517357404492,0.6970796510336411,,,,31
JB GPT-5.4,release,sc50_then_srs,0.6,31,14092,1539,23487,exact_conditional_SRS,14092.0,14092.0,14092.0,1539.0,1539.0,1539.0,0.0,0.0,0.0,0.0,0.0,0.0,0.009622344275556749,0.00953719078639248,0.009686209392429868,0.7474453590689754,0.7431166619358501,0.7503902923644621,0.0006094526979971023,0.0023833367370745206,30,30
JB GPT-5.4,release,random_criterion,1.0,31,23487,1539,23487,exact_conditional_SRS,23487.0,23487.0,23487.0,1539.0,1539.0,1539.0,0.0,0.0,0.0,0.0,0.0,0.0,0.0,0.0,0.0,0.7592285093881722,0.7592285093881722,0.7592285093881722,0.0,0.0,31,31
JB GPT-5.4,release,sc_judge,1.0,31,23487,1539,23487,logical_bounds_or_census,5027.0,4967.5,5132.5,1539.0,1539.0,1539.0,0.0,0.0,0.0,0.0,0.0,0.0,0.7859667049857368,0.7814748584323242,0.7885000212883723,0.6907458024209293,0.6816517357404492,0.6970796510336411,,,,31
JB GPT-5.4,release,sc50_then_srs,1.0,31,23487,1539,23487,exact_conditional_SRS,23487.0,23487.0,23487.0,1539.0,1539.0,1539.0,0.0,0.0,0.0,0.0,0.0,0.0,0.0,0.0,0.0,0.7592285093881722,0.7592285093881722,0.7592285093881722,0.0,0.0,31,31
JB GPT-5.4,predicted_fail_count,sc_judge,0.006,31,141,1539,23487,logical_bounds_or_census,141.0,141.0,141.0,21.0,17.0,24.0,228.0,224.0,232.0,0.98635477582846,0.9844054580896686,0.9889538661468485,0.9939966790139226,0.9939966790139225,0.9939966790139226,0.8865248226950354,0.8581560283687943,0.9148936170212766,,,,31
JB GPT-5.4,predicted_fail_count,sc50_then_srs,0.006,31,141,1539,23487,exact_conditional_SRS,141.0,141.0,141.0,30.0,25.0,41.5,235.0,231.5,238.5,0.9805068226120858,0.9730344379467186,0.9837556855100715,0.20441095073870652,0.1879550389577213,0.22161195554987867,0.8226950354609929,0.7943262411347518,0.8581560283687943,0.008955624566893805,0.044123343821403795,3,31
JB GPT-5.4,predicted_fail_count,sc_judge,0.05,31,1174,1539,23487,logical_bounds_or_census,1174.0,1174.0,1174.0,186.0,169.0,198.0,151.0,142.0,160.5,0.8791423001949318,0.8713450292397661,0.8901884340480831,0.9500149018606038,0.9500149018606037,0.9500149018606038,0.8143100511073254,0.798977853492334,0.82793867120954,,,,31
JB GPT-5.4,predicted_fail_count,sc50_then_srs,0.05,31,1174,1539,23487,exact_conditional_SRS,1174.0,1174.0,1174.0,257.0,245.0,270.5,193.0,186.5,200.0,0.8330084470435347,0.8242365172189734,0.8408057179987005,0.06850598203261382,0.0658236471239409,0.07054966577255506,0.793015332197615,0.776831345826235,0.8066439522998297,-0.0010436461609395378,0.01631963869641571,4,31
JB GPT-5.4,predicted_fail_count,sc_judge,0.2,31,4697,1539,23487,logical_bounds_or_census,4697.0,4697.0,4697.0,1424.0,1384.5,1437.0,6.0,5.0,7.0,0.07472384665367121,0.06627680311890838,0.10038986354775828,0.8000170306978328,0.8000170306978328,0.8000170306978329,0.7002341920374707,0.6928890781349798,0.7096018735362997,,,,31
JB GPT-5.4,predicted_fail_count,sc50_then_srs,0.2,31,4697,1539,23487,exact_conditional_SRS,4697.0,4697.0,4697.0,935.0,909.0,961.5,73.0,68.5,78.0,0.39246263807667314,0.37524366471734893,0.4093567251461988,0.029633414229148003,0.02925022352790907,0.030101758419551206,0.7687885884607196,0.76218863104109,0.7775175644028103,0.0017194850334819743,0.006302829235582237,16,31
JB GPT-5.4,predicted_fail_count,sc_judge,0.5,31,11744,1539,23487,logical_bounds_or_census,5027.0,4967.5,5132.5,1539.0,1539.0,1539.0,0.0,0.0,0.0,0.0,0.0,0.0,0.7859667049857368,0.7814748584323242,0.7885000212883723,0.6907458024209293,0.6816517357404492,0.6970796510336411,,,,31
JB GPT-5.4,predicted_fail_count,sc50_then_srs,0.5,31,11744,1539,23487,exact_conditional_SRS,11744.0,11744.0,11744.0,1539.0,1539.0,1539.0,0.0,0.0,0.0,0.0,0.0,0.0,0.012560139651722202,0.012389832673393775,0.012645293140886471,0.7408889645776566,0.7366740463215259,0.7442523841961852,0.0005099472019839402,0.0031920569721025195,29,30
JB GPT-5.4,predicted_fail_count,sc_judge,0.6,31,14092,1539,23487,logical_bounds_or_census,5027.0,4967.5,5132.5,1539.0,1539.0,1539.0,0.0,0.0,0.0,0.0,0.0,0.0,0.7859667049857368,0.7814748584323242,0.7885000212883723,0.6907458024209293,0.6816517357404492,0.6970796510336411,,,,31
JB GPT-5.4,predicted_fail_count,sc50_then_srs,0.6,31,14092,1539,23487,exact_conditional_SRS,14092.0,14092.0,14092.0,1539.0,1539.0,1539.0,0.0,0.0,0.0,0.0,0.0,0.0,0.009622344275556749,0.00953719078639248,0.009686209392429868,0.7474453590689754,0.7431166619358501,0.7503902923644621,0.0006094526979971023,0.0023833367370745206,30,30
JB GPT-5.4,predicted_fail_count,sc_judge,1.0,31,23487,1539,23487,logical_bounds_or_census,5027.0,4967.5,5132.5,1539.0,1539.0,1539.0,0.0,0.0,0.0,0.0,0.0,0.0,0.7859667049857368,0.7814748584323242,0.7885000212883723,0.6907458024209293,0.6816517357404492,0.6970796510336411,,,,31
JB GPT-5.4,predicted_fail_count,sc50_then_srs,1.0,31,23487,1539,23487,exact_conditional_SRS,23487.0,23487.0,23487.0,1539.0,1539.0,1539.0,0.0,0.0,0.0,0.0,0.0,0.0,0.0,0.0,0.0,0.7592285093881722,0.7592285093881722,0.7592285093881722,0.0,0.0,31,31
JB GPT-5.4,random,sc_judge,0.006,31,141,1539,23487,logical_bounds_or_census,141.0,141.0,141.0,41.0,30.0,57.5,238.0,234.5,241.0,0.9733593242365172,0.9626380766731644,0.9805068226120858,0.9939966790139226,0.9939966790139225,0.9939966790139226,0.6595744680851063,0.524822695035461,0.7553191489361701,,,,31
JB GPT-5.4,random,sc50_then_srs,0.006,31,141,1539,23487,exact_conditional_SRS,141.0,141.0,141.0,44.0,32.5,50.5,240.0,237.5,244.0,0.9714100064977258,0.9671864847303444,0.9788823911630928,0.20441095073870652,0.1879550389577213,0.22161195554987867,0.723404255319149,0.6099290780141844,0.7907801418439717,0.009622363619829535,0.043789008613497514,3,31
JB GPT-5.4,random,sc_judge,0.05,31,1174,1539,23487,logical_bounds_or_census,1174.0,1174.0,1174.0,353.0,317.0,371.0,188.0,180.5,195.5,0.7706302794022092,0.7589343729694606,0.7940220922677064,0.9500149018606038,0.9500149018606037,0.9500149018606038,0.6899488926746167,0.6673764906303237,0.711243611584327,,,,31
JB GPT-5.4,random,sc50_then_srs,0.05,31,1174,1539,23487,exact_conditional_SRS,1174.0,1174.0,1174.0,327.0,300.5,347.5,216.0,206.5,221.0,0.7875243664717348,0.7742040285899935,0.8047433398310591,0.06820794482053905,0.06563205177332138,0.0699748797206966,0.7265758091993185,0.7031516183986372,0.7431856899488927,-0.0007306952724364495,0.01652002730105529,4,30
JB GPT-5.4,random,sc_judge,0.2,31,4697,1539,23487,logical_bounds_or_census,4697.0,4697.0,4697.0,1439.0,1404.5,1459.0,17.0,10.5,23.0,0.0649772579597141,0.05198180636777128,0.08739441195581546,0.8000170306978328,0.8000170306978328,0.8000170306978329,0.6898020012774111,0.6796891632957207,0.6976793698105174,,,,31
JB GPT-5.4,random,sc50_then_srs,0.2,31,4697,1539,23487,exact_conditional_SRS,4697.0,4697.0,4697.0,1016.0,984.0,1051.0,127.0,115.5,132.0,0.3398310591293047,0.3170890188434048,0.36062378167641324,0.02925022352790907,0.028781879337505867,0.02973985609060331,0.7313178624654034,0.7177985948477752,0.7400468384074941,0.0019067837691031661,0.006293401140443921,16,31
JB GPT-5.4,random,sc_judge,0.5,31,11744,1539,23487,logical_bounds_or_census,5027.0,4967.5,5132.5,1539.0,1539.0,1539.0,0.0,0.0,0.0,0.0,0.0,0.0,0.7859667049857368,0.7814748584323242,0.7885000212883723,0.6907458024209293,0.6816517357404492,0.6970796510336411,,,,31
JB GPT-5.4,random,sc50_then_srs,0.5,31,11744,1539,23487,exact_conditional_SRS,11744.0,11744.0,11744.0,1539.0,1539.0,1539.0,0.0,0.0,0.0,0.0,0.0,0.0,0.012560139651722202,0.012389832673393775,0.012645293140886471,0.7408889645776566,0.7366740463215259,0.7442523841961852,0.0005099472019839402,0.0031920569721025195,29,30
JB GPT-5.4,random,sc_judge,0.6,31,14092,1539,23487,logical_bounds_or_census,5027.0,4967.5,5132.5,1539.0,1539.0,1539.0,0.0,0.0,0.0,0.0,0.0,0.0,0.7859667049857368,0.7814748584323242,0.7885000212883723,0.6907458024209293,0.6816517357404492,0.6970796510336411,,,,31
JB GPT-5.4,random,sc50_then_srs,0.6,31,14092,1539,23487,exact_conditional_SRS,14092.0,14092.0,14092.0,1539.0,1539.0,1539.0,0.0,0.0,0.0,0.0,0.0,0.0,0.009622344275556749,0.00953719078639248,0.009686209392429868,0.7474453590689754,0.7431166619358501,0.7503902923644621,0.0006094526979971023,0.0023833367370745206,30,30
JB GPT-5.4,random,sc_judge,1.0,31,23487,1539,23487,logical_bounds_or_census,5027.0,4967.5,5132.5,1539.0,1539.0,1539.0,0.0,0.0,0.0,0.0,0.0,0.0,0.7859667049857368,0.7814748584323242,0.7885000212883723,0.6907458024209293,0.6816517357404492,0.6970796510336411,,,,31
JB GPT-5.4,random,sc50_then_srs,1.0,31,23487,1539,23487,exact_conditional_SRS,23487.0,23487.0,23487.0,1539.0,1539.0,1539.0,0.0,0.0,0.0,0.0,0.0,0.0,0.0,0.0,0.0,0.7592285093881722,0.7592285093881722,0.7592285093881722,0.0,0.0,31,31
JB GPT-5.4-mini,release,random_criterion,0.006,31,141,1539,23487,exact_conditional_SRS,141.0,141.0,141.0,44.0,36.5,53.5,259.0,256.0,262.0,0.9714100064977258,0.9652371669915529,0.9762833008447043,0.1591518712479244,0.1467194618299485,0.16613445735939025,0.6808510638297872,0.6099290780141844,0.7588652482269503,-0.0007645988483122375,0.047583707983927546,3,28
JB GPT-5.4-mini,release,sc_judge,0.006,31,141,1539,23487,logical_bounds_or_census,141.0,141.0,141.0,55.0,54.5,57.5,254.0,254.0,255.0,0.9642625081221572,0.9626380766731644,0.9645873944119558,0.9939966790139226,0.9939966790139225,0.9939966790139226,0.6879432624113475,0.6595744680851063,0.7304964539007093,,,,31
JB GPT-5.4-mini,release,sc50_then_srs,0.006,31,141,1539,23487,exact_conditional_SRS,141.0,141.0,141.0,53.0,44.0,64.5,256.0,254.0,257.5,0.9655620532813515,0.9580896686159843,0.9714100064977258,0.22429429045855154,0.20639076936177458,0.23532166730531784,0.6524822695035462,0.6134751773049645,0.7163120567375887,0.0040827248543941685,0.04957920056112991,3,31
JB GPT-5.4-mini,release,random_criterion,0.05,31,1174,1539,23487,exact_conditional_SRS,1174.0,1174.0,1174.0,309.0,284.0,320.5,254.0,248.5,260.0,0.7992202729044834,0.7917478882391162,0.815464587394412,0.052922893515561786,0.05211393536850173,0.053689274918039764,0.676320272572402,0.6575809199318569,0.694633730834753,-0.0031085281921328163,0.013287956829833124,11,30
JB GPT-5.4-mini,release,sc_judge,0.05,31,1174,1539,23487,logical_bounds_or_census,1174.0,1174.0,1174.0,321.0,313.0,342.0,197.0,196.0,199.0,0.7914230019493177,0.7777777777777777,0.7966211825860949,0.9500149018606037,0.9500149018606037,0.9500149018606038,0.6524701873935264,0.639267461669506,0.6712095400340715,,,,31
JB GPT-5.4-mini,release,sc50_then_srs,0.05,31,1174,1539,23487,exact_conditional_SRS,1174.0,1174.0,1174.0,333.0,322.0,346.5,232.0,227.0,237.0,0.783625730994152,0.7748538011695907,0.7907732293697206,0.0739983820837059,0.0725933495124963,0.07557372163324388,0.6609880749574105,0.6422487223168654,0.676320272572402,-0.0011724784250589076,0.016228450362287407,4,31
JB GPT-5.4-mini,release,random_criterion,0.2,31,4697,1539,23487,exact_conditional_SRS,4697.0,4697.0,4697.0,798.0,777.0,816.0,237.0,227.5,246.0,0.48148148148148145,0.4697855750487329,0.4951267056530214,0.02405586068889176,0.02388555371056328,0.024311321156384458,0.6787311049606132,0.6657440919736002,0.6873536299765808,-0.0014530837903160745,0.0071829777572656305,16,26
JB GPT-5.4-mini,release,sc_judge,0.2,31,4697,1539,23487,logical_bounds_or_census,4697.0,4697.0,4697.0,1328.0,1295.5,1361.0,39.0,37.0,48.5,0.13710201429499674,0.11565951916829109,0.15821962313190382,0.8000170306978328,0.8000170306978328,0.8000170306978329,0.6463700234192038,0.6395571641473281,0.6562699595486481,,,,31
JB GPT-5.4-mini,release,sc50_then_srs,0.2,31,4697,1539,23487,exact_conditional_SRS,4697.0,4697.0,4697.0,971.0,950.0,992.5,145.0,137.5,152.5,0.36907082521117607,0.3551007147498375,0.38271604938271603,0.0322731723932389,0.03195384680887298,0.0326137863498957,0.6719182456887375,0.6641473280817544,0.6833084947839045,0.00029635388152018667,0.008044637314880167,16,29
JB GPT-5.4-mini,release,random_criterion,0.5,31,11744,1539,23487,exact_conditional_SRS,11744.0,11744.0,11744.0,1145.0,1130.5,1162.0,187.0,176.0,199.0,0.25601039636127354,0.24496426250812214,0.26543209876543206,0.011964065227572762,0.011942776855281612,0.01204921871673692,0.6787295640326976,0.6725136239782016,0.6841791553133515,-0.000388739440536061,0.003530533844424577,26,27
JB GPT-5.4-mini,release,sc_judge,0.5,31,11744,1539,23487,logical_bounds_or_census,5745.0,5655.5,5869.0,1539.0,1539.0,1539.0,0.0,0.0,0.0,0.0,0.0,0.0,0.7553966023757823,0.7501170860476007,0.7592072210158811,0.6589925566903237,0.6523913871951219,0.6658095545851777,,,,31
JB GPT-5.4-mini,release,sc50_then_srs,0.5,31,11744,1539,23487,exact_conditional_SRS,11744.0,11744.0,11744.0,1539.0,1538.0,1539.0,0.0,0.0,0.0,0.0,0.0,0.000649772579597141,0.014518669902499282,0.014348362924170854,0.01464640013624563,0.6725987738419619,0.6690224795640327,0.6769414168937329,0.00019249098824596571,0.0034913672312872415,26,29
JB GPT-5.4-mini,release,random_criterion,0.6,31,14092,1539,23487,exact_conditional_SRS,14092.0,14092.0,14092.0,1207.0,1190.5,1215.5,161.0,149.0,172.0,0.2157244964262508,0.2102014294996751,0.22644574398960363,0.009792651253885176,0.009728786137011947,0.009835227998467144,0.6788958274198127,0.6733607720692592,0.6829051944365598,-0.0005511925909193202,0.0029558695313081163,28,28
JB GPT-5.4-mini,release,sc_judge,0.6,31,14092,1539,23487,logical_bounds_or_census,5745.0,5655.5,5869.0,1539.0,1539.0,1539.0,0.0,0.0,0.0,0.0,0.0,0.0,0.7553966023757823,0.7501170860476007,0.7592072210158811,0.6589925566903237,0.6523913871951219,0.6658095545851777,,,,31
JB GPT-5.4-mini,release,sc50_then_srs,0.6,31,14092,1539,23487,exact_conditional_SRS,14092.0,14092.0,14092.0,1539.0,1539.0,1539.0,0.0,0.0,0.0,0.0,0.0,0.0,0.010984800102184167,0.010899646613019953,0.011069953591348436,0.6751348282713596,0.6707706500141924,0.6786119784274767,0.00020939422109563538,0.0027572574355217653,30,30
JB GPT-5.4-mini,release,random_criterion,1.0,31,23487,1539,23487,exact_conditional_SRS,23487.0,23487.0,23487.0,1539.0,1539.0,1539.0,0.0,0.0,0.0,0.0,0.0,0.0,0.0,0.0,0.0,0.6790990760846426,0.6790990760846426,0.6790990760846426,0.0,0.0,31,31
JB GPT-5.4-mini,release,sc_judge,1.0,31,23487,1539,23487,logical_bounds_or_census,5745.0,5655.5,5869.0,1539.0,1539.0,1539.0,0.0,0.0,0.0,0.0,0.0,0.0,0.7553966023757823,0.7501170860476007,0.7592072210158811,0.6589925566903237,0.6523913871951219,0.6658095545851777,,,,31
JB GPT-5.4-mini,release,sc50_then_srs,1.0,31,23487,1539,23487,exact_conditional_SRS,23487.0,23487.0,23487.0,1539.0,1539.0,1539.0,0.0,0.0,0.0,0.0,0.0,0.0,0.0,0.0,0.0,0.6790990760846426,0.6790990760846426,0.6790990760846426,0.0,0.0,31,31
JB GPT-5.4-mini,predicted_fail_count,sc_judge,0.006,31,141,1539,23487,logical_bounds_or_census,141.0,141.0,141.0,25.0,19.5,31.5,236.0,229.0,243.0,0.9837556855100714,0.97953216374269,0.9873294346978557,0.9939966790139226,0.9939966790139225,0.9939966790139226,0.8368794326241135,0.7872340425531915,0.8865248226950355,,,,31
JB GPT-5.4-mini,predicted_fail_count,sc50_then_srs,0.006,31,141,1539,23487,exact_conditional_SRS,141.0,141.0,141.0,32.0,26.0,42.0,248.0,241.5,253.5,0.9792072774528915,0.9727095516569201,0.9831059129304743,0.22429429045855154,0.20639076936177458,0.23532166730531787,0.7659574468085106,0.7056737588652482,0.8156028368794326,0.004268391185379662,0.05099401004155939,2,31
JB GPT-5.4-mini,predicted_fail_count,sc_judge,0.05,31,1174,1539,23487,logical_bounds_or_census,1174.0,1174.0,1174.0,205.0,190.0,217.5,180.0,177.0,186.5,0.866796621182586,0.8586744639376218,0.8765432098765431,0.9500149018606038,0.9500149018606037,0.9500149018606038,0.7649063032367973,0.7474446337308347,0.7789608177172062,,,,31
JB GPT-5.4-mini,predicted_fail_count,sc50_then_srs,0.05,31,1174,1539,23487,exact_conditional_SRS,1174.0,1174.0,1174.0,265.0,255.5,279.0,210.0,204.5,213.5,0.8278102664067576,0.8187134502923976,0.8339831059129305,0.07421126580661641,0.07272107974624265,0.07574402861157231,0.727427597955707,0.7082623509369677,0.7482964224872232,-0.0005608234908158151,0.017307672732172128,5,31
JB GPT-5.4-mini,predicted_fail_count,sc_judge,0.2,31,4697,1539,23487,logical_bounds_or_census,4697.0,4697.0,4697.0,1041.0,995.5,1078.0,9.0,7.0,12.0,0.3235867446393762,0.299545159194282,0.35315139701104614,0.8000170306978328,0.8000170306978328,0.8000170306978329,0.667447306791569,0.6595699382584628,0.6748988716201831,,,,31
JB GPT-5.4-mini,predicted_fail_count,sc50_then_srs,0.2,31,4697,1539,23487,exact_conditional_SRS,4697.0,4697.0,4697.0,866.0,847.5,899.0,126.0,118.0,130.5,0.43729694606887587,0.4158544509421702,0.449317738791423,0.03257120960531357,0.03212415378720146,0.03282667007280626,0.706408345752608,0.6949116457313178,0.7191824568873749,0.0006815951003884832,0.008264295603711658,16,30
JB GPT-5.4-mini,predicted_fail_count,sc_judge,0.5,31,11744,1539,23487,logical_bounds_or_census,5745.0,5655.5,5869.0,1539.0,1539.0,1539.0,0.0,0.0,0.0,0.0,0.0,0.0,0.7553966023757823,0.7501170860476007,0.7592072210158811,0.6589925566903237,0.6523913871951219,0.6658095545851777,,,,31
JB GPT-5.4-mini,predicted_fail_count,sc50_then_srs,0.5,31,11744,1539,23487,exact_conditional_SRS,11744.0,11744.0,11744.0,1539.0,1539.0,1539.0,0.0,0.0,0.0,0.0,0.0,0.0,0.014518669902499282,0.014348362924170854,0.014646400136245574,0.6725987738419619,0.6690224795640327,0.6771117166212535,0.00018837229540434193,0.003490606897170663,26,29
JB GPT-5.4-mini,predicted_fail_count,sc_judge,0.6,31,14092,1539,23487,logical_bounds_or_census,5745.0,5655.5,5869.0,1539.0,1539.0,1539.0,0.0,0.0,0.0,0.0,0.0,0.0,0.7553966023757823,0.7501170860476007,0.7592072210158811,0.6589925566903237,0.6523913871951219,0.6658095545851777,,,,31
JB GPT-5.4-mini,predicted_fail_count,sc50_then_srs,0.6,31,14092,1539,23487,exact_conditional_SRS,14092.0,14092.0,14092.0,1539.0,1539.0,1539.0,0.0,0.0,0.0,0.0,0.0,0.0,0.010984800102184167,0.010899646613019953,0.011069953591348436,0.6751348282713596,0.6707706500141924,0.6786119784274767,0.00020939422109563538,0.0027572574355217653,30,30
JB GPT-5.4-mini,predicted_fail_count,sc_judge,1.0,31,23487,1539,23487,logical_bounds_or_census,5745.0,5655.5,5869.0,1539.0,1539.0,1539.0,0.0,0.0,0.0,0.0,0.0,0.0,0.7553966023757823,0.7501170860476007,0.7592072210158811,0.6589925566903237,0.6523913871951219,0.6658095545851777,,,,31
JB GPT-5.4-mini,predicted_fail_count,sc50_then_srs,1.0,31,23487,1539,23487,exact_conditional_SRS,23487.0,23487.0,23487.0,1539.0,1539.0,1539.0,0.0,0.0,0.0,0.0,0.0,0.0,0.0,0.0,0.0,0.6790990760846426,0.6790990760846426,0.6790990760846426,0.0,0.0,31,31
JB GPT-5.4-mini,random,sc_judge,0.006,31,141,1539,23487,logical_bounds_or_census,141.0,141.0,141.0,38.0,27.5,51.0,253.0,250.5,257.0,0.9753086419753086,0.9668615984405458,0.9821312540610786,0.9939966790139225,0.9939966790139225,0.9939966790139226,0.6453900709219859,0.5106382978723404,0.7163120567375887,,,,31
JB GPT-5.4-mini,random,sc50_then_srs,0.006,31,141,1539,23487,exact_conditional_SRS,141.0,141.0,141.0,40.0,33.0,49.0,256.0,254.0,258.5,0.9740090968161144,0.9681611435997401,0.9785575048732943,0.22429429045855154,0.20639076936177458,0.23532166730531787,0.6524822695035462,0.5673758865248227,0.723404255319149,0.004950238115425194,0.050327869296289636,2,31
JB GPT-5.4-mini,random,sc_judge,0.05,31,1174,1539,23487,logical_bounds_or_census,1174.0,1174.0,1174.0,312.0,273.0,329.0,206.0,198.0,212.5,0.797270955165692,0.7862248213125406,0.8226120857699805,0.9500149018606038,0.9500149018606037,0.9500149018606038,0.6609880749574105,0.6401192504258943,0.684412265758092,,,,31
JB GPT-5.4-mini,random,sc50_then_srs,0.05,31,1174,1539,23487,exact_conditional_SRS,1174.0,1174.0,1174.0,309.0,292.5,323.5,231.0,223.5,236.5,0.7992202729044834,0.7897985705003249,0.8099415204678362,0.0739983820837059,0.07265721462936947,0.07544599139949759,0.6669505962521295,0.6452299829642248,0.6980408858603067,-0.0014556370572140227,0.016055765671268703,6,31
JB GPT-5.4-mini,random,sc_judge,0.2,31,4697,1539,23487,logical_bounds_or_census,4697.0,4697.0,4697.0,1261.0,1222.0,1301.5,49.0,41.5,56.0,0.1806367771280052,0.15432098765432098,0.20597790773229369,0.8000170306978328,0.8000170306978328,0.8000170306978329,0.6585054289972323,0.6447732595273579,0.6663827975303385,,,,31
JB GPT-5.4-mini,random,sc50_then_srs,0.2,31,4697,1539,23487,exact_conditional_SRS,4697.0,4697.0,4697.0,964.0,925.0,998.5,144.0,136.5,153.0,0.37361923326835605,0.35120207927225466,0.39896036387264455,0.03231574913782087,0.03184740494741767,0.03259249797760466,0.6682989142005535,0.6610602512241857,0.6843730040451352,0.000845618969950272,0.008224061858689088,15,28
JB GPT-5.4-mini,random,sc_judge,0.5,31,11744,1539,23487,logical_bounds_or_census,5745.0,5655.5,5869.0,1539.0,1539.0,1539.0,0.0,0.0,0.0,0.0,0.0,0.0,0.7553966023757823,0.7501170860476007,0.7592072210158811,0.6589925566903237,0.6523913871951219,0.6658095545851777,,,,31
JB GPT-5.4-mini,random,sc50_then_srs,0.5,31,11744,1539,23487,exact_conditional_SRS,11744.0,11744.0,11744.0,1539.0,1538.0,1539.0,0.0,0.0,0.5,0.0,0.0,0.000649772579597141,0.014518669902499282,0.014348362924170854,0.01464640013624563,0.6725987738419619,0.6690224795640327,0.6770691416893733,0.0001856251747600767,0.0034857686172546144,26,29
JB GPT-5.4-mini,random,sc_judge,0.6,31,14092,1539,23487,logical_bounds_or_census,5745.0,5655.5,5869.0,1539.0,1539.0,1539.0,0.0,0.0,0.0,0.0,0.0,0.0,0.7553966023757823,0.7501170860476007,0.7592072210158811,0.6589925566903237,0.6523913871951219,0.6658095545851777,,,,31
JB GPT-5.4-mini,random,sc50_then_srs,0.6,31,14092,1539,23487,exact_conditional_SRS,14092.0,14092.0,14092.0,1539.0,1539.0,1539.0,0.0,0.0,0.0,0.0,0.0,0.0,0.010984800102184167,0.010899646613019953,0.011069953591348436,0.6751348282713596,0.6707706500141924,0.6786119784274767,0.00020939422109563538,0.0027572574355217653,30,30
JB GPT-5.4-mini,random,sc_judge,1.0,31,23487,1539,23487,logical_bounds_or_census,5745.0,5655.5,5869.0,1539.0,1539.0,1539.0,0.0,0.0,0.0,0.0,0.0,0.0,0.7553966023757823,0.7501170860476007,0.7592072210158811,0.6589925566903237,0.6523913871951219,0.6658095545851777,,,,31
JB GPT-5.4-mini,random,sc50_then_srs,1.0,31,23487,1539,23487,exact_conditional_SRS,23487.0,23487.0,23487.0,1539.0,1539.0,1539.0,0.0,0.0,0.0,0.0,0.0,0.0,0.0,0.0,0.0,0.6790990760846426,0.6790990760846426,0.6790990760846426,0.0,0.0,31,31
JB GPT-5.4 | binary_only,release,random_criterion,0.006,31,121,1539,20229,exact_conditional_SRS,121.0,121.0,121.0,40.0,34.0,47.5,245.0,242.5,247.0,0.9740090968161144,0.9691358024691358,0.9779077322936971,0.14874684858371645,0.13381778634633446,0.15848534282465776,0.8016528925619835,0.7603305785123967,0.8512396694214877,-0.009085559783296508,0.031027695849229264,2,30
JB GPT-5.4 | binary_only,release,sc_judge,0.006,31,121,1539,20229,logical_bounds_or_census,121.0,121.0,121.0,46.0,44.0,48.0,241.0,240.0,242.0,0.9701104613385315,0.9688109161793372,0.9714100064977258,0.9940184883088635,0.9940184883088634,0.9940184883088635,0.8181818181818182,0.7933884297520661,0.8429752066115702,,,,31
JB GPT-5.4 | binary_only,release,sc50_then_srs,0.006,31,121,1539,20229,exact_conditional_SRS,121.0,121.0,121.0,38.0,33.0,45.0,242.0,240.0,245.0,0.9753086419753086,0.9707602339181287,0.9785575048732943,0.19842799940679223,0.14689307429927334,0.23169706856493155,0.768595041322314,0.7272727272727273,0.8347107438016529,0.013351984923341617,0.057193149691941315,0,28
JB GPT-5.4 | binary_only,release,random_criterion,0.05,31,1011,1539,20229,exact_conditional_SRS,1011.0,1011.0,1011.0,296.0,273.5,308.5,223.0,218.5,230.0,0.8076673164392463,0.7995451591942819,0.8222871994801819,0.04765435760541792,0.04562756438776017,0.04965643383261659,0.8140454995054401,0.7922848664688428,0.8338278931750742,0.0013153593517524567,0.013823373761609428,8,29
JB GPT-5.4 | binary_only,release,sc_judge,0.05,31,1011,1539,20229,logical_bounds_or_census,1011.0,1011.0,1011.0,347.0,344.0,351.0,193.0,193.0,193.0,0.774528914879792,0.7719298245614035,0.7764782326185835,0.9500222452914133,0.9500222452914132,0.9500222452914133,0.8714144411473789,0.8635014836795252,0.8768545994065282,,,,31
JB GPT-5.4 | binary_only,release,sc50_then_srs,0.05,31,1011,1539,20229,exact_conditional_SRS,1011.0,1011.0,1011.0,334.0,318.0,346.5,203.0,199.5,209.0,0.7829759584145549,0.7748538011695907,0.7933723196881092,0.06698304414454503,0.06283058974739236,0.07024568688516486,0.8358061325420376,0.8194856577645895,0.8516320474777448,0.004977068412652394,0.016879515904700503,9,29
JB GPT-5.4 | binary_only,release,random_criterion,0.2,31,4046,1539,20229,exact_conditional_SRS,4046.0,4046.0,4046.0,774.0,747.5,791.0,171.0,164.0,182.0,0.49707602339181284,0.48602988953866144,0.5142949967511371,0.02165208364229576,0.021380196747244007,0.022096989470562045,0.8136431043005438,0.8038803756796836,0.819451309935739,0.0006901823387910308,0.005256675282692921,20,29
JB GPT-5.4 | binary_only,release,sc_judge,0.2,31,4046,1539,20229,logical_bounds_or_census,4046.0,4046.0,4046.0,1519.0,1513.5,1524.5,7.0,5.5,10.5,0.01299545159194282,0.009421702404158544,0.016569200779727095,0.7999901132038163,0.7999901132038163,0.7999901132038163,0.8302026693030153,0.8263717251606525,0.8345279288185863,,,,31
JB GPT-5.4 | binary_only,release,sc50_then_srs,0.2,31,4046,1539,20229,exact_conditional_SRS,4046.0,4046.0,4046.0,1010.0,993.5,1030.0,113.0,104.5,123.5,0.34372969460688757,0.33073424301494475,0.3544509421702404,0.029610954570171488,0.028918878837312756,0.030130011369815635,0.8329214038556599,0.8261245674740485,0.838358872960949,0.0001594510542013714,0.0060211555155462925,17,31
JB GPT-5.4 | binary_only,release,random_criterion,0.5,31,10114,1539,20229,exact_conditional_SRS,10114.0,10114.0,10114.0,1124.0,1112.0,1136.0,107.0,96.5,114.5,0.2696556205328135,0.2618583495776478,0.2774528914879792,0.01082604182114777,0.010727173859310879,0.010924909782984882,0.8116472216729286,0.8079889262408543,0.8157998813525806,0.0001453844716584571,0.0024697725739713477,30,31
JB GPT-5.4 | binary_only,release,sc_judge,0.5,31,10114,1539,20229,logical_bounds_or_census,4226.0,4162.5,4298.0,1539.0,1539.0,1539.0,0.0,0.0,0.0,0.0,0.0,0.0,0.7910919966384893,0.7875327500123586,0.794231054426813,0.82319255547602,0.8191046203000083,0.8276908250932766,,,,31
JB GPT-5.4 | binary_only,release,sc50_then_srs,0.5,31,10114,1539,20229,exact_conditional_SRS,10114.0,10114.0,10114.0,1539.0,1539.0,1539.0,0.0,0.0,0.0,0.0,0.0,0.0,0.012753967076968742,0.012580948143754045,0.012877552029264938,0.8154043899545185,0.8098180739568914,0.8178267747676489,-2.1451624180825595e-05,0.0034448421830839274,26,28
JB GPT-5.4 | binary_only,release,random_criterion,0.6,31,12137,1539,20229,exact_conditional_SRS,12137.0,12137.0,12137.0,1190.0,1177.0,1205.5,86.0,77.0,95.0,0.2267706302794022,0.2166991552956465,0.23521767381416503,0.008799248603490128,0.008749814622571572,0.008898116565327019,0.8123918596028673,0.8088901705528548,0.8154403888934663,0.0004940009619998793,0.002023070742128861,31,30
JB GPT-5.4 | binary_only,release,sc_judge,0.6,31,12137,1539,20229,logical_bounds_or_census,4226.0,4162.5,4298.0,1539.0,1539.0,1539.0,0.0,0.0,0.0,0.0,0.0,0.0,0.7910919966384893,0.7875327500123586,0.794231054426813,0.82319255547602,0.8191046203000083,0.8276908250932766,,,,31
JB GPT-5.4 | binary_only,release,sc50_then_srs,0.6,31,12137,1539,20229,exact_conditional_SRS,12137.0,12137.0,12137.0,1539.0,1539.0,1539.0,0.0,0.0,0.0,0.0,0.0,0.0,0.009787928221859699,0.009689060260022697,0.0098867961836967,0.8140397132734614,0.8109087912993327,0.8192716486775975,0.00029498857843243237,0.002860359738765953,28,28
JB GPT-5.4 | binary_only,release,random_criterion,1.0,31,20229,1539,20229,exact_conditional_SRS,20229.0,20229.0,20229.0,1539.0,1539.0,1539.0,0.0,0.0,0.0,0.0,0.0,0.0,0.0,0.0,0.0,0.8118048346433339,0.8118048346433339,0.8118048346433339,0.0,0.0,31,31
JB GPT-5.4 | binary_only,release,sc_judge,1.0,31,20229,1539,20229,logical_bounds_or_census,4226.0,4162.5,4298.0,1539.0,1539.0,1539.0,0.0,0.0,0.0,0.0,0.0,0.0,0.7910919966384893,0.7875327500123586,0.794231054426813,0.82319255547602,0.8191046203000083,0.8276908250932766,,,,31
JB GPT-5.4 | binary_only,release,sc50_then_srs,1.0,31,20229,1539,20229,exact_conditional_SRS,20229.0,20229.0,20229.0,1539.0,1539.0,1539.0,0.0,0.0,0.0,0.0,0.0,0.0,0.0,0.0,0.0,0.8118048346433339,0.8118048346433339,0.8118048346433339,0.0,0.0,31,31
JB GPT-5.4 | binary_only,predicted_fail_count,sc_judge,0.006,31,121,1539,20229,logical_bounds_or_census,121.0,121.0,121.0,23.0,16.0,26.0,237.0,233.0,241.5,0.9850552306692657,0.9831059129304743,0.9896036387264457,0.9940184883088635,0.9940184883088634,0.9940184883088635,0.9090909090909091,0.8760330578512396,0.9462809917355373,,,,31
JB GPT-5.4 | binary_only,predicted_fail_count,sc50_then_srs,0.006,31,121,1539,20229,exact_conditional_SRS,121.0,121.0,121.0,32.0,26.0,39.0,240.0,235.5,244.0,0.9792072774528915,0.9746588693957114,0.9831059129304743,0.19842799940679223,0.14689307429927334,0.22729744426318654,0.859504132231405,0.8140495867768596,0.9173553719008265,0.014430984163114427,0.05612840025785301,0,28
JB GPT-5.4 | binary_only,predicted_fail_count,sc_judge,0.05,31,1011,1539,20229,logical_bounds_or_census,1011.0,1011.0,1011.0,186.0,174.0,205.0,158.0,147.0,169.0,0.8791423001949318,0.8667966211825862,0.8869395711500975,0.9500222452914133,0.9500222452914133,0.9500222452914133,0.9109792284866469,0.9000989119683481,0.9218595450049456,,,,31
JB GPT-5.4 | binary_only,predicted_fail_count,sc50_then_srs,0.05,31,1011,1539,20229,exact_conditional_SRS,1011.0,1011.0,1011.0,250.0,227.5,272.5,195.0,183.0,206.0,0.8375568551007148,0.822936972059779,0.8521767381416504,0.06723021404913743,0.06295417469968856,0.07059172475159425,0.8644906033630069,0.8496538081107814,0.8768545994065282,0.004440650156876765,0.016674769827084643,12,29
JB GPT-5.4 | binary_only,predicted_fail_count,sc_judge,0.2,31,4046,1539,20229,logical_bounds_or_census,4046.0,4046.0,4046.0,1450.0,1417.0,1491.5,3.0,3.0,4.5,0.057829759584145546,0.030864197530864196,0.0792722547108512,0.7999901132038163,0.7999901132038163,0.7999901132038163,0.833662876915472,0.8292140385565991,0.838111715274345,,,,31
JB GPT-5.4 | binary_only,predicted_fail_count,sc50_then_srs,0.2,31,4046,1539,20229,exact_conditional_SRS,4046.0,4046.0,4046.0,878.0,860.0,903.5,66.0,63.0,70.5,0.4294996751137102,0.4129304743339831,0.4411955815464587,0.02980869049384549,0.029363784665579096,0.030451332245785834,0.8561542263964409,0.8489866534849234,0.8608502224419179,0.0002952622715628318,0.005856920086144832,17,31
JB GPT-5.4 | binary_only,predicted_fail_count,sc_judge,0.5,31,10114,1539,20229,logical_bounds_or_census,4226.0,4162.5,4298.0,1539.0,1539.0,1539.0,0.0,0.0,0.0,0.0,0.0,0.0,0.7910919966384893,0.7875327500123586,0.794231054426813,0.82319255547602,0.8191046203000083,0.8276908250932766,,,,31
JB GPT-5.4 | binary_only,predicted_fail_count,sc50_then_srs,0.5,31,10114,1539,20229,exact_conditional_SRS,10114.0,10114.0,10114.0,1539.0,1539.0,1539.0,0.0,0.0,0.0,0.0,0.0,0.0,0.012753967076968742,0.012580948143754045,0.012877552029264938,0.8154043899545185,0.8098180739568914,0.8178267747676489,-2.1451624180825595e-05,0.0034448421830839274,26,28
JB GPT-5.4 | binary_only,predicted_fail_count,sc_judge,0.6,31,12137,1539,20229,logical_bounds_or_census,4226.0,4162.5,4298.0,1539.0,1539.0,1539.0,0.0,0.0,0.0,0.0,0.0,0.0,0.7910919966384893,0.7875327500123586,0.794231054426813,0.82319255547602,0.8191046203000083,0.8276908250932766,,,,31
JB GPT-5.4 | binary_only,predicted_fail_count,sc50_then_srs,0.6,31,12137,1539,20229,exact_conditional_SRS,12137.0,12137.0,12137.0,1539.0,1539.0,1539.0,0.0,0.0,0.0,0.0,0.0,0.0,0.009787928221859699,0.009689060260022697,0.0098867961836967,0.8140397132734614,0.8109087912993327,0.8192716486775975,0.00029498857843243237,0.002860359738765953,28,28
JB GPT-5.4 | binary_only,predicted_fail_count,sc_judge,1.0,31,20229,1539,20229,logical_bounds_or_census,4226.0,4162.5,4298.0,1539.0,1539.0,1539.0,0.0,0.0,0.0,0.0,0.0,0.0,0.7910919966384893,0.7875327500123586,0.794231054426813,0.82319255547602,0.8191046203000083,0.8276908250932766,,,,31
JB GPT-5.4 | binary_only,predicted_fail_count,sc50_then_srs,1.0,31,20229,1539,20229,exact_conditional_SRS,20229.0,20229.0,20229.0,1539.0,1539.0,1539.0,0.0,0.0,0.0,0.0,0.0,0.0,0.0,0.0,0.0,0.8118048346433339,0.8118048346433339,0.8118048346433339,0.0,0.0,31,31
JB GPT-5.4 | binary_only,random,sc_judge,0.006,31,121,1539,20229,logical_bounds_or_census,121.0,121.0,121.0,48.0,31.0,58.5,242.0,236.0,244.0,0.9688109161793372,0.9619883040935673,0.9798570500324886,0.9940184883088635,0.9940184883088634,0.9940184883088635,0.8181818181818182,0.6280991735537189,0.8966942148760331,,,,31
JB GPT-5.4 | binary_only,random,sc50_then_srs,0.006,31,121,1539,20229,exact_conditional_SRS,121.0,121.0,121.0,43.0,35.0,53.0,243.0,238.5,245.5,0.9720597790773229,0.9655620532813515,0.9772579597141,0.2052004547926244,0.14689307429927334,0.22729744426318654,0.8264462809917356,0.6942148760330579,0.9132231404958677,0.013603938761571285,0.05592901363641399,0,28
JB GPT-5.4 | binary_only,random,sc_judge,0.05,31,1011,1539,20229,logical_bounds_or_census,1011.0,1011.0,1011.0,358.0,324.5,391.5,190.0,179.5,207.0,0.7673814165042235,0.7456140350877193,0.7891487979207277,0.9500222452914133,0.9500222452914132,0.9500222452914133,0.8199802176063303,0.7937685459940653,0.8585558852621167,,,,31
JB GPT-5.4 | binary_only,random,sc50_then_srs,0.05,31,1011,1539,20229,exact_conditional_SRS,1011.0,1011.0,1011.0,323.0,281.5,350.5,208.0,198.0,218.5,0.7901234567901234,0.7722547108512021,0.8170890188434048,0.06668644025903414,0.06263285382371842,0.070468139799298,0.8199802176063303,0.7878338278931751,0.8397626112759644,0.005171047782376644,0.017730284531538177,11,28
JB GPT-5.4 | binary_only,random,sc_judge,0.2,31,4046,1539,20229,logical_bounds_or_census,4046.0,4046.0,4046.0,1471.0,1435.5,1493.5,11.0,7.0,15.5,0.044184535412605586,0.029564652371669914,0.06725146198830409,0.7999901132038163,0.7999901132038163,0.7999901132038163,0.8232822540781018,0.8184626791893228,0.8281018289668809,,,,31
JB GPT-5.4 | binary_only,random,sc50_then_srs,0.2,31,4046,1539,20229,exact_conditional_SRS,4046.0,4046.0,4046.0,1014.0,984.0,1046.0,103.0,95.5,114.5,0.341130604288499,0.3203378817413905,0.36062378167641324,0.029314350684660706,0.028721142913638753,0.029858124474763992,0.8166089965397924,0.8042511122095897,0.8255066732575382,0.0005052729381268121,0.005904962543589539,14,31
JB GPT-5.4 | binary_only,random,sc_judge,0.5,31,10114,1539,20229,logical_bounds_or_census,4226.0,4162.5,4298.0,1539.0,1539.0,1539.0,0.0,0.0,0.0,0.0,0.0,0.0,0.7910919966384893,0.7875327500123586,0.794231054426813,0.82319255547602,0.8191046203000083,0.8276908250932766,,,,31
JB GPT-5.4 | binary_only,random,sc50_then_srs,0.5,31,10114,1539,20229,exact_conditional_SRS,10114.0,10114.0,10114.0,1539.0,1539.0,1539.0,0.0,0.0,0.0,0.0,0.0,0.0,0.012753967076968742,0.012580948143754045,0.012877552029264938,0.8154043899545185,0.8098180739568914,0.8178267747676489,-2.1451624180825595e-05,0.0034448421830839274,26,28
JB GPT-5.4 | binary_only,random,sc_judge,0.6,31,12137,1539,20229,logical_bounds_or_census,4226.0,4162.5,4298.0,1539.0,1539.0,1539.0,0.0,0.0,0.0,0.0,0.0,0.0,0.7910919966384893,0.7875327500123586,0.794231054426813,0.82319255547602,0.8191046203000083,0.8276908250932766,,,,31
JB GPT-5.4 | binary_only,random,sc50_then_srs,0.6,31,12137,1539,20229,exact_conditional_SRS,12137.0,12137.0,12137.0,1539.0,1539.0,1539.0,0.0,0.0,0.0,0.0,0.0,0.0,0.009787928221859699,0.009689060260022697,0.0098867961836967,0.8140397132734614,0.8109087912993327,0.8192716486775975,0.00029498857843243237,0.002860359738765953,28,28
JB GPT-5.4 | binary_only,random,sc_judge,1.0,31,20229,1539,20229,logical_bounds_or_census,4226.0,4162.5,4298.0,1539.0,1539.0,1539.0,0.0,0.0,0.0,0.0,0.0,0.0,0.7910919966384893,0.7875327500123586,0.794231054426813,0.82319255547602,0.8191046203000083,0.8276908250932766,,,,31
JB GPT-5.4 | binary_only,random,sc50_then_srs,1.0,31,20229,1539,20229,exact_conditional_SRS,20229.0,20229.0,20229.0,1539.0,1539.0,1539.0,0.0,0.0,0.0,0.0,0.0,0.0,0.0,0.0,0.0,0.8118048346433339,0.8118048346433339,0.8118048346433339,0.0,0.0,31,31
JB GPT-5.4-mini | binary_only,release,random_criterion,0.006,31,121,1539,20229,exact_conditional_SRS,121.0,121.0,121.0,40.0,34.0,47.5,481.0,477.0,485.5,0.9740090968161144,0.9691358024691358,0.9779077322936971,0.16634534579069649,0.15289930298086907,0.1730683671956103,0.71900826446281,0.6735537190082644,0.7851239669421488,-0.005713176504391268,0.03791027527056826,2,30
JB GPT-5.4-mini | binary_only,release,sc_judge,0.006,31,121,1539,20229,logical_bounds_or_census,121.0,121.0,121.0,44.0,42.0,45.5,476.0,475.5,476.0,0.9714100064977258,0.9704353476283301,0.9727095516569201,0.9940184883088635,0.9940184883088634,0.9940184883088635,0.8016528925619835,0.78099173553719,0.8181818181818182,,,,31
JB GPT-5.4-mini | binary_only,release,sc50_then_srs,0.006,31,121,1539,20229,exact_conditional_SRS,121.0,121.0,121.0,36.0,32.0,42.0,481.0,476.0,484.0,0.9766081871345029,0.97270955165692,0.9792072774528915,0.23169706856493144,0.20492856789757274,0.24946858470512628,0.768595041322314,0.71900826446281,0.8140495867768596,0.011218768788539923,0.05642116712130463,0,30
JB GPT-5.4-mini | binary_only,release,random_criterion,0.05,31,1011,1539,20229,exact_conditional_SRS,1011.0,1011.0,1011.0,296.0,273.5,308.5,411.0,398.0,420.5,0.8076673164392463,0.7995451591942819,0.8222871994801819,0.0538830392011469,0.05254832171634777,0.05563794552375295,0.7359050445103857,0.705242334322453,0.755192878338279,0.0013691419330791321,0.015422424605492124,9,28
JB GPT-5.4-mini | binary_only,release,sc_judge,0.05,31,1011,1539,20229,logical_bounds_or_census,1011.0,1011.0,1011.0,324.0,302.5,336.5,369.0,364.5,379.0,0.7894736842105263,0.781351526965562,0.8034437946718649,0.9500222452914133,0.9500222452914132,0.9500222452914133,0.827893175074184,0.8184965380811078,0.8392680514342236,,,,31
JB GPT-5.4-mini | binary_only,release,sc50_then_srs,0.05,31,1011,1539,20229,exact_conditional_SRS,1011.0,1011.0,1011.0,325.0,308.5,339.0,384.0,376.5,393.5,0.7888239116309291,0.7797270955165692,0.7995451591942819,0.07627663255721984,0.07222304612190417,0.07790795392752975,0.7734915924826904,0.76162215628091,0.7962413452027696,0.0026454270602115824,0.017546680375738793,12,28
JB GPT-5.4-mini | binary_only,release,random_criterion,0.2,31,4046,1539,20229,exact_conditional_SRS,4046.0,4046.0,4046.0,774.0,747.5,791.0,261.0,243.5,273.0,0.49707602339181284,0.48602988953866144,0.5142949967511371,0.024568688516486192,0.0243215186118938,0.024914726382915642,0.7340583292140386,0.7212061295106278,0.741102323282254,0.0012299052745589568,0.006129538395611457,18,30
JB GPT-5.4-mini | binary_only,release,sc_judge,0.2,31,4046,1539,20229,logical_bounds_or_census,4046.0,4046.0,4046.0,1420.0,1391.0,1445.5,44.0,34.0,51.0,0.07732293697205977,0.06075373619233268,0.09616634178037686,0.7999901132038163,0.7999901132038163,0.7999901132038163,0.8230350963914977,0.8185862580326249,0.8273603559070687,,,,31
JB GPT-5.4-mini | binary_only,release,sc50_then_srs,0.2,31,4046,1539,20229,exact_conditional_SRS,4046.0,4046.0,4046.0,953.0,941.0,974.5,196.0,183.0,203.0,0.3807667316439246,0.36679662118258605,0.3885640025990903,0.03361510702456871,0.033318503139057765,0.0341094468337535,0.7755808205635195,0.7681660899653979,0.782130499258527,-0.002346135173641723,0.006684382384354898,22,31
JB GPT-5.4-mini | binary_only,release,random_criterion,0.5,31,10114,1539,20229,exact_conditional_SRS,10114.0,10114.0,10114.0,1124.0,1112.0,1136.0,120.0,110.5,134.5,0.2696556205328135,0.2618583495776478,0.2774528914879792,0.012259627267783846,0.0121607593059469,0.012333778239161652,0.731757959264386,0.7271603717619142,0.7376408938105596,0.0005050321578614446,0.0033970783211618944,25,29
JB GPT-5.4-mini | binary_only,release,sc_judge,0.5,31,10114,1539,20229,logical_bounds_or_census,4678.0,4601.0,4743.0,1539.0,1539.0,1539.0,0.0,0.0,0.0,0.0,0.0,0.0,0.7687478372633348,0.7655346285036334,0.772554253794058,0.8315519452757588,0.8275076953127964,0.8346081678559665,,,,31
JB GPT-5.4-mini | binary_only,release,sc50_then_srs,0.5,31,10114,1539,20229,exact_conditional_SRS,10114.0,10114.0,10114.0,1539.0,1539.0,1539.0,0.0,0.0,0.0,0.0,0.0,0.0,0.015176232141974388,0.015052647189678192,0.01534925107518903,0.7610243227209809,0.75662448091754,0.7648803638520862,-0.0012526193763913245,0.003567089613614356,27,30
JB GPT-5.4-mini | binary_only,release,random_criterion,0.6,31,12137,1539,20229,exact_conditional_SRS,12137.0,12137.0,12137.0,1190.0,1177.0,1205.5,93.0,81.0,105.0,0.2267706302794022,0.2166991552956465,0.23521767381416503,0.009985664145533701,0.00993623016461509,0.010035098126452147,0.7325533492625855,0.7277333772760979,0.7367965724643653,0.0005806712135016324,0.0027660623742213858,30,30
JB GPT-5.4-mini | binary_only,release,sc_judge,0.6,31,12137,1539,20229,logical_bounds_or_census,4678.0,4601.0,4743.0,1539.0,1539.0,1539.0,0.0,0.0,0.0,0.0,0.0,0.0,0.7687478372633348,0.7655346285036334,0.772554253794058,0.8315519452757588,0.8275076953127964,0.8346081678559665,,,,31
JB GPT-5.4-mini | binary_only,release,sc50_then_srs,0.6,31,12137,1539,20229,exact_conditional_SRS,12137.0,12137.0,12137.0,1539.0,1539.0,1539.0,0.0,0.0,0.0,0.0,0.0,0.0,0.011567551534925169,0.011468683573088168,0.011641702506302865,0.7516684518414765,0.7474252286396967,0.7551701408914888,-0.00047744346419371426,0.002932148218265422,28,29
JB GPT-5.4-mini | binary_only,release,random_criterion,1.0,31,20229,1539,20229,exact_conditional_SRS,20229.0,20229.0,20229.0,1539.0,1539.0,1539.0,0.0,0.0,0.0,0.0,0.0,0.0,0.0,0.0,0.0,0.7319195214790647,0.7319195214790647,0.7319195214790647,0.0,0.0,31,31
JB GPT-5.4-mini | binary_only,release,sc_judge,1.0,31,20229,1539,20229,logical_bounds_or_census,4678.0,4601.0,4743.0,1539.0,1539.0,1539.0,0.0,0.0,0.0,0.0,0.0,0.0,0.7687478372633348,0.7655346285036334,0.772554253794058,0.8315519452757588,0.8275076953127964,0.8346081678559665,,,,31
JB GPT-5.4-mini | binary_only,release,sc50_then_srs,1.0,31,20229,1539,20229,exact_conditional_SRS,20229.0,20229.0,20229.0,1539.0,1539.0,1539.0,0.0,0.0,0.0,0.0,0.0,0.0,0.0,0.0,0.0,0.7319195214790647,0.7319195214790647,0.7319195214790647,0.0,0.0,31,31
JB GPT-5.4-mini | binary_only,predicted_fail_count,sc_judge,0.006,31,121,1539,20229,logical_bounds_or_census,121.0,121.0,121.0,27.0,18.5,33.0,475.0,469.0,480.5,0.9824561403508771,0.9785575048732943,0.9879792072774529,0.9940184883088635,0.9940184883088634,0.9940184883088635,0.8512396694214877,0.8016528925619835,0.8966942148760331,,,,31
JB GPT-5.4-mini | binary_only,predicted_fail_count,sc50_then_srs,0.006,31,121,1539,20229,exact_conditional_SRS,121.0,121.0,121.0,34.0,27.5,41.0,478.0,471.5,482.5,0.9779077322936972,0.9733593242365172,0.9821312540610786,0.23169706856493155,0.20181422709970837,0.2494685847051263,0.7851239669421488,0.7355371900826446,0.8553719008264463,0.011867214000958212,0.05656348771917821,0,30
JB GPT-5.4-mini | binary_only,predicted_fail_count,sc_judge,0.05,31,1011,1539,20229,logical_bounds_or_census,1011.0,1011.0,1011.0,218.0,200.0,235.5,349.0,336.5,368.5,0.8583495776478233,0.8469785575048733,0.8700454840805718,0.9500222452914133,0.9500222452914132,0.9500222452914133,0.857566765578635,0.8452027695351138,0.8768545994065282,,,,31
JB GPT-5.4-mini | binary_only,predicted_fail_count,sc50_then_srs,0.05,31,1011,1539,20229,exact_conditional_SRS,1011.0,1011.0,1011.0,264.0,237.5,280.5,384.0,366.5,396.0,0.8284600389863548,0.8177387914230019,0.845679012345679,0.07642493449997534,0.07244549903603736,0.07800682188936675,0.7962413452027696,0.7729970326409495,0.8105835806132542,0.0025582888750531035,0.017383647439665483,10,29
JB GPT-5.4-mini | binary_only,predicted_fail_count,sc_judge,0.2,31,4046,1539,20229,logical_bounds_or_census,4046.0,4046.0,4046.0,1172.0,1117.0,1215.5,5.0,4.0,7.0,0.23846653671215073,0.2102014294996751,0.2742040285899935,0.7999901132038163,0.7999901132038163,0.7999901132038163,0.8457736035590707,0.8416955017301038,0.8493573900148295,,,,31
JB GPT-5.4-mini | binary_only,predicted_fail_count,sc50_then_srs,0.2,31,4046,1539,20229,exact_conditional_SRS,4046.0,4046.0,4046.0,876.0,849.0,901.5,147.0,130.0,160.5,0.43079922027290446,0.4142300194931774,0.44834307992202727,0.033713974986405604,0.03344208809135396,0.034158880814672,0.7852199703410776,0.7780523974295601,0.791275333662877,-0.002797277693774623,0.006547647709810771,21,31
JB GPT-5.4-mini | binary_only,predicted_fail_count,sc_judge,0.5,31,10114,1539,20229,logical_bounds_or_census,4678.0,4601.0,4743.0,1539.0,1539.0,1539.0,0.0,0.0,0.0,0.0,0.0,0.0,0.7687478372633348,0.7655346285036334,0.772554253794058,0.8315519452757588,0.8275076953127964,0.8346081678559665,,,,31
JB GPT-5.4-mini | binary_only,predicted_fail_count,sc50_then_srs,0.5,31,10114,1539,20229,exact_conditional_SRS,10114.0,10114.0,10114.0,1539.0,1539.0,1539.0,0.0,0.0,0.0,0.0,0.0,0.0,0.015176232141974388,0.015052647189678192,0.01534925107518903,0.7610243227209809,0.75662448091754,0.7648803638520862,-0.0012526193763913245,0.003567089613614356,27,30
JB GPT-5.4-mini | binary_only,predicted_fail_count,sc_judge,0.6,31,12137,1539,20229,logical_bounds_or_census,4678.0,4601.0,4743.0,1539.0,1539.0,1539.0,0.0,0.0,0.0,0.0,0.0,0.0,0.7687478372633348,0.7655346285036334,0.772554253794058,0.8315519452757588,0.8275076953127964,0.8346081678559665,,,,31
JB GPT-5.4-mini | binary_only,predicted_fail_count,sc50_then_srs,0.6,31,12137,1539,20229,exact_conditional_SRS,12137.0,12137.0,12137.0,1539.0,1539.0,1539.0,0.0,0.0,0.0,0.0,0.0,0.0,0.011567551534925169,0.011468683573088168,0.011641702506302865,0.7516684518414765,0.7474252286396967,0.7551701408914888,-0.00047744346419371426,0.002932148218265422,28,29
JB GPT-5.4-mini | binary_only,predicted_fail_count,sc_judge,1.0,31,20229,1539,20229,logical_bounds_or_census,4678.0,4601.0,4743.0,1539.0,1539.0,1539.0,0.0,0.0,0.0,0.0,0.0,0.0,0.7687478372633348,0.7655346285036334,0.772554253794058,0.8315519452757588,0.8275076953127964,0.8346081678559665,,,,31
JB GPT-5.4-mini | binary_only,predicted_fail_count,sc50_then_srs,1.0,31,20229,1539,20229,exact_conditional_SRS,20229.0,20229.0,20229.0,1539.0,1539.0,1539.0,0.0,0.0,0.0,0.0,0.0,0.0,0.0,0.0,0.0,0.7319195214790647,0.7319195214790647,0.7319195214790647,0.0,0.0,31,31
JB GPT-5.4-mini | binary_only,random,sc_judge,0.006,31,121,1539,20229,logical_bounds_or_census,121.0,121.0,121.0,39.0,29.5,54.0,479.0,474.5,483.0,0.9746588693957114,0.9649122807017544,0.9808317089018843,0.9940184883088635,0.9940184883088634,0.9940184883088635,0.8181818181818182,0.756198347107438,0.8884297520661157,,,,31
JB GPT-5.4-mini | binary_only,random,sc50_then_srs,0.006,31,121,1539,20229,exact_conditional_SRS,121.0,121.0,121.0,42.0,32.5,49.0,481.0,474.0,485.0,0.9727095516569201,0.9681611435997401,0.9788823911630928,0.23169706856493155,0.20181422709970837,0.24946858470512628,0.7768595041322314,0.6983471074380165,0.8347107438016529,0.011793860351853366,0.05653181698323006,0,30
JB GPT-5.4-mini | binary_only,random,sc_judge,0.05,31,1011,1539,20229,logical_bounds_or_census,1011.0,1011.0,1011.0,326.0,296.5,355.0,390.0,377.5,404.0,0.788174139051332,0.7693307342430149,0.8073424301494476,0.9500222452914133,0.9500222452914133,0.9500222452914133,0.8328387734915925,0.8105835806132542,0.847675568743818,,,,31
JB GPT-5.4-mini | binary_only,random,sc50_then_srs,0.05,31,1011,1539,20229,exact_conditional_SRS,1011.0,1011.0,1011.0,306.0,273.5,329.5,401.0,389.0,410.5,0.8011695906432749,0.785899935022742,0.8222871994801819,0.07627663255721984,0.07254436699787437,0.0779079539275298,0.7823936696340257,0.7675568743818002,0.7972304648862513,0.002487840882610681,0.01768150825551814,11,29
JB GPT-5.4-mini | binary_only,random,sc_judge,0.2,31,4046,1539,20229,logical_bounds_or_census,4046.0,4046.0,4046.0,1332.0,1293.0,1365.5,64.0,53.5,77.0,0.13450292397660818,0.11273554256010396,0.15984405458089668,0.7999901132038163,0.7999901132038163,0.7999901132038163,0.8302026693030153,0.8247652001977261,0.8362580326248146,,,,31
JB GPT-5.4-mini | binary_only,random,sc50_then_srs,0.2,31,4046,1539,20229,exact_conditional_SRS,4046.0,4046.0,4046.0,971.0,935.0,1001.0,193.0,179.0,209.0,0.36907082521117607,0.34957764782326184,0.39246263807667314,0.03361510702456871,0.033293786148598514,0.03408472984329436,0.7740978744438952,0.7696490360850222,0.7802768166089966,-0.002255263293995649,0.006587964380753713,21,31
JB GPT-5.4-mini | binary_only,random,sc_judge,0.5,31,10114,1539,20229,logical_bounds_or_census,4678.0,4601.0,4743.0,1539.0,1539.0,1539.0,0.0,0.0,0.0,0.0,0.0,0.0,0.7687478372633348,0.7655346285036334,0.772554253794058,0.8315519452757588,0.8275076953127964,0.8346081678559665,,,,31
JB GPT-5.4-mini | binary_only,random,sc50_then_srs,0.5,31,10114,1539,20229,exact_conditional_SRS,10114.0,10114.0,10114.0,1539.0,1539.0,1539.0,0.0,0.0,0.0,0.0,0.0,0.0,0.015176232141974388,0.015052647189678192,0.01534925107518903,0.7610243227209809,0.75662448091754,0.7648803638520862,-0.0012526193763913245,0.003567089613614356,27,30
JB GPT-5.4-mini | binary_only,random,sc_judge,0.6,31,12137,1539,20229,logical_bounds_or_census,4678.0,4601.0,4743.0,1539.0,1539.0,1539.0,0.0,0.0,0.0,0.0,0.0,0.0,0.7687478372633348,0.7655346285036334,0.772554253794058,0.8315519452757588,0.8275076953127964,0.8346081678559665,,,,31
JB GPT-5.4-mini | binary_only,random,sc50_then_srs,0.6,31,12137,1539,20229,exact_conditional_SRS,12137.0,12137.0,12137.0,1539.0,1539.0,1539.0,0.0,0.0,0.0,0.0,0.0,0.0,0.011567551534925169,0.011468683573088168,0.011641702506302865,0.7516684518414765,0.7474252286396967,0.7551701408914888,-0.00047744346419371426,0.002932148218265422,28,29
JB GPT-5.4-mini | binary_only,random,sc_judge,1.0,31,20229,1539,20229,logical_bounds_or_census,4678.0,4601.0,4743.0,1539.0,1539.0,1539.0,0.0,0.0,0.0,0.0,0.0,0.0,0.7687478372633348,0.7655346285036334,0.772554253794058,0.8315519452757588,0.8275076953127964,0.8346081678559665,,,,31
JB GPT-5.4-mini | binary_only,random,sc50_then_srs,1.0,31,20229,1539,20229,exact_conditional_SRS,20229.0,20229.0,20229.0,1539.0,1539.0,1539.0,0.0,0.0,0.0,0.0,0.0,0.0,0.0,0.0,0.0,0.7319195214790647,0.7319195214790647,0.7319195214790647,0.0,0.0,31,31
